url,path,http_status,final_url,redirected,title,h1,h1_count,description,canonical,robots_meta,indexable,incoming_links,outgoing_links,error,bytes
https://morimachi.enshu-lifehack.com/,/,200,https://morimachi.enshu-lifehack.com/,False,静岡県森町ライフハック｜手続き・介護・空き家を困りごとから探す,静岡県森町の手続き・相談先を、困りごとから探せます,1,静岡県周智郡森町の住民票、税金、ごみ、子育て、介護、空き家、おくやみ、防災などを、暮らしの場面から探せる非公式生活ナビ。手続きの順番と森町公式の確認先を案内します。,https://morimachi.enshu-lifehack.com/,,True,627,42,,25061
https://morimachi.enshu-lifehack.com/about/author/,/about/author/,200,https://morimachi.enshu-lifehack.com/about/author/,False,執筆者について｜大石浩之（宅地建物取引士） | 静岡県森町ライフハック,執筆者について,1,森町ライフハックの記事を書いている大石浩之（宅地建物取引士）のプロフィールです。富士ヶ丘サービス株式会社（静岡県磐田市見付）の宅建業免許・資格・対応範囲を明記しています。,https://morimachi.enshu-lifehack.com/about/author/,,True,627,7,,11672
https://morimachi.enshu-lifehack.com/about/related-sites/,/about/related-sites/,200,https://morimachi.enshu-lifehack.com/about/related-sites/,False,関連サイト一覧 | 静岡県森町ライフハック,関連サイト一覧,1,静岡県周智郡森町の森町ライフハックと、同じ運営者による関連サイトの一覧です。森町の相談窓口、遠州ライフハックの各市町版、個人制作のサイトに分けて掲載しています。,https://morimachi.enshu-lifehack.com/about/related-sites/,,True,618,6,,10910
https://morimachi.enshu-lifehack.com/blog/,/blog/,200,https://morimachi.enshu-lifehack.com/blog/,False,ブログ | 静岡県森町ライフハック,📝 ブログ,1,静岡県周智郡森町（遠州森町）の暮らし・手続き・空き家・寺社について、公表情報を確認しながら書いています。,https://morimachi.enshu-lifehack.com/blog/,,True,60,54,,37791
https://morimachi.enshu-lifehack.com/blog/20260703-six-districts/,/blog/20260703-six-districts/,200,https://morimachi.enshu-lifehack.com/blog/20260703-six-districts/,False,静岡県森町を「六つの地区」から見ると、暮らしの輪郭が分かる | 森町ライフハック,森町を「六つの地区」から見ると、暮らしの輪郭が分かる,1,静岡県周智郡森町は三倉、天方、森、一宮、園田、飯田の六つの地区に分かれます。町名だけでは見えにくい、移動・近所づきあい・暮らしの違いをどう確かめるか考えます。,https://morimachi.enshu-lifehack.com/blog/20260703-six-districts/,,True,3,9,,30655
https://morimachi.enshu-lifehack.com/blog/20260704-festival-and-life/,/blog/20260704-festival-and-life/,200,https://morimachi.enshu-lifehack.com/blog/20260704-festival-and-life/,False,森の祭りは、観光情報だけでなく「地域の暮らし」として読みたい | 静岡県森町ライフハック,森の祭りは、観光情報だけでなく「地域の暮らし」として読みたい,1,静岡県周智郡森町には屋台の曳き廻しや三社に伝わる舞楽があります。見る側の楽しさと、地域が受け継ぐ時間の両方から祭りを考えます。,https://morimachi.enshu-lifehack.com/blog/20260704-festival-and-life/,,True,2,9,,30875
https://morimachi.enshu-lifehack.com/blog/20260705-test-daily-travel/,/blog/20260705-test-daily-travel/,200,https://morimachi.enshu-lifehack.com/blog/20260705-test-daily-travel/,False,静岡県森町への移住前、家より先に「一日の移動」を試してみる | 森町ライフハック,森町への移住前、家より先に「一日の移動」を試してみる,1,静岡県周智郡森町への移住を考えるときは、景色や物件だけでなく通勤、買い物、通院、送迎の動線確認が欠かせません。下見で試したい順番を整理します。,https://morimachi.enshu-lifehack.com/blog/20260705-test-daily-travel/,,True,3,9,,30212
https://morimachi.enshu-lifehack.com/blog/20260706-moving-in-order/,/blog/20260706-moving-in-order/,200,https://morimachi.enshu-lifehack.com/blog/20260706-moving-in-order/,False,静岡県森町への転入届は、オンライン予約だけで終わらない | 森町ライフハック,森町への転入届は、オンライン予約だけで終わらない,1,静岡県周智郡森町への転入届は住み始めてから14日以内です。マイナポータルを利用しても窓口手続きが必要になる点と、当日の順番を整理します。,https://morimachi.enshu-lifehack.com/blog/20260706-moving-in-order/,,True,2,9,,30617
https://morimachi.enshu-lifehack.com/blog/20260707-vacant-house-bank-owner/,/blog/20260707-vacant-house-bank-owner/,200,https://morimachi.enshu-lifehack.com/blog/20260707-vacant-house-bank-owner/,False,静岡県森町の空き家バンクは、登録すれば町が売ってくれる制度ではない | 森町ライフハック,森町の空き家バンクは、登録すれば町が売ってくれる制度ではない,1,静岡県周智郡森町の空き家・空き地バンクは物件情報を届ける仕組みです。所有者が登録前に確かめたい登記、家財、管理状態、契約の役割分担を整理します。,https://morimachi.enshu-lifehack.com/blog/20260707-vacant-house-bank-owner/,,True,2,9,,30831
https://morimachi.enshu-lifehack.com/blog/20260708-shrine-architecture/,/blog/20260708-shrine-architecture/,200,https://morimachi.enshu-lifehack.com/blog/20260708-shrine-architecture/,False,静岡県森町の神社は、名前だけでなく建物の年代から見ても面白い | 森町ライフハック,森町の神社は、名前だけでなく建物の年代から見ても面白い,1,静岡県周智郡森町には小國神社、天宮神社、山名神社だけでなく各地区に多くの神社があります。公式の町史資料から、社殿を傷めずに歴史を読む入口を紹介します。,https://morimachi.enshu-lifehack.com/blog/20260708-shrine-architecture/,,True,2,9,,30610
https://morimachi.enshu-lifehack.com/blog/20260709-farmland-inheritance/,/blog/20260709-farmland-inheritance/,200,https://morimachi.enshu-lifehack.com/blog/20260709-farmland-inheritance/,False,田んぼや畑を相続したら、登記だけで終わりではない | 静岡県森町ライフハック,田んぼや畑を相続したら、登記だけで終わりではない,1,静岡県周智郡森町で農地を相続した場合は、相続登記とは別に農業委員会への届出確認が必要です。耕作できない場合も含め、最初の相談順を整理します。,https://morimachi.enshu-lifehack.com/blog/20260709-farmland-inheritance/,,True,2,9,,30526
https://morimachi.enshu-lifehack.com/blog/20260710-center-and-outskirts/,/blog/20260710-center-and-outskirts/,200,https://morimachi.enshu-lifehack.com/blog/20260710-center-and-outskirts/,False,静岡県森町の中心部だけ見て、町全体を知ったつもりにならない | 森町ライフハック,森町の中心部だけ見て、町全体を知ったつもりにならない,1,役場や文化会館のある中心部と、山あいを含む各地区では移動条件が違います。静岡県周智郡森町で暮らす場所を比べるときの見方を整理します。,https://morimachi.enshu-lifehack.com/blog/20260710-center-and-outskirts/,,True,2,9,,30207
https://morimachi.enshu-lifehack.com/blog/20260711-three-bugaku/,/blog/20260711-three-bugaku/,200,https://morimachi.enshu-lifehack.com/blog/20260711-three-bugaku/,False,静岡県森町の三社に伝わる舞楽は、三つの舞をひと括りにしない方が面白い | 森町ライフハック,森町の三社に伝わる舞楽は、三つの舞をひと括りにしない方が面白い,1,小國神社、天宮神社、山名神社に伝わる舞は国の重要無形民俗文化財です。それぞれの成り立ちと見方の違いを町史資料からたどります。,https://morimachi.enshu-lifehack.com/blog/20260711-three-bugaku/,,True,2,9,,30037
https://morimachi.enshu-lifehack.com/blog/20260712-vacant-house-bank-buyer/,/blog/20260712-vacant-house-bank-buyer/,200,https://morimachi.enshu-lifehack.com/blog/20260712-vacant-house-bank-buyer/,False,空き家バンクで静岡県森町へ移住するとき、価格より先に確認したいこと | 森町ライフハック,空き家バンクで森町へ移住するとき、価格より先に確認したいこと,1,空き家バンクの物件は一軒ごとに水道、下水、家財、修繕、農地の条件が違います。内覧前後に確認したい項目を整理します。,https://morimachi.enshu-lifehack.com/blog/20260712-vacant-house-bank-buyer/,,True,3,9,,30745
https://morimachi.enshu-lifehack.com/blog/20260713-resident-certificate/,/blog/20260713-resident-certificate/,200,https://morimachi.enshu-lifehack.com/blog/20260713-resident-certificate/,False,静岡県森町の住民票は、窓口へ行く前に「何を載せるか」を決める | 森町ライフハック,森町の住民票は、窓口へ行く前に「何を載せるか」を決める,1,住民票は提出先によって世帯主・続柄、本籍、マイナンバーなど必要な記載が違います。受取方法より先に確認したいことを整理します。,https://morimachi.enshu-lifehack.com/blog/20260713-resident-certificate/,,True,2,9,,30559
https://morimachi.enshu-lifehack.com/blog/20260714-clean-parents-house/,/blog/20260714-clean-parents-house/,200,https://morimachi.enshu-lifehack.com/blog/20260714-clean-parents-house/,False,実家の片付けは、捨て始める前に「残す理由」を分ける | 静岡県森町ライフハック,実家の片付けは、捨て始める前に「残す理由」を分ける,1,静岡県周智郡森町で親の家を片付けるときは、ごみ分別だけでなく相続、空き家管理、売却資料の保全が関わります。失くして困る物から整理します。,https://morimachi.enshu-lifehack.com/blog/20260714-clean-parents-house/,,True,3,9,,30672
https://morimachi.enshu-lifehack.com/blog/20260715-oguni-amemiya-bugaku/,/blog/20260715-oguni-amemiya-bugaku/,200,https://morimachi.enshu-lifehack.com/blog/20260715-oguni-amemiya-bugaku/,False,小國神社と天宮神社の十二段舞楽、演目の外側にも目を向ける | 静岡県森町ライフハック,小國神社と天宮神社の十二段舞楽、演目の外側にも目を向ける,1,静岡県周智郡森町の十二段舞楽は、舞だけでなく練習場所や浜垢離など周辺の営みも含めて受け継がれています。町史資料から見どころを整理します。,https://morimachi.enshu-lifehack.com/blog/20260715-oguni-amemiya-bugaku/,,True,2,9,,30534
https://morimachi.enshu-lifehack.com/blog/20260716-mori-tea-history/,/blog/20260716-mori-tea-history/,200,https://morimachi.enshu-lifehack.com/blog/20260716-mori-tea-history/,False,「森の茶」は商品名だけでなく、町の歴史そのものだった | 静岡県森町ライフハック,「森の茶」は商品名だけでなく、町の歴史そのものだった,1,古くから茶産地として栄えた静岡県周智郡森町では、茶の歴史をまとめた『遠州森の茶業史』が刊行されています。土地と産業を一緒に見る意味を考えます。,https://morimachi.enshu-lifehack.com/blog/20260716-mori-tea-history/,,True,2,9,,30427
https://morimachi.enshu-lifehack.com/blog/20260717-mikura-amagata-travel/,/blog/20260717-mikura-amagata-travel/,200,https://morimachi.enshu-lifehack.com/blog/20260717-mikura-amagata-travel/,False,三倉・天方で暮らすなら、距離より「移動の代替」を見る | 静岡県森町ライフハック,三倉・天方で暮らすなら、距離より「移動の代替」を見る,1,静岡県周智郡森町の山あいを含む地域で暮らすときは、自家用車だけでなく、通院や買い物の代替手段を確認する必要があります。考え方を整理します。,https://morimachi.enshu-lifehack.com/blog/20260717-mikura-amagata-travel/,,True,2,9,,30258
https://morimachi.enshu-lifehack.com/blog/20260718-yamana-dance/,/blog/20260718-yamana-dance/,200,https://morimachi.enshu-lifehack.com/blog/20260718-yamana-dance/,False,山名神社祇園祭のお舞に、応仁の乱以前の面影が残る | 静岡県森町ライフハック,山名神社祇園祭のお舞に、応仁の乱以前の面影が残る,1,静岡県周智郡森町飯田の山名神社に伝わるお舞は、十二段舞楽とは異なる風流舞の系統です。八段の演目と地域で伝わった背景を町史から読みます。,https://morimachi.enshu-lifehack.com/blog/20260718-yamana-dance/,,True,4,9,,30199
https://morimachi.enshu-lifehack.com/blog/20260719-population-by-district/,/blog/20260719-population-by-district/,200,https://morimachi.enshu-lifehack.com/blog/20260719-population-by-district/,False,人口データは、静岡県森町の地区を比べるための入口であって結論ではない | 森町ライフハック,人口データは、森町の地区を比べるための入口であって結論ではない,1,静岡県周智郡森町の六地区は人口規模が異なります。公表資料の時点を確かめ、数字だけで地域の将来や暮らしやすさを決めない読み方を考えます。,https://morimachi.enshu-lifehack.com/blog/20260719-population-by-district/,,True,3,9,,30587
https://morimachi.enshu-lifehack.com/blog/20260720-care-first-consultation/,/blog/20260720-care-first-consultation/,200,https://morimachi.enshu-lifehack.com/blog/20260720-care-first-consultation/,False,親の介護が始まったら、施設探しより先に相談先を一つ決める | 静岡県森町ライフハック,親の介護が始まったら、施設探しより先に相談先を一つ決める,1,介護は家族だけで制度を調べ切ろうとすると疲れます。静岡県周智郡森町の地域包括支援センターを入口に、困りごとを整理する順番を考えます。,https://morimachi.enshu-lifehack.com/blog/20260720-care-first-consultation/,,True,4,9,,30777
https://morimachi.enshu-lifehack.com/blog/20260721-inherited-home-deduction/,/blog/20260721-inherited-home-deduction/,200,https://morimachi.enshu-lifehack.com/blog/20260721-inherited-home-deduction/,False,"相続した実家を売る前に、3,000万円控除の確認書を調べる | 静岡県森町ライフハック","相続した実家を売る前に、3,000万円控除の確認書を調べる",1,被相続人が住んでいた家を売る場合、要件を満たせば譲渡所得の特例対象になる可能性があります。契約前に確認したい役場書類を整理します。,https://morimachi.enshu-lifehack.com/blog/20260721-inherited-home-deduction/,,True,4,9,,30795
https://morimachi.enshu-lifehack.com/blog/20260722-temple-architecture/,/blog/20260722-temple-architecture/,200,https://morimachi.enshu-lifehack.com/blog/20260722-temple-architecture/,False,静岡県森町の寺院は、宗派の数から地域史が見えてくる | 森町ライフハック,森町の寺院は、宗派の数から地域史が見えてくる,1,静岡県周智郡森町の町史資料では曹洞宗寺院が多く、最古級の本堂や文化財の山門も紹介されています。寺院を一覧と建築の両方から見る方法を考えます。,https://morimachi.enshu-lifehack.com/blog/20260722-temple-architecture/,,True,2,9,,30131
https://morimachi.enshu-lifehack.com/blog/20260723-farmland-conversion/,/blog/20260723-farmland-conversion/,200,https://morimachi.enshu-lifehack.com/blog/20260723-farmland-conversion/,False,農地を駐車場や宅地にしたい——先に工事を始めてはいけない | 静岡県森町ライフハック,農地を駐車場や宅地にしたい——先に工事を始めてはいけない,1,静岡県周智郡森町で農地を宅地や駐車場などへ変える場合は、農地転用の許可確認が必要です。4条・5条の違いと相談の順番を整理します。,https://morimachi.enshu-lifehack.com/blog/20260723-farmland-conversion/,,True,3,9,,30402
https://morimachi.enshu-lifehack.com/blog/20260724-three-eastern-districts/,/blog/20260724-three-eastern-districts/,200,https://morimachi.enshu-lifehack.com/blog/20260724-three-eastern-districts/,False,一宮・園田・飯田を、地図の近さだけで同じ暮らしと考えない | 静岡県森町ライフハック,一宮・園田・飯田を、地図の近さだけで同じ暮らしと考えない,1,静岡県周智郡森町の六地区のうち一宮、園田、飯田にもそれぞれの生活動線があります。物件比較で地区名と実際の行き先を重ねる方法を考えます。,https://morimachi.enshu-lifehack.com/blog/20260724-three-eastern-districts/,,True,3,9,,29967
https://morimachi.enshu-lifehack.com/blog/20260725-supporting-festivals/,/blog/20260725-supporting-festivals/,200,https://morimachi.enshu-lifehack.com/blog/20260725-supporting-festivals/,False,祭礼を残すのは、当日の人出だけではない | 静岡県森町ライフハック,祭礼を残すのは、当日の人出だけではない,1,静岡県周智郡森町の祭りや舞楽は、準備、練習、片付けを担う人によって続いています。訪れる側と住む側が無理なく支える方法を考えます。,https://morimachi.enshu-lifehack.com/blog/20260725-supporting-festivals/,,True,3,9,,30342
https://morimachi.enshu-lifehack.com/blog/20260726-dual-location/,/blog/20260726-dual-location/,200,https://morimachi.enshu-lifehack.com/blog/20260726-dual-location/,False,静岡県森町の二地域居住——移住か現状維持かの二択をやめる | 森町ライフハック,森町の二地域居住——移住か現状維持かの二択をやめる,1,静岡県周智郡森町は二地域居住を、観光と完全移住の中間にある暮らし方として案内しています。家を買う前に試せる関わり方を考えます。,https://morimachi.enshu-lifehack.com/blog/20260726-dual-location/,,True,3,9,,30399
https://morimachi.enshu-lifehack.com/blog/20260727-bereavement-order/,/blog/20260727-bereavement-order/,200,https://morimachi.enshu-lifehack.com/blog/20260727-bereavement-order/,False,家族が亡くなった後の手続きは、期限と窓口を一枚にまとめる | 静岡県森町ライフハック,家族が亡くなった後の手続きは、期限と窓口を一枚にまとめる,1,死亡後は役場、年金、保険、相続、家の管理などが重なります。静岡県周智郡森町の案内を入口に、家族が抱え込まない整理方法を考えます。,https://morimachi.enshu-lifehack.com/blog/20260727-bereavement-order/,,True,2,9,,30545
https://morimachi.enshu-lifehack.com/blog/20260728-before-selling-house/,/blog/20260728-before-selling-house/,200,https://morimachi.enshu-lifehack.com/blog/20260728-before-selling-house/,False,静岡県森町で家を売る前に、価格より境界・接道・名義を確認する | 森町ライフハック,森町で家を売る前に、価格より境界・接道・名義を確認する,1,売却査定の金額は、物件情報が正しくそろって初めて比較できます。静岡県周智郡森町の空き家バンク確認票から、先に整理したい項目を読み解きます。,https://morimachi.enshu-lifehack.com/blog/20260728-before-selling-house/,,True,3,9,,30574
https://morimachi.enshu-lifehack.com/blog/20260729-suzuki-tozaburo/,/blog/20260729-suzuki-tozaburo/,200,https://morimachi.enshu-lifehack.com/blog/20260729-suzuki-tozaburo/,False,鈴木藤三郎——静岡県森町から製糖業を変えた発明家 | 森町ライフハック,鈴木藤三郎——森町から製糖業を変えた発明家,1,静岡県周智郡森町本町出身の鈴木藤三郎は、氷砂糖の製法を発明し、精製糖事業や台湾製糖に関わりました。その歩みから地域の産業を見る視点を考えます。,https://morimachi.enshu-lifehack.com/blog/20260729-suzuki-tozaburo/,,True,2,9,,30044
https://morimachi.enshu-lifehack.com/blog/20260730-forest-inheritance/,/blog/20260730-forest-inheritance/,200,https://morimachi.enshu-lifehack.com/blog/20260730-forest-inheritance/,False,山林を相続したら、場所が分からなくても90日届出を確認する | 静岡県森町ライフハック,山林を相続したら、場所が分からなくても90日届出を確認する,1,静岡県周智郡森町で森林の土地を相続・売買で取得した場合、対象となる民有林では所有者届出が必要です。地番と現地が一致しないときの確認順を整理します。,https://morimachi.enshu-lifehack.com/blog/20260730-forest-inheritance/,,True,2,9,,30888
https://morimachi.enshu-lifehack.com/blog/20260731-home-location-check/,/blog/20260731-home-location-check/,200,https://morimachi.enshu-lifehack.com/blog/20260731-home-location-check/,False,静岡県森町の住所選びは、地区名より通勤・買い物・災害地図を重ねる | 森町ライフハック,森町の住所選びは、地区名より通勤・買い物・災害地図を重ねる,1,住む場所を比べるときは、便利さと安全を別々に見ず、一日の移動とハザードマップを同じ地図に重ねることが大切です。,https://morimachi.enshu-lifehack.com/blog/20260731-home-location-check/,,True,5,9,,30528
https://morimachi.enshu-lifehack.com/blog/20260801-event-traffic-manners/,/blog/20260801-event-traffic-manners/,200,https://morimachi.enshu-lifehack.com/blog/20260801-event-traffic-manners/,False,静岡県森町の祭りへ行く前に、駐車場と交通案内を確認する | 森町ライフハック,森町の祭りへ行く前に、駐車場と交通案内を確認する,1,祭りや催しの日は普段と道路の使われ方が変わります。地域の暮らしを妨げず楽しむために、出発前に見る情報を整理します。,https://morimachi.enshu-lifehack.com/blog/20260801-event-traffic-manners/,,True,5,9,,29935
https://morimachi.enshu-lifehack.com/blog/20260802-parenting-migration/,/blog/20260802-parenting-migration/,200,https://morimachi.enshu-lifehack.com/blog/20260802-parenting-migration/,False,子育て移住は、支援制度の数より「困った日の相談先」で比べる | 静岡県森町ライフハック,子育て移住は、支援制度の数より「困った日の相談先」で比べる,1,静岡県周智郡森町への子育て移住を考えるなら、手当だけでなく、相談、遊び場、保育、学校、送迎を一日の流れで確認することが大切です。,https://morimachi.enshu-lifehack.com/blog/20260802-parenting-migration/,,True,3,9,,30652
https://morimachi.enshu-lifehack.com/blog/20260803-mynumber-support/,/blog/20260803-mynumber-support/,200,https://morimachi.enshu-lifehack.com/blog/20260803-mynumber-support/,False,マイナンバーカード申請は、出張申請を使える場合がある | 静岡県森町ライフハック,マイナンバーカード申請は、出張申請を使える場合がある,1,静岡県周智郡森町では事業所や地域団体などを対象に出張申請の案内があります。窓口へ行きにくい人が確認したい条件と受取方法を整理します。,https://morimachi.enshu-lifehack.com/blog/20260803-mynumber-support/,,True,4,9,,30666
https://morimachi.enshu-lifehack.com/blog/20260804-gomi-bunbetsu-kaitei/,/blog/20260804-gomi-bunbetsu-kaitei/,200,https://morimachi.enshu-lifehack.com/blog/20260804-gomi-bunbetsu-kaitei/,False,静岡県森町のごみ分別ルール、いま実際どうなっているのか | 森町ライフハック,森町のごみ分別ルール、いま実際どうなっているのか,1,静岡県周智郡森町のごみ分別は、手元の古い表や人づての記憶だけで判断せず、町公式の分別表、収集カレンダー、品目検索を組み合わせて確認することが大切です。迷ったときの順番を生活者の目線で整理します。,https://morimachi.enshu-lifehack.com/blog/20260804-gomi-bunbetsu-kaitei/,,True,2,9,,31366
https://morimachi.enshu-lifehack.com/blog/20260805-bugaku-shaji-rinchi/,/blog/20260805-bugaku-shaji-rinchi/,200,https://morimachi.enshu-lifehack.com/blog/20260805-bugaku-shaji-rinchi/,False,静岡県森町・国指定の舞楽が三件ある町で、社寺の隣に土地を持つということ | 森町ライフハック,国指定の舞楽が三件ある町で、社寺の隣に土地を持つということ,1,静岡県周智郡森町では、小國神社・天宮神社・山名神社の舞楽が昭和57年1月14日に国の重要無形民俗文化財となりました。社寺の隣に土地や実家を持つ人が、埋蔵文化財の照会、景観条例の届出、土地利用事業の承認をどの順番で確認すればよいかを、町公式ページの記載から整理しました。,https://morimachi.enshu-lifehack.com/blog/20260805-bugaku-shaji-rinchi/,,True,3,11,,37916
https://morimachi.enshu-lifehack.com/blog/20260805-cultural-assets/,/blog/20260805-cultural-assets/,200,https://morimachi.enshu-lifehack.com/blog/20260805-cultural-assets/,False,友田家住宅、次郎柿原木、三つの舞楽——静岡県森町の文化財を暮らしにつなぐ | 森町ライフハック,友田家住宅、次郎柿原木、三つの舞楽——森町の文化財を暮らしにつなぐ,1,静岡県周智郡森町の文化財は有名寺社だけではありません。住宅、果樹、祭礼、街並みを一つの一覧で見ると、地域の暮らしが文化として残る意味が見えてきます。,https://morimachi.enshu-lifehack.com/blog/20260805-cultural-assets/,,True,3,9,,30697
https://morimachi.enshu-lifehack.com/blog/20260806-cadastral-survey-boundary/,/blog/20260806-cadastral-survey-boundary/,200,https://morimachi.enshu-lifehack.com/blog/20260806-cadastral-survey-boundary/,False,静岡県森町・畑と山の境界は、現地に立つ前に地籍調査の成果で確かめられる | 森町ライフハック,畑と山の境界は、現地に立つ前に地籍調査の成果で確かめられる,1,静岡県周智郡森町で畑と山林の境が分からなくなった方へ。町の地籍調査の成果（座標面積計算書・多角点配点図）は建設課用地係で閲覧・交付を申請でき、コピー代は1枚10円。実施済み地区、分筆後は反映されないこと、町は杭を復元しないことまで、現地に立つ前に確かめる順番を整理しました。,https://morimachi.enshu-lifehack.com/blog/20260806-cadastral-survey-boundary/,,True,3,10,,42343
https://morimachi.enshu-lifehack.com/blog/20260806-electric-fence-subsidy/,/blog/20260806-electric-fence-subsidy/,200,https://morimachi.enshu-lifehack.com/blog/20260806-electric-fence-subsidy/,False,静岡県森町・使っていない畑ほど獣の通り道になる。電気柵補助を夏のうちに確かめる | 森町ライフハック,使っていない畑ほど、獣の通り道になる——森町の電気柵補助を夏のうちに確かめる,1,静岡県周智郡森町で畑を使わなくなった方へ。町の有害鳥獣被害防止対策事業費補助金（電気柵等）は補助対象経費の3分の2・最高6万円で、購入後の申請はできません。町の鳥獣被害防止計画に載る被害額と捕獲計画もあわせて、夏のうちに確かめる順番を整理しました。,https://morimachi.enshu-lifehack.com/blog/20260806-electric-fence-subsidy/,,True,2,10,,42001
https://morimachi.enshu-lifehack.com/blog/20260806-tea-garden-conditions/,/blog/20260806-tea-garden-conditions/,200,https://morimachi.enshu-lifehack.com/blog/20260806-tea-garden-conditions/,False,静岡県森町・茶園を引き継いだら、摘採より先に「続ける条件」を数える | 森町ライフハック,森町で茶園を引き継いだら、摘採より先に「続ける条件」を数える,1,静岡県周智郡森町で茶園を相続した方へ。摘む・摘まないを決める前に、相続の届出（10か月以内）、地域計画の目標地図、農地法第3条の許可要件、転用の申請締切（毎月25日）といった「続ける条件」を、町公式ページの記載から数える順番に整理しました。,https://morimachi.enshu-lifehack.com/blog/20260806-tea-garden-conditions/,,True,2,10,,40940
https://morimachi.enshu-lifehack.com/blog/20260807-obon-three-days-walk/,/blog/20260807-obon-three-days-walk/,200,https://morimachi.enshu-lifehack.com/blog/20260807-obon-three-days-walk/,False,静岡県森町・お盆に実家へ戻る三日間で、親の生活圏を一緒に歩いて確かめる | 森町ライフハック,お盆に実家へ戻る三日間で、親の生活圏を一緒に歩いて確かめる,1,静岡県周智郡森町の実家へお盆に帰る三日間で、片付けや相続の話を切り出す前にできることがあります。森町地域包括支援センターの受付は月曜から金曜の8時30分から17時15分、公立森町病院の救急受診は休日6時から22時で深夜は原則受け付けられません。ハザードマップは6地区ごとに分かれています。親の生活圏を一緒に歩いて確かめる三日間の組み立てを整理しました。,https://morimachi.enshu-lifehack.com/blog/20260807-obon-three-days-walk/,,True,4,10,,43168
https://morimachi.enshu-lifehack.com/blog/20260807-smart-ic-livability/,/blog/20260807-smart-ic-livability/,200,https://morimachi.enshu-lifehack.com/blog/20260807-smart-ic-livability/,False,静岡県森町・「遠州森町スマートICが近い」は、暮らしやすさと同じ意味ではない | 森町ライフハック,「遠州森町スマートICが近い」は、暮らしやすさと同じ意味ではない,1,"静岡県周智郡森町の遠州森町スマートICは平成26年3月29日15時に開通したETC専用の24時間フル方向IC。役場までは車で約8分（約3.6km）です。ただしICへの近さが測っているのは「町の外へ出る速さ」であって、買い物・通院・通学・移動手段の選択肢とは別の指標です。土地利用事業（1,000平方メートル以上）や開発許可の要件まで含めて、立地の見方を整理しました。",https://morimachi.enshu-lifehack.com/blog/20260807-smart-ic-livability/,,True,2,11,,44293
https://morimachi.enshu-lifehack.com/blog/20260807-tenhama-station-frequency/,/blog/20260807-tenhama-station-frequency/,200,https://morimachi.enshu-lifehack.com/blog/20260807-tenhama-station-frequency/,False,静岡県森町・「天浜線の駅が近い」は、本数と接続を見てから使う言葉 | 森町ライフハック,「天浜線の駅が近い」は、本数と接続を見てから使う言葉,1,静岡県周智郡森町には天竜浜名湖線の駅が戸綿・遠州森・森町病院前・円田・遠江一宮の5つあります。2026年3月14日改正の公式時刻表では遠州森駅の掛川方面が28本、遠江一宮駅と森町病院前駅は26本で、10時台に上りが1本もない駅もあります。遠州森駅から掛川駅までは23分から29分、運賃530円。駅までの徒歩分数ではなく、本数と接続で立地を確かめる手順を整理しました。,https://morimachi.enshu-lifehack.com/blog/20260807-tenhama-station-frequency/,,True,4,9,,41402
https://morimachi.enshu-lifehack.com/blog/20260807-water-supply-routes/,/blog/20260807-water-supply-routes/,200,https://morimachi.enshu-lifehack.com/blog/20260807-water-supply-routes/,False,静岡県森町・同じ森町でも、蛇口に水が届く経路は一つではない | 森町ライフハック,同じ森町でも、蛇口に水が届く経路は一つではない,1,"静岡県周智郡森町の水道は、上水道と公営簡易水道で条例が分かれ、検針月も地区で二系統に分かれています。上水道料金は令和5年4月1日以降の表で口径13ミリなら基本水量8立方メートル・基本料金1,100円。貯水槽を経由する建物では管理義務が設置者に生じます。家を買う・引き継ぐ前に、その家の水がどの経路で来ているかを確かめる順番を整理しました。",https://morimachi.enshu-lifehack.com/blog/20260807-water-supply-routes/,,True,3,11,,43588
https://morimachi.enshu-lifehack.com/blog/20260808-hanabi-river-area/,/blog/20260808-hanabi-river-area/,200,https://morimachi.enshu-lifehack.com/blog/20260808-hanabi-river-area/,False,静岡県森町・森町納涼花火大会の会場は「川の中」——太田川河川敷が一年の大半で何であるか | 森町ライフハック,森町納涼花火大会の会場は「川の中」——太田川河川敷が一年の大半で何であるか,1,静岡県周智郡森町の納涼花火大会は太田川親水公園で開かれます。主催の森町商工会は令和8年8月15日（土）午後7時30分から8時30分、小雨決行・荒天中止で延期なしと案内しています。会場である河川敷は、一年の大半は川が水を流すための土地です。森町防災ハザードマップの河川氾濫区域、静岡県が令和7年3月31日に指定した太田川の洪水浸水想定区域図、河川法の占用許可から、川沿いの土地の見方を整理しました。,https://morimachi.enshu-lifehack.com/blog/20260808-hanabi-river-area/,,True,2,10,,43487
https://morimachi.enshu-lifehack.com/blog/20260808-yatai-storage-ownership/,/blog/20260808-yatai-storage-ownership/,200,https://morimachi.enshu-lifehack.com/blog/20260808-yatai-storage-ownership/,False,静岡県森町・屋台や太鼓をしまう建物は、誰の名義で、どの土地に建っているか | 森町ライフハック,屋台や太鼓をしまう建物は、誰の名義で、どの土地に建っているか,1,静岡県周智郡森町の森の祭りで引き出される屋台や、囃子の太鼓・笛・鉦は、一年の大半を建物の中で過ごします。その建物の名義と敷地は誰のものか。森町の固定資産税は家屋の所有者を「登記簿または家屋課税台帳に登録されている人」とし、町は未登記家屋所有者異動届出書の様式を用意しています。認可地縁団体の制度、令和6年4月1日からの相続登記の申請義務化とあわせて、地区が今日から確かめられる順番を整理しました。,https://morimachi.enshu-lifehack.com/blog/20260808-yatai-storage-ownership/,,True,2,11,,44588
https://morimachi.enshu-lifehack.com/blog/20260809-akiya-august-afternoon-viewing/,/blog/20260809-akiya-august-afternoon-viewing/,200,https://morimachi.enshu-lifehack.com/blog/20260809-akiya-august-afternoon-viewing/,False,静岡県森町・空き家の下見は、涼しい日ではなく八月の午後に一度入っておく | 森町ライフハック,空き家の下見は、涼しい日ではなく八月の午後に一度入っておく,1,静岡県周智郡森町の空き家・空き地バンクで物件を見学するには、利用申込書（様式第8号）と同意書（様式第2号）を定住推進課へ出します。優先交渉権は先着順で、前の人の結果が出るまで次の人は交渉できません。入れる回数が限られるからこそ、涼しい日ではなく八月の午後に一度入っておく意味があります。暑さ指数の区分と、家の熱・風・湿気・西日を確かめる順番を整理しました。,https://morimachi.enshu-lifehack.com/blog/20260809-akiya-august-afternoon-viewing/,,True,2,10,,40483
https://morimachi.enshu-lifehack.com/blog/20260809-nothing-special-sunday/,/blog/20260809-nothing-special-sunday/,200,https://morimachi.enshu-lifehack.com/blog/20260809-nothing-special-sunday/,False,静岡県森町・移住を決める前に、「何もない日曜日」を家族で一日過ごしてみる | 森町ライフハック,移住を決める前に、「何もない日曜日」を家族で一日過ごしてみる,1,静岡県周智郡森町へ移住を考える方は、たいてい祭りやイベントのある日に町へ来ます。けれど住んでからの日曜の大半は、何もない日曜日です。森町立図書館は月曜休館で日曜は9時から17時、歴史民俗資料館は月曜・火曜休館で入館無料、森町総合体育館は火曜休館でトレーニング室は当日券300円。休館日がばらけている町の一日を、予定を入れずに歩いて確かめる順番を整理しました。,https://morimachi.enshu-lifehack.com/blog/20260809-nothing-special-sunday/,,True,2,12,,39441
https://morimachi.enshu-lifehack.com/blog/20260809-tencomori-three-conditions/,/blog/20260809-tencomori-three-conditions/,200,https://morimachi.enshu-lifehack.com/blog/20260809-tencomori-three-conditions/,False,静岡県森町・移住パンフレット「TENCOMORI」は、読む前に自分の条件を三つ決めておく | 森町ライフハック,移住パンフレット「TENCOMORI」は、読む前に自分の条件を三つ決めておく,1,静岡県周智郡森町の移住促進パンフレット「TENCOMORI」は、定住推進課がつくった移住者インタビュー中心の冊子です。ただ、先に自分の条件を決めずに読むと、他人の答えを眺めるだけで終わります。森町公式の「移住定住手続き」に載る移住までのステップは、なぜ移住するのか、誰と移住するのか、何を優先するのか、の三つから始まります。この三つを紙に書いてから読むための順番を整理しました。,https://morimachi.enshu-lifehack.com/blog/20260809-tencomori-three-conditions/,,True,2,11,,38742
https://morimachi.enshu-lifehack.com/checklist/baby/,/checklist/baby/,200,https://morimachi.enshu-lifehack.com/checklist/baby/,False,子どもが生まれた | チェックリスト | 静岡県森町ライフハック,👶 子どもが生まれた,1,出生届から児童手当、乳幼児健診、予防接種、保育園まで。届出の期限があるものから順に確認できます。,https://morimachi.enshu-lifehack.com/checklist/baby/,,True,8,15,,12421
https://morimachi.enshu-lifehack.com/checklist/job-change/,/checklist/job-change/,200,https://morimachi.enshu-lifehack.com/checklist/job-change/,False,転職した・退職した | チェックリスト | 静岡県森町ライフハック,💴 転職した・退職した,1,退職後は健康保険・年金・住民税の手続きが同時に発生します。放置すると未納になるものから順に確認できます。,https://morimachi.enshu-lifehack.com/checklist/job-change/,,True,8,15,,12018
https://morimachi.enshu-lifehack.com/checklist/married/,/checklist/married/,200,https://morimachi.enshu-lifehack.com/checklist/married/,False,結婚した | チェックリスト | 静岡県森町ライフハック,💍 結婚した,1,婚姻届のあとに続く、住所・氏名・保険・税の手続きをまとめました。静岡県周智郡森町では結婚新生活支援補助金の対象になる場合もあります。,https://morimachi.enshu-lifehack.com/checklist/married/,,True,8,16,,12405
https://morimachi.enshu-lifehack.com/checklist/moved-in/,/checklist/moved-in/,200,https://morimachi.enshu-lifehack.com/checklist/moved-in/,False,静岡県森町に引っ越してきた | チェックリスト | 森町ライフハック,🏡 森町に引っ越してきた,1,転入届からマイナンバー、水道、ごみ、通学区域まで。静岡県周智郡森町に引っ越してきたあとにやることを、順番にチェックできます。,https://morimachi.enshu-lifehack.com/checklist/moved-in/,,True,10,16,,13305
https://morimachi.enshu-lifehack.com/hub/care/,/hub/care/,200,https://morimachi.enshu-lifehack.com/hub/care/,False,親・介護｜静岡県森町の手続き・相談先｜森町ライフハック,親・介護,1,親の介護が心配になったとき、何から始めればよいかを順番に案内します。相談窓口、要介護認定、認定後のケアプラン、施設探しまでを分けて確認できます。,https://morimachi.enshu-lifehack.com/hub/care/,,True,14,28,,17518
https://morimachi.enshu-lifehack.com/hub/enjoy/,/hub/enjoy/,200,https://morimachi.enshu-lifehack.com/hub/enjoy/,False,暮らしを楽しむ｜静岡県森町の手続き・相談先｜森町ライフハック,暮らしを楽しむ,1,公園や図書館、借りられる公共施設。あわせて、静岡県周智郡森町の神社39社・寺院35ヶ寺を調べられる地域データベースもここにあります。,https://morimachi.enshu-lifehack.com/hub/enjoy/,,True,14,29,,16451
https://morimachi.enshu-lifehack.com/hub/family/,/hub/family/,200,https://morimachi.enshu-lifehack.com/hub/family/,False,子ども・家族｜静岡県森町の手続き・相談先｜森町ライフハック,子ども・家族,1,結婚、妊娠、出産、子育ての手当、保育園や学校のこと。家族が増えるとき・子どもが育つときの手続きと相談先をまとめています。,https://morimachi.enshu-lifehack.com/hub/family/,,True,14,39,,19400
https://morimachi.enshu-lifehack.com/hub/procedures/,/hub/procedures/,200,https://morimachi.enshu-lifehack.com/hub/procedures/,False,手続きしたい｜静岡県森町の手続き・相談先｜森町ライフハック,手続きしたい,1,転入・転出、住民票や戸籍などの証明書、マイナンバーカード、税金、水道、ごみ。役場でする手続きを、必要になった場面から探せます。,https://morimachi.enshu-lifehack.com/hub/procedures/,,True,14,55,,24089
https://morimachi.enshu-lifehack.com/hub/property/,/hub/property/,200,https://morimachi.enshu-lifehack.com/hub/property/,False,家・土地｜静岡県森町の手続き・相談先｜森町ライフハック,家・土地,1,住まいのこと、相続した実家や空き家、農地、固定資産税。使う・貸す・売る・解体するのどれを選ぶかを決めるところから案内します。,https://morimachi.enshu-lifehack.com/hub/property/,,True,15,43,,21944
https://morimachi.enshu-lifehack.com/hub/trouble/,/hub/trouble/,200,https://morimachi.enshu-lifehack.com/hub/trouble/,False,困った・緊急｜静岡県森町の手続き・相談先｜森町ライフハック,困った・緊急,1,急な病気やけが、災害、お金の不安、詐欺の被害。急ぎで判断が必要なことと、落ち着いて相談することを分けて案内します。,https://morimachi.enshu-lifehack.com/hub/trouble/,,True,14,49,,22939
https://morimachi.enshu-lifehack.com/life/education/,/life/education/,200,https://morimachi.enshu-lifehack.com/life/education/,False,🎒 学ぶ・育つ | 静岡県森町ライフハック,🎒 学ぶ・育つ,1,静岡県周智郡森町の子どもの教育・学校に関する手続きを、学校選び・通学区域・転校・就学の不安・費用の相談・放課後の居場所に分けてまとめています。まずはお子さんの状況に近いテーマから確認してください。,https://morimachi.enshu-lifehack.com/life/education/,,True,20,13,,20814
https://morimachi.enshu-lifehack.com/life/education/after-school-club/,/life/education/after-school-club/,200,https://morimachi.enshu-lifehack.com/life/education/after-school-club/,False,静岡県森町の放課後児童クラブは、対象学年と申請時期（例年9月）を先に確認する | 森町ライフハック,森町の放課後児童クラブは、対象学年と申請時期（例年9月）を先に確認する,1,静岡県周智郡森町の放課後児童クラブは、就労や介護などで放課後に保護者が家庭にいない児童のための居場所です。令和8年度は9月16日から10月17日までが利用申込みの受付期間です。利用料は令和8年4月に改定されています。まず申込時期と料金を先に押さえておきましょう。,https://morimachi.enshu-lifehack.com/life/education/after-school-club/,,True,21,14,,24847
https://morimachi.enshu-lifehack.com/life/education/educational-consulting/,/life/education/educational-consulting/,200,https://morimachi.enshu-lifehack.com/life/education/educational-consulting/,False,静岡県森町の教育相談は、教育支援センター「わかば」と学校教育課へ困りごとを一文で整理してから相談する,森町の教育相談は、教育支援センター「わかば」と学校教育課へ困りごとを一文で整理してから相談する,1,学校への登校が難しいときの相談先は、静岡県周智郡森町学校教育課と教育支援センター「わかば」です。困りごとを一文で整理してから電話をすると、話が早く進みます。わかばは通級のペースを個々に合わせられる場所です。,https://morimachi.enshu-lifehack.com/life/education/educational-consulting/,,True,21,14,,26212
https://morimachi.enshu-lifehack.com/life/education/elementary-middle-school/,/life/education/elementary-middle-school/,200,https://morimachi.enshu-lifehack.com/life/education/elementary-middle-school/,False,静岡県森町の小中学校は5校（小学校3校・中学校2校）、学校一覧と手続きを分けて見る | 森町ライフハック,森町の小中学校は5校（小学校3校・中学校2校）、学校一覧と手続きを分けて見る,1,静岡県周智郡森町内の小中学校は、小学校3校・中学校2校の合わせて5校とコンパクトです。まず学校の一覧で名称・住所・電話番号を確認し、通学区域など個別の手続きは学校教育課へまとめて確認しましょう。,https://morimachi.enshu-lifehack.com/life/education/elementary-middle-school/,,True,22,13,,22848
https://morimachi.enshu-lifehack.com/life/education/school-district-transfer/,/life/education/school-district-transfer/,200,https://morimachi.enshu-lifehack.com/life/education/school-district-transfer/,False,転校は、住所異動の届出と通学中の学校での手続きをまとめて確認する | 静岡県森町ライフハック,転校は、住所異動の届出と通学中の学校での手続きをまとめて確認する,1,静岡県周智郡森町内外への転校では、住所異動の届出（住民生活課）と、通学中の学校での転校手続きの両方が必要です。どちらか一方だけでは手続きが完了しないため、順番と窓口を分けて確認しましょう。,https://morimachi.enshu-lifehack.com/life/education/school-district-transfer/,,True,23,14,,23529
https://morimachi.enshu-lifehack.com/life/education/school-expense-support/,/life/education/school-expense-support/,200,https://morimachi.enshu-lifehack.com/life/education/school-expense-support/,False,学校費用の不安は、就学援助制度と学校教育課への相談を先に確認する | 静岡県森町ライフハック,学校費用の不安は、就学援助制度と学校教育課への相談を先に確認する,1,静岡県森町で、学校にかかる費用が心配なときは、就学援助制度と学校教育課への相談を先に確認しましょう。学用品費や給食費など複数の費目が対象になる制度で、詳しくは学校教育課に問い合わせると案内してもらえます。,https://morimachi.enshu-lifehack.com/life/education/school-expense-support/,,True,23,14,,23094
https://morimachi.enshu-lifehack.com/life/education/school-meals/,/life/education/school-meals/,200,https://morimachi.enshu-lifehack.com/life/education/school-meals/,False,学校給食は、献立・費用・アレルギー対応を学校教育課に分けて確認する | 静岡県森町ライフハック,学校給食は、献立・費用・アレルギー対応を学校教育課に分けて確認する,1,静岡県周智郡森町の小中学校の給食は、学校教育課が所管しています。献立表・給食費の金額・アレルギー対応の具体的な案内ページは森町公式サイト内で見当たらないため、知りたい内容ごとに学校教育課へ問い合わせるのが確実です。,https://morimachi.enshu-lifehack.com/life/education/school-meals/,,True,6,14,,24902
https://morimachi.enshu-lifehack.com/life/education/school-zones/,/life/education/school-zones/,200,https://morimachi.enshu-lifehack.com/life/education/school-zones/,False,静岡県森町の小学校・中学校の学区｜住所から通学区域を確認 | 森町ライフハック,森町の小学校・中学校の学区｜住所から通学区域を確認,1,静岡県森町の小学校・中学校の学区を住所から確認する方法、町内の学校一覧、転校・転入学の準備、学校教育課の連絡先を案内します。,https://morimachi.enshu-lifehack.com/life/education/school-zones/,,True,55,22,,23174
https://morimachi.enshu-lifehack.com/life/education/study-facilities/,/life/education/study-facilities/,200,https://morimachi.enshu-lifehack.com/life/education/study-facilities/,False,学習場所は、静岡県森町立図書館の閲覧コーナーと開館日を先に確認する | 森町ライフハック,学習場所は、森町立図書館の閲覧コーナーと開館日を先に確認する,1,静岡県周智郡森町には「自習室」という専用施設は確認できていませんが、森町立図書館は「学習や研究の場としても利用できます」と案内しており、窓際の閲覧コーナーで読書や学習ができます。開館日と休館日を先に確認してから向かうのが確実です。,https://morimachi.enshu-lifehack.com/life/education/study-facilities/,,True,6,14,,25673
https://morimachi.enshu-lifehack.com/life/emergency/,/life/emergency/,200,https://morimachi.enshu-lifehack.com/life/emergency/,False,⚠️ もしもの時 | 静岡県森町ライフハック,⚠️ もしもの時,1,静岡県周智郡森町の防災情報をひとつにまとめたページです。ハザードマップや避難所の確認から、非常時の持ち出し品、災害用伝言ダイヤルの使い方まで、必要な情報の入口としてご利用ください。,https://morimachi.enshu-lifehack.com/life/emergency/,,True,21,16,,22063
https://morimachi.enshu-lifehack.com/life/emergency/disaster-certificates-procedures/,/life/emergency/disaster-certificates-procedures/,200,https://morimachi.enshu-lifehack.com/life/emergency/disaster-certificates-procedures/,False,災害にあった後、何から動くか。静岡県森町でり災証明書と税の減免手続きを順番に整理する。 | 森町ライフハック,災害にあった後、何から動くか。森町でり災証明書と税の減免手続きを順番に整理する。,1,静岡県森町で、災害で住宅などに大きな被害を受けたときは、り災証明書（罹災証明書・被災証明書）をもとに、町・県民税や国民健康保険税の軽減・免除を申請できます。何から手を付ければいいか分からないときは、まず税務課に相談してください。,https://morimachi.enshu-lifehack.com/life/emergency/disaster-certificates-procedures/,,True,22,15,,23674
https://morimachi.enshu-lifehack.com/life/emergency/disaster-mail-line/,/life/emergency/disaster-mail-line/,200,https://morimachi.enshu-lifehack.com/life/emergency/disaster-mail-line/,False,災害の知らせを取りこぼさないよう、静岡県森町LINE公式アカウント・ちゃっとメールで平常時から備える。,災害の知らせを取りこぼさないよう、森町LINE公式アカウント・ちゃっとメールで平常時から備える。,1,静岡県周智郡森町からの避難情報や災害の知らせは、同報無線のほか「森町LINE公式アカウント」や「森町ちゃっとメール」でも受け取れます。停電時や外出中でも情報を取りこぼさないよう、平常時のうちに登録しておきましょう。,https://morimachi.enshu-lifehack.com/life/emergency/disaster-mail-line/,,True,20,14,,23211
https://morimachi.enshu-lifehack.com/life/emergency/earthquake/,/life/emergency/earthquake/,200,https://morimachi.enshu-lifehack.com/life/emergency/earthquake/,False,地震・津波の備えを、静岡県森町の補助制度を使いながら今日できることから一つずつ。 | 森町ライフハック,地震・津波の備えを、森町の補助制度を使いながら今日できることから一つずつ。,1,静岡県森町で、地震・津波への備えは、家具の固定や非常持ち出し品の準備といった今日できることに加えて、森町の補助制度を使った住宅の耐震化・感震ブレーカーの設置も選択肢になります。できることから一つずつ進めましょう。,https://morimachi.enshu-lifehack.com/life/emergency/earthquake/,,True,22,15,,24087
https://morimachi.enshu-lifehack.com/life/emergency/evacuation-centers/,/life/emergency/evacuation-centers/,200,https://morimachi.enshu-lifehack.com/life/emergency/evacuation-centers/,False,いざというとき、どこへ避難するかを静岡県森町のハザードマップと指定避難所で今のうちに決めておく。 | 森町ライフハック,いざというとき、どこへ避難するかを森町のハザードマップと指定避難所で今のうちに決めておく。,1,静岡県森町で、いざというときにどこへ避難するか、あらかじめ決めておくと落ち着いて行動できます。森町防災ハザードマップで自宅周辺のリスクを確認し、指定避難所の場所を家族で共有しておきましょう。,https://morimachi.enshu-lifehack.com/life/emergency/evacuation-centers/,,True,22,15,,23037
https://morimachi.enshu-lifehack.com/life/emergency/evacuation-hazard-map/,/life/emergency/evacuation-hazard-map/,200,https://morimachi.enshu-lifehack.com/life/emergency/evacuation-hazard-map/,False,静岡県森町のハザードマップ｜洪水・土砂災害・避難所を確認 | 森町ライフハック,森町のハザードマップ｜洪水・土砂災害・避難所を確認,1,静岡県森町のハザードマップで、洪水・土砂災害の危険箇所、指定避難所、警戒レベルと避難情報の確認方法を案内します。,https://morimachi.enshu-lifehack.com/life/emergency/evacuation-hazard-map/,,True,46,23,,32033
https://morimachi.enshu-lifehack.com/life/emergency/fire-ambulance/,/life/emergency/fire-ambulance/,200,https://morimachi.enshu-lifehack.com/life/emergency/fire-ambulance/,False,火事のとき、急病のとき。まず119番。静岡県森町は袋井消防本部が管轄。 | 森町ライフハック,火事のとき、急病のとき。まず119番。森町は袋井消防本部が管轄。,1,火事のとき、急病のとき。まず119番です。静岡県周智郡森町の消防・救急は「袋井市森町広域行政組合 袋井消防本部」が管轄しており、住宅用火災警報器の取り付け・交換の支援なども行っています。,https://morimachi.enshu-lifehack.com/life/emergency/fire-ambulance/,,True,23,15,,23288
https://morimachi.enshu-lifehack.com/life/emergency/pet-disaster-prevention/,/life/emergency/pet-disaster-prevention/,200,https://morimachi.enshu-lifehack.com/life/emergency/pet-disaster-prevention/,False,ペットと一緒に逃げる。そのための備えを、災害が来る前に整える。 | 静岡県森町ライフハック,ペットと一緒に逃げる。そのための備えを、災害が来る前に整える。,1,災害が起きたとき、ペットを自宅に残していくか、一緒に連れて逃げるか。環境省は「同行避難」（飼い主とペットが一緒に避難所まで避難すること）を原則としています。ただし、避難所でペットと同じ空間で過ごせるとは限りません。,https://morimachi.enshu-lifehack.com/life/emergency/pet-disaster-prevention/,,True,6,15,,27778
https://morimachi.enshu-lifehack.com/life/emergency/road-river-info/,/life/emergency/road-river-info/,200,https://morimachi.enshu-lifehack.com/life/emergency/road-river-info/,False,大雨・台風のとき、道路の通行止めと川の水位を静岡県のシステムで今すぐ確かめる。 | 森町ライフハック,大雨・台風のとき、道路の通行止めと川の水位を静岡県のシステムで今すぐ確かめる。,1,静岡県森町で、大雨・台風のときに気になる道路の通行止めや川の水位は、静岡県が提供するシステムで確認できます。森町の防災情報ページから、それぞれの外部サイトへアクセスできます。,https://morimachi.enshu-lifehack.com/life/emergency/road-river-info/,,True,11,15,,22469
https://morimachi.enshu-lifehack.com/life/end-of-life/,/life/end-of-life/,200,https://morimachi.enshu-lifehack.com/life/end-of-life/,False,🕊️ 人生の終わり（静岡県森町版） | 森町ライフハック,🕊️ 人生の終わり（森町版）,1,静岡県森町で、ご家族が亡くなったあとは、死亡届の提出から始まり、相続や空き家など、時間差で複数の手続きが発生します。森町では窓口が住民生活課・税務課・定住推進課に分かれているため、まずは全体像をつかんでから一つずつ進めましょう。,https://morimachi.enshu-lifehack.com/life/end-of-life/,,True,20,12,,22475
https://morimachi.enshu-lifehack.com/life/end-of-life/bereavement/,/life/end-of-life/bereavement/,200,https://morimachi.enshu-lifehack.com/life/end-of-life/bereavement/,False,静岡県森町で家族が亡くなったら｜期限順にやることを整理する | 森町ライフハック,森町で家族が亡くなったら、期限の早い手続きから順に進める,1,静岡県周智郡森町で家族が亡くなったときの手続きを、期限の早い順に整理しました。死亡届は7日以内、年金や保険は14日以内、相続登記は3年以内。誰がどこへ何を出すかを順番に確認できます。,https://morimachi.enshu-lifehack.com/life/end-of-life/bereavement/,,True,24,14,,31149
https://morimachi.enshu-lifehack.com/life/end-of-life/grave-memorial/,/life/end-of-life/grave-memorial/,200,https://morimachi.enshu-lifehack.com/life/end-of-life/grave-memorial/,False,お墓・供養は、改葬許可の手続きと墓地の確認先を分けて進める | 静岡県森町ライフハック,お墓・供養は、改葬許可の手続きと墓地の確認先を分けて進める,1,お墓や供養に関する悩みは「今のお墓をどうするか」と「新しいお墓や納骨先をどう決めるか」の2つに分けると整理しやすくなります。静岡県周智郡森町では、お墓の引っ越し（改葬）に町の許可が必要で、窓口は住民生活課生活環境係です。,https://morimachi.enshu-lifehack.com/life/end-of-life/grave-memorial/,,True,9,13,,25955
https://morimachi.enshu-lifehack.com/life/end-of-life/inheritance/,/life/end-of-life/inheritance/,200,https://morimachi.enshu-lifehack.com/life/end-of-life/inheritance/,False,相続は、静岡県森町の固定資産税・戸籍手続きと家族で決めることを分けて進める | 森町ライフハック,相続は、森町の固定資産税・戸籍手続きと家族で決めることを分けて進める,1,静岡県森町で、相続の手続きは、役場で対応できるものと、家族で話し合って決めることが混ざっています。森町の役場で分かるのは固定資産税の相続人代表者指定届や戸籍関連の手続きまでで、遺産分割や相続税は別の場所で確認する必要があります。まずは分けて考えましょう。,https://morimachi.enshu-lifehack.com/life/end-of-life/inheritance/,,True,22,13,,24381
https://morimachi.enshu-lifehack.com/life/end-of-life/inherited-house/,/life/end-of-life/inherited-house/,200,https://morimachi.enshu-lifehack.com/life/end-of-life/inherited-house/,False,静岡県森町の親の家をどうするか｜使う・貸す・売る・解体の決め方 | 森町ライフハック,森町で相続した親の家を、使う・貸す・売る・解体するのどれにするか決める,1,静岡県周智郡森町で相続した実家をどうするか決めるためのページです。空き家バンク、耐震・解体の助成、固定資産税の扱い、農地が付いている場合の相談先を、選択肢ごとに分けて確認できます。,https://morimachi.enshu-lifehack.com/life/end-of-life/inherited-house/,,True,26,19,,36448
https://morimachi.enshu-lifehack.com/life/end-of-life/pension-inheritance/,/life/end-of-life/pension-inheritance/,200,https://morimachi.enshu-lifehack.com/life/end-of-life/pension-inheritance/,False,年金の手続きは、国民健康保険と国民年金の窓口を分けて確認する | 静岡県森町ライフハック,年金の手続きは、国民健康保険と国民年金の窓口を分けて確認する,1,家族が亡くなったあとの年金関連の手続きは、静岡県周智郡森町の役場だけでは完結しません。国民健康保険の葬祭費は住民生活課国保年金係が窓口ですが、未支給年金の請求など年金そのものの手続きは日本年金機構・年金事務所の管轄です。窓口を混同しないよう分けて進めましょう。,https://morimachi.enshu-lifehack.com/life/end-of-life/pension-inheritance/,,True,16,12,,23082
https://morimachi.enshu-lifehack.com/life/end-of-life/property-tax-inheritance/,/life/end-of-life/property-tax-inheritance/,200,https://morimachi.enshu-lifehack.com/life/end-of-life/property-tax-inheritance/,False,固定資産税の相続は、静岡県森町税務課への相続人代表者指定届を先に確認する | 森町ライフハック,固定資産税の相続は、森町税務課への相続人代表者指定届を先に確認する,1,静岡県森町で、土地や家屋を相続すると、固定資産税の納付先を誰にするか決める手続きが必要になります。森町では税務課資産税係へ「相続人代表者指定（変更）届」を提出する仕組みがあり、様式は税務課のホームページからダウンロードできます。,https://morimachi.enshu-lifehack.com/life/end-of-life/property-tax-inheritance/,,True,9,12,,24138
https://morimachi.enshu-lifehack.com/life/family-grow/,/life/family-grow/,200,https://morimachi.enshu-lifehack.com/life/family-grow/,False,👶 家族が増える | 静岡県森町ライフハック,👶 家族が増える,1,妊娠がわかったときから、子どもが生まれ、育っていくまで。静岡県周智郡森町では健康こども課を中心に、母子健康手帳の交付から予防接種、保育園、ひとり親家庭の支援まで、時期に応じた手続きと相談窓口が用意されています。まずは全体の入口から、必要なページを見つけてください。,https://morimachi.enshu-lifehack.com/life/family-grow/,,True,27,18,,15673
https://morimachi.enshu-lifehack.com/life/family-grow/child-allowance/,/life/family-grow/child-allowance/,200,https://morimachi.enshu-lifehack.com/life/family-grow/child-allowance/,False,静岡県森町の児童手当｜申請期限・支給額・必要書類 | 森町ライフハック,森町の児童手当｜申請期限・支給額・必要書類,1,静岡県森町の児童手当について、出生・転入後の申請期限、支給額、必要書類、申請方法、健康こども課の連絡先を確認できます。,https://morimachi.enshu-lifehack.com/life/family-grow/child-allowance/,,True,48,22,,20951
https://morimachi.enshu-lifehack.com/life/family-grow/child-vaccination/,/life/family-grow/child-vaccination/,200,https://morimachi.enshu-lifehack.com/life/family-grow/child-vaccination/,False,子どもの予防接種は、母子健康手帳と予診票をそろえて医療機関で受ける。 | 静岡県森町ライフハック,子どもの予防接種は、母子健康手帳と予診票をそろえて医療機関で受ける。,1,静岡県森町で、予防接種は、種類や時期が多くて迷いがちですが、母子健康手帳と予診票をそろえて医療機関で受けるのが基本です。「もりまち子育て応援アプリ」を使えばスケジュール管理もらくになります。,https://morimachi.enshu-lifehack.com/life/family-grow/child-vaccination/,,True,31,15,,22666
https://morimachi.enshu-lifehack.com/life/family-grow/childbirth/,/life/family-grow/childbirth/,200,https://morimachi.enshu-lifehack.com/life/family-grow/childbirth/,False,赤ちゃんが生まれたら、出生届・児童手当・新生児出生通知をまとめて進める。 | 静岡県森町ライフハック,赤ちゃんが生まれたら、出生届・児童手当・新生児出生通知をまとめて進める。,1,静岡県森町で、赤ちゃんが生まれたら、出生届・児童手当・新生児出生通知など、いくつかの手続きが一度に必要になります。窓口が住民生活課と健康こども課に分かれるため、先に流れを整理しておくと慌てずに済みます。,https://morimachi.enshu-lifehack.com/life/family-grow/childbirth/,,True,33,16,,23251
https://morimachi.enshu-lifehack.com/life/family-grow/developmental-support/,/life/family-grow/developmental-support/,200,https://morimachi.enshu-lifehack.com/life/family-grow/developmental-support/,False,子どもの発達が気になったら、子ども相談・親子療育教室・ことばの教室から選ぶ。 | 静岡県森町ライフハック,子どもの発達が気になったら、子ども相談・親子療育教室・ことばの教室から選ぶ。,1,子どもの発達が気になったとき、静岡県周智郡森町には子ども相談・親子療育教室「ぽっぷこーん」・ことばの教室という3つの選択肢があります。年齢や困りごとに応じて選べるので、まずは健康こども課こども家庭係に相談してみましょう。,https://morimachi.enshu-lifehack.com/life/family-grow/developmental-support/,,True,28,16,,22837
https://morimachi.enshu-lifehack.com/life/family-grow/infant-health-check/,/life/family-grow/infant-health-check/,200,https://morimachi.enshu-lifehack.com/life/family-grow/infant-health-check/,False,乳幼児健診の案内を見落とさず、1か月・4か月・10か月・1歳6か月・3歳児で確認する。 | 静岡県森町ライフハック,乳幼児健診の案内を見落とさず、1か月・4か月・10か月・1歳6か月・3歳児で確認する。,1,静岡県森町で、乳幼児健診は、1か月・4か月・10か月・1歳6か月・3歳児と続きます。医療機関での個別受診と、保健福祉センターでの集団健診が混ざるので、時期ごとの違いを先に確認しておきましょう。,https://morimachi.enshu-lifehack.com/life/family-grow/infant-health-check/,,True,29,15,,23440
https://morimachi.enshu-lifehack.com/life/family-grow/marriage/,/life/family-grow/marriage/,200,https://morimachi.enshu-lifehack.com/life/family-grow/marriage/,False,婚姻届を出す日と、結婚新生活支援補助金など結婚後の手続きを先に整理する。 | 静岡県森町ライフハック,婚姻届を出す日と、結婚新生活支援補助金など結婚後の手続きを先に整理する。,1,静岡県森町で、婚姻届を出す日は、その後の手続きにも影響します。届出そのものは住民生活課住民係で行いますが、結婚新生活支援補助金など経済的な支援は別窓口・別期限で動いているため、先に整理しておくと安心です。,https://morimachi.enshu-lifehack.com/life/family-grow/marriage/,,True,31,16,,23840
https://morimachi.enshu-lifehack.com/life/family-grow/nursery-childcare/,/life/family-grow/nursery-childcare/,200,https://morimachi.enshu-lifehack.com/life/family-grow/nursery-childcare/,False,保育園の入所申込みと病児・病後児保育を、必要なタイミングから確認する。 | 静岡県森町ライフハック,保育園の入所申込みと病児・病後児保育を、必要なタイミングから確認する。,1,静岡県森町で、保育園の入所申込みは、募集時期を逃すと年度内の入所が難しくなります。あわせて、急な発熱などで保育園に預けられないときの病児・病後児保育も、必要になる前に知っておくと安心です。,https://morimachi.enshu-lifehack.com/life/family-grow/nursery-childcare/,,True,21,16,,23344
https://morimachi.enshu-lifehack.com/life/family-grow/nursery-school/,/life/family-grow/nursery-school/,200,https://morimachi.enshu-lifehack.com/life/family-grow/nursery-school/,False,静岡県森町の保育園・幼稚園｜空き状況・申込み・施設一覧 | 森町ライフハック,森町の保育園・幼稚園｜空き状況・申込み・施設一覧,1,静岡県森町の保育園・幼稚園について、施設一覧、2026年度の入所案内、空き状況の確認先、申込み時期と窓口を確認できます。,https://morimachi.enshu-lifehack.com/life/family-grow/nursery-school/,,True,28,22,,23488
https://morimachi.enshu-lifehack.com/life/family-grow/parenting-support/,/life/family-grow/parenting-support/,200,https://morimachi.enshu-lifehack.com/life/family-grow/parenting-support/,False,子育てで迷ったら、こども家庭センターと児童館・子育て応援アプリを使い分ける。 | 静岡県森町ライフハック,子育てで迷ったら、こども家庭センターと児童館・子育て応援アプリを使い分ける。,1,子育てで迷ったとき、静岡県周智郡森町にはこども家庭センター、児童館、もりまち子育て応援アプリという3つの頼れる場所があります。相談したい内容や時間帯によって使い分けてみてください。,https://morimachi.enshu-lifehack.com/life/family-grow/parenting-support/,,True,18,15,,24418
https://morimachi.enshu-lifehack.com/life/family-grow/pregnancy/,/life/family-grow/pregnancy/,200,https://morimachi.enshu-lifehack.com/life/family-grow/pregnancy/,False,妊娠がわかったら、まず妊娠届を出して母子健康手帳を受け取る。 | 静岡県森町ライフハック,妊娠がわかったら、まず妊娠届を出して母子健康手帳を受け取る。,1,静岡県森町で、妊娠がわかったら、まず健康こども課こども家庭係で妊娠届を出し、母子健康手帳を受け取ります。手帳があることで、この後の妊婦健診や出産後の手続きがスムーズに進みます。,https://morimachi.enshu-lifehack.com/life/family-grow/pregnancy/,,True,12,16,,21723
https://morimachi.enshu-lifehack.com/life/family-grow/single-parent-support/,/life/family-grow/single-parent-support/,200,https://morimachi.enshu-lifehack.com/life/family-grow/single-parent-support/,False,ひとり親家庭の児童扶養手当・医療費助成を、最初に見る順番で整理する。 | 静岡県森町ライフハック,ひとり親家庭の児童扶養手当・医療費助成を、最初に見る順番で整理する。,1,静岡県森町で、ひとり親家庭には、児童扶養手当とひとり親家庭等医療費助成という2つの経済的な支援があります。どちらも健康こども課こども家庭係が窓口なので、まとめて確認しておくと安心です。,https://morimachi.enshu-lifehack.com/life/family-grow/single-parent-support/,,True,5,16,,23462
https://morimachi.enshu-lifehack.com/life/health-medical/,/life/health-medical/,200,https://morimachi.enshu-lifehack.com/life/health-medical/,False,🏥 健康・医療（静岡県森町版トップ） | 森町ライフハック,🏥 健康・医療（森町版トップ）,1,静岡県周智郡森町の健康・医療に関する手続きは、健診・予防接種は健康こども課、障がい福祉は福祉課、国保・特定健診は住民生活課、診療・救急は公立森町病院と、担当が分かれています。まず自分の用件がどの窓口にあたるかを確認しましょう。,https://morimachi.enshu-lifehack.com/life/health-medical/,,True,25,17,,21071
https://morimachi.enshu-lifehack.com/life/health-medical/adult-vaccination/,/life/health-medical/adult-vaccination/,200,https://morimachi.enshu-lifehack.com/life/health-medical/adult-vaccination/,False,静岡県森町のおとなの予防接種は、対象年齢と接種時期・自己負担額を先に確認する | 森町ライフハック,森町のおとなの予防接種は、対象年齢と接種時期・自己負担額を先に確認する,1,静岡県周智郡森町でおとなの予防接種を受けるときは、まず自分がどの助成の対象になるかを確認しましょう。高齢者の肺炎球菌予防接種と、妊娠を予定・希望する女性とその同居家族向けの風しん予防接種費用助成があり、対象年齢や期間、自己負担額がそれぞれ異なります。,https://morimachi.enshu-lifehack.com/life/health-medical/adult-vaccination/,,True,25,16,,23330
https://morimachi.enshu-lifehack.com/life/health-medical/cancer-specific-checkups/,/life/health-medical/cancer-specific-checkups/,200,https://morimachi.enshu-lifehack.com/life/health-medical/cancer-specific-checkups/,False,静岡県森町のがん検診と患者支援制度は、対象と時期を分けて確認する | 森町ライフハック,森町のがん検診と患者支援制度は、対象と時期を分けて確認する,1,静岡県周智郡森町のがん検診は、20歳以上を対象とした総合検診の中に組み込まれています。あわせて、がん治療にともなう見た目のケアを支える医療用補整具の購入費助成制度もあるので、検診と患者支援は分けて確認しましょう。,https://morimachi.enshu-lifehack.com/life/health-medical/cancer-specific-checkups/,,True,25,16,,22709
https://morimachi.enshu-lifehack.com/life/health-medical/dental-care/,/life/health-medical/dental-care/,200,https://morimachi.enshu-lifehack.com/life/health-medical/dental-care/,False,静岡県森町の歯科・口の健康は、歯周病検診と町内の歯科医院を分けて確認する | 森町ライフハック,森町の歯科・口の健康は、歯周病検診と町内の歯科医院を分けて確認する,1,静岡県周智郡森町の歯と口の健康は、節目年齢が対象の歯周病検診と、町内の歯科医院探しを分けて考えるとわかりやすいです。公立森町病院の歯科口腔外科は一般歯科診療ではなく、抜歯や口腔外傷などの専門対応が中心になっている点にも注意しましょう。,https://morimachi.enshu-lifehack.com/life/health-medical/dental-care/,,True,24,15,,22562
https://morimachi.enshu-lifehack.com/life/health-medical/disability-welfare/,/life/health-medical/disability-welfare/,200,https://morimachi.enshu-lifehack.com/life/health-medical/disability-welfare/,False,静岡県森町の障がい者手帳・福祉は、手帳の種類と申請窓口を分けて確認する | 森町ライフハック,森町の障がい者手帳・福祉は、手帳の種類と申請窓口を分けて確認する,1,静岡県周智郡森町で障がい者手帳を取得するときは、まずどの手帳が自分に該当するかを確認しましょう。身体障害者手帳・療育手帳・精神障害者保健福祉手帳の3種類があり、それぞれ対象や判定方法が異なります。,https://morimachi.enshu-lifehack.com/life/health-medical/disability-welfare/,,True,54,15,,25057
https://morimachi.enshu-lifehack.com/life/health-medical/find-hospitals/,/life/health-medical/find-hospitals/,200,https://morimachi.enshu-lifehack.com/life/health-medical/find-hospitals/,False,静岡県森町で医療機関を探すときは、公立森町病院と町内診療所・広域の医療情報ネットを分けて確認する | 森町ライフハック,森町で医療機関を探すときは、公立森町病院と町内診療所・広域の医療情報ネットを分けて確認する,1,静岡県周智郡森町で医療機関を探すときは、公立森町病院と町内の診療所・歯科医院、そして広域の医療情報検索サイトを分けて考えるとわかりやすいです。県内の医療機関の外来診療状況は「医療ネット・ナビィ」で検索でき、夜間・休日は磐周医師会の救急当番医制度もあります。,https://morimachi.enshu-lifehack.com/life/health-medical/find-hospitals/,,True,26,16,,23360
https://morimachi.enshu-lifehack.com/life/health-medical/health-checkups/,/life/health-medical/health-checkups/,200,https://morimachi.enshu-lifehack.com/life/health-medical/health-checkups/,False,静岡県森町の健康診断とがん検診は、総合検診・特定健診の受診券と対象条件を先に確認する | 森町ライフハック,森町の健康診断とがん検診は、総合検診・特定健診の受診券と対象条件を先に確認する,1,静岡県周智郡森町の健康診断は、20歳以上を対象とした総合検診と、国保加入の40〜74歳を対象とした特定健診の2つに分かれています。窓口も総合検診は健康こども課、特定健診は住民生活課 国保年金係と異なるので、まず自分がどちらに該当するか確認しましょう。,https://morimachi.enshu-lifehack.com/life/health-medical/health-checkups/,,True,25,16,,23345
https://morimachi.enshu-lifehack.com/life/health-medical/health-promotion/,/life/health-medical/health-promotion/,200,https://morimachi.enshu-lifehack.com/life/health-medical/health-promotion/,False,静岡県森町の健康づくりは、生活習慣相談と健診・健康マイレージ事業を先に整理する | 森町ライフハック,森町の健康づくりは、生活習慣相談と健診・健康マイレージ事業を先に整理する,1,静岡県周智郡森町の健康づくりは、健康こども課による生活習慣相談と、健康マイレージ事業や各種検診の案内をあわせて知っておくと活用しやすくなります。まずは自分の状況に合わせて相談窓口を確認しましょう。,https://morimachi.enshu-lifehack.com/life/health-medical/health-promotion/,,True,24,15,,21780
https://morimachi.enshu-lifehack.com/life/health-medical/mental-health-consulting/,/life/health-medical/mental-health-consulting/,200,https://morimachi.enshu-lifehack.com/life/health-medical/mental-health-consulting/,False,静岡県森町のこころの相談は、町の健康相談と県の心の電話・精神科救急ダイヤルを分けて確認する | 森町ライフハック,森町のこころの相談は、町の健康相談と県の心の電話・精神科救急ダイヤルを分けて確認する,1,森町のこころの相談は、町の健康相談と、静岡県が設けている「心の電話」「精神科救急情報ダイヤル」を分けて知っておくと使いやすくなります。緊急度や相談内容に応じて窓口を選びましょう。,https://morimachi.enshu-lifehack.com/life/health-medical/mental-health-consulting/,,True,4,15,,21478
https://morimachi.enshu-lifehack.com/life/health-medical/night-holiday-medical/,/life/health-medical/night-holiday-medical/,200,https://morimachi.enshu-lifehack.com/life/health-medical/night-holiday-medical/,False,静岡県森町の夜間・休日の急患｜緊急度と時間帯で受診先を決める | 森町ライフハック,森町で夜間・休日に具合が悪くなったら、緊急度と時間帯で行き先を決める,1,静岡県周智郡森町には急患診療所がなく、夜間・休日の急患は公立森町病院が窓口です。命に関わるときは119番、迷うときは♯7119、受診前は必ず電話連絡。緊急度・時間帯・年齢で行き先を整理しました。,https://morimachi.enshu-lifehack.com/life/health-medical/night-holiday-medical/,,True,41,17,,28523
https://morimachi.enshu-lifehack.com/life/health-medical/vaccinations/,/life/health-medical/vaccinations/,200,https://morimachi.enshu-lifehack.com/life/health-medical/vaccinations/,False,静岡県森町の予防接種｜子ども・おとなの対象と受け方を選ぶ | 森町ライフハック,森町の予防接種は、子どもとおとなで受け方と助成が分かれる,1,静岡県周智郡森町の予防接種を、子どもの定期接種とおとなの予防接種に分けて整理しました。対象年齢、接種時期、自己負担額、予診票の受け取り方と、接種できる医療機関の探し方を確認できます。,https://morimachi.enshu-lifehack.com/life/health-medical/vaccinations/,,True,7,18,,24055
https://morimachi.enshu-lifehack.com/life/housing/,/life/housing/,200,https://morimachi.enshu-lifehack.com/life/housing/,False,🏠 家・住まい（静岡県森町版） | 森町ライフハック,🏠 家・住まい（森町版）,1,静岡県周智郡森町の「家・住まい」では、家を建てる・買う・売る・借りる、実家の片付けや空き家対策、町営住宅、固定資産税まで、暮らしにまつわる住まいの手続きをまとめて確認できます。森町は磐田市・掛川市のような大規模な制度がない項目も多く、確認できた範囲を正直にお伝えします。,https://morimachi.enshu-lifehack.com/life/housing/,,True,25,17,,26266
https://morimachi.enshu-lifehack.com/life/housing/build-house/,/life/housing/build-house/,200,https://morimachi.enshu-lifehack.com/life/housing/build-house/,False,静岡県森町で家を建てる前に、耐震・補助金・結婚新生活支援を確認する。 | 森町ライフハック,森町で家を建てる前に、耐震・補助金・結婚新生活支援を確認する。,1,静岡県周智郡森町で家を建てるときは、磐田市のような新築向け独自補助は見当たらない一方、木造住宅の耐震補助と結婚新生活支援補助金が使えるかどうかを先に確認しておくと安心です。着工前の申請が必須な制度もあるため、計画段階での確認が重要です。,https://morimachi.enshu-lifehack.com/life/housing/build-house/,,True,25,16,,28617
https://morimachi.enshu-lifehack.com/life/housing/buy-house/,/life/housing/buy-house/,200,https://morimachi.enshu-lifehack.com/life/housing/buy-house/,False,静岡県森町で家を買う前に、固定資産税・空き家バンク・結婚新生活支援を確認する。 | 森町ライフハック,森町で家を買う前に、固定資産税・空き家バンク・結婚新生活支援を確認する。,1,静岡県周智郡森町で家を買うときは、購入そのものへの町独自補助は見当たりませんが、固定資産税の仕組みを知っておくこと、中古物件なら空き家バンクも選択肢に入れること、結婚を機にした購入なら結婚新生活支援補助金の対象になり得ることを確認しておきましょう。,https://morimachi.enshu-lifehack.com/life/housing/buy-house/,,True,27,16,,28839
https://morimachi.enshu-lifehack.com/life/housing/clean-parents-house/,/life/housing/clean-parents-house/,200,https://morimachi.enshu-lifehack.com/life/housing/clean-parents-house/,False,静岡県森町で親の家を片付けるときは、ごみ分別・空き家対策・空き家バンクを確認する。 | 森町ライフハック,森町で親の家を片付けるときは、ごみ分別・空き家対策・空き家バンクを確認する。,1,静岡県周智郡森町で親の家を片付けるときは、まず家庭ごみの分別ルールを確認し、片付け後に空き家として残す場合は空き家対策・空き家バンクの窓口も合わせて確認しておくとスムーズです。,https://morimachi.enshu-lifehack.com/life/housing/clean-parents-house/,,True,34,17,,29795
https://morimachi.enshu-lifehack.com/life/housing/earthquake-demolition/,/life/housing/earthquake-demolition/,200,https://morimachi.enshu-lifehack.com/life/housing/earthquake-demolition/,False,静岡県森町の耐震・解体は、木造住宅の耐震診断・改修・解体助成を確認する。 | 森町ライフハック,森町の耐震・解体は、木造住宅の耐震診断・改修・解体助成を確認する。,1,静岡県周智郡森町の耐震・解体は、木造住宅なら無料の耐震診断から改修工事助成・解体工事助成まで一連の流れで確認でき、工事着手前の申請が必須という共通ルールを押さえることが大切です。,https://morimachi.enshu-lifehack.com/life/housing/earthquake-demolition/,,True,30,17,,28572
https://morimachi.enshu-lifehack.com/life/housing/municipal-housing/,/life/housing/municipal-housing/,200,https://morimachi.enshu-lifehack.com/life/housing/municipal-housing/,False,静岡県森町の町営住宅は、募集条件・収入・必要書類を先に確認する。 | 森町ライフハック,森町の町営住宅は、募集条件・収入・必要書類を先に確認する。,1,静岡県周智郡森町の町営住宅は6団地・合計121戸あり、収入基準や同居親族の有無などの募集条件を満たす必要があります。募集は年4回程度と限られているため、条件と必要書類を先に確認してから申し込むとスムーズです。,https://morimachi.enshu-lifehack.com/life/housing/municipal-housing/,,True,25,16,,26478
https://morimachi.enshu-lifehack.com/life/housing/property-tax/,/life/housing/property-tax/,200,https://morimachi.enshu-lifehack.com/life/housing/property-tax/,False,静岡県森町の土地・家屋の税金は、固定資産税・都市計画税の課税内容と手続きを分けて確認する | 森町ライフハック,森町の土地・家屋の税金は、固定資産税・都市計画税の課税内容と手続きを分けて確認する,1,静岡県周智郡森町の土地・家屋にかかる固定資産税・都市計画税は、年4回の納期と納税通知書の内容を分けて理解しておくと、納め忘れや書類紛失を防げます。,https://morimachi.enshu-lifehack.com/life/housing/property-tax/,,True,33,16,,27067
https://morimachi.enshu-lifehack.com/life/housing/public-housing-consultation/,/life/housing/public-housing-consultation/,200,https://morimachi.enshu-lifehack.com/life/housing/public-housing-consultation/,False,静岡県森町で住まいに困ったら、状況と緊急度を先に分ける | 森町ライフハック,森町で住まいに困ったら、状況と緊急度を先に分ける,1,「住まいの相談窓口」とひとことで言っても、困りごとの中身によって行き先が変わります。町営住宅の空き状況を知りたいのか、家賃が払えず不安なのか、空き家を借りたいのかを先に整理すると、電話一本で担当窓口に迷わずたどり着けます。,https://morimachi.enshu-lifehack.com/life/housing/public-housing-consultation/,,True,4,17,,28347
https://morimachi.enshu-lifehack.com/life/housing/rent-house/,/life/housing/rent-house/,200,https://morimachi.enshu-lifehack.com/life/housing/rent-house/,False,静岡県森町で賃貸を探すなら、空き家バンクと町営住宅の両方を確認する | 森町ライフハック,森町で賃貸を探すなら、空き家バンクと町営住宅の両方を確認する,1,静岡県周智郡森町で賃貸を探すときは、町が民間賃貸情報をまとめて紹介する仕組みはないため、空き家バンクの賃貸物件と町営住宅を町の制度として押さえつつ、民間の不動産業者・ポータルサイトも合わせて探すのが現実的です。,https://morimachi.enshu-lifehack.com/life/housing/rent-house/,,True,27,16,,27798
https://morimachi.enshu-lifehack.com/life/housing/sell-house/,/life/housing/sell-house/,200,https://morimachi.enshu-lifehack.com/life/housing/sell-house/,False,静岡県森町で家を売る前に、固定資産税・空き家バンクを確認する | 森町ライフハック,森町で家を売る前に、固定資産税・空き家バンクを確認する,1,静岡県周智郡森町で家を売る前に、固定資産税の納税義務の考え方と、空き家状態なら空き家バンクの活用を確認しておくと、売却の進め方がイメージしやすくなります。,https://morimachi.enshu-lifehack.com/life/housing/sell-house/,,True,34,18,,30727
https://morimachi.enshu-lifehack.com/life/housing/vacant-house/,/life/housing/vacant-house/,200,https://morimachi.enshu-lifehack.com/life/housing/vacant-house/,False,静岡県森町の空き家バンク｜物件・補助金・相談先を確認 | 森町ライフハック,森町の空き家バンク｜物件・補助金・相談先を確認,1,静岡県周智郡森町の空き家は、第2期森町空家等対策計画・空き家バンク・固定資産税の3つを同時に整理しておくと、放置せず早めに動くべき理由と選択肢がはっきりします。,https://morimachi.enshu-lifehack.com/life/housing/vacant-house/,,True,42,23,,30661
https://morimachi.enshu-lifehack.com/life/living-soon/,/life/living-soon/,200,https://morimachi.enshu-lifehack.com/life/living-soon/,False,🏡 これから暮らす | 静岡県森町ライフハック,🏡 これから暮らす,1,静岡県周智郡森町への引っ越し・移住を考えるときに気になることを、免許返納後の移動手段、災害リスク、引っ越し手続き、学区、移動手段、移住支援まで、テーマ別に整理しました。まずは気になる項目から確認してみてください。,https://morimachi.enshu-lifehack.com/life/living-soon/,,True,14,15,,18640
https://morimachi.enshu-lifehack.com/life/living-soon/about-morimachi/,/life/living-soon/about-morimachi/,200,https://morimachi.enshu-lifehack.com/life/living-soon/about-morimachi/,False,静岡県森町への移住｜補助金・仕事・住まい・子育て | 森町ライフハック,森町への移住｜補助金・仕事・住まい・子育て,1,静岡県森町への移住を検討する方向けに、移住補助金、仕事、空き家バンク、子育て、買い物、オンライン相談の確認先をまとめます。,https://morimachi.enshu-lifehack.com/life/living-soon/about-morimachi/,,True,62,20,,23826
https://morimachi.enshu-lifehack.com/life/living-soon/disaster-risk/,/life/living-soon/disaster-risk/,200,https://morimachi.enshu-lifehack.com/life/living-soon/disaster-risk/,False,引っ越す前に、候補地が洪水・土砂災害に強い場所か確かめる。 | 静岡県森町ライフハック,引っ越す前に、候補地が洪水・土砂災害に強い場所か確かめる。,1,静岡県森町で、引っ越し先を決める前に、候補地が洪水・土砂災害に強い場所かどうかを確かめておくことは大切です。森町では地区別のハザードマップやため池ハザードマップが公開されており、危機管理課で内容を確認できます。住まい探しの段階で目を通しておきましょう。,https://morimachi.enshu-lifehack.com/life/living-soon/disaster-risk/,,True,19,15,,24855
https://morimachi.enshu-lifehack.com/life/living-soon/moving-decided/,/life/living-soon/moving-decided/,200,https://morimachi.enshu-lifehack.com/life/living-soon/moving-decided/,False,引っ越しが決まったら、何をいつまでにやるかを順番に整理する。 | 静岡県森町ライフハック,引っ越しが決まったら、何をいつまでにやるかを順番に整理する。,1,静岡県森町で、引っ越しが決まったら、何をいつまでにやるかを順番に整理しておくと、当日になって慌てずに済みます。森町の転入・転出・転居の届出や住民票などの証明書は、住民生活課 住民係が窓口です。必要な書類を先に確認しておきましょう。,https://morimachi.enshu-lifehack.com/life/living-soon/moving-decided/,,True,14,15,,25577
https://morimachi.enshu-lifehack.com/life/living-soon/want-to-live/,/life/living-soon/want-to-live/,200,https://morimachi.enshu-lifehack.com/life/living-soon/want-to-live/,False,自然に囲まれた広い家で、子どもをのびのび育てられる暮らしを静岡県森町で考える。 | 森町ライフハック,自然に囲まれた広い家で、子どもをのびのび育てられる暮らしを森町で考える。,1,静岡県森町で、自然に囲まれた広い家で、子どもをのびのび育てられる暮らしを森町で考えているなら、移住・就業支援金や移住定住総合サイトの案内を確認しておきましょう。東京圏からの移住・就業には支援金の対象になり得るケースもあります。,https://morimachi.enshu-lifehack.com/life/living-soon/want-to-live/,,True,14,14,,25204
https://morimachi.enshu-lifehack.com/life/moving-out/,/life/moving-out/,200,https://morimachi.enshu-lifehack.com/life/moving-out/,False,📦 新しい場所へ（転出時の手続きまとめ） | 静岡県森町ライフハック,📦 新しい場所へ（転出時の手続きまとめ）,1,静岡県周智郡森町から転出するときは、転出届・水道の廃止・ごみの片付け・犬の登録変更・子どもの保育所や学校の手続きなど、いくつもの窓口をまわる必要があります。ここでは転出にまつわる手続きを、目的別のリンクとしてまとめました。,https://morimachi.enshu-lifehack.com/life/moving-out/,,True,14,13,,21248
https://morimachi.enshu-lifehack.com/life/moving-out/bulk-garbage-cleaning/,/life/moving-out/bulk-garbage-cleaning/,200,https://morimachi.enshu-lifehack.com/life/moving-out/bulk-garbage-cleaning/,False,転出前の片付けは、粗大ごみは中遠広域施設へ・家電は家電リサイクル法対応で | 静岡県森町ライフハック,転出前の片付けは、粗大ごみは中遠広域施設へ・家電は家電リサイクル法対応で,1,静岡県周智郡森町から転出する前は、粗大ごみと家電の処分方法を先に確認しておくと片付けがスムーズです。多量の粗大ごみは持ち込み施設、テレビ・エアコンなどの家電は家電リサイクル法対象で町の収集の対象外になります。,https://morimachi.enshu-lifehack.com/life/moving-out/bulk-garbage-cleaning/,,True,21,14,,23989
https://morimachi.enshu-lifehack.com/life/moving-out/dog-ownership-change/,/life/moving-out/dog-ownership-change/,200,https://morimachi.enshu-lifehack.com/life/moving-out/dog-ownership-change/,False,犬の登録変更は、静岡県森町発行の愛犬カードと鑑札を持って転出先の役所へ | 森町ライフハック,犬の登録変更は、森町発行の愛犬カードと鑑札を持って転出先の役所へ,1,静岡県周智郡森町から犬と一緒に転出するときは、森町発行の「愛犬カード」と「鑑札」を必ず持って、新しい住所地の役所で登録変更の手続きを行いましょう。町内での引っ越しでも同様の持ち物が必要です。,https://morimachi.enshu-lifehack.com/life/moving-out/dog-ownership-change/,,True,16,13,,21914
https://morimachi.enshu-lifehack.com/life/moving-out/move-out-notice/,/life/moving-out/move-out-notice/,200,https://morimachi.enshu-lifehack.com/life/moving-out/move-out-notice/,False,転出届は引っ越し予定日の14日前から住民生活課住民係で | 静岡県森町ライフハック,転出届は引っ越し予定日の14日前から住民生活課住民係で,1,静岡県周智郡森町からの転出届は、引っ越し予定日の14日前から住民生活課住民係で受け付けています。必要書類をそろえて窓口に行くか、マイナンバーカードがあればオンラインでも提出できます。,https://morimachi.enshu-lifehack.com/life/moving-out/move-out-notice/,,True,17,14,,22504
https://morimachi.enshu-lifehack.com/life/moving-out/moving-away/,/life/moving-out/moving-away/,200,https://morimachi.enshu-lifehack.com/life/moving-out/moving-away/,False,静岡県森町から引っ越すときは、転出届と水道廃止・ごみ・学校の手続きを一緒に確認する | 森町ライフハック,森町から引っ越すときは、転出届と水道廃止・ごみ・学校の手続きを一緒に確認する,1,静岡県周智郡森町から引っ越すときは、転出届と水道の廃止手続きをまず確認し、あわせてごみの片付けや学校・保育所の手続きも進めましょう。担当課がそれぞれ異なるため、早めに動くのがポイントです。,https://morimachi.enshu-lifehack.com/life/moving-out/moving-away/,,True,21,14,,22962
https://morimachi.enshu-lifehack.com/life/moving-out/school-nursery-procedures/,/life/moving-out/school-nursery-procedures/,200,https://morimachi.enshu-lifehack.com/life/moving-out/school-nursery-procedures/,False,子どもの転出は、保育所は健康こども課、学校は在学校へそれぞれ確認する | 静岡県森町ライフハック,子どもの転出は、保育所は健康こども課、学校は在学校へそれぞれ確認する,1,静岡県周智郡森町から転出する際、お子さんが保育所に通っている場合は健康こども課へ、小中学校に通っている場合は在学中の学校へ、それぞれ手続きの相談をしましょう。転出先の自治体によって申込手続きが異なる点にも注意が必要です。,https://morimachi.enshu-lifehack.com/life/moving-out/school-nursery-procedures/,,True,18,14,,23001
https://morimachi.enshu-lifehack.com/life/parents-care/,/life/parents-care/,200,https://morimachi.enshu-lifehack.com/life/parents-care/,False,👵 親のこと | 静岡県森町ライフハック,👵 親のこと,1,親の介護で困ったとき、静岡県周智郡森町ではまず福祉課地域包括支援センター係が総合相談窓口になります。要介護認定の申請や保険給付など実務にかかわる手続きは福祉課介護保険係が担当します。,https://morimachi.enshu-lifehack.com/life/parents-care/,,True,22,16,,27690
https://morimachi.enshu-lifehack.com/life/parents-care/adult-guardianship/,/life/parents-care/adult-guardianship/,200,https://morimachi.enshu-lifehack.com/life/parents-care/adult-guardianship/,False,親の判断能力が落ちても、静岡県森町独自の助成で財産と契約を守る備えをする | 森町ライフハック,親の判断能力が落ちても、森町独自の助成で財産と契約を守る備えをする,1,静岡県森町で、身寄りのない高齢者の財産管理や契約行為が難しくなってきたとき、森町では成年後見制度の利用を支援する独自の助成があります。申立費用の助成のほか、必要に応じて町長が申立てを行う仕組みも用意されています。,https://morimachi.enshu-lifehack.com/life/parents-care/adult-guardianship/,,True,24,16,,28055
https://morimachi.enshu-lifehack.com/life/parents-care/care-started/,/life/parents-care/care-started/,200,https://morimachi.enshu-lifehack.com/life/parents-care/care-started/,False,親の介護が急に始まったら、静岡県森町ではまずケアプラン作成の依頼先を確認する | 森町ライフハック,親の介護が急に始まったら、森町ではまずケアプラン作成の依頼先を確認する,1,静岡県森町で、要介護・要支援の認定を受けたら、次はケアプラン（サービス計画）を作ってサービスを利用する段階に進みます。森町では認定区分によって作成の依頼先が分かれます。,https://morimachi.enshu-lifehack.com/life/parents-care/care-started/,,True,23,16,,27232
https://morimachi.enshu-lifehack.com/life/parents-care/check-parents/,/life/parents-care/check-parents/,200,https://morimachi.enshu-lifehack.com/life/parents-care/check-parents/,False,離れて暮らす親が心配なとき、静岡県森町の地域包括支援センター係にまず相談する | 森町ライフハック,離れて暮らす親が心配なとき、森町の地域包括支援センター係にまず相談する,1,離れて暮らす親のことが心配になったとき、静岡県周智郡森町では地域包括支援センター係が総合相談窓口として生活・健康・財産管理などの困りごとを受け付けています。緊急通報システムの設置補助や救急医療情報キットの配布もあります。,https://morimachi.enshu-lifehack.com/life/parents-care/check-parents/,,True,23,16,,27402
https://morimachi.enshu-lifehack.com/life/parents-care/community-support-center/,/life/parents-care/community-support-center/,200,https://morimachi.enshu-lifehack.com/life/parents-care/community-support-center/,False,介護の悩みは、静岡県森町直営の地域包括支援センターにまず相談する | 森町ライフハック,介護の悩みは、森町直営の地域包括支援センターにまず相談する,1,静岡県周智郡森町の地域包括支援センターは町の直営です。福祉課地域包括支援センター係が、介護予防・高齢者支援・健康づくりなど幅広い相談を受け付けています。森町保健福祉センター内にあります。,https://morimachi.enshu-lifehack.com/life/parents-care/community-support-center/,,True,58,16,,28189
https://morimachi.enshu-lifehack.com/life/parents-care/dementia-consultation/,/life/parents-care/dementia-consultation/,200,https://morimachi.enshu-lifehack.com/life/parents-care/dementia-consultation/,False,親が認知症かもしれないとき、静岡県森町の地域包括支援センター係への相談から始める | 森町ライフハック,親が認知症かもしれないとき、森町の地域包括支援センター係への相談から始める,1,親のもの忘れが気になり始めたら、静岡県周智郡森町の福祉課地域包括支援センター係に相談できます。町は「認知症ケアパス」を整備し、気づきチェックリストやもの忘れ相談シートなどの相談ツールも用意しています。,https://morimachi.enshu-lifehack.com/life/parents-care/dementia-consultation/,,True,21,16,,27606
https://morimachi.enshu-lifehack.com/life/parents-care/elderly-transportation/,/life/parents-care/elderly-transportation/,200,https://morimachi.enshu-lifehack.com/life/parents-care/elderly-transportation/,False,通院・買い物の「足」に、静岡県森町の公共交通利用券助成事業を確認する | 森町ライフハック,通院・買い物の「足」に、森町の公共交通利用券助成事業を確認する,1,静岡県森町で、通院や買い物のための移動が難しくなってきた高齢者に向けて、森町では「公共交通利用券助成事業」を実施しています。専用の送迎サービスではなく、路線バスやタクシーの利用券購入費の一部を助成する仕組みです。,https://morimachi.enshu-lifehack.com/life/parents-care/elderly-transportation/,,True,31,16,,29123
https://morimachi.enshu-lifehack.com/life/parents-care/find-nursing-home/,/life/parents-care/find-nursing-home/,200,https://morimachi.enshu-lifehack.com/life/parents-care/find-nursing-home/,False,静岡県森町の介護施設探しは、介護サービス情報公表システムで種類から選ぶ | 森町ライフハック,森町の介護施設探しは、介護サービス情報公表システムで種類から選ぶ,1,静岡県周智郡森町には独自の施設一覧ページはなく、厚生労働省の「介護サービス情報公表システム」で県内・全国の介護サービス事業所を検索する形になります。相談は福祉課介護保険係や地域包括支援センター係で受け付けています。,https://morimachi.enshu-lifehack.com/life/parents-care/find-nursing-home/,,True,24,16,,27737
https://morimachi.enshu-lifehack.com/life/parents-care/long-term-care-insurance/,/life/parents-care/long-term-care-insurance/,200,https://morimachi.enshu-lifehack.com/life/parents-care/long-term-care-insurance/,False,静岡県森町の介護保険｜申請・保険料・施設の相談先 | 森町ライフハック,森町の介護保険｜申請・保険料・施設の相談先,1,静岡県周智郡森町の介護保険について、要介護認定の申請、保険料、地域包括支援センター、介護施設の相談先を順に確認できます。,https://morimachi.enshu-lifehack.com/life/parents-care/long-term-care-insurance/,,True,57,22,,34268
https://morimachi.enshu-lifehack.com/life/play-out/,/life/play-out/,200,https://morimachi.enshu-lifehack.com/life/play-out/,False,🌳 遊ぶ・使う・出かける | 静岡県森町ライフハック,🌳 遊ぶ・使う・出かける,1,静岡県周智郡森町で「遊ぶ・使う・出かける」を考えるときに知っておきたい施設情報をまとめました。公園や図書館、体育施設、児童館など、目的別に整理しているので、お出かけ先探しの入口としてご活用ください。,https://morimachi.enshu-lifehack.com/life/play-out/,,True,27,15,,21224
https://morimachi.enshu-lifehack.com/life/play-out/cultural-facilities/,/life/play-out/cultural-facilities/,200,https://morimachi.enshu-lifehack.com/life/play-out/cultural-facilities/,False,静岡県森町の文化施設（ミキホール）は、開館日・予約・アクセスを先に確認する | 森町ライフハック,森町の文化施設（ミキホール）は、開館日・予約・アクセスを先に確認する,1,静岡県周智郡森町文化会館（ミキホール）は、大ホール・小ホールに加え、和室や音楽室、工作室まで揃う森町の文化拠点です。コンサートやサークル活動、発表会の会場としても利用でき、ロビーのストリートピアノは自由に弾くこともできます。,https://morimachi.enshu-lifehack.com/life/play-out/cultural-facilities/,,True,23,15,,25036
https://morimachi.enshu-lifehack.com/life/play-out/facilities-library-parks/,/life/play-out/facilities-library-parks/,200,https://morimachi.enshu-lifehack.com/life/play-out/facilities-library-parks/,False,静岡県森町の公共施設は、施設ガイドから目的別に探す | 森町ライフハック,森町の公共施設は、施設ガイドから目的別に探す,1,静岡県周智郡森町には役場や図書館、体育館、保健福祉施設など、暮らしに関わる公共施設が数多くあります。目的の施設を探すときは、まず主要施設・諸団体一覧で連絡先を確認し、空き状況は専用の予約情報サイトでチェックするのが近道です。,https://morimachi.enshu-lifehack.com/life/play-out/facilities-library-parks/,,True,21,15,,23864
https://morimachi.enshu-lifehack.com/life/play-out/find-parks/,/life/play-out/find-parks/,200,https://morimachi.enshu-lifehack.com/life/play-out/find-parks/,False,静岡県森町の公園は、駐車場・遊具の有無など目的・年齢・アクセスで選ぶ | 森町ライフハック,森町の公園は、駐車場・遊具の有無など目的・年齢・アクセスで選ぶ,1,静岡県周智郡森町には天宮公園や太田川親水公園など、町内に15施設程度の公園があります。駐車場や遊具の有無が公園ごとに違うので、目的に合わせて選ぶと親子でのお出かけがぐっと楽になります。,https://morimachi.enshu-lifehack.com/life/play-out/find-parks/,,True,21,15,,25264
https://morimachi.enshu-lifehack.com/life/play-out/parking-access/,/life/play-out/parking-access/,200,https://morimachi.enshu-lifehack.com/life/play-out/parking-access/,False,静岡県森町内を移動する前に、駐車場・地図・公共交通を確認する | 森町ライフハック,森町内を移動する前に、駐車場・地図・公共交通を確認する,1,静岡県周智郡森町内を移動するときは、森町営バスや一宮地区・園田地区の地域タクシー、天竜浜名湖鉄道（遠州森駅・森町病院前駅）が使えます。路線・時刻表の詳細は公式ページで別途確認するのが確実です。,https://morimachi.enshu-lifehack.com/life/play-out/parking-access/,,True,23,15,,23443
https://morimachi.enshu-lifehack.com/life/play-out/rent-public-facilities/,/life/play-out/rent-public-facilities/,200,https://morimachi.enshu-lifehack.com/life/play-out/rent-public-facilities/,False,静岡県森町の公共施設を借りる前に、窓口ごとの予約方法と利用条件を確認する | 森町ライフハック,森町の公共施設を借りる前に、窓口ごとの予約方法と利用条件を確認する,1,静岡県周智郡森町の公共施設を借りるときは、施設ごとに窓口や予約方法が異なります。体育施設は社会教育課、町民生活センターは住民生活課、それ以外の多くは財政課契約管財係が窓口です。空き状況はまず外部サイトで確認しましょう。,https://morimachi.enshu-lifehack.com/life/play-out/rent-public-facilities/,,True,22,15,,24270
https://morimachi.enshu-lifehack.com/life/play-out/sports-facilities/,/life/play-out/sports-facilities/,200,https://morimachi.enshu-lifehack.com/life/play-out/sports-facilities/,False,静岡県森町のスポーツ施設は、予約・料金・持ち物を先に確認する | 森町ライフハック,森町のスポーツ施設は、予約・料金・持ち物を先に確認する,1,静岡県周智郡森町でスポーツを楽しむなら、森アリーナ（森町総合体育館）や森町営グランド、学校の夜間照明施設が利用できます。予約は使用日の直前から2か月前までの受付なので、計画的に申し込みましょう。,https://morimachi.enshu-lifehack.com/life/play-out/sports-facilities/,,True,21,15,,23306
https://morimachi.enshu-lifehack.com/life/play-out/swimming-pools/,/life/play-out/swimming-pools/,200,https://morimachi.enshu-lifehack.com/life/play-out/swimming-pools/,False,静岡県森町のプールは、営業日・料金・持ち物を先に確認する | 森町ライフハック,森町のプールは、営業日・料金・持ち物を先に確認する,1,静岡県周智郡森町公式サイトを調べた範囲では、一般開放されている町営プール（屋外プール・室内プールの単独施設）の案内ページは見当たりませんでした。学校のプールに関する記載はありますが、これは教育活動のための施設で、一般利用の案内ではありません。,https://morimachi.enshu-lifehack.com/life/play-out/swimming-pools/,,True,4,15,,25045
https://morimachi.enshu-lifehack.com/life/play-out/visit-library/,/life/play-out/visit-library/,200,https://morimachi.enshu-lifehack.com/life/play-out/visit-library/,False,静岡県森町立図書館｜開館日・休館日・利用カードを確認 | 森町ライフハック,森町立図書館｜開館日・休館日・利用カードを確認,1,静岡県周智郡森町立図書館は9時～17時（水曜日のみ19時まで）の開館で、児童図書コーナーや絵本コーナーもあり、子どもとゆっくり本を楽しめます。蔵書検索や予約は図書館専用ホームページから利用できます。,https://morimachi.enshu-lifehack.com/life/play-out/visit-library/,,True,32,21,,24753
https://morimachi.enshu-lifehack.com/life/start-living/,/life/start-living/,200,https://morimachi.enshu-lifehack.com/life/start-living/,False,🧭 静岡県森町で暮らし始めた | 森町ライフハック,🧭 森町で暮らし始めた,1,静岡県周智郡森町に引っ越してきたばかりの方向けに、転入手続き・証明書・ごみ・水道・ペット登録・公共交通など、暮らし始めに必要な手続きをまとめました。まずは全体の流れをつかみましょう。,https://morimachi.enshu-lifehack.com/life/start-living/,,True,29,15,,21139
https://morimachi.enshu-lifehack.com/life/start-living/bulky-garbage-dropoff/,/life/start-living/bulky-garbage-dropoff/,200,https://morimachi.enshu-lifehack.com/life/start-living/bulky-garbage-dropoff/,False,静岡県森町で粗大ごみを出す。持ち込み先は中遠広域粗大ごみ処理施設（磐田市）。 | 森町ライフハック,森町で粗大ごみを出す。持ち込み先は中遠広域粗大ごみ処理施設（磐田市）。,1,静岡県周智郡森町では粗大ごみの戸別収集は行っておらず、中遠広域粗大ごみ処理施設（磐田市新貝）への直接搬入が基本です。事前に品目と搬入時間を確認してから運びましょう。,https://morimachi.enshu-lifehack.com/life/start-living/bulky-garbage-dropoff/,,True,34,14,,22795
https://morimachi.enshu-lifehack.com/life/start-living/certificates/,/life/start-living/certificates/,200,https://morimachi.enshu-lifehack.com/life/start-living/certificates/,False,静岡県森町の証明書の選び方｜住民票・戸籍・印鑑証明の取り方 | 森町ライフハック,森町で必要な証明書を選び、最短で受け取る（住民票・戸籍・印鑑証明）,1,静岡県周智郡森町で証明書を取るとき、どれが必要かを先に選べます。住民票・戸籍・印鑑登録証明書・税の証明書の違いと、コンビニ交付・窓口・郵送の使い分け、手数料と持ち物をまとめました。,https://morimachi.enshu-lifehack.com/life/start-living/certificates/,,True,35,18,,24752
https://morimachi.enshu-lifehack.com/life/start-living/city-hall-branches/,/life/start-living/city-hall-branches/,200,https://morimachi.enshu-lifehack.com/life/start-living/city-hall-branches/,False,静岡県森町の役場窓口は本庁舎1か所。支所・出張所はなく、水曜は時間外窓口あり。 | 森町ライフハック,森町の役場窓口は本庁舎1か所。支所・出張所はなく、水曜は時間外窓口あり。,1,静岡県周智郡森町の役場窓口は本庁舎1か所のみで、支所や出張所はありません。平日8:30-17:15が基本ですが、水曜だけ17:15-19:00の時間外窓口があります。,https://morimachi.enshu-lifehack.com/life/start-living/city-hall-branches/,,True,34,14,,21944
https://morimachi.enshu-lifehack.com/life/start-living/dog-registration/,/life/start-living/dog-registration/,200,https://morimachi.enshu-lifehack.com/life/start-living/dog-registration/,False,静岡県森町で犬の登録と鑑札交付を済ませる。狂犬病予防注射とあわせて手続き。 | 森町ライフハック,森町で犬の登録と鑑札交付を済ませる。狂犬病予防注射とあわせて手続き。,1,静岡県森町で、犬を飼い始めたら、生涯1回の登録と毎年1回の狂犬病予防注射が法律で義務づけられています。登録は生後90日を過ぎてから30日以内に済ませましょう。,https://morimachi.enshu-lifehack.com/life/start-living/dog-registration/,,True,34,15,,23737
https://morimachi.enshu-lifehack.com/life/start-living/how-to-garbage/,/life/start-living/how-to-garbage/,200,https://morimachi.enshu-lifehack.com/life/start-living/how-to-garbage/,False,静岡県森町のごみ収集カレンダー2026｜分別・ごみの日・持ち込み | 森町ライフハック,森町のごみ収集カレンダー2026｜分別・ごみの日・持ち込み,1,静岡県森町の2026年ごみ収集カレンダー、地区別のごみの日、分別方法、指定袋、持ち込み先を公式資料から確認できます。,https://morimachi.enshu-lifehack.com/life/start-living/how-to-garbage/,,True,85,25,,26781
https://morimachi.enshu-lifehack.com/life/start-living/moved-in/,/life/start-living/moved-in/,200,https://morimachi.enshu-lifehack.com/life/start-living/moved-in/,False,静岡県森町に引っ越してきたら、転入届→マイナンバー→水道→ごみ→犬の登録の順で片づける。 | 森町ライフハック,森町に引っ越してきたら、転入届→マイナンバー→水道→ごみ→犬の登録の順で片づける。,1,静岡県周智郡森町に引っ越してきたら、転入届→マイナンバー→水道→ごみ分別→犬の登録の順で片づけるのが効率的です。転入届は引っ越し完了日から14日以内に必ず来庁して手続きします。,https://morimachi.enshu-lifehack.com/life/start-living/moved-in/,,True,27,16,,25060
https://morimachi.enshu-lifehack.com/life/start-living/mynumber/,/life/start-living/mynumber/,200,https://morimachi.enshu-lifehack.com/life/start-living/mynumber/,False,静岡県森町でマイナンバーカードを申請から受け取りまで進める。窓口はタブレット申請にも対応。 | 森町ライフハック,森町でマイナンバーカードを申請から受け取りまで進める。窓口はタブレット申請にも対応。,1,静岡県森町で、マイナンバーカードは郵送・オンライン・窓口タブレットの3通りで申請でき、受け取りは交付通知書と本人確認書類を持って来庁します。水曜は19時まで窓口が開いています。,https://morimachi.enshu-lifehack.com/life/start-living/mynumber/,,True,48,14,,24557
https://morimachi.enshu-lifehack.com/life/start-living/pets-lost-animals/,/life/start-living/pets-lost-animals/,200,https://morimachi.enshu-lifehack.com/life/start-living/pets-lost-animals/,False,静岡県森町で犬や猫がいなくなったら、住民生活課・保健所・警察の3か所へ連絡する。 | 森町ライフハック,森町で犬や猫がいなくなったら、住民生活課・保健所・警察の3か所へ連絡する。,1,静岡県森町で、犬や猫がいなくなったら、住民生活課生活環境係・静岡県西部保健所・袋井警察署森分庁舎の3か所へ連絡しましょう。鑑札や連絡先を首輪に付けておくと発見時にスムーズです。,https://morimachi.enshu-lifehack.com/life/start-living/pets-lost-animals/,,True,10,14,,22296
https://morimachi.enshu-lifehack.com/life/start-living/public-transit/,/life/start-living/public-transit/,200,https://morimachi.enshu-lifehack.com/life/start-living/public-transit/,False,静岡県森町の公共交通。町営バス（岡幸線・吉川線）と天竜浜名湖鉄道・秋葉バスサービスを使い分ける。 | 森町ライフハック,森町の公共交通。町営バス（岡幸線・吉川線）と天竜浜名湖鉄道・秋葉バスサービスを使い分ける。,1,静岡県周智郡森町の公共交通は、町営バス（大河内線・吉川線）と天竜浜名湖鉄道、秋葉バスサービス、タクシーを組み合わせて使います。行き先に応じて使い分けましょう。,https://morimachi.enshu-lifehack.com/life/start-living/public-transit/,,True,27,14,,25235
https://morimachi.enshu-lifehack.com/life/start-living/resident-registration/,/life/start-living/resident-registration/,200,https://morimachi.enshu-lifehack.com/life/start-living/resident-registration/,False,静岡県森町で住民票を急ぎで手に入れる。コンビニ交付なら毎日6:30-23:00、200円。 | 森町ライフハック,森町で住民票を急ぎで手に入れる。コンビニ交付なら毎日6:30-23:00、200円。,1,静岡県森町で、住民票を急ぎで手に入れたいときは、マイナンバーカードによるコンビニ交付が便利です。毎日6:30-23:00利用でき、料金は200円と窓口より安くなります。,https://morimachi.enshu-lifehack.com/life/start-living/resident-registration/,,True,12,14,,22306
https://morimachi.enshu-lifehack.com/life/start-living/water-sewer/,/life/start-living/water-sewer/,200,https://morimachi.enshu-lifehack.com/life/start-living/water-sewer/,False,静岡県森町の水道料金・下水道料金｜計算方法と問い合わせ先 | 森町ライフハック,森町の水道料金・下水道料金｜計算方法と問い合わせ先,1,"静岡県周智郡森町の下水道料金は、基本料金月1,000円（0～10立方メートル）に加え、使用量に応じた段階制の超過料金がかかる仕組みです。使用量が増えるほど単価も上がります。",https://morimachi.enshu-lifehack.com/life/start-living/water-sewer/,,True,62,20,,26140
https://morimachi.enshu-lifehack.com/life/start-living/water-start-stop-fees/,/life/start-living/water-start-stop-fees/,200,https://morimachi.enshu-lifehack.com/life/start-living/water-start-stop-fees/,False,静岡県森町で水道の使用開始・中止を届け出る。期限は閉開栓日の前日まで（土日祝除く）。 | 森町ライフハック,森町で水道の使用開始・中止を届け出る。期限は閉開栓日の前日まで（土日祝除く）。,1,静岡県森町で、水道の使用開始・中止は、閉開栓日の前日まで（土日祝除く）に「給水届」の提出が必要です。届出がないと使用量ゼロでも基本料金が発生し続けるので早めに手続きしましょう。,https://morimachi.enshu-lifehack.com/life/start-living/water-start-stop-fees/,,True,26,15,,24715
https://morimachi.enshu-lifehack.com/life/troubles-consult/,/life/troubles-consult/,200,https://morimachi.enshu-lifehack.com/life/troubles-consult/,False,🧩 困った・相談したい（静岡県森町の相談窓口まとめ） | 森町ライフハック,🧩 困った・相談したい（森町の相談窓口まとめ）,1,静岡県周智郡森町での困りごとや相談したいことは、内容によって窓口が分かれています。このページでは、人権・税金・介護・子育て・消費生活・障害・農地・空き家など、よくある困りごと別の相談窓口をまとめてご案内します。まずどこに相談すればいいか、ここから探してください。,https://morimachi.enshu-lifehack.com/life/troubles-consult/,,True,32,17,,23349
https://morimachi.enshu-lifehack.com/life/troubles-consult/animal-pet-consultation/,/life/troubles-consult/animal-pet-consultation/,200,https://morimachi.enshu-lifehack.com/life/troubles-consult/animal-pet-consultation/,False,動物・ペットの困りごとは、静岡県森町役場「生活環境係」へ相談する。 | 森町ライフハック,動物・ペットの困りごとは、森町役場「生活環境係」へ相談する。,1,犬や猫のことで困ったときは、静岡県周智郡森町役場「住民生活課 生活環境係」が窓口です。飼い方の相談から、飼い主のいない猫の不妊・去勢手術の補助制度、狂犬病予防注射の案内まで幅広く対応してもらえます。まずは電話で状況を伝えるところから始めてください。,https://morimachi.enshu-lifehack.com/life/troubles-consult/animal-pet-consultation/,,True,30,15,,22817
https://morimachi.enshu-lifehack.com/life/troubles-consult/cannot-pay-tax/,/life/troubles-consult/cannot-pay-tax/,200,https://morimachi.enshu-lifehack.com/life/troubles-consult/cannot-pay-tax/,False,静岡県森町で税金が払えないとき｜差押えの前に納税相談をする | 森町ライフハック,森町で町税・国保税が払えないときは、差押えの前に税務課へ相談する,1,静岡県周智郡森町で町税・国民健康保険税が払えないときの相談先をまとめました。放置すると督促・差押えに進みますが、事情を伝えれば分割納付や納付猶予の制度があります。生活費そのものが苦しいときの窓口も案内します。,https://morimachi.enshu-lifehack.com/life/troubles-consult/cannot-pay-tax/,,True,41,18,,26354
https://morimachi.enshu-lifehack.com/life/troubles-consult/child-consultation/,/life/troubles-consult/child-consultation/,200,https://morimachi.enshu-lifehack.com/life/troubles-consult/child-consultation/,False,子どものことで不安なときは、静岡県森町「こども家庭センター」へ相談する。 | 森町ライフハック,子どものことで不安なときは、森町「こども家庭センター」へ相談する。,1,子育ての不安や子どものことで気になることがあれば、静岡県周智郡森町「こども家庭センター」（健康こども課 こども家庭係）へ相談してください。妊娠期から学齢期まで、子育て支援専門員や保健師が幅広く相談に応じてくれます。,https://morimachi.enshu-lifehack.com/life/troubles-consult/child-consultation/,,True,33,16,,22740
https://morimachi.enshu-lifehack.com/life/troubles-consult/consumer-fraud/,/life/troubles-consult/consumer-fraud/,200,https://morimachi.enshu-lifehack.com/life/troubles-consult/consumer-fraud/,False,だまされたかも、契約してしまった。静岡県森町「町民生活センター」の消費生活相談へ早めに相談する。 | 森町ライフハック,だまされたかも、契約してしまった。森町「町民生活センター」の消費生活相談へ早めに相談する。,1,静岡県森町で、身に覚えのない請求や、契約してしまってから不安になった契約トラブルは、森町「町民生活センター」の消費生活相談へ早めに相談してください。特にインターネット関連の架空請求は、慌てて連絡・支払いをしないことが大切です。,https://morimachi.enshu-lifehack.com/life/troubles-consult/consumer-fraud/,,True,33,16,,23112
https://morimachi.enshu-lifehack.com/life/troubles-consult/farmland/,/life/troubles-consult/farmland/,200,https://morimachi.enshu-lifehack.com/life/troubles-consult/farmland/,False,相続した田んぼ・畑をどうすればいいか分からないときは、静岡県森町「農林政策課 農地管理係」（農業委員会）に相談から始める。,相続した田んぼ・畑をどうすればいいか分からないときは、森町「農林政策課 農地管理係」（農業委員会）に相談から始める。,1,静岡県森町で、相続した田んぼや畑をどうすればいいか分からないときは、まず森町「農林政策課 農地管理係」（農業委員会）に相談することから始めてください。証明の取得、相続の届出、転用、売買・貸借など、状況に応じた相談先はすべてこの窓口につながっています。,https://morimachi.enshu-lifehack.com/life/troubles-consult/farmland/,,True,23,19,,24653
https://morimachi.enshu-lifehack.com/life/troubles-consult/farmland/certificates/,/life/troubles-consult/farmland/certificates/,200,https://morimachi.enshu-lifehack.com/life/troubles-consult/farmland/certificates/,False,農地の証明（耕作証明・非農地証明等）は、静岡県森町「農林政策課 農地管理係」（農業委員会事務局）へ確認する。,農地の証明（耕作証明・非農地証明等）は、森町「農林政策課 農地管理係」（農業委員会事務局）へ確認する。,1,静岡県森町で、耕作証明や非農地証明など、農地に関する証明が必要なときは、森町「農林政策課 農地管理係」（農業委員会事務局）に確認してください。証明の種類によって発行できるかどうかや必要な手続きが異なるため、まず用途を伝えて相談するのが近道です。,https://morimachi.enshu-lifehack.com/life/troubles-consult/farmland/certificates/,,True,33,17,,23969
https://morimachi.enshu-lifehack.com/life/troubles-consult/farmland/conversion/,/life/troubles-consult/farmland/conversion/,200,https://morimachi.enshu-lifehack.com/life/troubles-consult/farmland/conversion/,False,農地を宅地・駐車場にするとき（農地法4条・5条）は、静岡県森町「農林政策課 農地管理係」（農業委員会）へ事前相談する。,農地を宅地・駐車場にするとき（農地法4条・5条）は、森町「農林政策課 農地管理係」（農業委員会）へ事前相談する。,1,農地を宅地や駐車場にする農地法4条・5条の転用は、静岡県周智郡森町「農林政策課 農地管理係」（農業委員会）への事前相談が欠かせません。特に30アールを超える転用は農業委員会総会のあと県農業会議への協議が必要になるため、早めの相談が重要です。,https://morimachi.enshu-lifehack.com/life/troubles-consult/farmland/conversion/,,True,33,16,,25814
https://morimachi.enshu-lifehack.com/life/troubles-consult/farmland/inheritance/,/life/troubles-consult/farmland/inheritance/,200,https://morimachi.enshu-lifehack.com/life/troubles-consult/farmland/inheritance/,False,農地を相続したら、静岡県森町「農林政策課 農地管理係」（農業委員会）への届出から整理する。 | 森町ライフハック,農地を相続したら、森町「農林政策課 農地管理係」（農業委員会）への届出から整理する。,1,農地を相続したら、静岡県周智郡森町「農林政策課 農地管理係」（農業委員会）への届出から整理を始めてください。相続後は農業委員会への相続届出（農地法第3条の3）が必要で、その後の活用方法もあわせて相談できます。,https://morimachi.enshu-lifehack.com/life/troubles-consult/farmland/inheritance/,,True,11,19,,23539
https://morimachi.enshu-lifehack.com/life/troubles-consult/farmland/noshin-exclusion/,/life/troubles-consult/farmland/noshin-exclusion/,200,https://morimachi.enshu-lifehack.com/life/troubles-consult/farmland/noshin-exclusion/,False,農振・農用地区域からの除外は、まず静岡県森町「農林政策課 農地管理係」へ土地の場所と目的を確認する。,農振・農用地区域からの除外は、まず森町「農林政策課 農地管理係」へ土地の場所と目的を確認する。,1,農振農用地区域からの除外を考えているときは、まず静岡県周智郡森町「農林政策課 農地管理係」に土地の場所と目的を伝えて相談してください。農業振興地域整備計画の見直しの時期など、進め方は土地の状況によって異なります。,https://morimachi.enshu-lifehack.com/life/troubles-consult/farmland/noshin-exclusion/,,True,4,17,,23255
https://morimachi.enshu-lifehack.com/life/troubles-consult/farmland/sell-or-rent/,/life/troubles-consult/farmland/sell-or-rent/,200,https://morimachi.enshu-lifehack.com/life/troubles-consult/farmland/sell-or-rent/,False,使っていない農地を売りたい・貸したいときは、静岡県森町「農林政策課 農地管理係」（農業委員会）へ相談する。,使っていない農地を売りたい・貸したいときは、森町「農林政策課 農地管理係」（農業委員会）へ相談する。,1,使っていない農地を売りたい、貸したいと考えたときは、静岡県周智郡森町「農林政策課 農地管理係」（農業委員会）へ相談してください。耕作目的での売買・貸借には農業委員会での手続きが必要です。,https://morimachi.enshu-lifehack.com/life/troubles-consult/farmland/sell-or-rent/,,True,19,18,,23339
https://morimachi.enshu-lifehack.com/life/troubles-consult/foreign-resident-consultation/,/life/troubles-consult/foreign-resident-consultation/,200,https://morimachi.enshu-lifehack.com/life/troubles-consult/foreign-resident-consultation/,False,外国人住民の手続きは、静岡県森町「住民生活課 住民係」で住民登録と相談先を分けて確認する。 | 森町ライフハック,外国人住民の手続きは、森町「住民生活課 住民係」で住民登録と相談先を分けて確認する。,1,外国人住民の手続きは、まず静岡県周智郡森町「住民生活課 住民係」で住民登録に関する届出を確認し、そのうえで相談内容ごとの窓口を分けて考えると整理しやすくなります。防火防災など生活に関わる情報も多言語で用意されています。,https://morimachi.enshu-lifehack.com/life/troubles-consult/foreign-resident-consultation/,,True,6,16,,22910
https://morimachi.enshu-lifehack.com/life/troubles-consult/legal-general-consultation/,/life/troubles-consult/legal-general-consultation/,200,https://morimachi.enshu-lifehack.com/life/troubles-consult/legal-general-consultation/,False,誰に相談すればいいか分からない悩みは、静岡県森町「暮らしの相談窓口」（無料法律相談等）へつなぐ。 | 森町ライフハック,誰に相談すればいいか分からない悩みは、森町「暮らしの相談窓口」（無料法律相談等）へつなぐ。,1,誰に相談すればいいか分からない悩みは、静岡県周智郡森町「暮らしの相談窓口」につないでみてください。無料法律相談をはじめ、人権・行政・年金・健康など、月替わりで実施される相談会の情報がまとまっています。,https://morimachi.enshu-lifehack.com/life/troubles-consult/legal-general-consultation/,,True,7,17,,23401
https://morimachi.enshu-lifehack.com/life/troubles-consult/living-costs-trouble/,/life/troubles-consult/living-costs-trouble/,200,https://morimachi.enshu-lifehack.com/life/troubles-consult/living-costs-trouble/,False,生活費が足りないとき、静岡県森町にはひとりで抱えず相談できる窓口がある | 森町ライフハック,生活費が足りないとき、森町にはひとりで抱えず相談できる窓口がある,1,収入が減った、支払いが重なった、この先の生活費が心配。そうした悩みは、ひとりで抱え込まなくて大丈夫です。静岡県周智郡森町には、生活に困ったときに相談できる窓口があります。まずは状況を話すところから始めてみてください。,https://morimachi.enshu-lifehack.com/life/troubles-consult/living-costs-trouble/,,True,6,14,,25933
https://morimachi.enshu-lifehack.com/life/troubles-consult/road-repair-mirror/,/life/troubles-consult/road-repair-mirror/,200,https://morimachi.enshu-lifehack.com/life/troubles-consult/road-repair-mirror/,False,道路の穴・カーブミラーの不具合は、静岡県森町「建設課 管理係」へ通報する。 | 森町ライフハック,道路の穴・カーブミラーの不具合は、森町「建設課 管理係」へ通報する。,1,町道の陥没やひび割れ、カーブミラーの破損・向きのずれに気づいたときは、静岡県周智郡森町役場「建設課 管理係」（電話0538-85-6325）へ連絡してください。町道の維持・補修や交通安全施設の管理を担当している窓口です。,https://morimachi.enshu-lifehack.com/life/troubles-consult/road-repair-mirror/,,True,4,16,,25609
https://morimachi.enshu-lifehack.com/life/work-life/,/life/work-life/,200,https://morimachi.enshu-lifehack.com/life/work-life/,False,💴 働く・暮らす（静岡県森町版） | 森町ライフハック,💴 働く・暮らす（森町版）,1,静岡県周智郡森町で働く・暮らすうえで必要な手続きを、税金・年金・保険・就職・起業までまとめています。まずは知りたいテーマから探してみてください。,https://morimachi.enshu-lifehack.com/life/work-life/,,True,28,17,,18324
https://morimachi.enshu-lifehack.com/life/work-life/city-tax-payment/,/life/work-life/city-tax-payment/,200,https://morimachi.enshu-lifehack.com/life/work-life/city-tax-payment/,False,静岡県森町の町税の納付方法は、口座振替・コンビニ・スマホ決済から選べる | 森町ライフハック,森町の町税の納付方法は、口座振替・コンビニ・スマホ決済から選べる,1,静岡県周智郡森町の町税は、口座振替・コンビニ・スマホ決済など複数の方法で納付できます。ご自身の生活スタイルに合わせて、支払い忘れを防ぎやすい方法を選ぶことができます。,https://morimachi.enshu-lifehack.com/life/work-life/city-tax-payment/,,True,36,17,,23056
https://morimachi.enshu-lifehack.com/life/work-life/job-change/,/life/work-life/job-change/,200,https://morimachi.enshu-lifehack.com/life/work-life/job-change/,False,静岡県森町の就職・転職は、求人検索はハローワーク磐田、支援情報は町の就職支援ページを確認する | 森町ライフハック,森町の就職・転職は、求人検索はハローワーク磐田、支援情報は町の就職支援ページを確認する,1,静岡県周智郡森町には町独自の求人検索窓口はなく、求人情報はハローワーク磐田で確認します。町の公式サイトでは移住・就業支援補助金の案内や最低賃金の情報が中心です。,https://morimachi.enshu-lifehack.com/life/work-life/job-change/,,True,34,17,,22194
https://morimachi.enshu-lifehack.com/life/work-life/job-recruitment/,/life/work-life/job-recruitment/,200,https://morimachi.enshu-lifehack.com/life/work-life/job-recruitment/,False,静岡県森町職員採用情報は、パブリックコネクト森町ページで募集要項を確認する | 森町ライフハック,森町職員採用情報は、パブリックコネクト森町ページで募集要項を確認する,1,静岡県周智郡森町職員の採用情報は、町の公式サイトではなく「パブリックコネクト森町ページ」に掲載されます。募集要項や試験日程はそちらで確認します。,https://morimachi.enshu-lifehack.com/life/work-life/job-recruitment/,,True,30,15,,21070
https://morimachi.enshu-lifehack.com/life/work-life/light-vehicle-tax/,/life/work-life/light-vehicle-tax/,200,https://morimachi.enshu-lifehack.com/life/work-life/light-vehicle-tax/,False,静岡県森町の軽自動車税は、排気量・車種ごとの税額を町民税係で確認する | 森町ライフハック,森町の軽自動車税は、排気量・車種ごとの税額を町民税係で確認する,1,静岡県周智郡森町の軽自動車税は、原付バイクから軽自動車まで車種ごとに税額が決まっています。毎年4月1日時点の所有者に課税されるため、名義変更や廃車の手続き漏れに注意が必要です。,https://morimachi.enshu-lifehack.com/life/work-life/light-vehicle-tax/,,True,30,17,,22338
https://morimachi.enshu-lifehack.com/life/work-life/national-health-insurance-tax/,/life/work-life/national-health-insurance-tax/,200,https://morimachi.enshu-lifehack.com/life/work-life/national-health-insurance-tax/,False,静岡県森町の国民健康保険税は、税務課町民税係で税率・減免を確認する | 森町ライフハック,森町の国民健康保険税は、税務課町民税係で税率・減免を確認する,1,静岡県周智郡森町の国民健康保険税は、所得割・均等割などをもとに算出されます。具体的な税率はページ内の関連リンクで確認し、災害等で納付が困難な場合は減免制度も利用できます。,https://morimachi.enshu-lifehack.com/life/work-life/national-health-insurance-tax/,,True,37,16,,22339
https://morimachi.enshu-lifehack.com/life/work-life/nhk-pension/,/life/work-life/nhk-pension/,200,https://morimachi.enshu-lifehack.com/life/work-life/nhk-pension/,False,静岡県森町の国民健康保険・国民年金は、住民生活課国保年金係で手続きする | 森町ライフハック,森町の国民健康保険・国民年金は、住民生活課国保年金係で手続きする,1,静岡県周智郡森町の国民健康保険・国民年金の手続きは、住民生活課国保年金係が窓口です。加入・喪失のほか、傷病手当金やマイナ保険証、産前産後の保険税免除なども案内されています。,https://morimachi.enshu-lifehack.com/life/work-life/nhk-pension/,,True,36,16,,22298
https://morimachi.enshu-lifehack.com/life/work-life/resident-tax/,/life/work-life/resident-tax/,200,https://morimachi.enshu-lifehack.com/life/work-life/resident-tax/,False,静岡県森町の住民税（町・県民税）は、納付方法と電子申告を税務課で確認する | 森町ライフハック,森町の住民税（町・県民税）は、納付方法と電子申告を税務課で確認する,1,静岡県周智郡森町の住民税（町・県民税）は、給与から天引きされる特別徴収と、自分で納付する普通徴収の両方に対応しています。退職時の特別徴収についても案内があります。,https://morimachi.enshu-lifehack.com/life/work-life/resident-tax/,,True,25,17,,22230
https://morimachi.enshu-lifehack.com/life/work-life/start-business/,/life/work-life/start-business/,200,https://morimachi.enshu-lifehack.com/life/work-life/start-business/,False,静岡県森町の起業・創業は、産業課と森町企業立地・雇用促進特設サイトで相談する | 森町ライフハック,森町の起業・創業は、産業課と森町企業立地・雇用促進特設サイトで相談する,1,静岡県周智郡森町で起業・創業を考える方は、産業課への相談と「森町企業立地・雇用促進特設サイト」の活用が入口になります。町独自の起業相談窓口ページは見当たらないため、まずは産業課に相談するのが確実です。,https://morimachi.enshu-lifehack.com/life/work-life/start-business/,,True,10,16,,22256
https://morimachi.enshu-lifehack.com/life/work-life/start-farming/,/life/work-life/start-farming/,200,https://morimachi.enshu-lifehack.com/life/work-life/start-farming/,False,静岡県森町の就農準備は、産業課農政係で農地情報・空き家付き農地制度を確認する | 森町ライフハック,森町の就農準備は、産業課農政係で農地情報・空き家付き農地制度を確認する,1,静岡県周智郡森町で就農を考える方は、産業課農政係・農業委員会事務局が窓口です。新規就農者向けに下限面積を緩和した「空き家付き農地取得制度」もあります。,https://morimachi.enshu-lifehack.com/life/work-life/start-farming/,,True,4,16,,21674
https://morimachi.enshu-lifehack.com/life/work-life/subsidies/,/life/work-life/subsidies/,200,https://morimachi.enshu-lifehack.com/life/work-life/subsidies/,False,静岡県森町の補助金｜住宅・子育て・移住の制度を探す | 森町ライフハック,森町の補助金｜住宅・子育て・移住の制度を探す,1,静岡県周智郡森町の補助金は、住民生活課や産業課など担当課ごとに制度が分かれています。全体をまとめた一覧ページはないため、目的に応じて担当課へ確認するのが近道です。,https://morimachi.enshu-lifehack.com/life/work-life/subsidies/,,True,76,23,,25838
https://morimachi.enshu-lifehack.com/life/work-life/tax-certificates/,/life/work-life/tax-certificates/,200,https://morimachi.enshu-lifehack.com/life/work-life/tax-certificates/,False,静岡県森町の税務証明書（所得・課税・納税証明書等）は、窓口・郵送・委任状で申請できる | 森町ライフハック,森町の税務証明書（所得・課税・納税証明書等）は、窓口・郵送・委任状で申請できる,1,静岡県周智郡森町の税務証明書（所得証明書・課税証明書・納税証明書等）は、窓口・郵送・委任状の3通りの方法で申請できます。用途に合わせて必要な証明書を確認しましょう。,https://morimachi.enshu-lifehack.com/life/work-life/tax-certificates/,,True,13,16,,23443
https://morimachi.enshu-lifehack.com/life/work-life/tax/,/life/work-life/tax/,200,https://morimachi.enshu-lifehack.com/life/work-life/tax/,False,静岡県森町の税金手続きは、税目ごとに税務課の各係で確認する | 森町ライフハック,森町の税金手続きは、税目ごとに税務課の各係で確認する,1,静岡県周智郡森町の税金手続きは、住民税・軽自動車税・国民健康保険税など税目ごとに税務課の各係が窓口になっています。証明書の取得や納付の相談もあわせて確認できます。,https://morimachi.enshu-lifehack.com/life/work-life/tax/,,True,9,19,,21596
https://morimachi.enshu-lifehack.com/questions/,/questions/,200,https://morimachi.enshu-lifehack.com/questions/,False,静岡県森町のよくある100の質問｜手続き・介護・家・防災 | 森町ライフハック,森町のよくある100の質問,1,静岡県周智郡森町の手続き、子育て、介護、家・土地、防災、施設について、よくある100の質問から答えと公式確認先を探せます。,https://morimachi.enshu-lifehack.com/questions/,,True,172,108,,63443
https://morimachi.enshu-lifehack.com/questions/education-after-school-club/,/questions/education-after-school-club/,200,https://morimachi.enshu-lifehack.com/questions/education-after-school-club/,False,静岡県森町の放課後児童クラブ・学童｜申込みを忘れたらどうなりますか | 森町ライフハック,申込みを忘れたらどうなりますか,1,受付期間は例年9月中旬から10月中旬の1か月程度に限られます。期間を過ぎても相談自体はできる場合があるため、まずは健康こども課幼稚園保育園係（0538-86-6300）に問い合わせてください。,https://morimachi.enshu-lifehack.com/questions/education-after-school-club/,,True,11,20,,17425
https://morimachi.enshu-lifehack.com/questions/education-educational-consulting/,/questions/education-educational-consulting/,200,https://morimachi.enshu-lifehack.com/questions/education-educational-consulting/,False,静岡県森町の教育相談・不登校｜わかばはどんな場所ですか | 森町ライフハック,わかばはどんな場所ですか,1,学校への登校が難しい児童生徒を対象に、社会生活への自立に向けた学習・諸活動の援助や相談を行う場所です。月〜金の午前9時〜午後3時（水曜のみ正午まで）に開いています。,https://morimachi.enshu-lifehack.com/questions/education-educational-consulting/,,True,10,19,,16689
https://morimachi.enshu-lifehack.com/questions/education-school-district-transfer/,/questions/education-school-district-transfer/,200,https://morimachi.enshu-lifehack.com/questions/education-school-district-transfer/,False,静岡県森町の転校・手続き｜転出届と学校の手続き、どちらを先にすればいいですか | 森町ライフハック,転出届と学校の手続き、どちらを先にすればいいですか,1,住所異動の転出届（住民生活課住民係）と、通学中の学校での転校手続きは別々に必要です。順番に迷う場合は両方の窓口に確認しておくと安心です。,https://morimachi.enshu-lifehack.com/questions/education-school-district-transfer/,,True,8,18,,16863
https://morimachi.enshu-lifehack.com/questions/education-school-expense-support/,/questions/education-school-expense-support/,200,https://morimachi.enshu-lifehack.com/questions/education-school-expense-support/,False,静岡県森町の就学援助｜就学援助制度では何が支給されますか | 森町ライフハック,就学援助制度では何が支給されますか,1,学用品費・通学用品費・新入学児童生徒学用品費・校外活動費・修学旅行費・通学費・給食費・医療費等が対象として想定されています。詳しい支給額や条件は学校教育課に確認してください。,https://morimachi.enshu-lifehack.com/questions/education-school-expense-support/,,True,10,20,,16610
https://morimachi.enshu-lifehack.com/questions/education-school-zones/,/questions/education-school-zones/,200,https://morimachi.enshu-lifehack.com/questions/education-school-zones/,False,静岡県森町の学区｜通学区域の一覧はどこで見られますか | 森町ライフハック,通学区域の一覧はどこで見られますか,1,町サイト内で一覧化された専用ページは見つかっていません。住所ごとの通学区域は学校教育課（0538-85-1112）に問い合わせて確認してください。,https://morimachi.enshu-lifehack.com/questions/education-school-zones/,,True,9,18,,16222
https://morimachi.enshu-lifehack.com/questions/emergency-disaster-certificates-procedures/,/questions/emergency-disaster-certificates-procedures/,200,https://morimachi.enshu-lifehack.com/questions/emergency-disaster-certificates-procedures/,False,静岡県森町のり災証明書｜り災証明書はどこで発行してもらえますか | 森町ライフハック,り災証明書はどこで発行してもらえますか,1,り災証明書（罹災証明書・被災証明書）の発行窓口についての詳細は、税務課 町民税係（電話 0538-85-6308）にお問い合わせください。減免申請とあわせて確認するとスムーズです。,https://morimachi.enshu-lifehack.com/questions/emergency-disaster-certificates-procedures/,,True,9,19,,16717
https://morimachi.enshu-lifehack.com/questions/emergency-earthquake/,/questions/emergency-earthquake/,200,https://morimachi.enshu-lifehack.com/questions/emergency-earthquake/,False,静岡県森町の地震・備え｜感震ブレーカーの補助はどれくらいもらえますか | 森町ライフハック,感震ブレーカーの補助はどれくらいもらえますか,1,"補助対象経費の2分の1以内で、上限は2万円です（1,000円未満切り捨て）。1世帯につき1回限りの補助で、購入・工事着手前の申請が必要です。詳しくは危機管理課 危機管理係（0538-85-6302）にご確認ください。",https://morimachi.enshu-lifehack.com/questions/emergency-earthquake/,,True,14,18,,17010
https://morimachi.enshu-lifehack.com/questions/emergency-evacuation-centers/,/questions/emergency-evacuation-centers/,200,https://morimachi.enshu-lifehack.com/questions/emergency-evacuation-centers/,False,静岡県森町の避難所｜自宅の避難所はどこで確認できますか | 森町ライフハック,自宅の避難所はどこで確認できますか,1,静岡県周智郡森町防災ハザードマップ（地区別7種類）に避難所等の防災関係施設の位置が掲載されています。指定避難所一覧は防災ガイドブックにも掲載されているので、あわせて確認してください。,https://morimachi.enshu-lifehack.com/questions/emergency-evacuation-centers/,,True,15,19,,16325
https://morimachi.enshu-lifehack.com/questions/emergency-evacuation-hazard-map/,/questions/emergency-evacuation-hazard-map/,200,https://morimachi.enshu-lifehack.com/questions/emergency-evacuation-hazard-map/,False,静岡県森町のハザードマップ・避難｜警戒レベルはどこで知ることができますか | 森町ライフハック,警戒レベルはどこで知ることができますか,1,同報無線のほか、静岡県周智郡森町LINE公式アカウントやちゃっとメールで発信されます。停電時にも情報を受け取れるよう、事前にLINEの登録をしておくと安心です。,https://morimachi.enshu-lifehack.com/questions/emergency-evacuation-hazard-map/,,True,9,16,,16690
https://morimachi.enshu-lifehack.com/questions/emergency-fire-ambulance/,/questions/emergency-fire-ambulance/,200,https://morimachi.enshu-lifehack.com/questions/emergency-fire-ambulance/,False,静岡県森町の消防・救急・119｜森町で火事や救急のときはどこに連絡すればいいですか | 森町ライフハック,森町で火事や救急のときはどこに連絡すればいいですか,1,119番に電話してください。静岡県周智郡森町の消防・救急は「袋井市森町広域行政組合 袋井消防本部」が管轄しています。予防に関する問い合わせは予防課（0538-44-5114）が窓口です。,https://morimachi.enshu-lifehack.com/questions/emergency-fire-ambulance/,,True,10,18,,16801
https://morimachi.enshu-lifehack.com/questions/emergency-overview/,/questions/emergency-overview/,200,https://morimachi.enshu-lifehack.com/questions/emergency-overview/,False,静岡県森町の防災｜災害用伝言ダイヤルとはなんですか | 森町ライフハック,災害用伝言ダイヤルとはなんですか,1,災害時に電話がつながりにくいときに、171（音声）やweb171（テキスト）で家族などと安否情報をやり取りできる仕組みです。使い方は事前に確認しておくと、いざというときに慌てません。,https://morimachi.enshu-lifehack.com/questions/emergency-overview/,,True,11,19,,16136
https://morimachi.enshu-lifehack.com/questions/end-of-life-bereavement/,/questions/end-of-life-bereavement/,200,https://morimachi.enshu-lifehack.com/questions/end-of-life-bereavement/,False,静岡県森町の死亡届・おくやみ｜死亡届は誰が出せますか | 森町ライフハック,死亡届は誰が出せますか,1,同居の親族が優先され、次に同居していない親族、その後に同居者・家主・地主・管理人・成年後見人などの順で届出人になれます。詳しくは住民生活課住民係（0538-85-6312）に確認してください。,https://morimachi.enshu-lifehack.com/questions/end-of-life-bereavement/,,True,10,19,,17252
https://morimachi.enshu-lifehack.com/questions/end-of-life-inheritance/,/questions/end-of-life-inheritance/,200,https://morimachi.enshu-lifehack.com/questions/end-of-life-inheritance/,False,静岡県森町の相続・手続き｜相続人代表者指定届とは何ですか | 森町ライフハック,相続人代表者指定届とは何ですか,1,固定資産（土地・家屋）の所有者が亡くなった際、納税に関する書類を受け取る代表者を相続人の中から一人定めて届け出るものです。静岡県周智郡森町税務課資産税係（0538-85-6309）が窓口で、様式はホームページからダウンロードできます。,https://morimachi.enshu-lifehack.com/questions/end-of-life-inheritance/,,True,15,19,,17384
https://morimachi.enshu-lifehack.com/questions/end-of-life-inherited-house/,/questions/end-of-life-inherited-house/,200,https://morimachi.enshu-lifehack.com/questions/end-of-life-inherited-house/,False,親の家・相続・どうする｜親の家をどうするか決まっていません。まず何をすればいいですか | 静岡県森町ライフハック,親の家をどうするか決まっていません。まず何をすればいいですか,1,急いで決める必要はありません。使わない場合は空き家バンクへの登録、売却を考える場合は税制特例の対象か確認するなど、選択肢を知ることから始めましょう。窓口は定住推進課移住交流係（0538-85-6321）です。,https://morimachi.enshu-lifehack.com/questions/end-of-life-inherited-house/,,True,10,19,,17878
https://morimachi.enshu-lifehack.com/questions/end-of-life-overview/,/questions/end-of-life-overview/,200,https://morimachi.enshu-lifehack.com/questions/end-of-life-overview/,False,静岡県森町のおくやみ・相続｜相続の手続きはどこに相談すればいいですか | 森町ライフハック,相続の手続きはどこに相談すればいいですか,1,固定資産税に関する相続人代表者指定届は税務課資産税係（0538-85-6309）が窓口です。相続税そのものは国税の管轄のため、税務署への相談が必要です。,https://morimachi.enshu-lifehack.com/questions/end-of-life-overview/,,True,9,18,,16526
https://morimachi.enshu-lifehack.com/questions/end-of-life-pension-inheritance/,/questions/end-of-life-pension-inheritance/,200,https://morimachi.enshu-lifehack.com/questions/end-of-life-pension-inheritance/,False,静岡県森町の死亡・年金・手続き｜亡くなった家族の年金はどこに相談すればいいですか | 森町ライフハック,亡くなった家族の年金はどこに相談すればいいですか,1,未支給年金の請求など年金に関する手続きは、日本年金機構・年金事務所の管轄です。死亡日から5年以内に、生計を同じくしていた遺族が請求できます。静岡県周智郡森町の役場では年金そのものの手続きは扱っていません。,https://morimachi.enshu-lifehack.com/questions/end-of-life-pension-inheritance/,,True,9,20,,17539
https://morimachi.enshu-lifehack.com/questions/end-of-life-property-tax-inheritance/,/questions/end-of-life-property-tax-inheritance/,200,https://morimachi.enshu-lifehack.com/questions/end-of-life-property-tax-inheritance/,False,静岡県森町の固定資産税・相続人代表者｜相続人代表者指定届はいつ提出すればいいですか | 森町ライフハック,相続人代表者指定届はいつ提出すればいいですか,1,固定資産（土地・家屋）の所有者が亡くなった時点で提出が必要になります。次の納期に間に合うよう、なるべく早めに税務課資産税係（0538-85-6309）へ相談してください。,https://morimachi.enshu-lifehack.com/questions/end-of-life-property-tax-inheritance/,,True,9,19,,17441
https://morimachi.enshu-lifehack.com/questions/family-grow-child-allowance/,/questions/family-grow-child-allowance/,200,https://morimachi.enshu-lifehack.com/questions/family-grow-child-allowance/,False,静岡県森町の児童手当｜申請が遅れるとどうなりますか | 森町ライフハック,申請が遅れるとどうなりますか,1,原則として申請が遅れた月分は遡って支給されません。出生・転入から15日以内という期限を必ず守り、早めに健康こども課こども家庭係（0538-86-6330）で手続きしてください。,https://morimachi.enshu-lifehack.com/questions/family-grow-child-allowance/,,True,25,18,,16069
https://morimachi.enshu-lifehack.com/questions/family-grow-child-vaccination/,/questions/family-grow-child-vaccination/,200,https://morimachi.enshu-lifehack.com/questions/family-grow-child-vaccination/,False,静岡県森町の予防接種・子ども｜予診票はどこでもらえますか | 森町ライフハック,予診票はどこでもらえますか,1,「予防接種のしおり」の交付時にまとめて綴じられています。交付の受付は毎月9時15分から9時30分で、所要時間は約2時間です。健康こども課こども家庭係（0538-86-6330）にお問い合わせください。,https://morimachi.enshu-lifehack.com/questions/family-grow-child-vaccination/,,True,16,18,,16357
https://morimachi.enshu-lifehack.com/questions/family-grow-childbirth/,/questions/family-grow-childbirth/,200,https://morimachi.enshu-lifehack.com/questions/family-grow-childbirth/,False,静岡県森町の出生届｜出生届はどこに出せばいいですか | 森町ライフハック,出生届はどこに出せばいいですか,1,父母の本籍地・所在地、または子の出生地のいずれかの役場・役所に届け出られます。静岡県周智郡森町での窓口は住民生活課住民係（電話0538-85-6312）です。母子健康手帳を持参し、届出済証明を受けてください。,https://morimachi.enshu-lifehack.com/questions/family-grow-childbirth/,,True,23,18,,16677
https://morimachi.enshu-lifehack.com/questions/family-grow-developmental-support/,/questions/family-grow-developmental-support/,200,https://morimachi.enshu-lifehack.com/questions/family-grow-developmental-support/,False,静岡県森町の発達相談｜どこに相談すればいいかわかりません | 森町ライフハック,どこに相談すればいいかわかりません,1,まずは健康こども課こども家庭係（0538-86-6330）にお電話ください。お子さんの年齢や困りごとに応じて、子ども相談・親子療育教室・ことばの教室のいずれが合うか案内してもらえます。,https://morimachi.enshu-lifehack.com/questions/family-grow-developmental-support/,,True,10,20,,16366
https://morimachi.enshu-lifehack.com/questions/family-grow-infant-health-check/,/questions/family-grow-infant-health-check/,200,https://morimachi.enshu-lifehack.com/questions/family-grow-infant-health-check/,False,静岡県森町の乳幼児健診｜健診の予約はどうすればいいですか | 森町ライフハック,健診の予約はどうすればいいですか,1,1か月・4か月・10か月児健診は、保護者が医療機関へ直接予約します。1歳6か月児・3歳児健診は静岡県周智郡森町保健福祉センターでの実施のため、案内に沿って日程を確認してください。,https://morimachi.enshu-lifehack.com/questions/family-grow-infant-health-check/,,True,5,20,,16702
https://morimachi.enshu-lifehack.com/questions/family-grow-marriage/,/questions/family-grow-marriage/,200,https://morimachi.enshu-lifehack.com/questions/family-grow-marriage/,False,静岡県森町の婚姻届｜婚姻届を出すのに必要なものは何ですか | 森町ライフハック,婚姻届を出すのに必要なものは何ですか,1,本人確認書類などが必要です。ページによって詳細な持ち物の記載が少ないため、事前に住民生活課住民係（0538-85-6312）へ電話で確認してから来庁することをおすすめします。,https://morimachi.enshu-lifehack.com/questions/family-grow-marriage/,,True,5,20,,16525
https://morimachi.enshu-lifehack.com/questions/family-grow-nursery-childcare/,/questions/family-grow-nursery-childcare/,200,https://morimachi.enshu-lifehack.com/questions/family-grow-nursery-childcare/,False,静岡県森町の保育園・申込み｜保育園に入れなかったらどうなりますか | 森町ライフハック,保育園に入れなかったらどうなりますか,1,希望者が多い場合は必要性の高い順に決定されるため、入所できないこともあります。まずは健康こども課幼稚園保育園係（0538-86-6300）に相談し、他の選択肢もあわせて確認してください。,https://morimachi.enshu-lifehack.com/questions/family-grow-nursery-childcare/,,True,6,20,,16800
https://morimachi.enshu-lifehack.com/questions/family-grow-nursery-school/,/questions/family-grow-nursery-school/,200,https://morimachi.enshu-lifehack.com/questions/family-grow-nursery-school/,False,静岡県森町の保育園・空き状況｜2026年度の保育園の空き状況はどこで確認できますか | 森町ライフハック,2026年度の保育園の空き状況はどこで確認できますか,1,2026年度の保育所等入所案内（静岡県周智郡森町公式）を確認し、最新の受入状況は健康こども課幼稚園保育園係（0538-86-6300）へ問い合わせてください。,https://morimachi.enshu-lifehack.com/questions/family-grow-nursery-school/,,True,5,19,,16218
https://morimachi.enshu-lifehack.com/questions/family-grow-overview/,/questions/family-grow-overview/,200,https://morimachi.enshu-lifehack.com/questions/family-grow-overview/,False,静岡県森町の子育て・手続き｜何から手を付ければいいですか | 森町ライフハック,何から手を付ければいいですか,1,妊娠がわかった直後なら妊娠届と母子健康手帳、出産後なら赤ちゃんが生まれたときの手続きから確認するのがおすすめです。多くの手続きは健康こども課こども家庭係（0538-86-6330）が窓口です。,https://morimachi.enshu-lifehack.com/questions/family-grow-overview/,,True,6,22,,15467
https://morimachi.enshu-lifehack.com/questions/family-grow-parenting-support/,/questions/family-grow-parenting-support/,200,https://morimachi.enshu-lifehack.com/questions/family-grow-parenting-support/,False,静岡県森町の子育て相談｜何を相談したいか、まだはっきりしていません | 森町ライフハック,何を相談したいか、まだはっきりしていません,1,その場合はこども家庭センター（健康こども課こども家庭係内、電話0538-86-6330）へご相談ください。妊娠期から学齢期以降まで幅広く対応しており、内容に応じて専門職やサービスを紹介してもらえます。,https://morimachi.enshu-lifehack.com/questions/family-grow-parenting-support/,,True,12,20,,17347
https://morimachi.enshu-lifehack.com/questions/family-grow-pregnancy/,/questions/family-grow-pregnancy/,200,https://morimachi.enshu-lifehack.com/questions/family-grow-pregnancy/,False,静岡県森町の妊娠届・母子手帳｜妊娠届はいつ出せばいいですか | 森町ライフハック,妊娠届はいつ出せばいいですか,1,医療機関で妊娠の診断を受け、妊娠届出書を受け取ったらできるだけ早めに健康こども課こども家庭係へ届け出てください。手帳交付にはご本人の来庁が基本です。,https://morimachi.enshu-lifehack.com/questions/family-grow-pregnancy/,,True,17,19,,16191
https://morimachi.enshu-lifehack.com/questions/family-grow-single-parent-support/,/questions/family-grow-single-parent-support/,200,https://morimachi.enshu-lifehack.com/questions/family-grow-single-parent-support/,False,静岡県森町の児童扶養手当｜児童扶養手当はいつ振り込まれますか | 森町ライフハック,児童扶養手当はいつ振り込まれますか,1,1月・3月・5月・7月・9月・11月の11日に支払われます。審査を経て承認されると、申請の翌月分から支給が始まります。,https://morimachi.enshu-lifehack.com/questions/family-grow-single-parent-support/,,True,6,20,,16206
https://morimachi.enshu-lifehack.com/questions/farmland-certificates/,/questions/farmland-certificates/,200,https://morimachi.enshu-lifehack.com/questions/farmland-certificates/,False,耕作証明書・非農地証明｜耕作証明が必要になりました。どこに申請すればいいですか | 静岡県森町ライフハック,耕作証明が必要になりました。どこに申請すればいいですか,1,農林政策課 農地管理係（静岡県周智郡森町農業委員会事務局）に相談してください。用途を伝えると必要な手続きを案内してもらえます。,https://morimachi.enshu-lifehack.com/questions/farmland-certificates/,,True,9,20,,16489
https://morimachi.enshu-lifehack.com/questions/farmland-inheritance/,/questions/farmland-inheritance/,200,https://morimachi.enshu-lifehack.com/questions/farmland-inheritance/,False,農地・相続・届出｜農地を相続しました。まず何をすればいいですか | 静岡県森町ライフハック,農地を相続しました。まず何をすればいいですか,1,農林政策課 農地管理係へ連絡し、相続届出（農地法第3条の3）に必要な書類を確認してください。,https://morimachi.enshu-lifehack.com/questions/farmland-inheritance/,,True,7,18,,15969
https://morimachi.enshu-lifehack.com/questions/farmland-sell-or-rent/,/questions/farmland-sell-or-rent/,200,https://morimachi.enshu-lifehack.com/questions/farmland-sell-or-rent/,False,農地・売りたい・貸したい｜耕作していない農地を貸したいのですが、どうすればいいですか | 静岡県森町ライフハック,耕作していない農地を貸したいのですが、どうすればいいですか,1,農林政策課 農地管理係に相談してください。耕作目的での貸借には農業委員会の手続きが必要です。,https://morimachi.enshu-lifehack.com/questions/farmland-sell-or-rent/,,True,16,19,,16064
https://morimachi.enshu-lifehack.com/questions/health-medical-adult-vaccination/,/questions/health-medical-adult-vaccination/,200,https://morimachi.enshu-lifehack.com/questions/health-medical-adult-vaccination/,False,静岡県森町の高齢者・予防接種｜自分が高齢者肺炎球菌予防接種の対象かどうか、どう確認しますか | 森町ライフハック,自分が高齢者肺炎球菌予防接種の対象かどうか、どう確認しますか,1,"令和8年度は接種当日65歳の方等が対象で、自己負担は5,000円、66歳の誕生日前日までが期限です。詳しい条件は静岡県周智郡森町公式ページで確認してください。",https://morimachi.enshu-lifehack.com/questions/health-medical-adult-vaccination/,,True,9,18,,17229
https://morimachi.enshu-lifehack.com/questions/health-medical-cancer-specific-checkups/,/questions/health-medical-cancer-specific-checkups/,200,https://morimachi.enshu-lifehack.com/questions/health-medical-cancer-specific-checkups/,False,静岡県森町のがん検診｜がん検診だけを単独で申し込めますか | 森町ライフハック,がん検診だけを単独で申し込めますか,1,静岡県周智郡森町のがん検診は20歳以上対象の総合検診に含まれる形で実施されています。申込方法や期限は森町公式の総合検診ページで確認してください。,https://morimachi.enshu-lifehack.com/questions/health-medical-cancer-specific-checkups/,,True,9,17,,16745
https://morimachi.enshu-lifehack.com/questions/health-medical-find-hospitals/,/questions/health-medical-find-hospitals/,200,https://morimachi.enshu-lifehack.com/questions/health-medical-find-hospitals/,False,静岡県森町の病院・診療所｜森町にはどんな医療機関がありますか | 森町ライフハック,森町にはどんな医療機関がありますか,1,公立静岡県周智郡森町病院のほか、岩谷医院・西村医院・森の家クリニック・森町家庭医療クリニック・山崎医院などの診療所、宇藤歯科医院・仲町歯科医院など複数の歯科医院があります。詳細は森町公式ページで確認してください。,https://morimachi.enshu-lifehack.com/questions/health-medical-find-hospitals/,,True,16,17,,17242
https://morimachi.enshu-lifehack.com/questions/health-medical-health-checkups/,/questions/health-medical-health-checkups/,200,https://morimachi.enshu-lifehack.com/questions/health-medical-health-checkups/,False,静岡県森町の健康診断・検診｜総合検診と特定健診は両方受けられますか | 森町ライフハック,総合検診と特定健診は両方受けられますか,1,対象条件を満たしていればどちらも受けられます。総合検診は20歳以上、特定健診は国保加入の40〜74歳が対象です。窓口が異なるため、詳細は総合検診の案内と特定健診の案内をそれぞれ確認してください。,https://morimachi.enshu-lifehack.com/questions/health-medical-health-checkups/,,True,7,17,,17270
https://morimachi.enshu-lifehack.com/questions/health-medical-night-holiday-medical/,/questions/health-medical-night-holiday-medical/,200,https://morimachi.enshu-lifehack.com/questions/health-medical-night-holiday-medical/,False,静岡県森町の夜間・休日・救急｜夜間や休日に急に具合が悪くなったらどうすればいいですか | 森町ライフハック,夜間や休日に急に具合が悪くなったらどうすればいいですか,1,まず公立静岡県周智郡森町病院（0538-85-2181）へ電話連絡してください。氏名・生年月日・症状・来院方法・来院予定時間を伝える必要があります。詳細は公立森町病院の救急受診ページで確認できます。,https://morimachi.enshu-lifehack.com/questions/health-medical-night-holiday-medical/,,True,12,19,,17195
https://morimachi.enshu-lifehack.com/questions/health-medical-overview/,/questions/health-medical-overview/,200,https://morimachi.enshu-lifehack.com/questions/health-medical-overview/,False,静岡県森町の医療｜森町の健康・医療の窓口はどこにありますか | 森町ライフハック,森町の健康・医療の窓口はどこにありますか,1,健診・予防接種は健康こども課、障がい福祉は福祉課、国保・特定健診は住民生活課、診療・救急は公立静岡県周智郡森町病院に分かれています。詳しくは森町公式の健康・福祉ページで確認してください。,https://morimachi.enshu-lifehack.com/questions/health-medical-overview/,,True,12,19,,16615
https://morimachi.enshu-lifehack.com/questions/health-medical-vaccinations/,/questions/health-medical-vaccinations/,200,https://morimachi.enshu-lifehack.com/questions/health-medical-vaccinations/,False,静岡県森町の予防接種｜予防接種の助成にはどんな種類がありますか | 森町ライフハック,予防接種の助成にはどんな種類がありますか,1,高齢者肺炎球菌予防接種の助成と、風しん予防接種費用助成があります。対象年齢・期間・自己負担額がそれぞれ異なるため、静岡県周智郡森町公式ページで確認してください。,https://morimachi.enshu-lifehack.com/questions/health-medical-vaccinations/,,True,5,18,,16845
https://morimachi.enshu-lifehack.com/questions/housing-build-house/,/questions/housing-build-house/,200,https://morimachi.enshu-lifehack.com/questions/housing-build-house/,False,静岡県森町の住宅・補助金｜森町にも磐田市のような新築住宅の補助金はありますか | 森町ライフハック,森町にも磐田市のような新築住宅の補助金はありますか,1,町独自の新築住宅取得補助は確認できませんでした。該当し得るのは既存住宅向けの耐震補助や、結婚を機とした結婚新生活支援補助金です。詳しくは公式ページで確認してください。,https://morimachi.enshu-lifehack.com/questions/housing-build-house/,,True,5,20,,17400
https://morimachi.enshu-lifehack.com/questions/housing-buy-house/,/questions/housing-buy-house/,200,https://morimachi.enshu-lifehack.com/questions/housing-buy-house/,False,静岡県森町の家・購入｜森町で家を買うときに使える町の補助はありますか | 森町ライフハック,森町で家を買うときに使える町の補助はありますか,1,一般向けの住宅購入補助は確認できませんでした。結婚を機にした購入であれば結婚新生活支援補助金が対象になり得ます。詳しくは公式ページで確認してください。,https://morimachi.enshu-lifehack.com/questions/housing-buy-house/,,True,6,19,,17352
https://morimachi.enshu-lifehack.com/questions/housing-clean-parents-house/,/questions/housing-clean-parents-house/,200,https://morimachi.enshu-lifehack.com/questions/housing-clean-parents-house/,False,静岡県森町の実家・片付け｜遺品整理を森町に依頼できますか | 森町ライフハック,遺品整理を森町に依頼できますか,1,町が遺品整理を代行する制度・窓口は確認できませんでした。家庭ごみとして処分できるものは分別ルールに沿って処分し、大量にある場合は民間の遺品整理業者への依頼も選択肢になります。,https://morimachi.enshu-lifehack.com/questions/housing-clean-parents-house/,,True,9,20,,17416
https://morimachi.enshu-lifehack.com/questions/housing-earthquake-demolition/,/questions/housing-earthquake-demolition/,200,https://morimachi.enshu-lifehack.com/questions/housing-earthquake-demolition/,False,静岡県森町の耐震・解体・補助｜耐震診断は無料ですか | 森町ライフハック,耐震診断は無料ですか,1,木造住宅は「わが家の専門家診断事業」により無料で耐震診断を受けられます。非木造住宅・建築物も専門家による診断制度がありますが、内容は建物によって異なるため窓口で確認してください。,https://morimachi.enshu-lifehack.com/questions/housing-earthquake-demolition/,,True,15,19,,17070
https://morimachi.enshu-lifehack.com/questions/housing-municipal-housing/,/questions/housing-municipal-housing/,200,https://morimachi.enshu-lifehack.com/questions/housing-municipal-housing/,False,静岡県森町の町営住宅｜町営住宅はどこにありますか | 森町ライフハック,町営住宅はどこにありますか,1,天宮団地、大門団地、森山団地、中川団地、中川第2団地、やざき団地の6団地・合計121戸です。各団地の場所や間取りは静岡県周智郡森町公式ページで確認してください。,https://morimachi.enshu-lifehack.com/questions/housing-municipal-housing/,,True,5,20,,16400
https://morimachi.enshu-lifehack.com/questions/housing-overview/,/questions/housing-overview/,200,https://morimachi.enshu-lifehack.com/questions/housing-overview/,False,静岡県森町の住まい｜森町にも磐田市のような住宅補助はありますか | 森町ライフハック,森町にも磐田市のような住宅補助はありますか,1,新築・購入向けの一般的な補助は確認できませんでした。結婚を機にした住宅取得なら結婚新生活支援補助金、既存の木造住宅なら耐震関連の助成が対象になり得ます。,https://morimachi.enshu-lifehack.com/questions/housing-overview/,,True,9,20,,16386
https://morimachi.enshu-lifehack.com/questions/housing-property-tax/,/questions/housing-property-tax/,200,https://morimachi.enshu-lifehack.com/questions/housing-property-tax/,False,静岡県森町の固定資産税｜固定資産税はいつ払えばいいですか | 森町ライフハック,固定資産税はいつ払えばいいですか,1,年4回の納期があります。第1期5月16日〜31日、第2期7月16日〜31日、第3期12月16日〜25日、第4期2月16日〜月末です。休日の場合は翌平日が期限になります。,https://morimachi.enshu-lifehack.com/questions/housing-property-tax/,,True,18,18,,16467
https://morimachi.enshu-lifehack.com/questions/housing-rent-house/,/questions/housing-rent-house/,200,https://morimachi.enshu-lifehack.com/questions/housing-rent-house/,False,静岡県森町の賃貸・町営住宅｜森町で賃貸物件をまとめて探せるサイトはありますか | 森町ライフハック,森町で賃貸物件をまとめて探せるサイトはありますか,1,町が民間賃貸情報をまとめて紹介する仕組みは確認できませんでした。民間の不動産業者やポータルサイトで探すのが一般的です。,https://morimachi.enshu-lifehack.com/questions/housing-rent-house/,,True,10,20,,16581
https://morimachi.enshu-lifehack.com/questions/housing-sell-house/,/questions/housing-sell-house/,200,https://morimachi.enshu-lifehack.com/questions/housing-sell-house/,False,静岡県森町の家・売却｜家を売った年の固定資産税は誰が払うのですか | 森町ライフハック,家を売った年の固定資産税は誰が払うのですか,1,納税義務者はその年の1月1日時点の所有者です。年の途中で売却した場合、実務上は売主と買主の間で税負担を日割りなどで按分することが一般的です。,https://morimachi.enshu-lifehack.com/questions/housing-sell-house/,,True,19,19,,16716
https://morimachi.enshu-lifehack.com/questions/housing-vacant-house/,/questions/housing-vacant-house/,200,https://morimachi.enshu-lifehack.com/questions/housing-vacant-house/,False,静岡県森町の空き家｜空き家を放置するとどうなりますか | 森町ライフハック,空き家を放置するとどうなりますか,1,第2期静岡県周智郡森町空家等対策計画に基づき、周辺環境への悪影響がある場合は町からの相談・指導の対象になることがあります。早めに管理方針を決めることをおすすめします。,https://morimachi.enshu-lifehack.com/questions/housing-vacant-house/,,True,15,19,,17109
https://morimachi.enshu-lifehack.com/questions/living-soon-disaster-risk/,/questions/living-soon-disaster-risk/,200,https://morimachi.enshu-lifehack.com/questions/living-soon-disaster-risk/,False,静岡県森町のハザードマップ・土地｜候補地のハザードマップはどこで見られますか | 森町ライフハック,候補地のハザードマップはどこで見られますか,1,森町防災ハザードマップ（森町公式）のページから、森町全図と地区別（三倉・天方・森・一宮・園田・飯田）のPDFをダウンロードできます。静岡県地理情報システムでも同内容を確認できます。,https://morimachi.enshu-lifehack.com/questions/living-soon-disaster-risk/,,True,11,19,,17257
https://morimachi.enshu-lifehack.com/questions/living-soon-moving-decided/,/questions/living-soon-moving-decided/,200,https://morimachi.enshu-lifehack.com/questions/living-soon-moving-decided/,False,引っ越し・やることリスト｜転入届はいつまでに出せばいいですか | 静岡県森町ライフハック,転入届はいつまでに出せばいいですか,1,住民基本台帳法上、住み始めてから原則14日以内の届出が求められます。詳しい要件や必要書類は戸籍・住民異動の届出と証明（静岡県周智郡森町公式）で確認してください。,https://morimachi.enshu-lifehack.com/questions/living-soon-moving-decided/,,True,7,19,,17133
https://morimachi.enshu-lifehack.com/questions/living-soon-overview/,/questions/living-soon-overview/,200,https://morimachi.enshu-lifehack.com/questions/living-soon-overview/,False,静岡県森町の移住｜森町への移住についてまず誰に相談すればいいですか | 森町ライフハック,森町への移住についてまず誰に相談すればいいですか,1,定住推進課 移住交流係（電話：0538-85-2111）が窓口です。静岡県周智郡森町の暮らしについてのページもあわせてご覧ください。,https://morimachi.enshu-lifehack.com/questions/living-soon-overview/,,True,11,20,,15192
https://morimachi.enshu-lifehack.com/questions/moving-out-bulk-garbage-cleaning/,/questions/moving-out-bulk-garbage-cleaning/,200,https://morimachi.enshu-lifehack.com/questions/moving-out-bulk-garbage-cleaning/,False,静岡県森町の引っ越し・ごみ・処分｜粗大ごみが大量に出るときはどうすればいいですか | 森町ライフハック,粗大ごみが大量に出るときはどうすればいいですか,1,「中遠広域粗大ごみ処理施設」への持ち込みが基本です（有料）。持ち込み方法や料金は事前に住民生活課生活環境係（0538-85-6314）へ確認してください。,https://morimachi.enshu-lifehack.com/questions/moving-out-bulk-garbage-cleaning/,,True,8,20,,17405
https://morimachi.enshu-lifehack.com/questions/moving-out-move-out-notice/,/questions/moving-out-move-out-notice/,200,https://morimachi.enshu-lifehack.com/questions/moving-out-move-out-notice/,False,静岡県森町の転出届｜必要な持ち物は何ですか | 森町ライフハック,必要な持ち物は何ですか,1,本人確認書類（顔写真付き1点、または健康保険証など2点）が必要です。委任状は本人・同一世帯員・二親等以内が届け出る場合は不要です。国民健康保険証や介護保険証、印鑑登録証など該当するものがあれば持参してください。,https://morimachi.enshu-lifehack.com/questions/moving-out-move-out-notice/,,True,8,20,,16745
https://morimachi.enshu-lifehack.com/questions/moving-out-moving-away/,/questions/moving-out-moving-away/,200,https://morimachi.enshu-lifehack.com/questions/moving-out-moving-away/,False,静岡県森町の転出・やること｜転出時の手続きがまとまったページはありますか | 森町ライフハック,転出時の手続きがまとまったページはありますか,1,静岡県周智郡森町公式サイトの「引越・新生活」ページに転出届と水道の開始・廃止届がまとめて案内されています。ただしごみや学校関連の手続きへのリンクはないため、個別の確認が必要です。,https://morimachi.enshu-lifehack.com/questions/moving-out-moving-away/,,True,8,20,,17011
https://morimachi.enshu-lifehack.com/questions/moving-out-school-nursery-procedures/,/questions/moving-out-school-nursery-procedures/,200,https://morimachi.enshu-lifehack.com/questions/moving-out-school-nursery-procedures/,False,静岡県森町の転校・手続き｜保育所に通っている子どもがいる場合、どこに相談すればいいですか | 森町ライフハック,保育所に通っている子どもがいる場合、どこに相談すればいいですか,1,健康こども課幼稚園保育園係（0538-86-6300）へ相談してください。退所・転園の手続きの案内が受けられます。転出先で保育施設の利用を希望する場合は、転出先自治体ごとに申込手続きが異なるため、あわせて転出先にも確認しておくと安心です。,https://morimachi.enshu-lifehack.com/questions/moving-out-school-nursery-procedures/,,True,14,20,,17612
https://morimachi.enshu-lifehack.com/questions/parents-care-adult-guardianship/,/questions/parents-care-adult-guardianship/,200,https://morimachi.enshu-lifehack.com/questions/parents-care-adult-guardianship/,False,静岡県森町の成年後見｜成年後見制度とはどんな制度ですか | 森町ライフハック,成年後見制度とはどんな制度ですか,1,判断能力が十分でない方の財産管理や契約行為を、家庭裁判所が選ぶ後見人等が支援する制度です。詳しい制度の仕組みは静岡県周智郡森町公式ページで確認してください。,https://morimachi.enshu-lifehack.com/questions/parents-care-adult-guardianship/,,True,11,17,,16555
https://morimachi.enshu-lifehack.com/questions/parents-care-care-started/,/questions/parents-care-care-started/,200,https://morimachi.enshu-lifehack.com/questions/parents-care-care-started/,False,静岡県森町のケアプラン・ケアマネ｜認定結果が届いたら何をすればいいですか | 森町ライフハック,認定結果が届いたら何をすればいいですか,1,要支援1・2なら地域包括支援センター係、要介護1〜5なら居宅介護支援事業所のケアマネジャーに連絡し、ケアプラン作成を依頼します。迷う場合は地域包括支援センターにまず相談してください。,https://morimachi.enshu-lifehack.com/questions/parents-care-care-started/,,True,9,18,,16627
https://morimachi.enshu-lifehack.com/questions/parents-care-check-parents/,/questions/parents-care-check-parents/,200,https://morimachi.enshu-lifehack.com/questions/parents-care-check-parents/,False,静岡県森町の高齢者・見守り｜離れて暮らしていても相談できますか | 森町ライフハック,離れて暮らしていても相談できますか,1,できます。地域包括支援センター係（0538-85-6341）は本人だけでなく家族からの相談も受け付けています。心配な様子があれば電話してみてください。,https://morimachi.enshu-lifehack.com/questions/parents-care-check-parents/,,True,5,18,,16204
https://morimachi.enshu-lifehack.com/questions/parents-care-community-support-center/,/questions/parents-care-community-support-center/,200,https://morimachi.enshu-lifehack.com/questions/parents-care-community-support-center/,False,静岡県森町の地域包括支援センター｜地域包括支援センターとは何をするところですか | 森町ライフハック,地域包括支援センターとは何をするところですか,1,介護・福祉・健康・医療などさまざまな面から高齢者やその家族を支える総合相談窓口です。静岡県周智郡森町では福祉課地域包括支援センター係がこの役割を担っています。,https://morimachi.enshu-lifehack.com/questions/parents-care-community-support-center/,,True,12,16,,16087
https://morimachi.enshu-lifehack.com/questions/parents-care-dementia-consultation/,/questions/parents-care-dementia-consultation/,200,https://morimachi.enshu-lifehack.com/questions/parents-care-dementia-consultation/,False,静岡県森町の認知症・相談｜もの忘れが心配なとき、まず何をすればいいですか | 森町ライフハック,もの忘れが心配なとき、まず何をすればいいですか,1,「気づきチェックリスト」で状態を確認し、必要に応じて「もの忘れ相談シート」を使って福祉課地域包括支援センター係（0538-85-6341）に相談する流れになっています。,https://morimachi.enshu-lifehack.com/questions/parents-care-dementia-consultation/,,True,12,16,,16456
https://morimachi.enshu-lifehack.com/questions/parents-care-elderly-transportation/,/questions/parents-care-elderly-transportation/,200,https://morimachi.enshu-lifehack.com/questions/parents-care-elderly-transportation/,False,静岡県森町の公共交通利用券・高齢者｜通院の送迎をしてもらえるサービスですか | 森町ライフハック,通院の送迎をしてもらえるサービスですか,1,いいえ、静岡県周智郡森町のこの事業は個別の送迎サービスではなく、路線バスやタクシーの利用券を購入する際の費用の一部を助成する仕組みです。購入は自分で行う必要があります。,https://morimachi.enshu-lifehack.com/questions/parents-care-elderly-transportation/,,True,5,18,,16318
https://morimachi.enshu-lifehack.com/questions/parents-care-find-nursing-home/,/questions/parents-care-find-nursing-home/,200,https://morimachi.enshu-lifehack.com/questions/parents-care-find-nursing-home/,False,静岡県森町の介護施設・探し方｜森町独自の施設一覧はありますか | 森町ライフハック,森町独自の施設一覧はありますか,1,ありません。静岡県周智郡森町は厚生労働省の「介護サービス情報公表システム」（kaigokensaku.mhlw.go.jp）を案内しており、そこから県内・全国の介護サービス事業所・施設を検索する形になります。,https://morimachi.enshu-lifehack.com/questions/parents-care-find-nursing-home/,,True,8,18,,16363
https://morimachi.enshu-lifehack.com/questions/parents-care-long-term-care-insurance/,/questions/parents-care-long-term-care-insurance/,200,https://morimachi.enshu-lifehack.com/questions/parents-care-long-term-care-insurance/,False,静岡県森町の介護・始まったら｜介護保険サービスを使うにはまず何が必要ですか | 森町ライフハック,介護保険サービスを使うにはまず何が必要ですか,1,要介護・要支援認定の申請が必要です。詳しくは要介護認定の申請窓口のページを確認してください。,https://morimachi.enshu-lifehack.com/questions/parents-care-long-term-care-insurance/,,True,12,15,,15826
https://morimachi.enshu-lifehack.com/questions/parents-care-overview/,/questions/parents-care-overview/,200,https://morimachi.enshu-lifehack.com/questions/parents-care-overview/,False,静岡県森町の介護｜親の介護で最初に相談すべき窓口はどこですか | 森町ライフハック,親の介護で最初に相談すべき窓口はどこですか,1,福祉課地域包括支援センター係（0538-85-6341）です。生活・健康・財産管理などどんな内容でもまず相談でき、必要な制度や窓口を案内してもらえます。,https://morimachi.enshu-lifehack.com/questions/parents-care-overview/,,True,18,17,,16232
https://morimachi.enshu-lifehack.com/questions/play-out-cultural-facilities/,/questions/play-out-cultural-facilities/,200,https://morimachi.enshu-lifehack.com/questions/play-out-cultural-facilities/,False,静岡県森町のミキホール｜予約はいつから申し込めますか | 森町ライフハック,予約はいつから申し込めますか,1,施設によって受付期間が異なります。大ホールは使用日の12か月前～30日前、小ホールは6か月前～5日前、その他の部屋は3か月前～5日前に申請書を提出します。まずは電話またはホームページで空き状況を確認しましょう。,https://morimachi.enshu-lifehack.com/questions/play-out-cultural-facilities/,,True,6,17,,17113
https://morimachi.enshu-lifehack.com/questions/play-out-facilities-library-parks/,/questions/play-out-facilities-library-parks/,200,https://morimachi.enshu-lifehack.com/questions/play-out-facilities-library-parks/,False,静岡県森町の公共施設｜施設の電話番号や住所はどこで確認できますか | 森町ライフハック,施設の電話番号や住所はどこで確認できますか,1,「主要施設・諸団体一覧」のページに、役場・図書館・体育館・保健福祉・消防警察など分野ごとに整理された電話番号・所在地が掲載されています。目的の施設名で探してみてください。,https://morimachi.enshu-lifehack.com/questions/play-out-facilities-library-parks/,,True,10,17,,16649
https://morimachi.enshu-lifehack.com/questions/play-out-find-parks/,/questions/play-out-find-parks/,200,https://morimachi.enshu-lifehack.com/questions/play-out-find-parks/,False,静岡県森町の公園｜どの公園に駐車場がありますか | 森町ライフハック,どの公園に駐車場がありますか,1,天宮公園や太田川親水公園には駐車場があります。一方で大門東公園には駐車場がないなど、公園ごとに設備が異なります。お出かけ前に公園マップで確認しておくと安心です。,https://morimachi.enshu-lifehack.com/questions/play-out-find-parks/,,True,12,16,,16145
https://morimachi.enshu-lifehack.com/questions/play-out-overview/,/questions/play-out-overview/,200,https://morimachi.enshu-lifehack.com/questions/play-out-overview/,False,静岡県森町の施設｜森町でお出かけ先を探すには何を見ればいいですか | 森町ライフハック,森町でお出かけ先を探すには何を見ればいいですか,1,公園・図書館・体育施設・児童館など目的別のページを見ると、それぞれの施設情報がまとまっています。子育て応援サイト「もりっこ」のおでかけページもあわせてチェックすると便利です。,https://morimachi.enshu-lifehack.com/questions/play-out-overview/,,True,11,17,,16288
https://morimachi.enshu-lifehack.com/questions/play-out-parking-access/,/questions/play-out-parking-access/,200,https://morimachi.enshu-lifehack.com/questions/play-out-parking-access/,False,静岡県森町の施設・駐車場｜森町営バスの時刻表はどこで見られますか | 森町ライフハック,森町営バスの時刻表はどこで見られますか,1,「静岡県周智郡森町営バスのご案内」ページで路線・時刻表の詳細を確認できます。公共交通全体については政策企画課政策企画係（0538-85-6305）にもお問い合わせいただけます。,https://morimachi.enshu-lifehack.com/questions/play-out-parking-access/,,True,6,18,,16307
https://morimachi.enshu-lifehack.com/questions/play-out-rent-public-facilities/,/questions/play-out-rent-public-facilities/,200,https://morimachi.enshu-lifehack.com/questions/play-out-rent-public-facilities/,False,静岡県森町の施設・予約｜公共施設を借りたいときはどこに問い合わせればいいですか | 森町ライフハック,公共施設を借りたいときはどこに問い合わせればいいですか,1,施設によって窓口が異なります。多くの施設は財政課契約管財係（0538-85-6306）ですが、体育施設は社会教育課社会体育係（0538-85-4191）、町民生活センターは住民生活課住民係（0538-85-6312）が窓口です。,https://morimachi.enshu-lifehack.com/questions/play-out-rent-public-facilities/,,True,15,16,,16807
https://morimachi.enshu-lifehack.com/questions/play-out-sports-facilities/,/questions/play-out-sports-facilities/,200,https://morimachi.enshu-lifehack.com/questions/play-out-sports-facilities/,False,静岡県森町の体育館・予約｜予約はいつからできますか | 森町ライフハック,予約はいつからできますか,1,予約受付は使用日の5日前から2か月前までです。夜間照明施設を使いたい場合は1か月前からの受付となります。早めに社会教育課社会体育係（0538-85-4191）へ確認しましょう。,https://morimachi.enshu-lifehack.com/questions/play-out-sports-facilities/,,True,6,18,,15816
https://morimachi.enshu-lifehack.com/questions/play-out-visit-library/,/questions/play-out-visit-library/,200,https://morimachi.enshu-lifehack.com/questions/play-out-visit-library/,False,静岡県森町立図書館｜開館時間と休館日を教えてください | 森町ライフハック,開館時間と休館日を教えてください,1,開館時間は9時～17時（水曜日のみ19時まで）です。休館日は月曜日（祝日の場合は翌日）、年末年始（12月28日～1月4日）、特別整理期間です。,https://morimachi.enshu-lifehack.com/questions/play-out-visit-library/,,True,11,15,,15859
https://morimachi.enshu-lifehack.com/questions/start-living-bulky-garbage-dropoff/,/questions/start-living-bulky-garbage-dropoff/,200,https://morimachi.enshu-lifehack.com/questions/start-living-bulky-garbage-dropoff/,False,静岡県森町の粗大ごみ｜軽トラックが無くても持ち込めますか | 森町ライフハック,軽トラックが無くても持ち込めますか,1,自家用車でも搬入できますが、積める量には限りがあります。量が多い場合は複数回に分けるか、レンタカーの利用も検討してください。詳しくは中遠広域粗大ごみ処理施設（0538-37-4854）にご確認ください。,https://morimachi.enshu-lifehack.com/questions/start-living-bulky-garbage-dropoff/,,True,9,20,,17166
https://morimachi.enshu-lifehack.com/questions/start-living-certificates/,/questions/start-living-certificates/,200,https://morimachi.enshu-lifehack.com/questions/start-living-certificates/,False,静岡県森町の住民票・取り方｜平日に役場へ行けません。どうすればいいですか | 森町ライフハック,平日に役場へ行けません。どうすればいいですか,1,マイナンバーカードがあればコンビニ交付が使えます。カードがない、または戸籍が必要な場合は、水曜17:15-19:00の時間外窓口をご利用ください。ただし住所異動の手続きはできないのでご注意ください。,https://morimachi.enshu-lifehack.com/questions/start-living-certificates/,,True,15,19,,17142
https://morimachi.enshu-lifehack.com/questions/start-living-city-hall-branches/,/questions/start-living-city-hall-branches/,200,https://morimachi.enshu-lifehack.com/questions/start-living-city-hall-branches/,False,静岡県森町役場・窓口・時間｜支所や出張所はどこにありますか | 森町ライフハック,支所や出張所はどこにありますか,1,静岡県周智郡森町には支所・出張所はなく、本庁舎1か所ですべての窓口手続きを行います。詳しくは森町公式ページでご確認ください。,https://morimachi.enshu-lifehack.com/questions/start-living-city-hall-branches/,,True,10,20,,16155
https://morimachi.enshu-lifehack.com/questions/start-living-dog-registration/,/questions/start-living-dog-registration/,200,https://morimachi.enshu-lifehack.com/questions/start-living-dog-registration/,False,静岡県森町の犬・登録｜登録と注射はどこでできますか | 森町ライフハック,登録と注射はどこでできますか,1,登録は静岡県周智郡森町役場別館1階の住民生活課生活環境係で行います。注射は毎年6月頃の集合注射のほか、委託先の動物病院でも受けられます。委託先で接種すればその場で注射済票が交付されます。,https://morimachi.enshu-lifehack.com/questions/start-living-dog-registration/,,True,10,20,,16594
https://morimachi.enshu-lifehack.com/questions/start-living-how-to-garbage/,/questions/start-living-how-to-garbage/,200,https://morimachi.enshu-lifehack.com/questions/start-living-how-to-garbage/,False,静岡県森町のごみ・カレンダー・2026｜2026年のごみ収集カレンダーはどこで見られますか | 森町ライフハック,2026年のごみ収集カレンダーはどこで見られますか,1,2026年ごみ収集カレンダー（静岡県周智郡森町公式PDF）で確認できます。地区ごとに収集日が異なるため、自宅の地区欄を見てください。,https://morimachi.enshu-lifehack.com/questions/start-living-how-to-garbage/,,True,10,17,,16659
https://morimachi.enshu-lifehack.com/questions/start-living-moved-in/,/questions/start-living-moved-in/,200,https://morimachi.enshu-lifehack.com/questions/start-living-moved-in/,False,静岡県森町の転入届｜転入届はオンラインだけで済みますか | 森町ライフハック,転入届はオンラインだけで済みますか,1,済みません。マイナポータルの引っ越しワンストップサービスで来庁予約はできますが、転入届そのものは必ず窓口での手続きが必要です。前住所地の転出証明書と本人確認書類を持参してください。,https://morimachi.enshu-lifehack.com/questions/start-living-moved-in/,,True,17,18,,16952
https://morimachi.enshu-lifehack.com/questions/start-living-mynumber/,/questions/start-living-mynumber/,200,https://morimachi.enshu-lifehack.com/questions/start-living-mynumber/,False,静岡県森町のマイナンバーカード・申請｜代理人に受け取ってもらえますか | 森町ライフハック,代理人に受け取ってもらえますか,1,原則できません。ただし75歳以上の方、中学生以下、長期入院・施設入居者、要介護・要支援認定者、障害のある方、妊婦などの事情がある場合に限り、来庁困難を証明する書類（診断書・介護保険証等）を添えて代理人交付が可能です。詳しくは静岡県周智郡森町公式の代理人交付ページをご確認くださ…,https://morimachi.enshu-lifehack.com/questions/start-living-mynumber/,,True,30,18,,18077
https://morimachi.enshu-lifehack.com/questions/start-living-overview/,/questions/start-living-overview/,200,https://morimachi.enshu-lifehack.com/questions/start-living-overview/,False,静岡県森町の転入・手続き｜役場以外にも確認することはありますか | 森町ライフハック,役場以外にも確認することはありますか,1,水道の開始届（上下水道課）、ごみの分別ルール確認（生活環境係）などがあります。詳しくは静岡県周智郡森町公式「暮らし・手続き」ページもご参照ください。,https://morimachi.enshu-lifehack.com/questions/start-living-overview/,,True,5,20,,16235
https://morimachi.enshu-lifehack.com/questions/start-living-pets-lost-animals/,/questions/start-living-pets-lost-animals/,200,https://morimachi.enshu-lifehack.com/questions/start-living-pets-lost-animals/,False,静岡県森町の迷い犬・迷い猫｜猫がいなくなった場合も同じ連絡先でいいですか | 森町ライフハック,猫がいなくなった場合も同じ連絡先でいいですか,1,はい、同様に住民生活課生活環境係・静岡県西部保健所・袋井警察署森分庁舎へ連絡してください。猫の飼い方については森町公式ページもご参照ください。,https://morimachi.enshu-lifehack.com/questions/start-living-pets-lost-animals/,,True,9,20,,16554
https://morimachi.enshu-lifehack.com/questions/start-living-public-transit/,/questions/start-living-public-transit/,200,https://morimachi.enshu-lifehack.com/questions/start-living-public-transit/,False,静岡県森町のバス・時刻表｜町営バスは誰でも乗れますか | 森町ライフハック,町営バスは誰でも乗れますか,1,はい、どなたでも利用できます。大河内線・吉川線の2路線があり、運賃は距離に応じた段階制です。便によっては事前予約が必要なので、静岡県周智郡森町公式の町営バス案内で時刻表を確認してください。,https://morimachi.enshu-lifehack.com/questions/start-living-public-transit/,,True,9,20,,16648
https://morimachi.enshu-lifehack.com/questions/start-living-resident-registration/,/questions/start-living-resident-registration/,200,https://morimachi.enshu-lifehack.com/questions/start-living-resident-registration/,False,静岡県森町の住民票・コンビニ｜今すぐ住民票が必要です。どうすればいいですか | 森町ライフハック,今すぐ住民票が必要です。どうすればいいですか,1,マイナンバーカードがあれば、最寄りのコンビニで毎日6:30-23:00（年末年始・メンテナンス日除く）に200円で取得できます。詳しくは静岡県周智郡森町公式のコンビニ交付ページをご確認ください。,https://morimachi.enshu-lifehack.com/questions/start-living-resident-registration/,,True,33,18,,16864
https://morimachi.enshu-lifehack.com/questions/start-living-water-sewer/,/questions/start-living-water-sewer/,200,https://morimachi.enshu-lifehack.com/questions/start-living-water-sewer/,False,静岡県森町の水道料金｜水道の使用量が急に増えました。漏水でしょうか | 森町ライフハック,水道の使用量が急に増えました。漏水でしょうか,1,すべての蛇口を閉めた状態で水道メーターのパイロット（小さな回転部分）が動いていれば漏水の可能性があります。詳しくは静岡県周智郡森町公式の漏水確認ページをご覧のうえ、上水道管理係（0538-85-6326）にご相談ください。,https://morimachi.enshu-lifehack.com/questions/start-living-water-sewer/,,True,12,19,,16949
https://morimachi.enshu-lifehack.com/questions/start-living-water-start-stop-fees/,/questions/start-living-water-start-stop-fees/,200,https://morimachi.enshu-lifehack.com/questions/start-living-water-start-stop-fees/,False,静岡県森町の水道・開栓・中止｜給水届はどこで手に入りますか | 森町ライフハック,給水届はどこで手に入りますか,1,静岡県周智郡森町公式サイトから様式をダウンロードできるほか、上下水道課の窓口でも受け取れます。提出は窓口持参・FAX（0538-85-6339）・郵送のいずれかで、詳しくは森町公式ページをご確認ください。,https://morimachi.enshu-lifehack.com/questions/start-living-water-start-stop-fees/,,True,19,19,,16463
https://morimachi.enshu-lifehack.com/questions/troubles-consult-cannot-pay-tax/,/questions/troubles-consult-cannot-pay-tax/,200,https://morimachi.enshu-lifehack.com/questions/troubles-consult-cannot-pay-tax/,False,静岡県森町の税金・払えない｜今月の町税が払えそうにありません。どうすればいいですか | 森町ライフハック,今月の町税が払えそうにありません。どうすればいいですか,1,滞納のまま放置せず、早めに税務課納税係（電話0538-85-2111）へ相談してください。分割納付など状況に応じた対応を相談できます。,https://morimachi.enshu-lifehack.com/questions/troubles-consult-cannot-pay-tax/,,True,12,18,,16380
https://morimachi.enshu-lifehack.com/questions/troubles-consult-child-consultation/,/questions/troubles-consult-child-consultation/,200,https://morimachi.enshu-lifehack.com/questions/troubles-consult-child-consultation/,False,静岡県森町のこども家庭センター｜子育てで不安なことがあります。誰に相談すればいいですか | 森町ライフハック,子育てで不安なことがあります。誰に相談すればいいですか,1,健康こども課 こども家庭係（こども家庭センター）に相談してください。妊娠期から学齢期まで幅広く対応しています。,https://morimachi.enshu-lifehack.com/questions/troubles-consult-child-consultation/,,True,7,18,,16299
https://morimachi.enshu-lifehack.com/questions/troubles-consult-consumer-fraud/,/questions/troubles-consult-consumer-fraud/,200,https://morimachi.enshu-lifehack.com/questions/troubles-consult-consumer-fraud/,False,静岡県森町の消費生活相談｜身に覚えのない請求メールが届きました。どうすればいいですか | 森町ライフハック,身に覚えのない請求メールが届きました。どうすればいいですか,1,相手に連絡せず、支払わずに放置してください。不安な場合は静岡県周智郡森町消費者相談窓口（電話0538-85-6319）に相談できます。,https://morimachi.enshu-lifehack.com/questions/troubles-consult-consumer-fraud/,,True,8,18,,16470
https://morimachi.enshu-lifehack.com/questions/troubles-consult-farmland/,/questions/troubles-consult-farmland/,200,https://morimachi.enshu-lifehack.com/questions/troubles-consult-farmland/,False,静岡県森町の農地・相続｜相続した農地をどうすればいいか全く分かりません | 森町ライフハック,相続した農地をどうすればいいか全く分かりません,1,まず農林政策課 農地管理係へ電話してください。相続届出や、その後の活用方法（耕作・貸す・売る等）まで相談に乗ってもらえます。,https://morimachi.enshu-lifehack.com/questions/troubles-consult-farmland/,,True,7,19,,16679
https://morimachi.enshu-lifehack.com/questions/troubles-consult-legal-general-consultation/,/questions/troubles-consult-legal-general-consultation/,200,https://morimachi.enshu-lifehack.com/questions/troubles-consult-legal-general-consultation/,False,静岡県森町の無料法律相談｜相続や離婚のことを弁護士に相談したいのですが | 森町ライフハック,相続や離婚のことを弁護士に相談したいのですが,1,静岡県周智郡森町の無料法律相談（予約制・先着順）が利用できます。住民生活課 住民係に予約方法を確認してください。,https://morimachi.enshu-lifehack.com/questions/troubles-consult-legal-general-consultation/,,True,7,18,,16139
https://morimachi.enshu-lifehack.com/questions/work-life-city-tax-payment/,/questions/work-life-city-tax-payment/,200,https://morimachi.enshu-lifehack.com/questions/work-life-city-tax-payment/,False,静岡県森町の町税・納付｜口座振替はいつから始まりますか | 森町ライフハック,口座振替はいつから始まりますか,1,金融機関窓口または役場税務課で申込むと、原則として申込の翌月末分から口座振替が開始されます。納期限直前の申込みでは間に合わないことがあるため、余裕をもって手続きしてください。,https://morimachi.enshu-lifehack.com/questions/work-life-city-tax-payment/,,True,18,19,,16534
https://morimachi.enshu-lifehack.com/questions/work-life-job-change/,/questions/work-life-job-change/,200,https://morimachi.enshu-lifehack.com/questions/work-life-job-change/,False,静岡県森町の求人｜森町で求人を探すにはどこに行けばいいですか | 森町ライフハック,森町で求人を探すにはどこに行けばいいですか,1,静岡県周智郡森町を含む2市1町の求人はハローワーク磐田が管轄です。町の公式サイトには個別の求人情報は掲載されていないため、ハローワーク磐田の窓口やインターネットサービスで求人検索をしてください。,https://morimachi.enshu-lifehack.com/questions/work-life-job-change/,,True,12,20,,16300
https://morimachi.enshu-lifehack.com/questions/work-life-light-vehicle-tax/,/questions/work-life-light-vehicle-tax/,200,https://morimachi.enshu-lifehack.com/questions/work-life-light-vehicle-tax/,False,静岡県森町の軽自動車税｜車を手放したのに納税通知が届きました | 森町ライフハック,車を手放したのに納税通知が届きました,1,軽自動車税は毎年4月1日時点の所有者に課税されます。名義変更や廃車の手続きが完了していないと、実際に手放していても課税が続くことがあります。速やかに手続き状況を税務課町民税係（0538-85-6308）に確認してください。,https://morimachi.enshu-lifehack.com/questions/work-life-light-vehicle-tax/,,True,16,20,,16752
https://morimachi.enshu-lifehack.com/questions/work-life-national-health-insurance-tax/,/questions/work-life-national-health-insurance-tax/,200,https://morimachi.enshu-lifehack.com/questions/work-life-national-health-insurance-tax/,False,静岡県森町の国民健康保険税｜国民健康保険税の税率はどこで確認できますか | 森町ライフハック,国民健康保険税の税率はどこで確認できますか,1,本ページには具体的な税率の記載がないため、公式サイトの「国民健康保険税とは」等の関連リンク先を確認するか、税務課（役場代表 0538-85-2111）へ問い合わせるのが確実です。,https://morimachi.enshu-lifehack.com/questions/work-life-national-health-insurance-tax/,,True,6,20,,16751
https://morimachi.enshu-lifehack.com/questions/work-life-nhk-pension/,/questions/work-life-nhk-pension/,200,https://morimachi.enshu-lifehack.com/questions/work-life-nhk-pension/,False,静岡県森町の国民年金・手続き｜転職や退職で国民健康保険に加入・喪失する手続きはどうすればいいですか | 森町ライフハック,転職や退職で国民健康保険に加入・喪失する手続きはどうすればいいですか,1,住民生活課国保年金係が窓口です。必要書類や期限は個々の状況によって異なるため、詳細はページに明記されていません。事前に役場代表（0538-85-2111）へ問い合わせて確認することをおすすめします。,https://morimachi.enshu-lifehack.com/questions/work-life-nhk-pension/,,True,9,20,,16669
https://morimachi.enshu-lifehack.com/questions/work-life-resident-tax/,/questions/work-life-resident-tax/,200,https://morimachi.enshu-lifehack.com/questions/work-life-resident-tax/,False,静岡県森町の住民税｜退職金にも住民税はかかりますか | 森町ライフハック,退職金にも住民税はかかりますか,1,退職所得に対する住民税は、退職手当の支払者が計算し、支払金額から差し引いて町に納入します。退職所得金額は「（収入金額－退職所得控除額）×1/2」で算出し、町民税6%・県民税4%の税率がかかります。,https://morimachi.enshu-lifehack.com/questions/work-life-resident-tax/,,True,12,19,,16417
https://morimachi.enshu-lifehack.com/questions/work-life-subsidies/,/questions/work-life-subsidies/,200,https://morimachi.enshu-lifehack.com/questions/work-life-subsidies/,False,静岡県森町の補助金｜森町の補助金を一覧で確認できるページはありますか | 森町ライフハック,森町の補助金を一覧で確認できるページはありますか,1,担当課・係ごとに補助金制度が分散しており、全体をまとめた一覧ページは確認できていません。暮らしに関する補助は住民生活課生活環境係、事業者向けの補助は産業課へ、目的別に問い合わせるのが確実です。,https://morimachi.enshu-lifehack.com/questions/work-life-subsidies/,,True,5,19,,16552
https://morimachi.enshu-lifehack.com/questions/work-life-tax-certificates/,/questions/work-life-tax-certificates/,200,https://morimachi.enshu-lifehack.com/questions/work-life-tax-certificates/,False,静岡県森町の所得証明書｜郵送で証明書を取得するには何が必要ですか | 森町ライフハック,郵送で証明書を取得するには何が必要ですか,1,「郵便請求による証明書交付申請書」に記入し、返送用の切手付き封筒、手数料分の定額小為替（ゆうちょ銀行で購入可）、申請者の身分証明書のコピーを同封して郵送します。,https://morimachi.enshu-lifehack.com/questions/work-life-tax-certificates/,,True,12,19,,16548
https://morimachi.enshu-lifehack.com/questions/work-life-tax/,/questions/work-life-tax/,200,https://morimachi.enshu-lifehack.com/questions/work-life-tax/,False,静岡県森町の税金｜税金の窓口はどこに電話すればいいですか | 森町ライフハック,税金の窓口はどこに電話すればいいですか,1,納付方法や猶予の相談は納税係（0538-85-6310）、住民税・軽自動車税・国民健康保険税の税額に関する相談は町民税係（0538-85-6308）が窓口です。,https://morimachi.enshu-lifehack.com/questions/work-life-tax/,,True,12,19,,15666
https://morimachi.enshu-lifehack.com/shrine/,/shrine/,200,https://morimachi.enshu-lifehack.com/shrine/,False,静岡県森町の神社 | 森町ライフハック,⛩️ 森町の神社,1,静岡県周智郡森町（遠州森町）の神社39社を、地区別・系統別に整理したデータベースです。祭礼カレンダーもあります。,https://morimachi.enshu-lifehack.com/shrine/,,True,76,26,,9774
https://morimachi.enshu-lifehack.com/shrine/about/,/shrine/about/,200,https://morimachi.enshu-lifehack.com/shrine/about/,False,このデータベースについて（静岡県森町の神社） | 森町ライフハック,📋 このデータベースについて（森町の神社）,1,静岡県周智郡森町の神社データベースの出典・編集方針・免責・修正依頼の窓口をまとめています。,https://morimachi.enshu-lifehack.com/shrine/about/,,True,68,8,,9889
https://morimachi.enshu-lifehack.com/shrine/areas/amagata/,/shrine/areas/amagata/,200,https://morimachi.enshu-lifehack.com/shrine/areas/amagata/,False,天方地区の神社 | 静岡県森町ライフハック,🗺️ 天方地区の神社,1,静岡県周智郡森町天方地区（旧天方村）の神社8社をまとめています。秋葉街道沿いの中山間地。,https://morimachi.enshu-lifehack.com/shrine/areas/amagata/,,True,16,22,,9912
https://morimachi.enshu-lifehack.com/shrine/areas/ichinomiya/,/shrine/areas/ichinomiya/,200,https://morimachi.enshu-lifehack.com/shrine/areas/ichinomiya/,False,一宮地区の神社 | 静岡県森町ライフハック,🗺️ 一宮地区の神社,1,静岡県周智郡森町一宮地区（旧一宮村）の神社6社をまとめています。遠江国一宮・小國神社が鎮座する地区。,https://morimachi.enshu-lifehack.com/shrine/areas/ichinomiya/,,True,14,20,,9297
https://morimachi.enshu-lifehack.com/shrine/areas/iida/,/shrine/areas/iida/,200,https://morimachi.enshu-lifehack.com/shrine/areas/iida/,False,飯田地区の神社 | 静岡県森町ライフハック,🗺️ 飯田地区の神社,1,静岡県周智郡森町飯田地区（旧飯田村）の神社3社をまとめています。山名神社が鎮座する地区。,https://morimachi.enshu-lifehack.com/shrine/areas/iida/,,True,11,17,,8617
https://morimachi.enshu-lifehack.com/shrine/areas/mikura/,/shrine/areas/mikura/,200,https://morimachi.enshu-lifehack.com/shrine/areas/mikura/,False,三倉地区の神社 | 静岡県森町ライフハック,🗺️ 三倉地区の神社,1,静岡県周智郡森町三倉地区（旧三倉村）の神社8社をまとめています。町の最北部。森町で最も遅く合併した地区。,https://morimachi.enshu-lifehack.com/shrine/areas/mikura/,,True,16,22,,9868
https://morimachi.enshu-lifehack.com/shrine/areas/mori/,/shrine/areas/mori/,200,https://morimachi.enshu-lifehack.com/shrine/areas/mori/,False,森地区の神社 | 静岡県森町ライフハック,🗺️ 森地区の神社,1,静岡県周智郡森町森地区（旧森町）の神社8社をまとめています。町の中心市街。「遠州の小京都」と呼ばれる町並みがある。,https://morimachi.enshu-lifehack.com/shrine/areas/mori/,,True,16,22,,9968
https://morimachi.enshu-lifehack.com/shrine/areas/sonoda/,/shrine/areas/sonoda/,200,https://morimachi.enshu-lifehack.com/shrine/areas/sonoda/,False,園田地区の神社 | 静岡県森町ライフハック,🗺️ 園田地区の神社,1,静岡県周智郡森町園田地区（旧園田村）の神社6社をまとめています。太田川沿いの平地。,https://morimachi.enshu-lifehack.com/shrine/areas/sonoda/,,True,14,20,,9270
https://morimachi.enshu-lifehack.com/shrine/festivals/,/shrine/festivals/,200,https://morimachi.enshu-lifehack.com/shrine/festivals/,False,静岡県森町の祭礼カレンダー | 森町ライフハック,🎏 森町の祭礼カレンダー,1,静岡県周智郡森町（遠州森町）の主な祭礼を月別にまとめています。小國神社・天宮神社・山名神社の舞楽は「遠江森町の舞楽」として国の重要無形民俗文化財に指定されています。,https://morimachi.enshu-lifehack.com/shrine/festivals/,,True,11,13,,12805
https://morimachi.enshu-lifehack.com/shrine/shrines/,/shrine/shrines/,200,https://morimachi.enshu-lifehack.com/shrine/shrines/,False,静岡県森町の神社一覧 | 森町ライフハック,📜 森町の神社一覧,1,静岡県神社庁に掲載されている静岡県周智郡森町（遠州森町）の神社39社の一覧です。読み仮名の五十音順に並べています。,https://morimachi.enshu-lifehack.com/shrine/shrines/,,True,51,48,,16320
https://morimachi.enshu-lifehack.com/shrine/shrines/s10132/,/shrine/shrines/s10132/,200,https://morimachi.enshu-lifehack.com/shrine/shrines/s10132/,False,西ノ宮神社（にしのみやじんじゃ） | 静岡県森町ライフハック,⛩️ 西ノ宮神社（にしのみやじんじゃ）,1,西ノ宮神社（にしのみやじんじゃ）は、静岡県周智郡森町橘546-2に鎮座する神社です。,https://morimachi.enshu-lifehack.com/shrine/shrines/s10132/,,True,11,19,,10241
https://morimachi.enshu-lifehack.com/shrine/shrines/s4410001/,/shrine/shrines/s4410001/,200,https://morimachi.enshu-lifehack.com/shrine/shrines/s4410001/,False,小國神社（おくにじんじゃ） | 静岡県森町ライフハック,⛩️ 小國神社（おくにじんじゃ）,1,小國神社（おくにじんじゃ）は、静岡県周智郡森町一宮3956-1に鎮座する神社です。御祭神は大己貴命。,https://morimachi.enshu-lifehack.com/shrine/shrines/s4410001/,,True,10,18,,11425
https://morimachi.enshu-lifehack.com/shrine/shrines/s4410002/,/shrine/shrines/s4410002/,200,https://morimachi.enshu-lifehack.com/shrine/shrines/s4410002/,False,天宮神社（あめのみやじんじゃ） | 静岡県森町ライフハック,⛩️ 天宮神社（あめのみやじんじゃ）,1,天宮神社（あめのみやじんじゃ）は、静岡県周智郡森町天宮576に鎮座する神社です。御祭神は田心姫命・湍津姫命・市許嶋姫命。,https://morimachi.enshu-lifehack.com/shrine/shrines/s4410002/,,True,13,20,,11149
https://morimachi.enshu-lifehack.com/shrine/shrines/s4410003/,/shrine/shrines/s4410003/,200,https://morimachi.enshu-lifehack.com/shrine/shrines/s4410003/,False,山名神社（やまなじんじゃ） | 静岡県森町ライフハック,⛩️ 山名神社（やまなじんじゃ）,1,山名神社（やまなじんじゃ）は、静岡県周智郡森町飯田2590に鎮座する神社です。御祭神は素盞嗚命。,https://morimachi.enshu-lifehack.com/shrine/shrines/s4410003/,,True,7,15,,9589
https://morimachi.enshu-lifehack.com/shrine/shrines/s4410004/,/shrine/shrines/s4410004/,200,https://morimachi.enshu-lifehack.com/shrine/shrines/s4410004/,False,三島神社（みしまじんじゃ） | 静岡県森町ライフハック,⛩️ 三島神社（みしまじんじゃ）,1,三島神社（みしまじんじゃ）は、静岡県周智郡森町森三島山36312に鎮座する神社です。,https://morimachi.enshu-lifehack.com/shrine/shrines/s4410004/,,True,11,19,,10381
https://morimachi.enshu-lifehack.com/shrine/shrines/s4410005/,/shrine/shrines/s4410005/,200,https://morimachi.enshu-lifehack.com/shrine/shrines/s4410005/,False,谷本神社（たにもとじんじゃ） | 静岡県森町ライフハック,⛩️ 谷本神社（たにもとじんじゃ）,1,谷本神社（たにもとじんじゃ）は、静岡県周智郡森町城下907-2に鎮座する神社です。御祭神は素盞嗚命。,https://morimachi.enshu-lifehack.com/shrine/shrines/s4410005/,,True,11,19,,10367
https://morimachi.enshu-lifehack.com/shrine/shrines/s4410006/,/shrine/shrines/s4410006/,200,https://morimachi.enshu-lifehack.com/shrine/shrines/s4410006/,False,神明宮（しんめいぐう） | 静岡県森町ライフハック,⛩️ 神明宮（しんめいぐう）,1,神明宮（しんめいぐう）は、静岡県周智郡森町一宮4096に鎮座する神社です。御祭神は天照皇大御神。,https://morimachi.enshu-lifehack.com/shrine/shrines/s4410006/,,True,9,17,,9761
https://morimachi.enshu-lifehack.com/shrine/shrines/s4410008/,/shrine/shrines/s4410008/,200,https://morimachi.enshu-lifehack.com/shrine/shrines/s4410008/,False,許禰神社（きねじんじゃ） | 静岡県森町ライフハック,⛩️ 許禰神社（きねじんじゃ）,1,許禰神社（きねじんじゃ）は、静岡県周智郡森町三倉830に鎮座する神社です。御祭神は伊邪那岐命・伊邪那美命・事代主命・誉田別命 天忍穂耳命・金山彦命・素盞嗚尊。,https://morimachi.enshu-lifehack.com/shrine/shrines/s4410008/,,True,11,19,,10857
https://morimachi.enshu-lifehack.com/shrine/shrines/s4410009/,/shrine/shrines/s4410009/,200,https://morimachi.enshu-lifehack.com/shrine/shrines/s4410009/,False,八幡宮（はちまんぐう） | 静岡県森町ライフハック,⛩️ 八幡宮（はちまんぐう）,1,八幡宮（はちまんぐう）は、静岡県周智郡森町大鳥居956に鎮座する神社です。御祭神は誉田別命。,https://morimachi.enshu-lifehack.com/shrine/shrines/s4410009/,,True,11,19,,10292
https://morimachi.enshu-lifehack.com/shrine/shrines/s4410010/,/shrine/shrines/s4410010/,200,https://morimachi.enshu-lifehack.com/shrine/shrines/s4410010/,False,日月神社（ぢつげつじんじゃ） | 静岡県森町ライフハック,⛩️ 日月神社（ぢつげつじんじゃ）,1,日月神社（ぢつげつじんじゃ）は、静岡県周智郡森町鍛冶島562に鎮座する神社です。御祭神は大日霊貴命。,https://morimachi.enshu-lifehack.com/shrine/shrines/s4410010/,,True,11,19,,10379
https://morimachi.enshu-lifehack.com/shrine/shrines/s4410012/,/shrine/shrines/s4410012/,200,https://morimachi.enshu-lifehack.com/shrine/shrines/s4410012/,False,神明神社（しんめいじんじゃ）｜静岡県森町中川888 | 森町ライフハック,⛩️ 神明神社（しんめいじんじゃ）｜森町中川888,1,神明神社（しんめいじんじゃ）は、静岡県周智郡森町中川888に鎮座する神社です。御祭神は天照皇大神。,https://morimachi.enshu-lifehack.com/shrine/shrines/s4410012/,,True,9,17,,9911
https://morimachi.enshu-lifehack.com/shrine/shrines/s4410013/,/shrine/shrines/s4410013/,200,https://morimachi.enshu-lifehack.com/shrine/shrines/s4410013/,False,正神社（しょうじんじゃ） | 静岡県森町ライフハック,⛩️ 正神社（しょうじんじゃ）,1,正神社（しょうじんじゃ）は、静岡県周智郡森町谷中1147に鎮座する神社です。御祭神は大山咋神。,https://morimachi.enshu-lifehack.com/shrine/shrines/s4410013/,,True,9,17,,9820
https://morimachi.enshu-lifehack.com/shrine/shrines/s4410014/,/shrine/shrines/s4410014/,200,https://morimachi.enshu-lifehack.com/shrine/shrines/s4410014/,False,八幡神社（はちまんじんじゃ）｜静岡県森町三倉1920 | 森町ライフハック,⛩️ 八幡神社（はちまんじんじゃ）｜森町三倉1920,1,八幡神社（はちまんじんじゃ）は、静岡県周智郡森町三倉1920に鎮座する神社です。御祭神は誉田別命。,https://morimachi.enshu-lifehack.com/shrine/shrines/s4410014/,,True,11,19,,10391
https://morimachi.enshu-lifehack.com/shrine/shrines/s4410015/,/shrine/shrines/s4410015/,200,https://morimachi.enshu-lifehack.com/shrine/shrines/s4410015/,False,八幡神社（はちまんじんじゃ）｜静岡県森町三倉4447 | 森町ライフハック,⛩️ 八幡神社（はちまんじんじゃ）｜森町三倉4447,1,八幡神社（はちまんじんじゃ）は、静岡県周智郡森町三倉4447に鎮座する神社です。御祭神は誉田別命。,https://morimachi.enshu-lifehack.com/shrine/shrines/s4410015/,,True,11,19,,10391
https://morimachi.enshu-lifehack.com/shrine/shrines/s4410016/,/shrine/shrines/s4410016/,200,https://morimachi.enshu-lifehack.com/shrine/shrines/s4410016/,False,八阪神社（やさかじんじゃ） | 静岡県森町ライフハック,⛩️ 八阪神社（やさかじんじゃ）,1,八阪神社（やさかじんじゃ）は、静岡県周智郡森町三倉4892に鎮座する神社です。御祭神は須佐之男命。,https://morimachi.enshu-lifehack.com/shrine/shrines/s4410016/,,True,11,19,,10341
https://morimachi.enshu-lifehack.com/shrine/shrines/s4410017/,/shrine/shrines/s4410017/,200,https://morimachi.enshu-lifehack.com/shrine/shrines/s4410017/,False,八幡神社（はちまんじんじゃ）｜静岡県森町三倉2511 | 森町ライフハック,⛩️ 八幡神社（はちまんじんじゃ）｜森町三倉2511,1,八幡神社（はちまんじんじゃ）は、静岡県周智郡森町三倉2511に鎮座する神社です。御祭神は誉田別命。,https://morimachi.enshu-lifehack.com/shrine/shrines/s4410017/,,True,11,19,,10391
https://morimachi.enshu-lifehack.com/shrine/shrines/s4410018/,/shrine/shrines/s4410018/,200,https://morimachi.enshu-lifehack.com/shrine/shrines/s4410018/,False,八坂神社（やさかじんじゃ） | 静岡県森町ライフハック,⛩️ 八坂神社（やさかじんじゃ）,1,八坂神社（やさかじんじゃ）は、静岡県周智郡森町西俣731に鎮座する神社です。御祭神は素盞嗚命。,https://morimachi.enshu-lifehack.com/shrine/shrines/s4410018/,,True,11,19,,10341
https://morimachi.enshu-lifehack.com/shrine/shrines/s4410019/,/shrine/shrines/s4410019/,200,https://morimachi.enshu-lifehack.com/shrine/shrines/s4410019/,False,小川神社（こがわじんじゃ） | 静岡県森町ライフハック,⛩️ 小川神社（こがわじんじゃ）,1,小川神社（こがわじんじゃ）は、静岡県周智郡森町一宮936に鎮座する神社です。御祭神は大己貴命。,https://morimachi.enshu-lifehack.com/shrine/shrines/s4410019/,,True,9,17,,9791
https://morimachi.enshu-lifehack.com/shrine/shrines/s4410020/,/shrine/shrines/s4410020/,200,https://morimachi.enshu-lifehack.com/shrine/shrines/s4410020/,False,神明神社（しんめいじんじゃ）｜静岡県森町問詰1538 | 森町ライフハック,⛩️ 神明神社（しんめいじんじゃ）｜森町問詰1538,1,神明神社（しんめいじんじゃ）は、静岡県周智郡森町問詰1538に鎮座する神社です。御祭神は大日霊貴命。,https://morimachi.enshu-lifehack.com/shrine/shrines/s4410020/,,True,11,19,,10421
https://morimachi.enshu-lifehack.com/shrine/shrines/s4410021/,/shrine/shrines/s4410021/,200,https://morimachi.enshu-lifehack.com/shrine/shrines/s4410021/,False,八雲神社（やくもじんじゃ） | 静岡県森町ライフハック,⛩️ 八雲神社（やくもじんじゃ）,1,八雲神社（やくもじんじゃ）は、静岡県周智郡森町円田1067に鎮座する神社です。御祭神は素戔嗚尊。,https://morimachi.enshu-lifehack.com/shrine/shrines/s4410021/,,True,9,17,,9842
https://morimachi.enshu-lifehack.com/shrine/shrines/s4410022/,/shrine/shrines/s4410022/,200,https://morimachi.enshu-lifehack.com/shrine/shrines/s4410022/,False,岩田神社（いわたじんじゃ） | 静岡県森町ライフハック,⛩️ 岩田神社（いわたじんじゃ）,1,岩田神社（いわたじんじゃ）は、静岡県周智郡森町牛飼323に鎮座する神社です。御祭神は息長帯姫命。,https://morimachi.enshu-lifehack.com/shrine/shrines/s4410022/,,True,9,17,,9849
https://morimachi.enshu-lifehack.com/shrine/shrines/s4410023/,/shrine/shrines/s4410023/,200,https://morimachi.enshu-lifehack.com/shrine/shrines/s4410023/,False,八面神社（やおもてじんじゃ） | 静岡県森町ライフハック,⛩️ 八面神社（やおもてじんじゃ）,1,八面神社（やおもてじんじゃ）は、静岡県周智郡森町一宮1301-1に鎮座する神社です。御祭神は素盞嗚尊。,https://morimachi.enshu-lifehack.com/shrine/shrines/s4410023/,,True,9,17,,9819
https://morimachi.enshu-lifehack.com/shrine/shrines/s4410024/,/shrine/shrines/s4410024/,200,https://morimachi.enshu-lifehack.com/shrine/shrines/s4410024/,False,神明神社（しんめいじんじゃ）｜静岡県森町三倉3135 | 森町ライフハック,⛩️ 神明神社（しんめいじんじゃ）｜森町三倉3135,1,神明神社（しんめいじんじゃ）は、静岡県周智郡森町三倉3135に鎮座する神社です。御祭神は天忍穂耳命。,https://morimachi.enshu-lifehack.com/shrine/shrines/s4410024/,,True,11,19,,10408
https://morimachi.enshu-lifehack.com/shrine/shrines/s4410025/,/shrine/shrines/s4410025/,200,https://morimachi.enshu-lifehack.com/shrine/shrines/s4410025/,False,白髭神社（しろひげじんじゃ） | 静岡県森町ライフハック,⛩️ 白髭神社（しろひげじんじゃ）,1,白髭神社（しろひげじんじゃ）は、静岡県周智郡森町三倉3924に鎮座する神社です。御祭神は猿田彦命。,https://morimachi.enshu-lifehack.com/shrine/shrines/s4410025/,,True,14,19,,10352
https://morimachi.enshu-lifehack.com/shrine/shrines/s4410027/,/shrine/shrines/s4410027/,200,https://morimachi.enshu-lifehack.com/shrine/shrines/s4410027/,False,金守神社（かなもりじんじゃ） | 静岡県森町ライフハック,⛩️ 金守神社（かなもりじんじゃ）,1,金守神社（かなもりじんじゃ）は、静岡県周智郡森町森928に鎮座する神社です。御祭神は１．金刀比羅大神・２．句大兄国押武金日天皇・３．駒形神。,https://morimachi.enshu-lifehack.com/shrine/shrines/s4410027/,,True,16,20,,11021
https://morimachi.enshu-lifehack.com/shrine/shrines/s4410028/,/shrine/shrines/s4410028/,200,https://morimachi.enshu-lifehack.com/shrine/shrines/s4410028/,False,松尾神社（まつおじんじゃ） | 静岡県森町ライフハック,⛩️ 松尾神社（まつおじんじゃ）,1,松尾神社（まつおじんじゃ）は、静岡県周智郡森町一宮2761-2に鎮座する神社です。御祭神は大山咋命。,https://morimachi.enshu-lifehack.com/shrine/shrines/s4410028/,,True,9,17,,9803
https://morimachi.enshu-lifehack.com/shrine/shrines/s4410029/,/shrine/shrines/s4410029/,200,https://morimachi.enshu-lifehack.com/shrine/shrines/s4410029/,False,若宮八幡宮（わかみやはちまんぐう） | 静岡県森町ライフハック,⛩️ 若宮八幡宮（わかみやはちまんぐう）,1,若宮八幡宮（わかみやはちまんぐう）は、静岡県周智郡森町葛布413に鎮座する神社です。御祭神は大鷦鷯命。,https://morimachi.enshu-lifehack.com/shrine/shrines/s4410029/,,True,15,19,,10403
https://morimachi.enshu-lifehack.com/shrine/shrines/s4410030/,/shrine/shrines/s4410030/,200,https://morimachi.enshu-lifehack.com/shrine/shrines/s4410030/,False,厳嶋神社（いつくしまじんじゃ） | 静岡県森町ライフハック,⛩️ 厳嶋神社（いつくしまじんじゃ）,1,厳嶋神社（いつくしまじんじゃ）は、静岡県周智郡森町中川1247に鎮座する神社です。御祭神は市杵島姫命。,https://morimachi.enshu-lifehack.com/shrine/shrines/s4410030/,,True,11,17,,9878
https://morimachi.enshu-lifehack.com/shrine/shrines/s4410031/,/shrine/shrines/s4410031/,200,https://morimachi.enshu-lifehack.com/shrine/shrines/s4410031/,False,金山神社（かなやまじんじゃ） | 静岡県森町ライフハック,⛩️ 金山神社（かなやまじんじゃ）,1,金山神社（かなやまじんじゃ）は、静岡県周智郡森町草ヶ谷147-2に鎮座する神社です。御祭神は金山彦命。,https://morimachi.enshu-lifehack.com/shrine/shrines/s4410031/,,True,9,17,,9865
https://morimachi.enshu-lifehack.com/shrine/shrines/s4410032/,/shrine/shrines/s4410032/,200,https://morimachi.enshu-lifehack.com/shrine/shrines/s4410032/,False,八幡神社（はちまんじんじゃ）｜静岡県森町亀久保493-7 | 森町ライフハック,⛩️ 八幡神社（はちまんじんじゃ）｜森町亀久保493-7,1,八幡神社（はちまんじんじゃ）は、静岡県周智郡森町亀久保493-7に鎮座する神社です。御祭神は誉田別命。,https://morimachi.enshu-lifehack.com/shrine/shrines/s4410032/,,True,15,19,,10429
https://morimachi.enshu-lifehack.com/shrine/shrines/s4410033/,/shrine/shrines/s4410033/,200,https://morimachi.enshu-lifehack.com/shrine/shrines/s4410033/,False,若宮八幡神社（わかみやはちまんじんじゃ）｜静岡県森町橘168 | 森町ライフハック,⛩️ 若宮八幡神社（わかみやはちまんじんじゃ）｜森町橘168,1,若宮八幡神社（わかみやはちまんじんじゃ）は、静岡県周智郡森町橘168に鎮座する神社です。御祭神は大鷦鷯命。,https://morimachi.enshu-lifehack.com/shrine/shrines/s4410033/,,True,14,19,,10499
https://morimachi.enshu-lifehack.com/shrine/shrines/s4410034/,/shrine/shrines/s4410034/,200,https://morimachi.enshu-lifehack.com/shrine/shrines/s4410034/,False,若宮八幡神社（わかみやはちまんじんじゃ）｜静岡県森町薄場244 | 森町ライフハック,⛩️ 若宮八幡神社（わかみやはちまんじんじゃ）｜森町薄場244,1,若宮八幡神社（わかみやはちまんじんじゃ）は、静岡県周智郡森町薄場244に鎮座する神社です。御祭神は誉田別命。,https://morimachi.enshu-lifehack.com/shrine/shrines/s4410034/,,True,11,19,,10517
https://morimachi.enshu-lifehack.com/shrine/shrines/s4410035/,/shrine/shrines/s4410035/,200,https://morimachi.enshu-lifehack.com/shrine/shrines/s4410035/,False,天方神社（あまがたじんじゃ） | 静岡県森町ライフハック,⛩️ 天方神社（あまがたじんじゃ）,1,天方神社（あまがたじんじゃ）は、静岡県周智郡森町向天方1391-2に鎮座する神社です。御祭神は素盞嗚尊。,https://morimachi.enshu-lifehack.com/shrine/shrines/s4410035/,,True,11,19,,10380
https://morimachi.enshu-lifehack.com/shrine/shrines/s4410037/,/shrine/shrines/s4410037/,200,https://morimachi.enshu-lifehack.com/shrine/shrines/s4410037/,False,天神社（てんじんじゃ） | 静岡県森町ライフハック,⛩️ 天神社（てんじんじゃ）,1,天神社（てんじんじゃ）は、静岡県周智郡森町一宮3175に鎮座する神社です。,https://morimachi.enshu-lifehack.com/shrine/shrines/s4410037/,,True,9,17,,9598
https://morimachi.enshu-lifehack.com/shrine/shrines/s4410038/,/shrine/shrines/s4410038/,200,https://morimachi.enshu-lifehack.com/shrine/shrines/s4410038/,False,八幡神社（はちまんじんじゃ）｜静岡県森町飯田3512-1 | 森町ライフハック,⛩️ 八幡神社（はちまんじんじゃ）｜森町飯田3512-1,1,八幡神社（はちまんじんじゃ）は、静岡県周智郡森町飯田3512-1に鎮座する神社です。御祭神は応神天皇。,https://morimachi.enshu-lifehack.com/shrine/shrines/s4410038/,,True,6,14,,9214
https://morimachi.enshu-lifehack.com/shrine/shrines/s4410039/,/shrine/shrines/s4410039/,200,https://morimachi.enshu-lifehack.com/shrine/shrines/s4410039/,False,白山神社（はくさんじんじゃ） | 静岡県森町ライフハック,⛩️ 白山神社（はくさんじんじゃ）,1,白山神社（はくさんじんじゃ）は、静岡県周智郡森町三倉1562に鎮座する神社です。御祭神は伊弉冉命。,https://morimachi.enshu-lifehack.com/shrine/shrines/s4410039/,,True,14,19,,10342
https://morimachi.enshu-lifehack.com/shrine/shrines/s4410040/,/shrine/shrines/s4410040/,200,https://morimachi.enshu-lifehack.com/shrine/shrines/s4410040/,False,御嶽神社（みたけじんじゃ） | 静岡県森町ライフハック,⛩️ 御嶽神社（みたけじんじゃ）,1,御嶽神社（みたけじんじゃ）は、静岡県周智郡森町天宮1141-3に鎮座する神社です。御祭神は国常立命。,https://morimachi.enshu-lifehack.com/shrine/shrines/s4410040/,,True,11,19,,10345
https://morimachi.enshu-lifehack.com/shrine/shrines/s4410041/,/shrine/shrines/s4410041/,200,https://morimachi.enshu-lifehack.com/shrine/shrines/s4410041/,False,熊野神社（くまのじんじゃ） | 静岡県森町ライフハック,⛩️ 熊野神社（くまのじんじゃ）,1,熊野神社（くまのじんじゃ）は、静岡県周智郡森町飯田3478-2に鎮座する神社です。御祭神は素盞嗚尊。,https://morimachi.enshu-lifehack.com/shrine/shrines/s4410041/,,True,6,14,,9149
https://morimachi.enshu-lifehack.com/shrine/shrines/s4410042/,/shrine/shrines/s4410042/,200,https://morimachi.enshu-lifehack.com/shrine/shrines/s4410042/,False,黒石神明神社（くろいししんめいじんじゃ） | 静岡県森町ライフハック,⛩️ 黒石神明神社（くろいししんめいじんじゃ）,1,黒石神明神社（くろいししんめいじんじゃ）は、静岡県周智郡森町問詰383-3に鎮座する神社です。御祭神は大日尊。,https://morimachi.enshu-lifehack.com/shrine/shrines/s4410042/,,True,15,19,,10470
https://morimachi.enshu-lifehack.com/shrine/systems/chiiki-koyu/,/shrine/systems/chiiki-koyu/,200,https://morimachi.enshu-lifehack.com/shrine/systems/chiiki-koyu/,False,地域固有・その他の神社 | 静岡県森町ライフハック,🔖 地域固有・その他の神社,1,静岡県周智郡森町の神社のうち、地域固有・その他に分類した10社です。上のいずれにも収まらない、その土地に固有の社。,https://morimachi.enshu-lifehack.com/shrine/systems/chiiki-koyu/,,True,18,25,,10465
https://morimachi.enshu-lifehack.com/shrine/systems/gion-susanoo/,/shrine/systems/gion-susanoo/,200,https://morimachi.enshu-lifehack.com/shrine/systems/gion-susanoo/,False,祇園・素盞嗚系の神社 | 静岡県森町ライフハック,🔖 祇園・素盞嗚系の神社,1,静岡県周智郡森町の神社のうち、祇園・素盞嗚系に分類した8社です。素盞嗚命を祀る八坂・八雲・山名などの系統。山名神社の天王祭舞楽もこの流れ。,https://morimachi.enshu-lifehack.com/shrine/systems/gion-susanoo/,,True,16,23,,10183
https://morimachi.enshu-lifehack.com/shrine/systems/hachiman/,/shrine/systems/hachiman/,200,https://morimachi.enshu-lifehack.com/shrine/systems/hachiman/,False,八幡系の神社 | 静岡県森町ライフハック,🔖 八幡系の神社,1,静岡県周智郡森町の神社のうち、八幡系に分類した10社です。誉田別命（応神天皇）を祀る八幡神社群。森町では最も数が多い。,https://morimachi.enshu-lifehack.com/shrine/systems/hachiman/,,True,18,25,,10548
https://morimachi.enshu-lifehack.com/shrine/systems/ichinomiya/,/shrine/systems/ichinomiya/,200,https://morimachi.enshu-lifehack.com/shrine/systems/ichinomiya/,False,一宮・国造系の神社 | 静岡県森町ライフハック,🔖 一宮・国造系の神社,1,静岡県周智郡森町の神社のうち、一宮・国造系に分類した1社です。遠江国一宮・小國神社を核とする系統。森町の神社を語るうえでの中心。,https://morimachi.enshu-lifehack.com/shrine/systems/ichinomiya/,,True,9,16,,8506
https://morimachi.enshu-lifehack.com/shrine/systems/sangaku/,/shrine/systems/sangaku/,200,https://morimachi.enshu-lifehack.com/shrine/systems/sangaku/,False,山岳・修験系の神社 | 静岡県森町ライフハック,🔖 山岳・修験系の神社,1,静岡県周智郡森町の神社のうち、山岳・修験系に分類した3社です。御嶽・白山・金山など山の信仰にかかわる系統。秋葉街道沿いの中山間地に多い。,https://morimachi.enshu-lifehack.com/shrine/systems/sangaku/,,True,11,18,,9011
https://morimachi.enshu-lifehack.com/shrine/systems/shinmei/,/shrine/systems/shinmei/,200,https://morimachi.enshu-lifehack.com/shrine/systems/shinmei/,False,神明・伊勢系の神社 | 静岡県森町ライフハック,🔖 神明・伊勢系の神社,1,静岡県周智郡森町の神社のうち、神明・伊勢系に分類した5社です。天照大神を祀る神明社・神明宮の系統。,https://morimachi.enshu-lifehack.com/shrine/systems/shinmei/,,True,13,20,,9264
https://morimachi.enshu-lifehack.com/shrine/systems/suijin/,/shrine/systems/suijin/,200,https://morimachi.enshu-lifehack.com/shrine/systems/suijin/,False,水神・水運系の神社 | 静岡県森町ライフハック,🔖 水神・水運系の神社,1,静岡県周智郡森町の神社のうち、水神・水運系に分類した2社です。宗像三女神・市杵島姫命など水にかかわる神を祀る系統。太田川水系に沿って分布する。,https://morimachi.enshu-lifehack.com/shrine/systems/suijin/,,True,10,17,,8857
https://morimachi.enshu-lifehack.com/temple/,/temple/,200,https://morimachi.enshu-lifehack.com/temple/,False,静岡県森町の寺院 | 森町ライフハック,🛕 森町の寺院,1,静岡県周智郡森町（遠州森町）の寺院35ヶ寺を、宗派別・地区別に整理したデータベースです。出典は宗教法人名簿と森町公式資料。,https://morimachi.enshu-lifehack.com/temple/,,True,52,24,,9530
https://morimachi.enshu-lifehack.com/temple/about/,/temple/about/,200,https://morimachi.enshu-lifehack.com/temple/about/,False,このデータベースについて（静岡県森町の寺院） | 森町ライフハック,📋 このデータベースについて（森町の寺院）,1,静岡県周智郡森町の寺院データベースの出典・2つの資料の食い違い・編集方針・修正依頼の窓口をまとめています。,https://morimachi.enshu-lifehack.com/temple/about/,,True,73,8,,10559
https://morimachi.enshu-lifehack.com/temple/areas/amagata/,/temple/areas/amagata/,200,https://morimachi.enshu-lifehack.com/temple/areas/amagata/,False,天方地区の寺院 | 静岡県森町ライフハック,🗺️ 天方地区の寺院,1,静岡県周智郡森町天方地区（旧天方村）の寺院5ヶ寺をまとめています。秋葉街道沿いの中山間地。,https://morimachi.enshu-lifehack.com/temple/areas/amagata/,,True,12,20,,8939
https://morimachi.enshu-lifehack.com/temple/areas/ichinomiya/,/temple/areas/ichinomiya/,200,https://morimachi.enshu-lifehack.com/temple/areas/ichinomiya/,False,一宮地区の寺院 | 静岡県森町ライフハック,🗺️ 一宮地区の寺院,1,静岡県周智郡森町一宮地区（旧一宮村）の寺院4ヶ寺をまとめています。遠江国一宮・小國神社が鎮座する地区。,https://morimachi.enshu-lifehack.com/temple/areas/ichinomiya/,,True,11,19,,8726
https://morimachi.enshu-lifehack.com/temple/areas/iida/,/temple/areas/iida/,200,https://morimachi.enshu-lifehack.com/temple/areas/iida/,False,飯田地区の寺院 | 静岡県森町ライフハック,🗺️ 飯田地区の寺院,1,静岡県周智郡森町飯田地区（旧飯田村）の寺院6ヶ寺をまとめています。山名神社が鎮座する地区。,https://morimachi.enshu-lifehack.com/temple/areas/iida/,,True,20,21,,8986
https://morimachi.enshu-lifehack.com/temple/areas/mikura/,/temple/areas/mikura/,200,https://morimachi.enshu-lifehack.com/temple/areas/mikura/,False,三倉地区の寺院 | 静岡県森町ライフハック,🗺️ 三倉地区の寺院,1,静岡県周智郡森町三倉地区（旧三倉村）の寺院6ヶ寺をまとめています。町の最北部。森町で最も遅く合併した地区。,https://morimachi.enshu-lifehack.com/temple/areas/mikura/,,True,16,21,,9073
https://morimachi.enshu-lifehack.com/temple/areas/mori/,/temple/areas/mori/,200,https://morimachi.enshu-lifehack.com/temple/areas/mori/,False,森地区の寺院 | 静岡県森町ライフハック,🗺️ 森地区の寺院,1,静岡県周智郡森町森地区（旧森町）の寺院8ヶ寺をまとめています。町の中心市街。「遠州の小京都」と呼ばれる町並みがある。,https://morimachi.enshu-lifehack.com/temple/areas/mori/,,True,15,23,,9415
https://morimachi.enshu-lifehack.com/temple/areas/sonoda/,/temple/areas/sonoda/,200,https://morimachi.enshu-lifehack.com/temple/areas/sonoda/,False,園田地区の寺院 | 静岡県森町ライフハック,🗺️ 園田地区の寺院,1,静岡県周智郡森町園田地区（旧園田村）の寺院5ヶ寺をまとめています。太田川沿いの平地。,https://morimachi.enshu-lifehack.com/temple/areas/sonoda/,,True,12,20,,8795
https://morimachi.enshu-lifehack.com/temple/guide/,/temple/guide/,200,https://morimachi.enshu-lifehack.com/temple/guide/,False,法要・帰省・実家じまいのガイド | 静岡県森町ライフハック,🧭 法要・帰省・実家じまいのガイド,1,静岡県周智郡森町の菩提寺との関わりと、実家じまい・墓じまい・農地の承継をどの順に考えるかを整理しています。,https://morimachi.enshu-lifehack.com/temple/guide/,,True,3,17,,9622
https://morimachi.enshu-lifehack.com/temple/sects/jodo/,/temple/sects/jodo/,200,https://morimachi.enshu-lifehack.com/temple/sects/jodo/,False,浄土宗の寺院（静岡県森町） | 森町ライフハック,🔖 浄土宗の寺院（森町）,1,静岡県周智郡森町の浄土宗の寺院1ヶ寺です。一宮に1ヶ寺。,https://morimachi.enshu-lifehack.com/temple/sects/jodo/,,True,7,14,,7634
https://morimachi.enshu-lifehack.com/temple/sects/nichiren/,/temple/sects/nichiren/,200,https://morimachi.enshu-lifehack.com/temple/sects/nichiren/,False,日蓮宗の寺院（静岡県森町） | 森町ライフハック,🔖 日蓮宗の寺院（森町）,1,静岡県周智郡森町の日蓮宗の寺院2ヶ寺です。向天方と飯田に1ヶ寺ずつ。,https://morimachi.enshu-lifehack.com/temple/sects/nichiren/,,True,8,15,,7867
https://morimachi.enshu-lifehack.com/temple/sects/shingon/,/temple/sects/shingon/,200,https://morimachi.enshu-lifehack.com/temple/sects/shingon/,False,真言宗の寺院（静岡県森町） | 森町ライフハック,🔖 真言宗の寺院（森町）,1,静岡県周智郡森町の真言宗の寺院2ヶ寺です。御室派と智山派が1ヶ寺ずつ。金剛院の山門は町の文化財に指定されている。,https://morimachi.enshu-lifehack.com/temple/sects/shingon/,,True,8,15,,8149
https://morimachi.enshu-lifehack.com/temple/sects/soto/,/temple/sects/soto/,200,https://morimachi.enshu-lifehack.com/temple/sects/soto/,False,曹洞宗の寺院（静岡県森町） | 森町ライフハック,🔖 曹洞宗の寺院（森町）,1,静岡県周智郡森町の曹洞宗の寺院28ヶ寺です。森町の寺院の8割近くを占める。中山間地の集落ごとに末寺が置かれた歴史を映している。,https://morimachi.enshu-lifehack.com/temple/sects/soto/,,True,34,41,,12084
https://morimachi.enshu-lifehack.com/temple/sects/tendai/,/temple/sects/tendai/,200,https://morimachi.enshu-lifehack.com/temple/sects/tendai/,False,天台宗の寺院（静岡県森町） | 森町ライフハック,🔖 天台宗の寺院（森町）,1,静岡県周智郡森町の天台宗の寺院2ヶ寺です。森と一宮に1ヶ寺ずつ。,https://morimachi.enshu-lifehack.com/temple/sects/tendai/,,True,8,15,,7833
https://morimachi.enshu-lifehack.com/temple/temples/,/temple/temples/,200,https://morimachi.enshu-lifehack.com/temple/temples/,False,静岡県森町の寺院一覧 | 森町ライフハック,📜 森町の寺院一覧,1,静岡県周智郡森町（遠州森町）の寺院35ヶ寺の一覧です。宗教法人名簿と森町公式資料をもとにしています。,https://morimachi.enshu-lifehack.com/temple/temples/,,True,38,44,,12470
https://morimachi.enshu-lifehack.com/temple/temples/t01/,/temple/temples/t01/,200,https://morimachi.enshu-lifehack.com/temple/temples/t01/,False,蓮増院 | 静岡県森町ライフハック,🛕 蓮増院,1,蓮増院（天台宗）は、静岡県周智郡森町一宮3903にある天台宗の寺院です。,https://morimachi.enshu-lifehack.com/temple/temples/t01/,,True,7,15,,9050
https://morimachi.enshu-lifehack.com/temple/temples/t02/,/temple/temples/t02/,200,https://morimachi.enshu-lifehack.com/temple/temples/t02/,False,蓮華寺 | 静岡県森町ライフハック,🛕 蓮華寺,1,蓮華寺（天台宗）は、静岡県周智郡森町森2144にある天台宗の寺院です。,https://morimachi.enshu-lifehack.com/temple/temples/t02/,,True,15,19,,9620
https://morimachi.enshu-lifehack.com/temple/temples/t03/,/temple/temples/t03/,200,https://morimachi.enshu-lifehack.com/temple/temples/t03/,False,金剛院 | 静岡県森町ライフハック,🛕 金剛院,1,金剛院（真言宗）は、静岡県周智郡森町三倉2308にある真言宗の寺院です。,https://morimachi.enshu-lifehack.com/temple/temples/t03/,,True,9,17,,9549
https://morimachi.enshu-lifehack.com/temple/temples/t04/,/temple/temples/t04/,200,https://morimachi.enshu-lifehack.com/temple/temples/t04/,False,遍照寺 | 静岡県森町ライフハック,🛕 遍照寺,1,遍照寺（真言宗）は、静岡県周智郡森町飯田2130にある真言宗の寺院です。,https://morimachi.enshu-lifehack.com/temple/temples/t04/,,True,15,17,,9354
https://morimachi.enshu-lifehack.com/temple/temples/t05/,/temple/temples/t05/,200,https://morimachi.enshu-lifehack.com/temple/temples/t05/,False,安養院 | 静岡県森町ライフハック,🛕 安養院,1,安養院（浄土宗）は、静岡県周智郡森町一宮322にある浄土宗の寺院です。,https://morimachi.enshu-lifehack.com/temple/temples/t05/,,True,7,15,,9044
https://morimachi.enshu-lifehack.com/temple/temples/t06/,/temple/temples/t06/,200,https://morimachi.enshu-lifehack.com/temple/temples/t06/,False,極楽寺 | 静岡県森町ライフハック,🛕 極楽寺,1,極楽寺（曹洞宗）は、静岡県周智郡森町一宮5709にある曹洞宗の寺院です。,https://morimachi.enshu-lifehack.com/temple/temples/t06/,,True,9,15,,9048
https://morimachi.enshu-lifehack.com/temple/temples/t07/,/temple/temples/t07/,200,https://morimachi.enshu-lifehack.com/temple/temples/t07/,False,大洞院 | 静岡県森町ライフハック,🛕 大洞院,1,大洞院（曹洞宗）は、静岡県周智郡森町橘249にある曹洞宗の寺院です。,https://morimachi.enshu-lifehack.com/temple/temples/t07/,,True,11,19,,9614
https://morimachi.enshu-lifehack.com/temple/temples/t08/,/temple/temples/t08/,200,https://morimachi.enshu-lifehack.com/temple/temples/t08/,False,梅林院 | 静岡県森町ライフハック,🛕 梅林院,1,梅林院（曹洞宗）は、静岡県周智郡森町森2345にある曹洞宗の寺院です。,https://morimachi.enshu-lifehack.com/temple/temples/t08/,,True,11,19,,9618
https://morimachi.enshu-lifehack.com/temple/temples/t09/,/temple/temples/t09/,200,https://morimachi.enshu-lifehack.com/temple/temples/t09/,False,隨松寺 | 静岡県森町ライフハック,🛕 隨松寺,1,隨松寺（曹洞宗）は、静岡県周智郡森町森2318にある曹洞宗の寺院です。,https://morimachi.enshu-lifehack.com/temple/temples/t09/,,True,15,19,,9618
https://morimachi.enshu-lifehack.com/temple/temples/t10/,/temple/temples/t10/,200,https://morimachi.enshu-lifehack.com/temple/temples/t10/,False,宝太寺 | 静岡県森町ライフハック,🛕 宝太寺,1,宝太寺（曹洞宗）は、静岡県周智郡森町向天方1128にある曹洞宗の寺院です。,https://morimachi.enshu-lifehack.com/temple/temples/t10/,,True,11,19,,9636
https://morimachi.enshu-lifehack.com/temple/temples/t11/,/temple/temples/t11/,200,https://morimachi.enshu-lifehack.com/temple/temples/t11/,False,西光寺 | 静岡県森町ライフハック,🛕 西光寺,1,西光寺（曹洞宗）は、静岡県周智郡森町森473にある曹洞宗の寺院です。,https://morimachi.enshu-lifehack.com/temple/temples/t11/,,True,15,19,,9614
https://morimachi.enshu-lifehack.com/temple/temples/t12/,/temple/temples/t12/,200,https://morimachi.enshu-lifehack.com/temple/temples/t12/,False,萬松寺 | 静岡県森町ライフハック,🛕 萬松寺,1,萬松寺（曹洞宗）は、静岡県周智郡森町天宮972にある曹洞宗の寺院です。,https://morimachi.enshu-lifehack.com/temple/temples/t12/,,True,11,19,,9622
https://morimachi.enshu-lifehack.com/temple/temples/t13/,/temple/temples/t13/,200,https://morimachi.enshu-lifehack.com/temple/temples/t13/,False,藏雲院 | 静岡県森町ライフハック,🛕 藏雲院,1,藏雲院（曹洞宗）は、静岡県周智郡森町大鳥居540-1にある曹洞宗の寺院です。,https://morimachi.enshu-lifehack.com/temple/temples/t13/,,True,10,16,,9213
https://morimachi.enshu-lifehack.com/temple/temples/t14/,/temple/temples/t14/,200,https://morimachi.enshu-lifehack.com/temple/temples/t14/,False,自得院 | 静岡県森町ライフハック,🛕 自得院,1,自得院（曹洞宗）は、静岡県周智郡森町鍛冶島522-1にある曹洞宗の寺院です。,https://morimachi.enshu-lifehack.com/temple/temples/t14/,,True,10,16,,9213
https://morimachi.enshu-lifehack.com/temple/temples/t15/,/temple/temples/t15/,200,https://morimachi.enshu-lifehack.com/temple/temples/t15/,False,萬福寺 | 静岡県森町ライフハック,🛕 萬福寺,1,萬福寺（曹洞宗）は、静岡県周智郡森町問詰388にある曹洞宗の寺院です。,https://morimachi.enshu-lifehack.com/temple/temples/t15/,,True,8,16,,9196
https://morimachi.enshu-lifehack.com/temple/temples/t16/,/temple/temples/t16/,200,https://morimachi.enshu-lifehack.com/temple/temples/t16/,False,福泉寺 | 静岡県森町ライフハック,🛕 福泉寺,1,福泉寺（曹洞宗）は、静岡県周智郡森町西俣50にある曹洞宗の寺院です。,https://morimachi.enshu-lifehack.com/temple/temples/t16/,,True,8,16,,9192
https://morimachi.enshu-lifehack.com/temple/temples/t17/,/temple/temples/t17/,200,https://morimachi.enshu-lifehack.com/temple/temples/t17/,False,古心庵 | 静岡県森町ライフハック,🛕 古心庵,1,古心庵（曹洞宗）は、静岡県周智郡森町葛布288にある曹洞宗の寺院です。,https://morimachi.enshu-lifehack.com/temple/temples/t17/,,True,8,16,,9196
https://morimachi.enshu-lifehack.com/temple/temples/t18/,/temple/temples/t18/,200,https://morimachi.enshu-lifehack.com/temple/temples/t18/,False,全光寺 | 静岡県森町ライフハック,🛕 全光寺,1,全光寺（曹洞宗）は、静岡県周智郡森町三倉2257にある曹洞宗の寺院です。,https://morimachi.enshu-lifehack.com/temple/temples/t18/,,True,9,17,,9366
https://morimachi.enshu-lifehack.com/temple/temples/t19/,/temple/temples/t19/,200,https://morimachi.enshu-lifehack.com/temple/temples/t19/,False,蔵泉寺 | 静岡県森町ライフハック,🛕 蔵泉寺,1,蔵泉寺（曹洞宗）は、静岡県周智郡森町三倉4935にある曹洞宗の寺院です。,https://morimachi.enshu-lifehack.com/temple/temples/t19/,,True,11,17,,9366
https://morimachi.enshu-lifehack.com/temple/temples/t20/,/temple/temples/t20/,200,https://morimachi.enshu-lifehack.com/temple/temples/t20/,False,長月寺 | 静岡県森町ライフハック,🛕 長月寺,1,長月寺（曹洞宗）は、静岡県周智郡森町三倉3196にある曹洞宗の寺院です。,https://morimachi.enshu-lifehack.com/temple/temples/t20/,,True,9,17,,9367
https://morimachi.enshu-lifehack.com/temple/temples/t21/,/temple/temples/t21/,200,https://morimachi.enshu-lifehack.com/temple/temples/t21/,False,太慶寺 | 静岡県森町ライフハック,🛕 太慶寺,1,太慶寺（曹洞宗）は、静岡県周智郡森町三倉4339にある曹洞宗の寺院です。,https://morimachi.enshu-lifehack.com/temple/temples/t21/,,True,9,17,,9367
https://morimachi.enshu-lifehack.com/temple/temples/t22/,/temple/temples/t22/,200,https://morimachi.enshu-lifehack.com/temple/temples/t22/,False,榮泉寺 | 静岡県森町ライフハック,🛕 榮泉寺,1,榮泉寺（曹洞宗）は、静岡県周智郡森町三倉707にある曹洞宗の寺院です。本堂は元禄9年（1696年）建立で、森町の寺院建築では最古の記録とされています。,https://morimachi.enshu-lifehack.com/temple/temples/t22/,,True,9,17,,9857
https://morimachi.enshu-lifehack.com/temple/temples/t23/,/temple/temples/t23/,200,https://morimachi.enshu-lifehack.com/temple/temples/t23/,False,崇信寺 | 静岡県森町ライフハック,🛕 崇信寺,1,崇信寺（曹洞宗）は、静岡県周智郡森町飯田3052にある曹洞宗の寺院です。,https://morimachi.enshu-lifehack.com/temple/temples/t23/,,True,9,17,,9342
https://morimachi.enshu-lifehack.com/temple/temples/t24/,/temple/temples/t24/,200,https://morimachi.enshu-lifehack.com/temple/temples/t24/,False,泉龍寺 | 静岡県森町ライフハック,🛕 泉龍寺,1,泉龍寺（曹洞宗）は、静岡県周智郡森町睦実1621にある曹洞宗の寺院です。,https://morimachi.enshu-lifehack.com/temple/temples/t24/,,True,15,17,,9342
https://morimachi.enshu-lifehack.com/temple/temples/t25/,/temple/temples/t25/,200,https://morimachi.enshu-lifehack.com/temple/temples/t25/,False,玉泉寺 | 静岡県森町ライフハック,🛕 玉泉寺,1,玉泉寺（曹洞宗）は、静岡県周智郡森町睦実2325にある曹洞宗の寺院です。,https://morimachi.enshu-lifehack.com/temple/temples/t25/,,True,15,17,,9342
https://morimachi.enshu-lifehack.com/temple/temples/t26/,/temple/temples/t26/,200,https://morimachi.enshu-lifehack.com/temple/temples/t26/,False,宗源寺 | 静岡県森町ライフハック,🛕 宗源寺,1,宗源寺（曹洞宗）は、静岡県周智郡森町睦実227にある曹洞宗の寺院です。,https://morimachi.enshu-lifehack.com/temple/temples/t26/,,True,15,17,,9338
https://morimachi.enshu-lifehack.com/temple/temples/t27/,/temple/temples/t27/,200,https://morimachi.enshu-lifehack.com/temple/temples/t27/,False,香勝寺 | 静岡県森町ライフハック,🛕 香勝寺,1,香勝寺（曹洞宗）は、静岡県周智郡森町草ヶ谷968にある曹洞宗の寺院です。,https://morimachi.enshu-lifehack.com/temple/temples/t27/,,True,13,16,,9202
https://morimachi.enshu-lifehack.com/temple/temples/t28/,/temple/temples/t28/,200,https://morimachi.enshu-lifehack.com/temple/temples/t28/,False,雲林寺 | 静岡県森町ライフハック,🛕 雲林寺,1,雲林寺（曹洞宗）は、静岡県周智郡森町中川43-2にある曹洞宗の寺院です。,https://morimachi.enshu-lifehack.com/temple/temples/t28/,,True,13,16,,9197
https://morimachi.enshu-lifehack.com/temple/temples/t29/,/temple/temples/t29/,200,https://morimachi.enshu-lifehack.com/temple/temples/t29/,False,地蔵寺 | 静岡県森町ライフハック,🛕 地蔵寺,1,地蔵寺（曹洞宗）は、静岡県周智郡森町中川1269にある曹洞宗の寺院です。,https://morimachi.enshu-lifehack.com/temple/temples/t29/,,True,13,16,,9197
https://morimachi.enshu-lifehack.com/temple/temples/t30/,/temple/temples/t30/,200,https://morimachi.enshu-lifehack.com/temple/temples/t30/,False,大福寺 | 静岡県森町ライフハック,🛕 大福寺,1,大福寺（曹洞宗）は、静岡県周智郡森町牛飼409にある曹洞宗の寺院です。,https://morimachi.enshu-lifehack.com/temple/temples/t30/,,True,13,16,,9193
https://morimachi.enshu-lifehack.com/temple/temples/t31/,/temple/temples/t31/,200,https://morimachi.enshu-lifehack.com/temple/temples/t31/,False,全生寺 | 静岡県森町ライフハック,🛕 全生寺,1,全生寺（曹洞宗）は、静岡県周智郡森町円田1076-1にある曹洞宗の寺院です。,https://morimachi.enshu-lifehack.com/temple/temples/t31/,,True,13,16,,9205
https://morimachi.enshu-lifehack.com/temple/temples/t32/,/temple/temples/t32/,200,https://morimachi.enshu-lifehack.com/temple/temples/t32/,False,高雲寺 | 静岡県森町ライフハック,🛕 高雲寺,1,高雲寺（曹洞宗）は、静岡県周智郡森町一宮3167にある曹洞宗の寺院です。,https://morimachi.enshu-lifehack.com/temple/temples/t32/,,True,9,15,,9048
https://morimachi.enshu-lifehack.com/temple/temples/t33/,/temple/temples/t33/,200,https://morimachi.enshu-lifehack.com/temple/temples/t33/,False,報恩寺 | 静岡県森町ライフハック,🛕 報恩寺,1,報恩寺（日蓮宗）は、静岡県周智郡森町向天方1255-1にある日蓮宗の寺院です。,https://morimachi.enshu-lifehack.com/temple/temples/t33/,,True,15,19,,9648
https://morimachi.enshu-lifehack.com/temple/temples/t34/,/temple/temples/t34/,200,https://morimachi.enshu-lifehack.com/temple/temples/t34/,False,本立寺 | 静岡県森町ライフハック,🛕 本立寺,1,本立寺（日蓮宗）は、静岡県周智郡森町飯田1935-1にある日蓮宗の寺院です。,https://morimachi.enshu-lifehack.com/temple/temples/t34/,,True,15,17,,9354
https://morimachi.enshu-lifehack.com/temple/temples/t35/,/temple/temples/t35/,200,https://morimachi.enshu-lifehack.com/temple/temples/t35/,False,陽向院 | 静岡県森町ライフハック,🛕 陽向院,1,陽向院（曹洞宗）は、静岡県周智郡森町（詳細未確認）にある曹洞宗の寺院です。,https://morimachi.enshu-lifehack.com/temple/temples/t35/,,True,4,11,,8680
https://morimachi.enshu-lifehack.com/terms/,/terms/,200,https://morimachi.enshu-lifehack.com/terms/,False,利用規約 | 静岡県森町ライフハック,利用規約,1,静岡県周智郡森町ライフハック(運営: 富士ヶ丘サービス株式会社)の利用規約です。著作権、無断転載・複製の禁止、免責事項を定めています。,https://morimachi.enshu-lifehack.com/terms/,,True,618,6,,10015
https://morimachi.enshu-lifehack.com/tools/,/tools/,200,https://morimachi.enshu-lifehack.com/tools/,False,便利ツール | 静岡県森町ライフハック,🧰 便利ツール,1,静岡県周智郡森町の暮らしで使えるツールをまとめています。,https://morimachi.enshu-lifehack.com/tools/,,True,11,14,,8230
https://morimachi.enshu-lifehack.com/tools/gomi-search/,/tools/gomi-search/,200,https://morimachi.enshu-lifehack.com/tools/gomi-search/,False,ごみ分別クイック検索 | 静岡県森町ライフハック,🗑️ ごみ分別クイック検索,1,静岡県周智郡森町の家庭ごみは、町公式の「家庭ごみの出し方ナビ」で品目名から調べられます。分別表・カレンダーは多言語にも対応しています。,https://morimachi.enshu-lifehack.com/tools/gomi-search/,,True,6,11,,11201
https://morimachi.enshu-lifehack.com/tools/life-timeline/,/tools/life-timeline/,200,https://morimachi.enshu-lifehack.com/tools/life-timeline/,False,ライフイベント・タイムライン | 静岡県森町ライフハック,🧭 ライフイベント・タイムライン,1,結婚・出産・介護・相続・農地の承継まで。人生の節目ごとに、静岡県周智郡森町で必要になる手続きを見渡せます。,https://morimachi.enshu-lifehack.com/tools/life-timeline/,,True,8,41,,15139
https://morimachi.enshu-lifehack.com/tools/moving-checklist/,/tools/moving-checklist/,200,https://morimachi.enshu-lifehack.com/tools/moving-checklist/,False,引っ越しチェックリスト | 静岡県森町ライフハック,📦 引っ越しチェックリスト,1,静岡県周智郡森町への転入・森町からの転出で必要な手続きを、順番に確認できます。,https://morimachi.enshu-lifehack.com/tools/moving-checklist/,,True,6,37,,11386
