url,status,final_url,掲載ページ数,掲載ページ
https://www.town.morimachi.shizuoka.jp/gyosei/kanko_bunka_sports/index.html,404,,1,/hub/enjoy/
https://www.town.morimachi.shizuoka.jp/gyosei/kurashi_tetsuzuki/bosai/index.html,404,,1,/hub/trouble/
https://social-plugins.line.me/lineit/share?url=https%3A%2F%2Fmorimachi.enshu-lifehack.com%2Flife%2Feducation%2Fafter-school-club%2F&text=%E9%9D%99%E5%B2%A1%E7%9C%8C%E5%91%A8%E6%99%BA%E9%83%A1%E6%A3%AE%E7%94%BA%E3%81%AE%E6%A3%AE%E7%94%BA%E3%81%AE%E6%94%BE%E8%AA%B2%E5%BE%8C%E5%85%90%E7%AB%A5%E3%82%AF%E3%83%A9%E3%83%96%E3%81%AF%E3%80%81%E5%AF%BE%E8%B1%A1%E5%AD%A6%E5%B9%B4%E3%81%A8%E7%94%B3%E8%AB%8B%E6%99%82%E6%9C%9F%EF%BC%88%E4%BE%8B%E5%B9%B49%E6%9C%88%EF%BC%89%E3%82%92%E5%85%88%E3%81%AB%E7%A2%BA%E8%AA%8D%E3%81%99%E3%82%8B%E3%80%81%E3%81%93%E3%81%93%E8%A6%8B%E3%82%8B%E3%81%A8%E6%97%A9%E3%81%84%E3%82%88,200,https://access.line.me/oauth2/v2.1/login?returnUri=%2Foauth2%2Fv2.1%2Fauthorize%2Fconsent%3Fresponse_type%3Dcode%26client_id%3D1446101138%26state%3D5165e6c757c6d41d109867799dc3ef%26redirect_uri%3Dhttps%253A%252F%252Fsocial-plugins.line.me%252Flineit%252FloginCallback%253FreturnUrl%253Dhttps%25253A%25252F%25252Fsocial-plugins.line.me%25252Flineit%25252Fshare%25253Furl%25253Dhttps%2525253A%2525252F%2525252Fmorimachi.enshu-lifehack.com%2525252Flife%2525252Feducation%2525252Fafter-school-club%2525252F%252526text%25253D%252525E9%2525259D%25252599%252525E5%252525B2%252525A1%252525E7%2525259C%2525258C%252525E5%25252591%252525A8%252525E6%25252599%252525BA%252525E9%25252583%252525A1%252525E6%252525A3%252525AE%252525E7%25252594%252525BA%252525E3%25252581%252525AE%252525E6%252525A3%252525AE%252525E7%25252594%252525BA%252525E3%25252581%252525AE%252525E6%25252594%252525BE%252525E8%252525AA%252525B2%252525E5%252525BE%2525258C%252525E5%25252585%25252590%252525E7%252525AB%252525A5%252525E3%25252582%252525AF%252525E3%25252583%252525A9%252525E3%25252583%25252596%252525E3%25252581%252525AF%252525E3%25252580%25252581%252525E5%252525AF%252525BE%252525E8%252525B1%252525A1%252525E5%252525AD%252525A6%252525E5%252525B9%252525B4%252525E3%25252581%252525A8%252525E7%25252594%252525B3%252525E8%252525AB%2525258B%252525E6%25252599%25252582%252525E6%2525259C%2525259F%252525EF%252525BC%25252588%252525E4%252525BE%2525258B%252525E5%252525B9%252525B49%252525E6%2525259C%25252588%252525EF%252525BC%25252589%252525E3%25252582%25252592%252525E5%25252585%25252588%252525E3%25252581%252525AB%252525E7%252525A2%252525BA%252525E8%252525AA%2525258D%252525E3%25252581%25252599%252525E3%25252582%2525258B%252525E3%25252580%25252581%252525E3%25252581%25252593%252525E3%25252581%25252593%252525E8%252525A6%2525258B%252525E3%25252582%2525258B%252525E3%25252581%252525A8%252525E6%25252597%252525A9%252525E3%25252581%25252584%252525E3%25252582%25252588%26scope%3Dopenid%2520profile%2520friends%2520groups%2520timeline.post%2520message.write&loginChannelId=1446101138&loginState=Rm52DaMtTHgPS2CFIH9yZw,1,/life/education/after-school-club/
https://social-plugins.line.me/lineit/share?url=https%3A%2F%2Fmorimachi.enshu-lifehack.com%2Flife%2Feducation%2Feducational-consulting%2F&text=%E9%9D%99%E5%B2%A1%E7%9C%8C%E5%91%A8%E6%99%BA%E9%83%A1%E6%A3%AE%E7%94%BA%E3%81%AE%E6%A3%AE%E7%94%BA%E3%81%AE%E6%95%99%E8%82%B2%E7%9B%B8%E8%AB%87%E3%81%AF%E3%80%81%E6%95%99%E8%82%B2%E6%94%AF%E6%8F%B4%E3%82%BB%E3%83%B3%E3%82%BF%E3%83%BC%E3%80%8C%E3%82%8F%E3%81%8B%E3%81%B0%E3%80%8D%E3%81%A8%E5%AD%A6%E6%A0%A1%E6%95%99%E8%82%B2%E8%AA%B2%E3%81%B8%E5%9B%B0%E3%82%8A%E3%81%94%E3%81%A8%E3%82%92%E4%B8%80%E6%96%87%E3%81%A7%E6%95%B4%E7%90%86%E3%81%97%E3%81%A6%E3%81%8B%E3%82%89%E7%9B%B8%E8%AB%87%E3%81%99%E3%82%8B%E3%80%81%E3%81%93%E3%81%93%E8%A6%8B%E3%82%8B%E3%81%A8%E6%97%A9%E3%81%84%E3%82%88,200,https://access.line.me/oauth2/v2.1/login?returnUri=%2Foauth2%2Fv2.1%2Fauthorize%2Fconsent%3Fresponse_type%3Dcode%26client_id%3D1446101138%26state%3D505520cd3697d01e71085723bf67f9%26redirect_uri%3Dhttps%253A%252F%252Fsocial-plugins.line.me%252Flineit%252FloginCallback%253FreturnUrl%253Dhttps%25253A%25252F%25252Fsocial-plugins.line.me%25252Flineit%25252Fshare%25253Furl%25253Dhttps%2525253A%2525252F%2525252Fmorimachi.enshu-lifehack.com%2525252Flife%2525252Feducation%2525252Feducational-consulting%2525252F%252526text%25253D%252525E9%2525259D%25252599%252525E5%252525B2%252525A1%252525E7%2525259C%2525258C%252525E5%25252591%252525A8%252525E6%25252599%252525BA%252525E9%25252583%252525A1%252525E6%252525A3%252525AE%252525E7%25252594%252525BA%252525E3%25252581%252525AE%252525E6%252525A3%252525AE%252525E7%25252594%252525BA%252525E3%25252581%252525AE%252525E6%25252595%25252599%252525E8%25252582%252525B2%252525E7%2525259B%252525B8%252525E8%252525AB%25252587%252525E3%25252581%252525AF%252525E3%25252580%25252581%252525E6%25252595%25252599%252525E8%25252582%252525B2%252525E6%25252594%252525AF%252525E6%2525258F%252525B4%252525E3%25252582%252525BB%252525E3%25252583%252525B3%252525E3%25252582%252525BF%252525E3%25252583%252525BC%252525E3%25252580%2525258C%252525E3%25252582%2525258F%252525E3%25252581%2525258B%252525E3%25252581%252525B0%252525E3%25252580%2525258D%252525E3%25252581%252525A8%252525E5%252525AD%252525A6%252525E6%252525A0%252525A1%252525E6%25252595%25252599%252525E8%25252582%252525B2%252525E8%252525AA%252525B2%252525E3%25252581%252525B8%252525E5%2525259B%252525B0%252525E3%25252582%2525258A%252525E3%25252581%25252594%252525E3%25252581%252525A8%252525E3%25252582%25252592%252525E4%252525B8%25252580%252525E6%25252596%25252587%252525E3%25252581%252525A7%252525E6%25252595%252525B4%252525E7%25252590%25252586%252525E3%25252581%25252597%252525E3%25252581%252525A6%252525E3%25252581%2525258B%252525E3%25252582%25252589%252525E7%2525259B%252525B8%252525E8%252525AB%25252587%252525E3%25252581%25252599%252525E3%25252582%2525258B%252525E3%25252580%25252581%252525E3%25252581%25252593%252525E3%25252581%25252593%252525E8%252525A6%2525258B%252525E3%25252582%2525258B%252525E3%25252581%252525A8%252525E6%25252597%252525A9%252525E3%25252581%25252584%252525E3%25252582%25252588%26scope%3Dopenid%2520profile%2520friends%2520groups%2520timeline.post%2520message.write&loginChannelId=1446101138&loginState=05Hwg27EaSfisGRuGUjB3T,1,/life/education/educational-consulting/
https://social-plugins.line.me/lineit/share?url=https%3A%2F%2Fmorimachi.enshu-lifehack.com%2Flife%2Feducation%2Felementary-middle-school%2F&text=%E9%9D%99%E5%B2%A1%E7%9C%8C%E5%91%A8%E6%99%BA%E9%83%A1%E6%A3%AE%E7%94%BA%E3%81%AE%E6%A3%AE%E7%94%BA%E3%81%AE%E5%B0%8F%E4%B8%AD%E5%AD%A6%E6%A0%A1%E3%81%AF5%E6%A0%A1%EF%BC%88%E5%B0%8F%E5%AD%A6%E6%A0%A13%E6%A0%A1%E3%83%BB%E4%B8%AD%E5%AD%A6%E6%A0%A12%E6%A0%A1%EF%BC%89%E3%80%81%E5%AD%A6%E6%A0%A1%E4%B8%80%E8%A6%A7%E3%81%A8%E6%89%8B%E7%B6%9A%E3%81%8D%E3%82%92%E5%88%86%E3%81%91%E3%81%A6%E8%A6%8B%E3%82%8B%E3%80%81%E3%81%93%E3%81%93%E8%A6%8B%E3%82%8B%E3%81%A8%E6%97%A9%E3%81%84%E3%82%88,200,https://access.line.me/oauth2/v2.1/login?returnUri=%2Foauth2%2Fv2.1%2Fauthorize%2Fconsent%3Fresponse_type%3Dcode%26client_id%3D1446101138%26state%3D4c8d2525445a980faa160330284e85%26redirect_uri%3Dhttps%253A%252F%252Fsocial-plugins.line.me%252Flineit%252FloginCallback%253FreturnUrl%253Dhttps%25253A%25252F%25252Fsocial-plugins.line.me%25252Flineit%25252Fshare%25253Furl%25253Dhttps%2525253A%2525252F%2525252Fmorimachi.enshu-lifehack.com%2525252Flife%2525252Feducation%2525252Felementary-middle-school%2525252F%252526text%25253D%252525E9%2525259D%25252599%252525E5%252525B2%252525A1%252525E7%2525259C%2525258C%252525E5%25252591%252525A8%252525E6%25252599%252525BA%252525E9%25252583%252525A1%252525E6%252525A3%252525AE%252525E7%25252594%252525BA%252525E3%25252581%252525AE%252525E6%252525A3%252525AE%252525E7%25252594%252525BA%252525E3%25252581%252525AE%252525E5%252525B0%2525258F%252525E4%252525B8%252525AD%252525E5%252525AD%252525A6%252525E6%252525A0%252525A1%252525E3%25252581%252525AF5%252525E6%252525A0%252525A1%252525EF%252525BC%25252588%252525E5%252525B0%2525258F%252525E5%252525AD%252525A6%252525E6%252525A0%252525A13%252525E6%252525A0%252525A1%252525E3%25252583%252525BB%252525E4%252525B8%252525AD%252525E5%252525AD%252525A6%252525E6%252525A0%252525A12%252525E6%252525A0%252525A1%252525EF%252525BC%25252589%252525E3%25252580%25252581%252525E5%252525AD%252525A6%252525E6%252525A0%252525A1%252525E4%252525B8%25252580%252525E8%252525A6%252525A7%252525E3%25252581%252525A8%252525E6%25252589%2525258B%252525E7%252525B6%2525259A%252525E3%25252581%2525258D%252525E3%25252582%25252592%252525E5%25252588%25252586%252525E3%25252581%25252591%252525E3%25252581%252525A6%252525E8%252525A6%2525258B%252525E3%25252582%2525258B%252525E3%25252580%25252581%252525E3%25252581%25252593%252525E3%25252581%25252593%252525E8%252525A6%2525258B%252525E3%25252582%2525258B%252525E3%25252581%252525A8%252525E6%25252597%252525A9%252525E3%25252581%25252584%252525E3%25252582%25252588%26scope%3Dopenid%2520profile%2520friends%2520groups%2520timeline.post%2520message.write&loginChannelId=1446101138&loginState=ryJwEAl6GiTnN6Bxy880CH,1,/life/education/elementary-middle-school/
https://social-plugins.line.me/lineit/share?url=https%3A%2F%2Fmorimachi.enshu-lifehack.com%2Flife%2Feducation%2F&text=%E9%9D%99%E5%B2%A1%E7%9C%8C%E5%91%A8%E6%99%BA%E9%83%A1%E6%A3%AE%E7%94%BA%E3%81%AE%F0%9F%8E%92%20%E5%AD%A6%E3%81%B6%E3%83%BB%E8%82%B2%E3%81%A4%E3%80%81%E3%81%93%E3%81%93%E8%A6%8B%E3%82%8B%E3%81%A8%E6%97%A9%E3%81%84%E3%82%88,200,https://access.line.me/oauth2/v2.1/login?returnUri=%2Foauth2%2Fv2.1%2Fauthorize%2Fconsent%3Fresponse_type%3Dcode%26client_id%3D1446101138%26state%3D19e4786db8af953978372315a910b3%26redirect_uri%3Dhttps%253A%252F%252Fsocial-plugins.line.me%252Flineit%252FloginCallback%253FreturnUrl%253Dhttps%25253A%25252F%25252Fsocial-plugins.line.me%25252Flineit%25252Fshare%25253Furl%25253Dhttps%2525253A%2525252F%2525252Fmorimachi.enshu-lifehack.com%2525252Flife%2525252Feducation%2525252F%252526text%25253D%252525E9%2525259D%25252599%252525E5%252525B2%252525A1%252525E7%2525259C%2525258C%252525E5%25252591%252525A8%252525E6%25252599%252525BA%252525E9%25252583%252525A1%252525E6%252525A3%252525AE%252525E7%25252594%252525BA%252525E3%25252581%252525AE%252525F0%2525259F%2525258E%25252592%25252520%252525E5%252525AD%252525A6%252525E3%25252581%252525B6%252525E3%25252583%252525BB%252525E8%25252582%252525B2%252525E3%25252581%252525A4%252525E3%25252580%25252581%252525E3%25252581%25252593%252525E3%25252581%25252593%252525E8%252525A6%2525258B%252525E3%25252582%2525258B%252525E3%25252581%252525A8%252525E6%25252597%252525A9%252525E3%25252581%25252584%252525E3%25252582%25252588%26scope%3Dopenid%2520profile%2520friends%2520groups%2520timeline.post%2520message.write&loginChannelId=1446101138&loginState=Ojnb6JneykdNtV1HXkv8r9,1,/life/education/
https://social-plugins.line.me/lineit/share?url=https%3A%2F%2Fmorimachi.enshu-lifehack.com%2Flife%2Feducation%2Fschool-district-transfer%2F&text=%E9%9D%99%E5%B2%A1%E7%9C%8C%E5%91%A8%E6%99%BA%E9%83%A1%E6%A3%AE%E7%94%BA%E3%81%AE%E8%BB%A2%E6%A0%A1%E3%81%AF%E3%80%81%E4%BD%8F%E6%89%80%E7%95%B0%E5%8B%95%E3%81%AE%E5%B1%8A%E5%87%BA%E3%81%A8%E9%80%9A%E5%AD%A6%E4%B8%AD%E3%81%AE%E5%AD%A6%E6%A0%A1%E3%81%A7%E3%81%AE%E6%89%8B%E7%B6%9A%E3%81%8D%E3%82%92%E3%81%BE%E3%81%A8%E3%82%81%E3%81%A6%E7%A2%BA%E8%AA%8D%E3%81%99%E3%82%8B%E3%80%81%E3%81%93%E3%81%93%E8%A6%8B%E3%82%8B%E3%81%A8%E6%97%A9%E3%81%84%E3%82%88,200,https://access.line.me/oauth2/v2.1/login?returnUri=%2Foauth2%2Fv2.1%2Fauthorize%2Fconsent%3Fresponse_type%3Dcode%26client_id%3D1446101138%26state%3D3194a4890eb15290f64316de1cbbba%26redirect_uri%3Dhttps%253A%252F%252Fsocial-plugins.line.me%252Flineit%252FloginCallback%253FreturnUrl%253Dhttps%25253A%25252F%25252Fsocial-plugins.line.me%25252Flineit%25252Fshare%25253Furl%25253Dhttps%2525253A%2525252F%2525252Fmorimachi.enshu-lifehack.com%2525252Flife%2525252Feducation%2525252Fschool-district-transfer%2525252F%252526text%25253D%252525E9%2525259D%25252599%252525E5%252525B2%252525A1%252525E7%2525259C%2525258C%252525E5%25252591%252525A8%252525E6%25252599%252525BA%252525E9%25252583%252525A1%252525E6%252525A3%252525AE%252525E7%25252594%252525BA%252525E3%25252581%252525AE%252525E8%252525BB%252525A2%252525E6%252525A0%252525A1%252525E3%25252581%252525AF%252525E3%25252580%25252581%252525E4%252525BD%2525258F%252525E6%25252589%25252580%252525E7%25252595%252525B0%252525E5%2525258B%25252595%252525E3%25252581%252525AE%252525E5%252525B1%2525258A%252525E5%25252587%252525BA%252525E3%25252581%252525A8%252525E9%25252580%2525259A%252525E5%252525AD%252525A6%252525E4%252525B8%252525AD%252525E3%25252581%252525AE%252525E5%252525AD%252525A6%252525E6%252525A0%252525A1%252525E3%25252581%252525A7%252525E3%25252581%252525AE%252525E6%25252589%2525258B%252525E7%252525B6%2525259A%252525E3%25252581%2525258D%252525E3%25252582%25252592%252525E3%25252581%252525BE%252525E3%25252581%252525A8%252525E3%25252582%25252581%252525E3%25252581%252525A6%252525E7%252525A2%252525BA%252525E8%252525AA%2525258D%252525E3%25252581%25252599%252525E3%25252582%2525258B%252525E3%25252580%25252581%252525E3%25252581%25252593%252525E3%25252581%25252593%252525E8%252525A6%2525258B%252525E3%25252582%2525258B%252525E3%25252581%252525A8%252525E6%25252597%252525A9%252525E3%25252581%25252584%252525E3%25252582%25252588%26scope%3Dopenid%2520profile%2520friends%2520groups%2520timeline.post%2520message.write&loginChannelId=1446101138&loginState=DjitAzAg6JYUDyKwurUdeA,1,/life/education/school-district-transfer/
https://social-plugins.line.me/lineit/share?url=https%3A%2F%2Fmorimachi.enshu-lifehack.com%2Flife%2Feducation%2Fschool-expense-support%2F&text=%E9%9D%99%E5%B2%A1%E7%9C%8C%E5%91%A8%E6%99%BA%E9%83%A1%E6%A3%AE%E7%94%BA%E3%81%AE%E5%AD%A6%E6%A0%A1%E8%B2%BB%E7%94%A8%E3%81%AE%E4%B8%8D%E5%AE%89%E3%81%AF%E3%80%81%E5%B0%B1%E5%AD%A6%E6%8F%B4%E5%8A%A9%E5%88%B6%E5%BA%A6%E3%81%A8%E5%AD%A6%E6%A0%A1%E6%95%99%E8%82%B2%E8%AA%B2%E3%81%B8%E3%81%AE%E7%9B%B8%E8%AB%87%E3%82%92%E5%85%88%E3%81%AB%E7%A2%BA%E8%AA%8D%E3%81%99%E3%82%8B%E3%80%81%E3%81%93%E3%81%93%E8%A6%8B%E3%82%8B%E3%81%A8%E6%97%A9%E3%81%84%E3%82%88,200,https://access.line.me/oauth2/v2.1/login?returnUri=%2Foauth2%2Fv2.1%2Fauthorize%2Fconsent%3Fresponse_type%3Dcode%26client_id%3D1446101138%26state%3D111675220c1c37149b2d3da4dd2460%26redirect_uri%3Dhttps%253A%252F%252Fsocial-plugins.line.me%252Flineit%252FloginCallback%253FreturnUrl%253Dhttps%25253A%25252F%25252Fsocial-plugins.line.me%25252Flineit%25252Fshare%25253Furl%25253Dhttps%2525253A%2525252F%2525252Fmorimachi.enshu-lifehack.com%2525252Flife%2525252Feducation%2525252Fschool-expense-support%2525252F%252526text%25253D%252525E9%2525259D%25252599%252525E5%252525B2%252525A1%252525E7%2525259C%2525258C%252525E5%25252591%252525A8%252525E6%25252599%252525BA%252525E9%25252583%252525A1%252525E6%252525A3%252525AE%252525E7%25252594%252525BA%252525E3%25252581%252525AE%252525E5%252525AD%252525A6%252525E6%252525A0%252525A1%252525E8%252525B2%252525BB%252525E7%25252594%252525A8%252525E3%25252581%252525AE%252525E4%252525B8%2525258D%252525E5%252525AE%25252589%252525E3%25252581%252525AF%252525E3%25252580%25252581%252525E5%252525B0%252525B1%252525E5%252525AD%252525A6%252525E6%2525258F%252525B4%252525E5%2525258A%252525A9%252525E5%25252588%252525B6%252525E5%252525BA%252525A6%252525E3%25252581%252525A8%252525E5%252525AD%252525A6%252525E6%252525A0%252525A1%252525E6%25252595%25252599%252525E8%25252582%252525B2%252525E8%252525AA%252525B2%252525E3%25252581%252525B8%252525E3%25252581%252525AE%252525E7%2525259B%252525B8%252525E8%252525AB%25252587%252525E3%25252582%25252592%252525E5%25252585%25252588%252525E3%25252581%252525AB%252525E7%252525A2%252525BA%252525E8%252525AA%2525258D%252525E3%25252581%25252599%252525E3%25252582%2525258B%252525E3%25252580%25252581%252525E3%25252581%25252593%252525E3%25252581%25252593%252525E8%252525A6%2525258B%252525E3%25252582%2525258B%252525E3%25252581%252525A8%252525E6%25252597%252525A9%252525E3%25252581%25252584%252525E3%25252582%25252588%26scope%3Dopenid%2520profile%2520friends%2520groups%2520timeline.post%2520message.write&loginChannelId=1446101138&loginState=tNqPCHKIQMNpPQslTuAQLu,1,/life/education/school-expense-support/
https://social-plugins.line.me/lineit/share?url=https%3A%2F%2Fmorimachi.enshu-lifehack.com%2Flife%2Feducation%2Fschool-meals%2F&text=%E9%9D%99%E5%B2%A1%E7%9C%8C%E5%91%A8%E6%99%BA%E9%83%A1%E6%A3%AE%E7%94%BA%E3%81%AE%E5%AD%A6%E6%A0%A1%E7%B5%A6%E9%A3%9F%E3%81%AF%E3%80%81%E7%8C%AE%E7%AB%8B%E3%83%BB%E8%B2%BB%E7%94%A8%E3%83%BB%E3%82%A2%E3%83%AC%E3%83%AB%E3%82%AE%E3%83%BC%E5%AF%BE%E5%BF%9C%E3%82%92%E5%AD%A6%E6%A0%A1%E6%95%99%E8%82%B2%E8%AA%B2%E3%81%AB%E5%88%86%E3%81%91%E3%81%A6%E7%A2%BA%E8%AA%8D%E3%81%99%E3%82%8B%E3%80%81%E3%81%93%E3%81%93%E8%A6%8B%E3%82%8B%E3%81%A8%E6%97%A9%E3%81%84%E3%82%88,200,https://access.line.me/oauth2/v2.1/login?returnUri=%2Foauth2%2Fv2.1%2Fauthorize%2Fconsent%3Fresponse_type%3Dcode%26client_id%3D1446101138%26state%3D1b1009808d42bdc2b5c2ed5a543739%26redirect_uri%3Dhttps%253A%252F%252Fsocial-plugins.line.me%252Flineit%252FloginCallback%253FreturnUrl%253Dhttps%25253A%25252F%25252Fsocial-plugins.line.me%25252Flineit%25252Fshare%25253Furl%25253Dhttps%2525253A%2525252F%2525252Fmorimachi.enshu-lifehack.com%2525252Flife%2525252Feducation%2525252Fschool-meals%2525252F%252526text%25253D%252525E9%2525259D%25252599%252525E5%252525B2%252525A1%252525E7%2525259C%2525258C%252525E5%25252591%252525A8%252525E6%25252599%252525BA%252525E9%25252583%252525A1%252525E6%252525A3%252525AE%252525E7%25252594%252525BA%252525E3%25252581%252525AE%252525E5%252525AD%252525A6%252525E6%252525A0%252525A1%252525E7%252525B5%252525A6%252525E9%252525A3%2525259F%252525E3%25252581%252525AF%252525E3%25252580%25252581%252525E7%2525258C%252525AE%252525E7%252525AB%2525258B%252525E3%25252583%252525BB%252525E8%252525B2%252525BB%252525E7%25252594%252525A8%252525E3%25252583%252525BB%252525E3%25252582%252525A2%252525E3%25252583%252525AC%252525E3%25252583%252525AB%252525E3%25252582%252525AE%252525E3%25252583%252525BC%252525E5%252525AF%252525BE%252525E5%252525BF%2525259C%252525E3%25252582%25252592%252525E5%252525AD%252525A6%252525E6%252525A0%252525A1%252525E6%25252595%25252599%252525E8%25252582%252525B2%252525E8%252525AA%252525B2%252525E3%25252581%252525AB%252525E5%25252588%25252586%252525E3%25252581%25252591%252525E3%25252581%252525A6%252525E7%252525A2%252525BA%252525E8%252525AA%2525258D%252525E3%25252581%25252599%252525E3%25252582%2525258B%252525E3%25252580%25252581%252525E3%25252581%25252593%252525E3%25252581%25252593%252525E8%252525A6%2525258B%252525E3%25252582%2525258B%252525E3%25252581%252525A8%252525E6%25252597%252525A9%252525E3%25252581%25252584%252525E3%25252582%25252588%26scope%3Dopenid%2520profile%2520friends%2520groups%2520timeline.post%2520message.write&loginChannelId=1446101138&loginState=JvWK7tktgBgjuYH7PLKUdW,1,/life/education/school-meals/
https://social-plugins.line.me/lineit/share?url=https%3A%2F%2Fmorimachi.enshu-lifehack.com%2Flife%2Feducation%2Fschool-zones%2F&text=%E9%9D%99%E5%B2%A1%E7%9C%8C%E5%91%A8%E6%99%BA%E9%83%A1%E6%A3%AE%E7%94%BA%E3%81%AE%E9%80%9A%E5%AD%A6%E5%8C%BA%E3%81%AF%E3%80%81%E4%BD%8F%E6%89%80%E3%81%A8%E5%B0%8F%E4%B8%AD%E5%AD%A6%E6%A0%A1%E6%83%85%E5%A0%B1%E3%82%92%E3%82%BB%E3%83%83%E3%83%88%E3%81%A7%E5%AD%A6%E6%A0%A1%E6%95%99%E8%82%B2%E8%AA%B2%E3%81%AB%E7%A2%BA%E8%AA%8D%E3%81%99%E3%82%8B%E3%80%81%E3%81%93%E3%81%93%E8%A6%8B%E3%82%8B%E3%81%A8%E6%97%A9%E3%81%84%E3%82%88,200,https://access.line.me/oauth2/v2.1/login?returnUri=%2Foauth2%2Fv2.1%2Fauthorize%2Fconsent%3Fresponse_type%3Dcode%26client_id%3D1446101138%26state%3D0a46b88348f3cdcd3d33e1ff949839%26redirect_uri%3Dhttps%253A%252F%252Fsocial-plugins.line.me%252Flineit%252FloginCallback%253FreturnUrl%253Dhttps%25253A%25252F%25252Fsocial-plugins.line.me%25252Flineit%25252Fshare%25253Furl%25253Dhttps%2525253A%2525252F%2525252Fmorimachi.enshu-lifehack.com%2525252Flife%2525252Feducation%2525252Fschool-zones%2525252F%252526text%25253D%252525E9%2525259D%25252599%252525E5%252525B2%252525A1%252525E7%2525259C%2525258C%252525E5%25252591%252525A8%252525E6%25252599%252525BA%252525E9%25252583%252525A1%252525E6%252525A3%252525AE%252525E7%25252594%252525BA%252525E3%25252581%252525AE%252525E9%25252580%2525259A%252525E5%252525AD%252525A6%252525E5%2525258C%252525BA%252525E3%25252581%252525AF%252525E3%25252580%25252581%252525E4%252525BD%2525258F%252525E6%25252589%25252580%252525E3%25252581%252525A8%252525E5%252525B0%2525258F%252525E4%252525B8%252525AD%252525E5%252525AD%252525A6%252525E6%252525A0%252525A1%252525E6%25252583%25252585%252525E5%252525A0%252525B1%252525E3%25252582%25252592%252525E3%25252582%252525BB%252525E3%25252583%25252583%252525E3%25252583%25252588%252525E3%25252581%252525A7%252525E5%252525AD%252525A6%252525E6%252525A0%252525A1%252525E6%25252595%25252599%252525E8%25252582%252525B2%252525E8%252525AA%252525B2%252525E3%25252581%252525AB%252525E7%252525A2%252525BA%252525E8%252525AA%2525258D%252525E3%25252581%25252599%252525E3%25252582%2525258B%252525E3%25252580%25252581%252525E3%25252581%25252593%252525E3%25252581%25252593%252525E8%252525A6%2525258B%252525E3%25252582%2525258B%252525E3%25252581%252525A8%252525E6%25252597%252525A9%252525E3%25252581%25252584%252525E3%25252582%25252588%26scope%3Dopenid%2520profile%2520friends%2520groups%2520timeline.post%2520message.write&loginChannelId=1446101138&loginState=QilZXRH7sURCUOfgQwYqde,1,/life/education/school-zones/
https://social-plugins.line.me/lineit/share?url=https%3A%2F%2Fmorimachi.enshu-lifehack.com%2Flife%2Feducation%2Fstudy-facilities%2F&text=%E9%9D%99%E5%B2%A1%E7%9C%8C%E5%91%A8%E6%99%BA%E9%83%A1%E6%A3%AE%E7%94%BA%E3%81%AE%E5%AD%A6%E7%BF%92%E5%A0%B4%E6%89%80%E3%81%AF%E3%80%81%E6%A3%AE%E7%94%BA%E7%AB%8B%E5%9B%B3%E6%9B%B8%E9%A4%A8%E3%81%AE%E9%96%B2%E8%A6%A7%E3%82%B3%E3%83%BC%E3%83%8A%E3%83%BC%E3%81%A8%E9%96%8B%E9%A4%A8%E6%97%A5%E3%82%92%E5%85%88%E3%81%AB%E7%A2%BA%E8%AA%8D%E3%81%99%E3%82%8B%E3%80%81%E3%81%93%E3%81%93%E8%A6%8B%E3%82%8B%E3%81%A8%E6%97%A9%E3%81%84%E3%82%88,200,https://access.line.me/oauth2/v2.1/login?returnUri=%2Foauth2%2Fv2.1%2Fauthorize%2Fconsent%3Fresponse_type%3Dcode%26client_id%3D1446101138%26state%3D5c7e8c60a98e4157b654393d098cd3%26redirect_uri%3Dhttps%253A%252F%252Fsocial-plugins.line.me%252Flineit%252FloginCallback%253FreturnUrl%253Dhttps%25253A%25252F%25252Fsocial-plugins.line.me%25252Flineit%25252Fshare%25253Furl%25253Dhttps%2525253A%2525252F%2525252Fmorimachi.enshu-lifehack.com%2525252Flife%2525252Feducation%2525252Fstudy-facilities%2525252F%252526text%25253D%252525E9%2525259D%25252599%252525E5%252525B2%252525A1%252525E7%2525259C%2525258C%252525E5%25252591%252525A8%252525E6%25252599%252525BA%252525E9%25252583%252525A1%252525E6%252525A3%252525AE%252525E7%25252594%252525BA%252525E3%25252581%252525AE%252525E5%252525AD%252525A6%252525E7%252525BF%25252592%252525E5%252525A0%252525B4%252525E6%25252589%25252580%252525E3%25252581%252525AF%252525E3%25252580%25252581%252525E6%252525A3%252525AE%252525E7%25252594%252525BA%252525E7%252525AB%2525258B%252525E5%2525259B%252525B3%252525E6%2525259B%252525B8%252525E9%252525A4%252525A8%252525E3%25252581%252525AE%252525E9%25252596%252525B2%252525E8%252525A6%252525A7%252525E3%25252582%252525B3%252525E3%25252583%252525BC%252525E3%25252583%2525258A%252525E3%25252583%252525BC%252525E3%25252581%252525A8%252525E9%25252596%2525258B%252525E9%252525A4%252525A8%252525E6%25252597%252525A5%252525E3%25252582%25252592%252525E5%25252585%25252588%252525E3%25252581%252525AB%252525E7%252525A2%252525BA%252525E8%252525AA%2525258D%252525E3%25252581%25252599%252525E3%25252582%2525258B%252525E3%25252580%25252581%252525E3%25252581%25252593%252525E3%25252581%25252593%252525E8%252525A6%2525258B%252525E3%25252582%2525258B%252525E3%25252581%252525A8%252525E6%25252597%252525A9%252525E3%25252581%25252584%252525E3%25252582%25252588%26scope%3Dopenid%2520profile%2520friends%2520groups%2520timeline.post%2520message.write&loginChannelId=1446101138&loginState=hEjj2UW0R939GUDAyhAlp0,1,/life/education/study-facilities/
https://social-plugins.line.me/lineit/share?url=https%3A%2F%2Fmorimachi.enshu-lifehack.com%2Flife%2Femergency%2Fdisaster-certificates-procedures%2F&text=%E9%9D%99%E5%B2%A1%E7%9C%8C%E5%91%A8%E6%99%BA%E9%83%A1%E6%A3%AE%E7%94%BA%E3%81%AE%E7%81%BD%E5%AE%B3%E3%81%AB%E3%81%82%E3%81%A3%E3%81%9F%E5%BE%8C%E3%80%81%E4%BD%95%E3%81%8B%E3%82%89%E5%8B%95%E3%81%8F%E3%81%8B%E3%80%82%E6%A3%AE%E7%94%BA%E3%81%A7%E3%82%8A%E7%81%BD%E8%A8%BC%E6%98%8E%E6%9B%B8%E3%81%A8%E7%A8%8E%E3%81%AE%E6%B8%9B%E5%85%8D%E6%89%8B%E7%B6%9A%E3%81%8D%E3%82%92%E9%A0%86%E7%95%AA%E3%81%AB%E6%95%B4%E7%90%86%E3%81%99%E3%82%8B%E3%80%82%E3%80%81%E3%81%93%E3%81%93%E8%A6%8B%E3%82%8B%E3%81%A8%E6%97%A9%E3%81%84%E3%82%88,200,https://access.line.me/oauth2/v2.1/login?returnUri=%2Foauth2%2Fv2.1%2Fauthorize%2Fconsent%3Fresponse_type%3Dcode%26client_id%3D1446101138%26state%3Ddceb84b65f14c8a6e981e366493b19%26redirect_uri%3Dhttps%253A%252F%252Fsocial-plugins.line.me%252Flineit%252FloginCallback%253FreturnUrl%253Dhttps%25253A%25252F%25252Fsocial-plugins.line.me%25252Flineit%25252Fshare%25253Furl%25253Dhttps%2525253A%2525252F%2525252Fmorimachi.enshu-lifehack.com%2525252Flife%2525252Femergency%2525252Fdisaster-certificates-procedures%2525252F%252526text%25253D%252525E9%2525259D%25252599%252525E5%252525B2%252525A1%252525E7%2525259C%2525258C%252525E5%25252591%252525A8%252525E6%25252599%252525BA%252525E9%25252583%252525A1%252525E6%252525A3%252525AE%252525E7%25252594%252525BA%252525E3%25252581%252525AE%252525E7%25252581%252525BD%252525E5%252525AE%252525B3%252525E3%25252581%252525AB%252525E3%25252581%25252582%252525E3%25252581%252525A3%252525E3%25252581%2525259F%252525E5%252525BE%2525258C%252525E3%25252580%25252581%252525E4%252525BD%25252595%252525E3%25252581%2525258B%252525E3%25252582%25252589%252525E5%2525258B%25252595%252525E3%25252581%2525258F%252525E3%25252581%2525258B%252525E3%25252580%25252582%252525E6%252525A3%252525AE%252525E7%25252594%252525BA%252525E3%25252581%252525A7%252525E3%25252582%2525258A%252525E7%25252581%252525BD%252525E8%252525A8%252525BC%252525E6%25252598%2525258E%252525E6%2525259B%252525B8%252525E3%25252581%252525A8%252525E7%252525A8%2525258E%252525E3%25252581%252525AE%252525E6%252525B8%2525259B%252525E5%25252585%2525258D%252525E6%25252589%2525258B%252525E7%252525B6%2525259A%252525E3%25252581%2525258D%252525E3%25252582%25252592%252525E9%252525A0%25252586%252525E7%25252595%252525AA%252525E3%25252581%252525AB%252525E6%25252595%252525B4%252525E7%25252590%25252586%252525E3%25252581%25252599%252525E3%25252582%2525258B%252525E3%25252580%25252582%252525E3%25252580%25252581%252525E3%25252581%25252593%252525E3%25252581%25252593%252525E8%252525A6%2525258B%252525E3%25252582%2525258B%252525E3%25252581%252525A8%252525E6%25252597%252525A9%252525E3%25252581%25252584%252525E3%25252582%25252588%26scope%3Dopenid%2520profile%2520friends%2520groups%2520timeline.post%2520message.write&loginChannelId=1446101138&loginState=GNsO5HITFoDd1jBL9KV5CT,1,/life/emergency/disaster-certificates-procedures/
https://social-plugins.line.me/lineit/share?url=https%3A%2F%2Fmorimachi.enshu-lifehack.com%2Flife%2Femergency%2Fdisaster-mail-line%2F&text=%E9%9D%99%E5%B2%A1%E7%9C%8C%E5%91%A8%E6%99%BA%E9%83%A1%E6%A3%AE%E7%94%BA%E3%81%AE%E7%81%BD%E5%AE%B3%E3%81%AE%E7%9F%A5%E3%82%89%E3%81%9B%E3%82%92%E5%8F%96%E3%82%8A%E3%81%93%E3%81%BC%E3%81%95%E3%81%AA%E3%81%84%E3%82%88%E3%81%86%E3%80%81%E6%A3%AE%E7%94%BALINE%E5%85%AC%E5%BC%8F%E3%82%A2%E3%82%AB%E3%82%A6%E3%83%B3%E3%83%88%E3%83%BB%E3%81%A1%E3%82%83%E3%81%A3%E3%81%A8%E3%83%A1%E3%83%BC%E3%83%AB%E3%81%A7%E5%B9%B3%E5%B8%B8%E6%99%82%E3%81%8B%E3%82%89%E5%82%99%E3%81%88%E3%82%8B%E3%80%82%E3%80%81%E3%81%93%E3%81%93%E8%A6%8B%E3%82%8B%E3%81%A8%E6%97%A9%E3%81%84%E3%82%88,200,https://access.line.me/oauth2/v2.1/login?returnUri=%2Foauth2%2Fv2.1%2Fauthorize%2Fconsent%3Fresponse_type%3Dcode%26client_id%3D1446101138%26state%3D33750e2ff9900ea7eba334cba6febb%26redirect_uri%3Dhttps%253A%252F%252Fsocial-plugins.line.me%252Flineit%252FloginCallback%253FreturnUrl%253Dhttps%25253A%25252F%25252Fsocial-plugins.line.me%25252Flineit%25252Fshare%25253Furl%25253Dhttps%2525253A%2525252F%2525252Fmorimachi.enshu-lifehack.com%2525252Flife%2525252Femergency%2525252Fdisaster-mail-line%2525252F%252526text%25253D%252525E9%2525259D%25252599%252525E5%252525B2%252525A1%252525E7%2525259C%2525258C%252525E5%25252591%252525A8%252525E6%25252599%252525BA%252525E9%25252583%252525A1%252525E6%252525A3%252525AE%252525E7%25252594%252525BA%252525E3%25252581%252525AE%252525E7%25252581%252525BD%252525E5%252525AE%252525B3%252525E3%25252581%252525AE%252525E7%2525259F%252525A5%252525E3%25252582%25252589%252525E3%25252581%2525259B%252525E3%25252582%25252592%252525E5%2525258F%25252596%252525E3%25252582%2525258A%252525E3%25252581%25252593%252525E3%25252581%252525BC%252525E3%25252581%25252595%252525E3%25252581%252525AA%252525E3%25252581%25252584%252525E3%25252582%25252588%252525E3%25252581%25252586%252525E3%25252580%25252581%252525E6%252525A3%252525AE%252525E7%25252594%252525BALINE%252525E5%25252585%252525AC%252525E5%252525BC%2525258F%252525E3%25252582%252525A2%252525E3%25252582%252525AB%252525E3%25252582%252525A6%252525E3%25252583%252525B3%252525E3%25252583%25252588%252525E3%25252583%252525BB%252525E3%25252581%252525A1%252525E3%25252582%25252583%252525E3%25252581%252525A3%252525E3%25252581%252525A8%252525E3%25252583%252525A1%252525E3%25252583%252525BC%252525E3%25252583%252525AB%252525E3%25252581%252525A7%252525E5%252525B9%252525B3%252525E5%252525B8%252525B8%252525E6%25252599%25252582%252525E3%25252581%2525258B%252525E3%25252582%25252589%252525E5%25252582%25252599%252525E3%25252581%25252588%252525E3%25252582%2525258B%252525E3%25252580%25252582%252525E3%25252580%25252581%252525E3%25252581%25252593%252525E3%25252581%25252593%252525E8%252525A6%2525258B%252525E3%25252582%2525258B%252525E3%25252581%252525A8%252525E6%25252597%252525A9%252525E3%25252581%25252584%252525E3%25252582%25252588%26scope%3Dopenid%2520profile%2520friends%2520groups%2520timeline.post%2520message.write&loginChannelId=1446101138&loginState=BEHPxFVrrT00yr9oLN0iVc,1,/life/emergency/disaster-mail-line/
https://social-plugins.line.me/lineit/share?url=https%3A%2F%2Fmorimachi.enshu-lifehack.com%2Flife%2Femergency%2Fearthquake%2F&text=%E9%9D%99%E5%B2%A1%E7%9C%8C%E5%91%A8%E6%99%BA%E9%83%A1%E6%A3%AE%E7%94%BA%E3%81%AE%E5%9C%B0%E9%9C%87%E3%83%BB%E6%B4%A5%E6%B3%A2%E3%81%AE%E5%82%99%E3%81%88%E3%82%92%E3%80%81%E6%A3%AE%E7%94%BA%E3%81%AE%E8%A3%9C%E5%8A%A9%E5%88%B6%E5%BA%A6%E3%82%92%E4%BD%BF%E3%81%84%E3%81%AA%E3%81%8C%E3%82%89%E4%BB%8A%E6%97%A5%E3%81%A7%E3%81%8D%E3%82%8B%E3%81%93%E3%81%A8%E3%81%8B%E3%82%89%E4%B8%80%E3%81%A4%E3%81%9A%E3%81%A4%E3%80%82%E3%80%81%E3%81%93%E3%81%93%E8%A6%8B%E3%82%8B%E3%81%A8%E6%97%A9%E3%81%84%E3%82%88,200,https://access.line.me/oauth2/v2.1/login?returnUri=%2Foauth2%2Fv2.1%2Fauthorize%2Fconsent%3Fresponse_type%3Dcode%26client_id%3D1446101138%26state%3D44a5e1d4e8cc004b93078f859f84dc%26redirect_uri%3Dhttps%253A%252F%252Fsocial-plugins.line.me%252Flineit%252FloginCallback%253FreturnUrl%253Dhttps%25253A%25252F%25252Fsocial-plugins.line.me%25252Flineit%25252Fshare%25253Furl%25253Dhttps%2525253A%2525252F%2525252Fmorimachi.enshu-lifehack.com%2525252Flife%2525252Femergency%2525252Fearthquake%2525252F%252526text%25253D%252525E9%2525259D%25252599%252525E5%252525B2%252525A1%252525E7%2525259C%2525258C%252525E5%25252591%252525A8%252525E6%25252599%252525BA%252525E9%25252583%252525A1%252525E6%252525A3%252525AE%252525E7%25252594%252525BA%252525E3%25252581%252525AE%252525E5%2525259C%252525B0%252525E9%2525259C%25252587%252525E3%25252583%252525BB%252525E6%252525B4%252525A5%252525E6%252525B3%252525A2%252525E3%25252581%252525AE%252525E5%25252582%25252599%252525E3%25252581%25252588%252525E3%25252582%25252592%252525E3%25252580%25252581%252525E6%252525A3%252525AE%252525E7%25252594%252525BA%252525E3%25252581%252525AE%252525E8%252525A3%2525259C%252525E5%2525258A%252525A9%252525E5%25252588%252525B6%252525E5%252525BA%252525A6%252525E3%25252582%25252592%252525E4%252525BD%252525BF%252525E3%25252581%25252584%252525E3%25252581%252525AA%252525E3%25252581%2525258C%252525E3%25252582%25252589%252525E4%252525BB%2525258A%252525E6%25252597%252525A5%252525E3%25252581%252525A7%252525E3%25252581%2525258D%252525E3%25252582%2525258B%252525E3%25252581%25252593%252525E3%25252581%252525A8%252525E3%25252581%2525258B%252525E3%25252582%25252589%252525E4%252525B8%25252580%252525E3%25252581%252525A4%252525E3%25252581%2525259A%252525E3%25252581%252525A4%252525E3%25252580%25252582%252525E3%25252580%25252581%252525E3%25252581%25252593%252525E3%25252581%25252593%252525E8%252525A6%2525258B%252525E3%25252582%2525258B%252525E3%25252581%252525A8%252525E6%25252597%252525A9%252525E3%25252581%25252584%252525E3%25252582%25252588%26scope%3Dopenid%2520profile%2520friends%2520groups%2520timeline.post%2520message.write&loginChannelId=1446101138&loginState=Mz67CPMCAt7Ta7hx5H6pF8,1,/life/emergency/earthquake/
https://social-plugins.line.me/lineit/share?url=https%3A%2F%2Fmorimachi.enshu-lifehack.com%2Flife%2Femergency%2Fevacuation-centers%2F&text=%E9%9D%99%E5%B2%A1%E7%9C%8C%E5%91%A8%E6%99%BA%E9%83%A1%E6%A3%AE%E7%94%BA%E3%81%AE%E3%81%84%E3%81%96%E3%81%A8%E3%81%84%E3%81%86%E3%81%A8%E3%81%8D%E3%80%81%E3%81%A9%E3%81%93%E3%81%B8%E9%81%BF%E9%9B%A3%E3%81%99%E3%82%8B%E3%81%8B%E3%82%92%E6%A3%AE%E7%94%BA%E3%81%AE%E3%83%8F%E3%82%B6%E3%83%BC%E3%83%89%E3%83%9E%E3%83%83%E3%83%97%E3%81%A8%E6%8C%87%E5%AE%9A%E9%81%BF%E9%9B%A3%E6%89%80%E3%81%A7%E4%BB%8A%E3%81%AE%E3%81%86%E3%81%A1%E3%81%AB%E6%B1%BA%E3%82%81%E3%81%A6%E3%81%8A%E3%81%8F%E3%80%82%E3%80%81%E3%81%93%E3%81%93%E8%A6%8B%E3%82%8B%E3%81%A8%E6%97%A9%E3%81%84%E3%82%88,200,https://access.line.me/oauth2/v2.1/login?returnUri=%2Foauth2%2Fv2.1%2Fauthorize%2Fconsent%3Fresponse_type%3Dcode%26client_id%3D1446101138%26state%3Df20503ddbe359d086958d25e16377d%26redirect_uri%3Dhttps%253A%252F%252Fsocial-plugins.line.me%252Flineit%252FloginCallback%253FreturnUrl%253Dhttps%25253A%25252F%25252Fsocial-plugins.line.me%25252Flineit%25252Fshare%25253Furl%25253Dhttps%2525253A%2525252F%2525252Fmorimachi.enshu-lifehack.com%2525252Flife%2525252Femergency%2525252Fevacuation-centers%2525252F%252526text%25253D%252525E9%2525259D%25252599%252525E5%252525B2%252525A1%252525E7%2525259C%2525258C%252525E5%25252591%252525A8%252525E6%25252599%252525BA%252525E9%25252583%252525A1%252525E6%252525A3%252525AE%252525E7%25252594%252525BA%252525E3%25252581%252525AE%252525E3%25252581%25252584%252525E3%25252581%25252596%252525E3%25252581%252525A8%252525E3%25252581%25252584%252525E3%25252581%25252586%252525E3%25252581%252525A8%252525E3%25252581%2525258D%252525E3%25252580%25252581%252525E3%25252581%252525A9%252525E3%25252581%25252593%252525E3%25252581%252525B8%252525E9%25252581%252525BF%252525E9%2525259B%252525A3%252525E3%25252581%25252599%252525E3%25252582%2525258B%252525E3%25252581%2525258B%252525E3%25252582%25252592%252525E6%252525A3%252525AE%252525E7%25252594%252525BA%252525E3%25252581%252525AE%252525E3%25252583%2525258F%252525E3%25252582%252525B6%252525E3%25252583%252525BC%252525E3%25252583%25252589%252525E3%25252583%2525259E%252525E3%25252583%25252583%252525E3%25252583%25252597%252525E3%25252581%252525A8%252525E6%2525258C%25252587%252525E5%252525AE%2525259A%252525E9%25252581%252525BF%252525E9%2525259B%252525A3%252525E6%25252589%25252580%252525E3%25252581%252525A7%252525E4%252525BB%2525258A%252525E3%25252581%252525AE%252525E3%25252581%25252586%252525E3%25252581%252525A1%252525E3%25252581%252525AB%252525E6%252525B1%252525BA%252525E3%25252582%25252581%252525E3%25252581%252525A6%252525E3%25252581%2525258A%252525E3%25252581%2525258F%252525E3%25252580%25252582%252525E3%25252580%25252581%252525E3%25252581%25252593%252525E3%25252581%25252593%252525E8%252525A6%2525258B%252525E3%25252582%2525258B%252525E3%25252581%252525A8%252525E6%25252597%252525A9%252525E3%25252581%25252584%252525E3%25252582%25252588%26scope%3Dopenid%2520profile%2520friends%2520groups%2520timeline.post%2520message.write&loginChannelId=1446101138&loginState=ZU29bv7wNVJZPTLICiubVQ,1,/life/emergency/evacuation-centers/
https://social-plugins.line.me/lineit/share?url=https%3A%2F%2Fmorimachi.enshu-lifehack.com%2Flife%2Femergency%2Fevacuation-hazard-map%2F&text=%E9%9D%99%E5%B2%A1%E7%9C%8C%E5%91%A8%E6%99%BA%E9%83%A1%E6%A3%AE%E7%94%BA%E3%81%AE%E3%80%8C%E3%81%84%E3%81%A4%E3%83%BB%E3%81%A9%E3%81%93%E3%81%B8%E9%80%83%E3%81%92%E3%82%8B%E3%81%8B%E3%80%8D%E3%82%92%E3%80%81%E6%A3%AE%E7%94%BA%E3%81%AE%E8%AD%A6%E6%88%92%E3%83%AC%E3%83%99%E3%83%AB%E3%81%A8%E3%83%8F%E3%82%B6%E3%83%BC%E3%83%89%E3%83%9E%E3%83%83%E3%83%97%E3%81%A7%E8%BF%B7%E3%81%86%E5%89%8D%E3%81%AB%E6%B1%BA%E3%82%81%E3%81%A6%E3%81%8A%E3%81%8F%E3%80%82%E3%80%81%E3%81%93%E3%81%93%E8%A6%8B%E3%82%8B%E3%81%A8%E6%97%A9%E3%81%84%E3%82%88,200,https://access.line.me/oauth2/v2.1/login?returnUri=%2Foauth2%2Fv2.1%2Fauthorize%2Fconsent%3Fresponse_type%3Dcode%26client_id%3D1446101138%26state%3D90c92753303931d380acb78f0894ee%26redirect_uri%3Dhttps%253A%252F%252Fsocial-plugins.line.me%252Flineit%252FloginCallback%253FreturnUrl%253Dhttps%25253A%25252F%25252Fsocial-plugins.line.me%25252Flineit%25252Fshare%25253Furl%25253Dhttps%2525253A%2525252F%2525252Fmorimachi.enshu-lifehack.com%2525252Flife%2525252Femergency%2525252Fevacuation-hazard-map%2525252F%252526text%25253D%252525E9%2525259D%25252599%252525E5%252525B2%252525A1%252525E7%2525259C%2525258C%252525E5%25252591%252525A8%252525E6%25252599%252525BA%252525E9%25252583%252525A1%252525E6%252525A3%252525AE%252525E7%25252594%252525BA%252525E3%25252581%252525AE%252525E3%25252580%2525258C%252525E3%25252581%25252584%252525E3%25252581%252525A4%252525E3%25252583%252525BB%252525E3%25252581%252525A9%252525E3%25252581%25252593%252525E3%25252581%252525B8%252525E9%25252580%25252583%252525E3%25252581%25252592%252525E3%25252582%2525258B%252525E3%25252581%2525258B%252525E3%25252580%2525258D%252525E3%25252582%25252592%252525E3%25252580%25252581%252525E6%252525A3%252525AE%252525E7%25252594%252525BA%252525E3%25252581%252525AE%252525E8%252525AD%252525A6%252525E6%25252588%25252592%252525E3%25252583%252525AC%252525E3%25252583%25252599%252525E3%25252583%252525AB%252525E3%25252581%252525A8%252525E3%25252583%2525258F%252525E3%25252582%252525B6%252525E3%25252583%252525BC%252525E3%25252583%25252589%252525E3%25252583%2525259E%252525E3%25252583%25252583%252525E3%25252583%25252597%252525E3%25252581%252525A7%252525E8%252525BF%252525B7%252525E3%25252581%25252586%252525E5%25252589%2525258D%252525E3%25252581%252525AB%252525E6%252525B1%252525BA%252525E3%25252582%25252581%252525E3%25252581%252525A6%252525E3%25252581%2525258A%252525E3%25252581%2525258F%252525E3%25252580%25252582%252525E3%25252580%25252581%252525E3%25252581%25252593%252525E3%25252581%25252593%252525E8%252525A6%2525258B%252525E3%25252582%2525258B%252525E3%25252581%252525A8%252525E6%25252597%252525A9%252525E3%25252581%25252584%252525E3%25252582%25252588%26scope%3Dopenid%2520profile%2520friends%2520groups%2520timeline.post%2520message.write&loginChannelId=1446101138&loginState=8lPwOL6MFE2pFDcuJPZNY0,1,/life/emergency/evacuation-hazard-map/
https://social-plugins.line.me/lineit/share?url=https%3A%2F%2Fmorimachi.enshu-lifehack.com%2Flife%2Femergency%2Ffire-ambulance%2F&text=%E9%9D%99%E5%B2%A1%E7%9C%8C%E5%91%A8%E6%99%BA%E9%83%A1%E6%A3%AE%E7%94%BA%E3%81%AE%E7%81%AB%E4%BA%8B%E3%81%AE%E3%81%A8%E3%81%8D%E3%80%81%E6%80%A5%E7%97%85%E3%81%AE%E3%81%A8%E3%81%8D%E3%80%82%E3%81%BE%E3%81%9A119%E7%95%AA%E3%80%82%E6%A3%AE%E7%94%BA%E3%81%AF%E8%A2%8B%E4%BA%95%E6%B6%88%E9%98%B2%E6%9C%AC%E9%83%A8%E3%81%8C%E7%AE%A1%E8%BD%84%E3%80%82%E3%80%81%E3%81%93%E3%81%93%E8%A6%8B%E3%82%8B%E3%81%A8%E6%97%A9%E3%81%84%E3%82%88,200,https://access.line.me/oauth2/v2.1/login?returnUri=%2Foauth2%2Fv2.1%2Fauthorize%2Fconsent%3Fresponse_type%3Dcode%26client_id%3D1446101138%26state%3Dca654f00b2c47479bf94a3a7d2833b%26redirect_uri%3Dhttps%253A%252F%252Fsocial-plugins.line.me%252Flineit%252FloginCallback%253FreturnUrl%253Dhttps%25253A%25252F%25252Fsocial-plugins.line.me%25252Flineit%25252Fshare%25253Furl%25253Dhttps%2525253A%2525252F%2525252Fmorimachi.enshu-lifehack.com%2525252Flife%2525252Femergency%2525252Ffire-ambulance%2525252F%252526text%25253D%252525E9%2525259D%25252599%252525E5%252525B2%252525A1%252525E7%2525259C%2525258C%252525E5%25252591%252525A8%252525E6%25252599%252525BA%252525E9%25252583%252525A1%252525E6%252525A3%252525AE%252525E7%25252594%252525BA%252525E3%25252581%252525AE%252525E7%25252581%252525AB%252525E4%252525BA%2525258B%252525E3%25252581%252525AE%252525E3%25252581%252525A8%252525E3%25252581%2525258D%252525E3%25252580%25252581%252525E6%25252580%252525A5%252525E7%25252597%25252585%252525E3%25252581%252525AE%252525E3%25252581%252525A8%252525E3%25252581%2525258D%252525E3%25252580%25252582%252525E3%25252581%252525BE%252525E3%25252581%2525259A119%252525E7%25252595%252525AA%252525E3%25252580%25252582%252525E6%252525A3%252525AE%252525E7%25252594%252525BA%252525E3%25252581%252525AF%252525E8%252525A2%2525258B%252525E4%252525BA%25252595%252525E6%252525B6%25252588%252525E9%25252598%252525B2%252525E6%2525259C%252525AC%252525E9%25252583%252525A8%252525E3%25252581%2525258C%252525E7%252525AE%252525A1%252525E8%252525BD%25252584%252525E3%25252580%25252582%252525E3%25252580%25252581%252525E3%25252581%25252593%252525E3%25252581%25252593%252525E8%252525A6%2525258B%252525E3%25252582%2525258B%252525E3%25252581%252525A8%252525E6%25252597%252525A9%252525E3%25252581%25252584%252525E3%25252582%25252588%26scope%3Dopenid%2520profile%2520friends%2520groups%2520timeline.post%2520message.write&loginChannelId=1446101138&loginState=w0VI6NQLAkbd9tko833wuZ,1,/life/emergency/fire-ambulance/
https://social-plugins.line.me/lineit/share?url=https%3A%2F%2Fmorimachi.enshu-lifehack.com%2Flife%2Femergency%2F&text=%E9%9D%99%E5%B2%A1%E7%9C%8C%E5%91%A8%E6%99%BA%E9%83%A1%E6%A3%AE%E7%94%BA%E3%81%AE%E2%9A%A0%EF%B8%8F%20%E3%82%82%E3%81%97%E3%82%82%E3%81%AE%E6%99%82%E3%80%81%E3%81%93%E3%81%93%E8%A6%8B%E3%82%8B%E3%81%A8%E6%97%A9%E3%81%84%E3%82%88,200,https://access.line.me/oauth2/v2.1/login?returnUri=%2Foauth2%2Fv2.1%2Fauthorize%2Fconsent%3Fresponse_type%3Dcode%26client_id%3D1446101138%26state%3D7ee288eb96d6617cccc6d01be32127%26redirect_uri%3Dhttps%253A%252F%252Fsocial-plugins.line.me%252Flineit%252FloginCallback%253FreturnUrl%253Dhttps%25253A%25252F%25252Fsocial-plugins.line.me%25252Flineit%25252Fshare%25253Furl%25253Dhttps%2525253A%2525252F%2525252Fmorimachi.enshu-lifehack.com%2525252Flife%2525252Femergency%2525252F%252526text%25253D%252525E9%2525259D%25252599%252525E5%252525B2%252525A1%252525E7%2525259C%2525258C%252525E5%25252591%252525A8%252525E6%25252599%252525BA%252525E9%25252583%252525A1%252525E6%252525A3%252525AE%252525E7%25252594%252525BA%252525E3%25252581%252525AE%252525E2%2525259A%252525A0%252525EF%252525B8%2525258F%25252520%252525E3%25252582%25252582%252525E3%25252581%25252597%252525E3%25252582%25252582%252525E3%25252581%252525AE%252525E6%25252599%25252582%252525E3%25252580%25252581%252525E3%25252581%25252593%252525E3%25252581%25252593%252525E8%252525A6%2525258B%252525E3%25252582%2525258B%252525E3%25252581%252525A8%252525E6%25252597%252525A9%252525E3%25252581%25252584%252525E3%25252582%25252588%26scope%3Dopenid%2520profile%2520friends%2520groups%2520timeline.post%2520message.write&loginChannelId=1446101138&loginState=B4hNjE7GZ8qZqOPgSsaxE2,1,/life/emergency/
https://social-plugins.line.me/lineit/share?url=https%3A%2F%2Fmorimachi.enshu-lifehack.com%2Flife%2Femergency%2Fpet-disaster-prevention%2F&text=%E9%9D%99%E5%B2%A1%E7%9C%8C%E5%91%A8%E6%99%BA%E9%83%A1%E6%A3%AE%E7%94%BA%E3%81%AE%E3%83%9A%E3%83%83%E3%83%88%E3%81%A8%E4%B8%80%E7%B7%92%E3%81%AB%E9%80%83%E3%81%92%E3%82%8B%E3%80%82%E3%81%9D%E3%81%AE%E3%81%9F%E3%82%81%E3%81%AE%E5%82%99%E3%81%88%E3%82%92%E3%80%81%E7%81%BD%E5%AE%B3%E3%81%8C%E6%9D%A5%E3%82%8B%E5%89%8D%E3%81%AB%E6%95%B4%E3%81%88%E3%82%8B%E3%80%82%E3%80%81%E3%81%93%E3%81%93%E8%A6%8B%E3%82%8B%E3%81%A8%E6%97%A9%E3%81%84%E3%82%88,200,https://access.line.me/oauth2/v2.1/login?returnUri=%2Foauth2%2Fv2.1%2Fauthorize%2Fconsent%3Fresponse_type%3Dcode%26client_id%3D1446101138%26state%3D2a936f33d361cf36dc8afa9f204527%26redirect_uri%3Dhttps%253A%252F%252Fsocial-plugins.line.me%252Flineit%252FloginCallback%253FreturnUrl%253Dhttps%25253A%25252F%25252Fsocial-plugins.line.me%25252Flineit%25252Fshare%25253Furl%25253Dhttps%2525253A%2525252F%2525252Fmorimachi.enshu-lifehack.com%2525252Flife%2525252Femergency%2525252Fpet-disaster-prevention%2525252F%252526text%25253D%252525E9%2525259D%25252599%252525E5%252525B2%252525A1%252525E7%2525259C%2525258C%252525E5%25252591%252525A8%252525E6%25252599%252525BA%252525E9%25252583%252525A1%252525E6%252525A3%252525AE%252525E7%25252594%252525BA%252525E3%25252581%252525AE%252525E3%25252583%2525259A%252525E3%25252583%25252583%252525E3%25252583%25252588%252525E3%25252581%252525A8%252525E4%252525B8%25252580%252525E7%252525B7%25252592%252525E3%25252581%252525AB%252525E9%25252580%25252583%252525E3%25252581%25252592%252525E3%25252582%2525258B%252525E3%25252580%25252582%252525E3%25252581%2525259D%252525E3%25252581%252525AE%252525E3%25252581%2525259F%252525E3%25252582%25252581%252525E3%25252581%252525AE%252525E5%25252582%25252599%252525E3%25252581%25252588%252525E3%25252582%25252592%252525E3%25252580%25252581%252525E7%25252581%252525BD%252525E5%252525AE%252525B3%252525E3%25252581%2525258C%252525E6%2525259D%252525A5%252525E3%25252582%2525258B%252525E5%25252589%2525258D%252525E3%25252581%252525AB%252525E6%25252595%252525B4%252525E3%25252581%25252588%252525E3%25252582%2525258B%252525E3%25252580%25252582%252525E3%25252580%25252581%252525E3%25252581%25252593%252525E3%25252581%25252593%252525E8%252525A6%2525258B%252525E3%25252582%2525258B%252525E3%25252581%252525A8%252525E6%25252597%252525A9%252525E3%25252581%25252584%252525E3%25252582%25252588%26scope%3Dopenid%2520profile%2520friends%2520groups%2520timeline.post%2520message.write&loginChannelId=1446101138&loginState=UNoUAxvP4E2vXeg1EPCGEH,1,/life/emergency/pet-disaster-prevention/
https://social-plugins.line.me/lineit/share?url=https%3A%2F%2Fmorimachi.enshu-lifehack.com%2Flife%2Femergency%2Froad-river-info%2F&text=%E9%9D%99%E5%B2%A1%E7%9C%8C%E5%91%A8%E6%99%BA%E9%83%A1%E6%A3%AE%E7%94%BA%E3%81%AE%E5%A4%A7%E9%9B%A8%E3%83%BB%E5%8F%B0%E9%A2%A8%E3%81%AE%E3%81%A8%E3%81%8D%E3%80%81%E9%81%93%E8%B7%AF%E3%81%AE%E9%80%9A%E8%A1%8C%E6%AD%A2%E3%82%81%E3%81%A8%E5%B7%9D%E3%81%AE%E6%B0%B4%E4%BD%8D%E3%82%92%E9%9D%99%E5%B2%A1%E7%9C%8C%E3%81%AE%E3%82%B7%E3%82%B9%E3%83%86%E3%83%A0%E3%81%A7%E4%BB%8A%E3%81%99%E3%81%90%E7%A2%BA%E3%81%8B%E3%82%81%E3%82%8B%E3%80%82%E3%80%81%E3%81%93%E3%81%93%E8%A6%8B%E3%82%8B%E3%81%A8%E6%97%A9%E3%81%84%E3%82%88,200,https://access.line.me/oauth2/v2.1/login?returnUri=%2Foauth2%2Fv2.1%2Fauthorize%2Fconsent%3Fresponse_type%3Dcode%26client_id%3D1446101138%26state%3Dceb305980e89135c81248bcdc2412f%26redirect_uri%3Dhttps%253A%252F%252Fsocial-plugins.line.me%252Flineit%252FloginCallback%253FreturnUrl%253Dhttps%25253A%25252F%25252Fsocial-plugins.line.me%25252Flineit%25252Fshare%25253Furl%25253Dhttps%2525253A%2525252F%2525252Fmorimachi.enshu-lifehack.com%2525252Flife%2525252Femergency%2525252Froad-river-info%2525252F%252526text%25253D%252525E9%2525259D%25252599%252525E5%252525B2%252525A1%252525E7%2525259C%2525258C%252525E5%25252591%252525A8%252525E6%25252599%252525BA%252525E9%25252583%252525A1%252525E6%252525A3%252525AE%252525E7%25252594%252525BA%252525E3%25252581%252525AE%252525E5%252525A4%252525A7%252525E9%2525259B%252525A8%252525E3%25252583%252525BB%252525E5%2525258F%252525B0%252525E9%252525A2%252525A8%252525E3%25252581%252525AE%252525E3%25252581%252525A8%252525E3%25252581%2525258D%252525E3%25252580%25252581%252525E9%25252581%25252593%252525E8%252525B7%252525AF%252525E3%25252581%252525AE%252525E9%25252580%2525259A%252525E8%252525A1%2525258C%252525E6%252525AD%252525A2%252525E3%25252582%25252581%252525E3%25252581%252525A8%252525E5%252525B7%2525259D%252525E3%25252581%252525AE%252525E6%252525B0%252525B4%252525E4%252525BD%2525258D%252525E3%25252582%25252592%252525E9%2525259D%25252599%252525E5%252525B2%252525A1%252525E7%2525259C%2525258C%252525E3%25252581%252525AE%252525E3%25252582%252525B7%252525E3%25252582%252525B9%252525E3%25252583%25252586%252525E3%25252583%252525A0%252525E3%25252581%252525A7%252525E4%252525BB%2525258A%252525E3%25252581%25252599%252525E3%25252581%25252590%252525E7%252525A2%252525BA%252525E3%25252581%2525258B%252525E3%25252582%25252581%252525E3%25252582%2525258B%252525E3%25252580%25252582%252525E3%25252580%25252581%252525E3%25252581%25252593%252525E3%25252581%25252593%252525E8%252525A6%2525258B%252525E3%25252582%2525258B%252525E3%25252581%252525A8%252525E6%25252597%252525A9%252525E3%25252581%25252584%252525E3%25252582%25252588%26scope%3Dopenid%2520profile%2520friends%2520groups%2520timeline.post%2520message.write&loginChannelId=1446101138&loginState=uwi06f3xeIUO7A2qHhfvhW,1,/life/emergency/road-river-info/
https://social-plugins.line.me/lineit/share?url=https%3A%2F%2Fmorimachi.enshu-lifehack.com%2Flife%2Fend-of-life%2Fbereavement%2F&text=%E9%9D%99%E5%B2%A1%E7%9C%8C%E5%91%A8%E6%99%BA%E9%83%A1%E6%A3%AE%E7%94%BA%E3%81%AE%E5%AE%B6%E6%97%8F%E3%81%8C%E4%BA%A1%E3%81%8F%E3%81%AA%E3%81%A3%E3%81%9F%E3%82%89%E3%80%81%E6%A3%AE%E7%94%BA%E3%81%AE%E6%AD%BB%E4%BA%A1%E5%B1%8A%E3%83%BB%E6%88%B8%E7%B1%8D%E6%89%8B%E7%B6%9A%E3%81%8D%E3%81%8B%E3%82%89%E9%A0%86%E3%81%AB%E7%A2%BA%E8%AA%8D%E3%81%99%E3%82%8B%E3%80%81%E3%81%93%E3%81%93%E8%A6%8B%E3%82%8B%E3%81%A8%E6%97%A9%E3%81%84%E3%82%88,200,https://access.line.me/oauth2/v2.1/login?returnUri=%2Foauth2%2Fv2.1%2Fauthorize%2Fconsent%3Fresponse_type%3Dcode%26client_id%3D1446101138%26state%3D173e1f6bad973d91c749ed236b6093%26redirect_uri%3Dhttps%253A%252F%252Fsocial-plugins.line.me%252Flineit%252FloginCallback%253FreturnUrl%253Dhttps%25253A%25252F%25252Fsocial-plugins.line.me%25252Flineit%25252Fshare%25253Furl%25253Dhttps%2525253A%2525252F%2525252Fmorimachi.enshu-lifehack.com%2525252Flife%2525252Fend-of-life%2525252Fbereavement%2525252F%252526text%25253D%252525E9%2525259D%25252599%252525E5%252525B2%252525A1%252525E7%2525259C%2525258C%252525E5%25252591%252525A8%252525E6%25252599%252525BA%252525E9%25252583%252525A1%252525E6%252525A3%252525AE%252525E7%25252594%252525BA%252525E3%25252581%252525AE%252525E5%252525AE%252525B6%252525E6%25252597%2525258F%252525E3%25252581%2525258C%252525E4%252525BA%252525A1%252525E3%25252581%2525258F%252525E3%25252581%252525AA%252525E3%25252581%252525A3%252525E3%25252581%2525259F%252525E3%25252582%25252589%252525E3%25252580%25252581%252525E6%252525A3%252525AE%252525E7%25252594%252525BA%252525E3%25252581%252525AE%252525E6%252525AD%252525BB%252525E4%252525BA%252525A1%252525E5%252525B1%2525258A%252525E3%25252583%252525BB%252525E6%25252588%252525B8%252525E7%252525B1%2525258D%252525E6%25252589%2525258B%252525E7%252525B6%2525259A%252525E3%25252581%2525258D%252525E3%25252581%2525258B%252525E3%25252582%25252589%252525E9%252525A0%25252586%252525E3%25252581%252525AB%252525E7%252525A2%252525BA%252525E8%252525AA%2525258D%252525E3%25252581%25252599%252525E3%25252582%2525258B%252525E3%25252580%25252581%252525E3%25252581%25252593%252525E3%25252581%25252593%252525E8%252525A6%2525258B%252525E3%25252582%2525258B%252525E3%25252581%252525A8%252525E6%25252597%252525A9%252525E3%25252581%25252584%252525E3%25252582%25252588%26scope%3Dopenid%2520profile%2520friends%2520groups%2520timeline.post%2520message.write&loginChannelId=1446101138&loginState=Yljqx3xidDroBGqQs96Ivk,1,/life/end-of-life/bereavement/
https://social-plugins.line.me/lineit/share?url=https%3A%2F%2Fmorimachi.enshu-lifehack.com%2Flife%2Fend-of-life%2Fgrave-memorial%2F&text=%E9%9D%99%E5%B2%A1%E7%9C%8C%E5%91%A8%E6%99%BA%E9%83%A1%E6%A3%AE%E7%94%BA%E3%81%AE%E3%81%8A%E5%A2%93%E3%83%BB%E4%BE%9B%E9%A4%8A%E3%81%AF%E3%80%81%E6%94%B9%E8%91%AC%E8%A8%B1%E5%8F%AF%E3%81%AE%E6%89%8B%E7%B6%9A%E3%81%8D%E3%81%A8%E5%A2%93%E5%9C%B0%E3%81%AE%E7%A2%BA%E8%AA%8D%E5%85%88%E3%82%92%E5%88%86%E3%81%91%E3%81%A6%E9%80%B2%E3%82%81%E3%82%8B%E3%80%81%E3%81%93%E3%81%93%E8%A6%8B%E3%82%8B%E3%81%A8%E6%97%A9%E3%81%84%E3%82%88,200,https://access.line.me/oauth2/v2.1/login?returnUri=%2Foauth2%2Fv2.1%2Fauthorize%2Fconsent%3Fresponse_type%3Dcode%26client_id%3D1446101138%26state%3D08e1d537ee6e973e04aa424e4ad947%26redirect_uri%3Dhttps%253A%252F%252Fsocial-plugins.line.me%252Flineit%252FloginCallback%253FreturnUrl%253Dhttps%25253A%25252F%25252Fsocial-plugins.line.me%25252Flineit%25252Fshare%25253Furl%25253Dhttps%2525253A%2525252F%2525252Fmorimachi.enshu-lifehack.com%2525252Flife%2525252Fend-of-life%2525252Fgrave-memorial%2525252F%252526text%25253D%252525E9%2525259D%25252599%252525E5%252525B2%252525A1%252525E7%2525259C%2525258C%252525E5%25252591%252525A8%252525E6%25252599%252525BA%252525E9%25252583%252525A1%252525E6%252525A3%252525AE%252525E7%25252594%252525BA%252525E3%25252581%252525AE%252525E3%25252581%2525258A%252525E5%252525A2%25252593%252525E3%25252583%252525BB%252525E4%252525BE%2525259B%252525E9%252525A4%2525258A%252525E3%25252581%252525AF%252525E3%25252580%25252581%252525E6%25252594%252525B9%252525E8%25252591%252525AC%252525E8%252525A8%252525B1%252525E5%2525258F%252525AF%252525E3%25252581%252525AE%252525E6%25252589%2525258B%252525E7%252525B6%2525259A%252525E3%25252581%2525258D%252525E3%25252581%252525A8%252525E5%252525A2%25252593%252525E5%2525259C%252525B0%252525E3%25252581%252525AE%252525E7%252525A2%252525BA%252525E8%252525AA%2525258D%252525E5%25252585%25252588%252525E3%25252582%25252592%252525E5%25252588%25252586%252525E3%25252581%25252591%252525E3%25252581%252525A6%252525E9%25252580%252525B2%252525E3%25252582%25252581%252525E3%25252582%2525258B%252525E3%25252580%25252581%252525E3%25252581%25252593%252525E3%25252581%25252593%252525E8%252525A6%2525258B%252525E3%25252582%2525258B%252525E3%25252581%252525A8%252525E6%25252597%252525A9%252525E3%25252581%25252584%252525E3%25252582%25252588%26scope%3Dopenid%2520profile%2520friends%2520groups%2520timeline.post%2520message.write&loginChannelId=1446101138&loginState=5VW9UMU06eRiO1UGcr4UmS,1,/life/end-of-life/grave-memorial/
https://social-plugins.line.me/lineit/share?url=https%3A%2F%2Fmorimachi.enshu-lifehack.com%2Flife%2Fend-of-life%2F&text=%E9%9D%99%E5%B2%A1%E7%9C%8C%E5%91%A8%E6%99%BA%E9%83%A1%E6%A3%AE%E7%94%BA%E3%81%AE%F0%9F%95%8A%EF%B8%8F%20%E4%BA%BA%E7%94%9F%E3%81%AE%E7%B5%82%E3%82%8F%E3%82%8A%EF%BC%88%E6%A3%AE%E7%94%BA%E7%89%88%EF%BC%89%E3%80%81%E3%81%93%E3%81%93%E8%A6%8B%E3%82%8B%E3%81%A8%E6%97%A9%E3%81%84%E3%82%88,200,https://access.line.me/oauth2/v2.1/login?returnUri=%2Foauth2%2Fv2.1%2Fauthorize%2Fconsent%3Fresponse_type%3Dcode%26client_id%3D1446101138%26state%3D61490a1a36bfb4f557ec88eb202607%26redirect_uri%3Dhttps%253A%252F%252Fsocial-plugins.line.me%252Flineit%252FloginCallback%253FreturnUrl%253Dhttps%25253A%25252F%25252Fsocial-plugins.line.me%25252Flineit%25252Fshare%25253Furl%25253Dhttps%2525253A%2525252F%2525252Fmorimachi.enshu-lifehack.com%2525252Flife%2525252Fend-of-life%2525252F%252526text%25253D%252525E9%2525259D%25252599%252525E5%252525B2%252525A1%252525E7%2525259C%2525258C%252525E5%25252591%252525A8%252525E6%25252599%252525BA%252525E9%25252583%252525A1%252525E6%252525A3%252525AE%252525E7%25252594%252525BA%252525E3%25252581%252525AE%252525F0%2525259F%25252595%2525258A%252525EF%252525B8%2525258F%25252520%252525E4%252525BA%252525BA%252525E7%25252594%2525259F%252525E3%25252581%252525AE%252525E7%252525B5%25252582%252525E3%25252582%2525258F%252525E3%25252582%2525258A%252525EF%252525BC%25252588%252525E6%252525A3%252525AE%252525E7%25252594%252525BA%252525E7%25252589%25252588%252525EF%252525BC%25252589%252525E3%25252580%25252581%252525E3%25252581%25252593%252525E3%25252581%25252593%252525E8%252525A6%2525258B%252525E3%25252582%2525258B%252525E3%25252581%252525A8%252525E6%25252597%252525A9%252525E3%25252581%25252584%252525E3%25252582%25252588%26scope%3Dopenid%2520profile%2520friends%2520groups%2520timeline.post%2520message.write&loginChannelId=1446101138&loginState=0citcb0wTLrO9cDttXj5Ih,1,/life/end-of-life/
https://social-plugins.line.me/lineit/share?url=https%3A%2F%2Fmorimachi.enshu-lifehack.com%2Flife%2Fend-of-life%2Finheritance%2F&text=%E9%9D%99%E5%B2%A1%E7%9C%8C%E5%91%A8%E6%99%BA%E9%83%A1%E6%A3%AE%E7%94%BA%E3%81%AE%E7%9B%B8%E7%B6%9A%E3%81%AF%E3%80%81%E6%A3%AE%E7%94%BA%E3%81%AE%E5%9B%BA%E5%AE%9A%E8%B3%87%E7%94%A3%E7%A8%8E%E3%83%BB%E6%88%B8%E7%B1%8D%E6%89%8B%E7%B6%9A%E3%81%8D%E3%81%A8%E5%AE%B6%E6%97%8F%E3%81%A7%E6%B1%BA%E3%82%81%E3%82%8B%E3%81%93%E3%81%A8%E3%82%92%E5%88%86%E3%81%91%E3%81%A6%E9%80%B2%E3%82%81%E3%82%8B%E3%80%81%E3%81%93%E3%81%93%E8%A6%8B%E3%82%8B%E3%81%A8%E6%97%A9%E3%81%84%E3%82%88,200,https://access.line.me/oauth2/v2.1/login?returnUri=%2Foauth2%2Fv2.1%2Fauthorize%2Fconsent%3Fresponse_type%3Dcode%26client_id%3D1446101138%26state%3D03facff2fac09c5f2dd1cdc39b0e11%26redirect_uri%3Dhttps%253A%252F%252Fsocial-plugins.line.me%252Flineit%252FloginCallback%253FreturnUrl%253Dhttps%25253A%25252F%25252Fsocial-plugins.line.me%25252Flineit%25252Fshare%25253Furl%25253Dhttps%2525253A%2525252F%2525252Fmorimachi.enshu-lifehack.com%2525252Flife%2525252Fend-of-life%2525252Finheritance%2525252F%252526text%25253D%252525E9%2525259D%25252599%252525E5%252525B2%252525A1%252525E7%2525259C%2525258C%252525E5%25252591%252525A8%252525E6%25252599%252525BA%252525E9%25252583%252525A1%252525E6%252525A3%252525AE%252525E7%25252594%252525BA%252525E3%25252581%252525AE%252525E7%2525259B%252525B8%252525E7%252525B6%2525259A%252525E3%25252581%252525AF%252525E3%25252580%25252581%252525E6%252525A3%252525AE%252525E7%25252594%252525BA%252525E3%25252581%252525AE%252525E5%2525259B%252525BA%252525E5%252525AE%2525259A%252525E8%252525B3%25252587%252525E7%25252594%252525A3%252525E7%252525A8%2525258E%252525E3%25252583%252525BB%252525E6%25252588%252525B8%252525E7%252525B1%2525258D%252525E6%25252589%2525258B%252525E7%252525B6%2525259A%252525E3%25252581%2525258D%252525E3%25252581%252525A8%252525E5%252525AE%252525B6%252525E6%25252597%2525258F%252525E3%25252581%252525A7%252525E6%252525B1%252525BA%252525E3%25252582%25252581%252525E3%25252582%2525258B%252525E3%25252581%25252593%252525E3%25252581%252525A8%252525E3%25252582%25252592%252525E5%25252588%25252586%252525E3%25252581%25252591%252525E3%25252581%252525A6%252525E9%25252580%252525B2%252525E3%25252582%25252581%252525E3%25252582%2525258B%252525E3%25252580%25252581%252525E3%25252581%25252593%252525E3%25252581%25252593%252525E8%252525A6%2525258B%252525E3%25252582%2525258B%252525E3%25252581%252525A8%252525E6%25252597%252525A9%252525E3%25252581%25252584%252525E3%25252582%25252588%26scope%3Dopenid%2520profile%2520friends%2520groups%2520timeline.post%2520message.write&loginChannelId=1446101138&loginState=ZQRbD6FjzznESGIZWT7Tgd,1,/life/end-of-life/inheritance/
https://social-plugins.line.me/lineit/share?url=https%3A%2F%2Fmorimachi.enshu-lifehack.com%2Flife%2Fend-of-life%2Finherited-house%2F&text=%E9%9D%99%E5%B2%A1%E7%9C%8C%E5%91%A8%E6%99%BA%E9%83%A1%E6%A3%AE%E7%94%BA%E3%81%AE%E8%A6%AA%E3%81%AE%E5%AE%B6%E3%81%AF%E3%80%81%E6%A3%AE%E7%94%BA%E3%81%AE%E7%A9%BA%E3%81%8D%E5%AE%B6%E3%83%90%E3%83%B3%E3%82%AF%E3%83%BB%E8%A3%9C%E5%8A%A9%E9%87%91%E3%83%BB%E7%A2%BA%E8%AA%8D%E6%9B%B8%E5%88%B6%E5%BA%A6%E3%82%92%E4%BD%BF%E3%81%A3%E3%81%A6%E4%B8%80%E3%81%A4%E3%81%9A%E3%81%A4%E6%B1%BA%E3%82%81%E3%82%8B%E3%80%81%E3%81%93%E3%81%93%E8%A6%8B%E3%82%8B%E3%81%A8%E6%97%A9%E3%81%84%E3%82%88,200,https://access.line.me/oauth2/v2.1/login?returnUri=%2Foauth2%2Fv2.1%2Fauthorize%2Fconsent%3Fresponse_type%3Dcode%26client_id%3D1446101138%26state%3D9789f1961d740f7abd5a209c617519%26redirect_uri%3Dhttps%253A%252F%252Fsocial-plugins.line.me%252Flineit%252FloginCallback%253FreturnUrl%253Dhttps%25253A%25252F%25252Fsocial-plugins.line.me%25252Flineit%25252Fshare%25253Furl%25253Dhttps%2525253A%2525252F%2525252Fmorimachi.enshu-lifehack.com%2525252Flife%2525252Fend-of-life%2525252Finherited-house%2525252F%252526text%25253D%252525E9%2525259D%25252599%252525E5%252525B2%252525A1%252525E7%2525259C%2525258C%252525E5%25252591%252525A8%252525E6%25252599%252525BA%252525E9%25252583%252525A1%252525E6%252525A3%252525AE%252525E7%25252594%252525BA%252525E3%25252581%252525AE%252525E8%252525A6%252525AA%252525E3%25252581%252525AE%252525E5%252525AE%252525B6%252525E3%25252581%252525AF%252525E3%25252580%25252581%252525E6%252525A3%252525AE%252525E7%25252594%252525BA%252525E3%25252581%252525AE%252525E7%252525A9%252525BA%252525E3%25252581%2525258D%252525E5%252525AE%252525B6%252525E3%25252583%25252590%252525E3%25252583%252525B3%252525E3%25252582%252525AF%252525E3%25252583%252525BB%252525E8%252525A3%2525259C%252525E5%2525258A%252525A9%252525E9%25252587%25252591%252525E3%25252583%252525BB%252525E7%252525A2%252525BA%252525E8%252525AA%2525258D%252525E6%2525259B%252525B8%252525E5%25252588%252525B6%252525E5%252525BA%252525A6%252525E3%25252582%25252592%252525E4%252525BD%252525BF%252525E3%25252581%252525A3%252525E3%25252581%252525A6%252525E4%252525B8%25252580%252525E3%25252581%252525A4%252525E3%25252581%2525259A%252525E3%25252581%252525A4%252525E6%252525B1%252525BA%252525E3%25252582%25252581%252525E3%25252582%2525258B%252525E3%25252580%25252581%252525E3%25252581%25252593%252525E3%25252581%25252593%252525E8%252525A6%2525258B%252525E3%25252582%2525258B%252525E3%25252581%252525A8%252525E6%25252597%252525A9%252525E3%25252581%25252584%252525E3%25252582%25252588%26scope%3Dopenid%2520profile%2520friends%2520groups%2520timeline.post%2520message.write&loginChannelId=1446101138&loginState=bVhnrLA5kRqFFLNZvUXUhs,1,/life/end-of-life/inherited-house/
https://social-plugins.line.me/lineit/share?url=https%3A%2F%2Fmorimachi.enshu-lifehack.com%2Flife%2Fend-of-life%2Fpension-inheritance%2F&text=%E9%9D%99%E5%B2%A1%E7%9C%8C%E5%91%A8%E6%99%BA%E9%83%A1%E6%A3%AE%E7%94%BA%E3%81%AE%E5%B9%B4%E9%87%91%E3%81%AE%E6%89%8B%E7%B6%9A%E3%81%8D%E3%81%AF%E3%80%81%E5%9B%BD%E6%B0%91%E5%81%A5%E5%BA%B7%E4%BF%9D%E9%99%BA%E3%81%A8%E5%9B%BD%E6%B0%91%E5%B9%B4%E9%87%91%E3%81%AE%E7%AA%93%E5%8F%A3%E3%82%92%E5%88%86%E3%81%91%E3%81%A6%E7%A2%BA%E8%AA%8D%E3%81%99%E3%82%8B%E3%80%81%E3%81%93%E3%81%93%E8%A6%8B%E3%82%8B%E3%81%A8%E6%97%A9%E3%81%84%E3%82%88,200,https://access.line.me/oauth2/v2.1/login?returnUri=%2Foauth2%2Fv2.1%2Fauthorize%2Fconsent%3Fresponse_type%3Dcode%26client_id%3D1446101138%26state%3D9af35dfcaa872aad8bee1db0fac629%26redirect_uri%3Dhttps%253A%252F%252Fsocial-plugins.line.me%252Flineit%252FloginCallback%253FreturnUrl%253Dhttps%25253A%25252F%25252Fsocial-plugins.line.me%25252Flineit%25252Fshare%25253Furl%25253Dhttps%2525253A%2525252F%2525252Fmorimachi.enshu-lifehack.com%2525252Flife%2525252Fend-of-life%2525252Fpension-inheritance%2525252F%252526text%25253D%252525E9%2525259D%25252599%252525E5%252525B2%252525A1%252525E7%2525259C%2525258C%252525E5%25252591%252525A8%252525E6%25252599%252525BA%252525E9%25252583%252525A1%252525E6%252525A3%252525AE%252525E7%25252594%252525BA%252525E3%25252581%252525AE%252525E5%252525B9%252525B4%252525E9%25252587%25252591%252525E3%25252581%252525AE%252525E6%25252589%2525258B%252525E7%252525B6%2525259A%252525E3%25252581%2525258D%252525E3%25252581%252525AF%252525E3%25252580%25252581%252525E5%2525259B%252525BD%252525E6%252525B0%25252591%252525E5%25252581%252525A5%252525E5%252525BA%252525B7%252525E4%252525BF%2525259D%252525E9%25252599%252525BA%252525E3%25252581%252525A8%252525E5%2525259B%252525BD%252525E6%252525B0%25252591%252525E5%252525B9%252525B4%252525E9%25252587%25252591%252525E3%25252581%252525AE%252525E7%252525AA%25252593%252525E5%2525258F%252525A3%252525E3%25252582%25252592%252525E5%25252588%25252586%252525E3%25252581%25252591%252525E3%25252581%252525A6%252525E7%252525A2%252525BA%252525E8%252525AA%2525258D%252525E3%25252581%25252599%252525E3%25252582%2525258B%252525E3%25252580%25252581%252525E3%25252581%25252593%252525E3%25252581%25252593%252525E8%252525A6%2525258B%252525E3%25252582%2525258B%252525E3%25252581%252525A8%252525E6%25252597%252525A9%252525E3%25252581%25252584%252525E3%25252582%25252588%26scope%3Dopenid%2520profile%2520friends%2520groups%2520timeline.post%2520message.write&loginChannelId=1446101138&loginState=GRpB0cpyQliEWq5LfMq2Gs,1,/life/end-of-life/pension-inheritance/
https://social-plugins.line.me/lineit/share?url=https%3A%2F%2Fmorimachi.enshu-lifehack.com%2Flife%2Fend-of-life%2Fproperty-tax-inheritance%2F&text=%E9%9D%99%E5%B2%A1%E7%9C%8C%E5%91%A8%E6%99%BA%E9%83%A1%E6%A3%AE%E7%94%BA%E3%81%AE%E5%9B%BA%E5%AE%9A%E8%B3%87%E7%94%A3%E7%A8%8E%E3%81%AE%E7%9B%B8%E7%B6%9A%E3%81%AF%E3%80%81%E6%A3%AE%E7%94%BA%E7%A8%8E%E5%8B%99%E8%AA%B2%E3%81%B8%E3%81%AE%E7%9B%B8%E7%B6%9A%E4%BA%BA%E4%BB%A3%E8%A1%A8%E8%80%85%E6%8C%87%E5%AE%9A%E5%B1%8A%E3%82%92%E5%85%88%E3%81%AB%E7%A2%BA%E8%AA%8D%E3%81%99%E3%82%8B%E3%80%81%E3%81%93%E3%81%93%E8%A6%8B%E3%82%8B%E3%81%A8%E6%97%A9%E3%81%84%E3%82%88,200,https://access.line.me/oauth2/v2.1/login?returnUri=%2Foauth2%2Fv2.1%2Fauthorize%2Fconsent%3Fresponse_type%3Dcode%26client_id%3D1446101138%26state%3Dced65a9b9e73cb08df724289dc5c71%26redirect_uri%3Dhttps%253A%252F%252Fsocial-plugins.line.me%252Flineit%252FloginCallback%253FreturnUrl%253Dhttps%25253A%25252F%25252Fsocial-plugins.line.me%25252Flineit%25252Fshare%25253Furl%25253Dhttps%2525253A%2525252F%2525252Fmorimachi.enshu-lifehack.com%2525252Flife%2525252Fend-of-life%2525252Fproperty-tax-inheritance%2525252F%252526text%25253D%252525E9%2525259D%25252599%252525E5%252525B2%252525A1%252525E7%2525259C%2525258C%252525E5%25252591%252525A8%252525E6%25252599%252525BA%252525E9%25252583%252525A1%252525E6%252525A3%252525AE%252525E7%25252594%252525BA%252525E3%25252581%252525AE%252525E5%2525259B%252525BA%252525E5%252525AE%2525259A%252525E8%252525B3%25252587%252525E7%25252594%252525A3%252525E7%252525A8%2525258E%252525E3%25252581%252525AE%252525E7%2525259B%252525B8%252525E7%252525B6%2525259A%252525E3%25252581%252525AF%252525E3%25252580%25252581%252525E6%252525A3%252525AE%252525E7%25252594%252525BA%252525E7%252525A8%2525258E%252525E5%2525258B%25252599%252525E8%252525AA%252525B2%252525E3%25252581%252525B8%252525E3%25252581%252525AE%252525E7%2525259B%252525B8%252525E7%252525B6%2525259A%252525E4%252525BA%252525BA%252525E4%252525BB%252525A3%252525E8%252525A1%252525A8%252525E8%25252580%25252585%252525E6%2525258C%25252587%252525E5%252525AE%2525259A%252525E5%252525B1%2525258A%252525E3%25252582%25252592%252525E5%25252585%25252588%252525E3%25252581%252525AB%252525E7%252525A2%252525BA%252525E8%252525AA%2525258D%252525E3%25252581%25252599%252525E3%25252582%2525258B%252525E3%25252580%25252581%252525E3%25252581%25252593%252525E3%25252581%25252593%252525E8%252525A6%2525258B%252525E3%25252582%2525258B%252525E3%25252581%252525A8%252525E6%25252597%252525A9%252525E3%25252581%25252584%252525E3%25252582%25252588%26scope%3Dopenid%2520profile%2520friends%2520groups%2520timeline.post%2520message.write&loginChannelId=1446101138&loginState=77vTi8dRNTqHbDOAlNrLS9,1,/life/end-of-life/property-tax-inheritance/
https://social-plugins.line.me/lineit/share?url=https%3A%2F%2Fmorimachi.enshu-lifehack.com%2Flife%2Ffamily-grow%2Fchild-allowance%2F&text=%E9%9D%99%E5%B2%A1%E7%9C%8C%E5%91%A8%E6%99%BA%E9%83%A1%E6%A3%AE%E7%94%BA%E3%81%AE%E5%85%90%E7%AB%A5%E6%89%8B%E5%BD%93%E3%82%92%E3%80%81%E5%87%BA%E7%94%9F%E3%83%BB%E8%BB%A2%E5%85%A5%E3%81%8B%E3%82%8915%E6%97%A5%E4%BB%A5%E5%86%85%E3%81%AB%E7%A2%BA%E5%AE%9F%E3%81%AB%E7%94%B3%E8%AB%8B%E3%81%99%E3%82%8B%E3%80%82%E3%80%81%E3%81%93%E3%81%93%E8%A6%8B%E3%82%8B%E3%81%A8%E6%97%A9%E3%81%84%E3%82%88,200,https://access.line.me/oauth2/v2.1/login?returnUri=%2Foauth2%2Fv2.1%2Fauthorize%2Fconsent%3Fresponse_type%3Dcode%26client_id%3D1446101138%26state%3D1e66d74c2ad41cd90c53189dc57554%26redirect_uri%3Dhttps%253A%252F%252Fsocial-plugins.line.me%252Flineit%252FloginCallback%253FreturnUrl%253Dhttps%25253A%25252F%25252Fsocial-plugins.line.me%25252Flineit%25252Fshare%25253Furl%25253Dhttps%2525253A%2525252F%2525252Fmorimachi.enshu-lifehack.com%2525252Flife%2525252Ffamily-grow%2525252Fchild-allowance%2525252F%252526text%25253D%252525E9%2525259D%25252599%252525E5%252525B2%252525A1%252525E7%2525259C%2525258C%252525E5%25252591%252525A8%252525E6%25252599%252525BA%252525E9%25252583%252525A1%252525E6%252525A3%252525AE%252525E7%25252594%252525BA%252525E3%25252581%252525AE%252525E5%25252585%25252590%252525E7%252525AB%252525A5%252525E6%25252589%2525258B%252525E5%252525BD%25252593%252525E3%25252582%25252592%252525E3%25252580%25252581%252525E5%25252587%252525BA%252525E7%25252594%2525259F%252525E3%25252583%252525BB%252525E8%252525BB%252525A2%252525E5%25252585%252525A5%252525E3%25252581%2525258B%252525E3%25252582%2525258915%252525E6%25252597%252525A5%252525E4%252525BB%252525A5%252525E5%25252586%25252585%252525E3%25252581%252525AB%252525E7%252525A2%252525BA%252525E5%252525AE%2525259F%252525E3%25252581%252525AB%252525E7%25252594%252525B3%252525E8%252525AB%2525258B%252525E3%25252581%25252599%252525E3%25252582%2525258B%252525E3%25252580%25252582%252525E3%25252580%25252581%252525E3%25252581%25252593%252525E3%25252581%25252593%252525E8%252525A6%2525258B%252525E3%25252582%2525258B%252525E3%25252581%252525A8%252525E6%25252597%252525A9%252525E3%25252581%25252584%252525E3%25252582%25252588%26scope%3Dopenid%2520profile%2520friends%2520groups%2520timeline.post%2520message.write&loginChannelId=1446101138&loginState=YVWWWVbdA5aNLbnqTkEs32,1,/life/family-grow/child-allowance/
https://social-plugins.line.me/lineit/share?url=https%3A%2F%2Fmorimachi.enshu-lifehack.com%2Flife%2Ffamily-grow%2Fchild-vaccination%2F&text=%E9%9D%99%E5%B2%A1%E7%9C%8C%E5%91%A8%E6%99%BA%E9%83%A1%E6%A3%AE%E7%94%BA%E3%81%AE%E5%AD%90%E3%81%A9%E3%82%82%E3%81%AE%E4%BA%88%E9%98%B2%E6%8E%A5%E7%A8%AE%E3%81%AF%E3%80%81%E6%AF%8D%E5%AD%90%E5%81%A5%E5%BA%B7%E6%89%8B%E5%B8%B3%E3%81%A8%E4%BA%88%E8%A8%BA%E7%A5%A8%E3%82%92%E3%81%9D%E3%82%8D%E3%81%88%E3%81%A6%E5%8C%BB%E7%99%82%E6%A9%9F%E9%96%A2%E3%81%A7%E5%8F%97%E3%81%91%E3%82%8B%E3%80%82%E3%80%81%E3%81%93%E3%81%93%E8%A6%8B%E3%82%8B%E3%81%A8%E6%97%A9%E3%81%84%E3%82%88,200,https://access.line.me/oauth2/v2.1/login?returnUri=%2Foauth2%2Fv2.1%2Fauthorize%2Fconsent%3Fresponse_type%3Dcode%26client_id%3D1446101138%26state%3D3ca63fa912864bd5143008e0057681%26redirect_uri%3Dhttps%253A%252F%252Fsocial-plugins.line.me%252Flineit%252FloginCallback%253FreturnUrl%253Dhttps%25253A%25252F%25252Fsocial-plugins.line.me%25252Flineit%25252Fshare%25253Furl%25253Dhttps%2525253A%2525252F%2525252Fmorimachi.enshu-lifehack.com%2525252Flife%2525252Ffamily-grow%2525252Fchild-vaccination%2525252F%252526text%25253D%252525E9%2525259D%25252599%252525E5%252525B2%252525A1%252525E7%2525259C%2525258C%252525E5%25252591%252525A8%252525E6%25252599%252525BA%252525E9%25252583%252525A1%252525E6%252525A3%252525AE%252525E7%25252594%252525BA%252525E3%25252581%252525AE%252525E5%252525AD%25252590%252525E3%25252581%252525A9%252525E3%25252582%25252582%252525E3%25252581%252525AE%252525E4%252525BA%25252588%252525E9%25252598%252525B2%252525E6%2525258E%252525A5%252525E7%252525A8%252525AE%252525E3%25252581%252525AF%252525E3%25252580%25252581%252525E6%252525AF%2525258D%252525E5%252525AD%25252590%252525E5%25252581%252525A5%252525E5%252525BA%252525B7%252525E6%25252589%2525258B%252525E5%252525B8%252525B3%252525E3%25252581%252525A8%252525E4%252525BA%25252588%252525E8%252525A8%252525BA%252525E7%252525A5%252525A8%252525E3%25252582%25252592%252525E3%25252581%2525259D%252525E3%25252582%2525258D%252525E3%25252581%25252588%252525E3%25252581%252525A6%252525E5%2525258C%252525BB%252525E7%25252599%25252582%252525E6%252525A9%2525259F%252525E9%25252596%252525A2%252525E3%25252581%252525A7%252525E5%2525258F%25252597%252525E3%25252581%25252591%252525E3%25252582%2525258B%252525E3%25252580%25252582%252525E3%25252580%25252581%252525E3%25252581%25252593%252525E3%25252581%25252593%252525E8%252525A6%2525258B%252525E3%25252582%2525258B%252525E3%25252581%252525A8%252525E6%25252597%252525A9%252525E3%25252581%25252584%252525E3%25252582%25252588%26scope%3Dopenid%2520profile%2520friends%2520groups%2520timeline.post%2520message.write&loginChannelId=1446101138&loginState=frkDf40vcjsvVubIafU92F,1,/life/family-grow/child-vaccination/
https://social-plugins.line.me/lineit/share?url=https%3A%2F%2Fmorimachi.enshu-lifehack.com%2Flife%2Ffamily-grow%2Fchildbirth%2F&text=%E9%9D%99%E5%B2%A1%E7%9C%8C%E5%91%A8%E6%99%BA%E9%83%A1%E6%A3%AE%E7%94%BA%E3%81%AE%E8%B5%A4%E3%81%A1%E3%82%83%E3%82%93%E3%81%8C%E7%94%9F%E3%81%BE%E3%82%8C%E3%81%9F%E3%82%89%E3%80%81%E5%87%BA%E7%94%9F%E5%B1%8A%E3%83%BB%E5%85%90%E7%AB%A5%E6%89%8B%E5%BD%93%E3%83%BB%E6%96%B0%E7%94%9F%E5%85%90%E5%87%BA%E7%94%9F%E9%80%9A%E7%9F%A5%E3%82%92%E3%81%BE%E3%81%A8%E3%82%81%E3%81%A6%E9%80%B2%E3%82%81%E3%82%8B%E3%80%82%E3%80%81%E3%81%93%E3%81%93%E8%A6%8B%E3%82%8B%E3%81%A8%E6%97%A9%E3%81%84%E3%82%88,200,https://access.line.me/oauth2/v2.1/login?returnUri=%2Foauth2%2Fv2.1%2Fauthorize%2Fconsent%3Fresponse_type%3Dcode%26client_id%3D1446101138%26state%3D17b62810f03208f4f5fa51a79988d3%26redirect_uri%3Dhttps%253A%252F%252Fsocial-plugins.line.me%252Flineit%252FloginCallback%253FreturnUrl%253Dhttps%25253A%25252F%25252Fsocial-plugins.line.me%25252Flineit%25252Fshare%25253Furl%25253Dhttps%2525253A%2525252F%2525252Fmorimachi.enshu-lifehack.com%2525252Flife%2525252Ffamily-grow%2525252Fchildbirth%2525252F%252526text%25253D%252525E9%2525259D%25252599%252525E5%252525B2%252525A1%252525E7%2525259C%2525258C%252525E5%25252591%252525A8%252525E6%25252599%252525BA%252525E9%25252583%252525A1%252525E6%252525A3%252525AE%252525E7%25252594%252525BA%252525E3%25252581%252525AE%252525E8%252525B5%252525A4%252525E3%25252581%252525A1%252525E3%25252582%25252583%252525E3%25252582%25252593%252525E3%25252581%2525258C%252525E7%25252594%2525259F%252525E3%25252581%252525BE%252525E3%25252582%2525258C%252525E3%25252581%2525259F%252525E3%25252582%25252589%252525E3%25252580%25252581%252525E5%25252587%252525BA%252525E7%25252594%2525259F%252525E5%252525B1%2525258A%252525E3%25252583%252525BB%252525E5%25252585%25252590%252525E7%252525AB%252525A5%252525E6%25252589%2525258B%252525E5%252525BD%25252593%252525E3%25252583%252525BB%252525E6%25252596%252525B0%252525E7%25252594%2525259F%252525E5%25252585%25252590%252525E5%25252587%252525BA%252525E7%25252594%2525259F%252525E9%25252580%2525259A%252525E7%2525259F%252525A5%252525E3%25252582%25252592%252525E3%25252581%252525BE%252525E3%25252581%252525A8%252525E3%25252582%25252581%252525E3%25252581%252525A6%252525E9%25252580%252525B2%252525E3%25252582%25252581%252525E3%25252582%2525258B%252525E3%25252580%25252582%252525E3%25252580%25252581%252525E3%25252581%25252593%252525E3%25252581%25252593%252525E8%252525A6%2525258B%252525E3%25252582%2525258B%252525E3%25252581%252525A8%252525E6%25252597%252525A9%252525E3%25252581%25252584%252525E3%25252582%25252588%26scope%3Dopenid%2520profile%2520friends%2520groups%2520timeline.post%2520message.write&loginChannelId=1446101138&loginState=JxD57AhLTSWxXrdox90Uft,1,/life/family-grow/childbirth/
https://social-plugins.line.me/lineit/share?url=https%3A%2F%2Fmorimachi.enshu-lifehack.com%2Flife%2Ffamily-grow%2Fdevelopmental-support%2F&text=%E9%9D%99%E5%B2%A1%E7%9C%8C%E5%91%A8%E6%99%BA%E9%83%A1%E6%A3%AE%E7%94%BA%E3%81%AE%E5%AD%90%E3%81%A9%E3%82%82%E3%81%AE%E7%99%BA%E9%81%94%E3%81%8C%E6%B0%97%E3%81%AB%E3%81%AA%E3%81%A3%E3%81%9F%E3%82%89%E3%80%81%E5%AD%90%E3%81%A9%E3%82%82%E7%9B%B8%E8%AB%87%E3%83%BB%E8%A6%AA%E5%AD%90%E7%99%82%E8%82%B2%E6%95%99%E5%AE%A4%E3%83%BB%E3%81%93%E3%81%A8%E3%81%B0%E3%81%AE%E6%95%99%E5%AE%A4%E3%81%8B%E3%82%89%E9%81%B8%E3%81%B6%E3%80%82%E3%80%81%E3%81%93%E3%81%93%E8%A6%8B%E3%82%8B%E3%81%A8%E6%97%A9%E3%81%84%E3%82%88,200,https://access.line.me/oauth2/v2.1/login?returnUri=%2Foauth2%2Fv2.1%2Fauthorize%2Fconsent%3Fresponse_type%3Dcode%26client_id%3D1446101138%26state%3D7dd9e571f6a9efb2b228f94355b82c%26redirect_uri%3Dhttps%253A%252F%252Fsocial-plugins.line.me%252Flineit%252FloginCallback%253FreturnUrl%253Dhttps%25253A%25252F%25252Fsocial-plugins.line.me%25252Flineit%25252Fshare%25253Furl%25253Dhttps%2525253A%2525252F%2525252Fmorimachi.enshu-lifehack.com%2525252Flife%2525252Ffamily-grow%2525252Fdevelopmental-support%2525252F%252526text%25253D%252525E9%2525259D%25252599%252525E5%252525B2%252525A1%252525E7%2525259C%2525258C%252525E5%25252591%252525A8%252525E6%25252599%252525BA%252525E9%25252583%252525A1%252525E6%252525A3%252525AE%252525E7%25252594%252525BA%252525E3%25252581%252525AE%252525E5%252525AD%25252590%252525E3%25252581%252525A9%252525E3%25252582%25252582%252525E3%25252581%252525AE%252525E7%25252599%252525BA%252525E9%25252581%25252594%252525E3%25252581%2525258C%252525E6%252525B0%25252597%252525E3%25252581%252525AB%252525E3%25252581%252525AA%252525E3%25252581%252525A3%252525E3%25252581%2525259F%252525E3%25252582%25252589%252525E3%25252580%25252581%252525E5%252525AD%25252590%252525E3%25252581%252525A9%252525E3%25252582%25252582%252525E7%2525259B%252525B8%252525E8%252525AB%25252587%252525E3%25252583%252525BB%252525E8%252525A6%252525AA%252525E5%252525AD%25252590%252525E7%25252599%25252582%252525E8%25252582%252525B2%252525E6%25252595%25252599%252525E5%252525AE%252525A4%252525E3%25252583%252525BB%252525E3%25252581%25252593%252525E3%25252581%252525A8%252525E3%25252581%252525B0%252525E3%25252581%252525AE%252525E6%25252595%25252599%252525E5%252525AE%252525A4%252525E3%25252581%2525258B%252525E3%25252582%25252589%252525E9%25252581%252525B8%252525E3%25252581%252525B6%252525E3%25252580%25252582%252525E3%25252580%25252581%252525E3%25252581%25252593%252525E3%25252581%25252593%252525E8%252525A6%2525258B%252525E3%25252582%2525258B%252525E3%25252581%252525A8%252525E6%25252597%252525A9%252525E3%25252581%25252584%252525E3%25252582%25252588%26scope%3Dopenid%2520profile%2520friends%2520groups%2520timeline.post%2520message.write&loginChannelId=1446101138&loginState=JuVQxErn64DVPqIeE0iNgc,1,/life/family-grow/developmental-support/
https://social-plugins.line.me/lineit/share?url=https%3A%2F%2Fmorimachi.enshu-lifehack.com%2Flife%2Ffamily-grow%2F&text=%E9%9D%99%E5%B2%A1%E7%9C%8C%E5%91%A8%E6%99%BA%E9%83%A1%E6%A3%AE%E7%94%BA%E3%81%AE%F0%9F%91%B6%20%E5%AE%B6%E6%97%8F%E3%81%8C%E5%A2%97%E3%81%88%E3%82%8B%E3%80%81%E3%81%93%E3%81%93%E8%A6%8B%E3%82%8B%E3%81%A8%E6%97%A9%E3%81%84%E3%82%88,200,https://access.line.me/oauth2/v2.1/login?returnUri=%2Foauth2%2Fv2.1%2Fauthorize%2Fconsent%3Fresponse_type%3Dcode%26client_id%3D1446101138%26state%3D59fd1dbf130721969c469235bcdd70%26redirect_uri%3Dhttps%253A%252F%252Fsocial-plugins.line.me%252Flineit%252FloginCallback%253FreturnUrl%253Dhttps%25253A%25252F%25252Fsocial-plugins.line.me%25252Flineit%25252Fshare%25253Furl%25253Dhttps%2525253A%2525252F%2525252Fmorimachi.enshu-lifehack.com%2525252Flife%2525252Ffamily-grow%2525252F%252526text%25253D%252525E9%2525259D%25252599%252525E5%252525B2%252525A1%252525E7%2525259C%2525258C%252525E5%25252591%252525A8%252525E6%25252599%252525BA%252525E9%25252583%252525A1%252525E6%252525A3%252525AE%252525E7%25252594%252525BA%252525E3%25252581%252525AE%252525F0%2525259F%25252591%252525B6%25252520%252525E5%252525AE%252525B6%252525E6%25252597%2525258F%252525E3%25252581%2525258C%252525E5%252525A2%25252597%252525E3%25252581%25252588%252525E3%25252582%2525258B%252525E3%25252580%25252581%252525E3%25252581%25252593%252525E3%25252581%25252593%252525E8%252525A6%2525258B%252525E3%25252582%2525258B%252525E3%25252581%252525A8%252525E6%25252597%252525A9%252525E3%25252581%25252584%252525E3%25252582%25252588%26scope%3Dopenid%2520profile%2520friends%2520groups%2520timeline.post%2520message.write&loginChannelId=1446101138&loginState=plIPRVQBQzgZOMxbB1P4i5,1,/life/family-grow/
https://social-plugins.line.me/lineit/share?url=https%3A%2F%2Fmorimachi.enshu-lifehack.com%2Flife%2Ffamily-grow%2Finfant-health-check%2F&text=%E9%9D%99%E5%B2%A1%E7%9C%8C%E5%91%A8%E6%99%BA%E9%83%A1%E6%A3%AE%E7%94%BA%E3%81%AE%E4%B9%B3%E5%B9%BC%E5%85%90%E5%81%A5%E8%A8%BA%E3%81%AE%E6%A1%88%E5%86%85%E3%82%92%E8%A6%8B%E8%90%BD%E3%81%A8%E3%81%95%E3%81%9A%E3%80%811%E3%81%8B%E6%9C%88%E3%83%BB4%E3%81%8B%E6%9C%88%E3%83%BB10%E3%81%8B%E6%9C%88%E3%83%BB1%E6%AD%B36%E3%81%8B%E6%9C%88%E3%83%BB3%E6%AD%B3%E5%85%90%E3%81%A7%E7%A2%BA%E8%AA%8D%E3%81%99%E3%82%8B%E3%80%82%E3%80%81%E3%81%93%E3%81%93%E8%A6%8B%E3%82%8B%E3%81%A8%E6%97%A9%E3%81%84%E3%82%88,200,https://access.line.me/oauth2/v2.1/login?returnUri=%2Foauth2%2Fv2.1%2Fauthorize%2Fconsent%3Fresponse_type%3Dcode%26client_id%3D1446101138%26state%3D56de8c90062315340fc8764faffb3a%26redirect_uri%3Dhttps%253A%252F%252Fsocial-plugins.line.me%252Flineit%252FloginCallback%253FreturnUrl%253Dhttps%25253A%25252F%25252Fsocial-plugins.line.me%25252Flineit%25252Fshare%25253Furl%25253Dhttps%2525253A%2525252F%2525252Fmorimachi.enshu-lifehack.com%2525252Flife%2525252Ffamily-grow%2525252Finfant-health-check%2525252F%252526text%25253D%252525E9%2525259D%25252599%252525E5%252525B2%252525A1%252525E7%2525259C%2525258C%252525E5%25252591%252525A8%252525E6%25252599%252525BA%252525E9%25252583%252525A1%252525E6%252525A3%252525AE%252525E7%25252594%252525BA%252525E3%25252581%252525AE%252525E4%252525B9%252525B3%252525E5%252525B9%252525BC%252525E5%25252585%25252590%252525E5%25252581%252525A5%252525E8%252525A8%252525BA%252525E3%25252581%252525AE%252525E6%252525A1%25252588%252525E5%25252586%25252585%252525E3%25252582%25252592%252525E8%252525A6%2525258B%252525E8%25252590%252525BD%252525E3%25252581%252525A8%252525E3%25252581%25252595%252525E3%25252581%2525259A%252525E3%25252580%252525811%252525E3%25252581%2525258B%252525E6%2525259C%25252588%252525E3%25252583%252525BB4%252525E3%25252581%2525258B%252525E6%2525259C%25252588%252525E3%25252583%252525BB10%252525E3%25252581%2525258B%252525E6%2525259C%25252588%252525E3%25252583%252525BB1%252525E6%252525AD%252525B36%252525E3%25252581%2525258B%252525E6%2525259C%25252588%252525E3%25252583%252525BB3%252525E6%252525AD%252525B3%252525E5%25252585%25252590%252525E3%25252581%252525A7%252525E7%252525A2%252525BA%252525E8%252525AA%2525258D%252525E3%25252581%25252599%252525E3%25252582%2525258B%252525E3%25252580%25252582%252525E3%25252580%25252581%252525E3%25252581%25252593%252525E3%25252581%25252593%252525E8%252525A6%2525258B%252525E3%25252582%2525258B%252525E3%25252581%252525A8%252525E6%25252597%252525A9%252525E3%25252581%25252584%252525E3%25252582%25252588%26scope%3Dopenid%2520profile%2520friends%2520groups%2520timeline.post%2520message.write&loginChannelId=1446101138&loginState=ghNnjoWSkX2aAH3U7tAQD5,1,/life/family-grow/infant-health-check/
https://social-plugins.line.me/lineit/share?url=https%3A%2F%2Fmorimachi.enshu-lifehack.com%2Flife%2Ffamily-grow%2Fmarriage%2F&text=%E9%9D%99%E5%B2%A1%E7%9C%8C%E5%91%A8%E6%99%BA%E9%83%A1%E6%A3%AE%E7%94%BA%E3%81%AE%E5%A9%9A%E5%A7%BB%E5%B1%8A%E3%82%92%E5%87%BA%E3%81%99%E6%97%A5%E3%81%A8%E3%80%81%E7%B5%90%E5%A9%9A%E6%96%B0%E7%94%9F%E6%B4%BB%E6%94%AF%E6%8F%B4%E8%A3%9C%E5%8A%A9%E9%87%91%E3%81%AA%E3%81%A9%E7%B5%90%E5%A9%9A%E5%BE%8C%E3%81%AE%E6%89%8B%E7%B6%9A%E3%81%8D%E3%82%92%E5%85%88%E3%81%AB%E6%95%B4%E7%90%86%E3%81%99%E3%82%8B%E3%80%82%E3%80%81%E3%81%93%E3%81%93%E8%A6%8B%E3%82%8B%E3%81%A8%E6%97%A9%E3%81%84%E3%82%88,200,https://access.line.me/oauth2/v2.1/login?returnUri=%2Foauth2%2Fv2.1%2Fauthorize%2Fconsent%3Fresponse_type%3Dcode%26client_id%3D1446101138%26state%3D67629a50335a9010b53f864daf402e%26redirect_uri%3Dhttps%253A%252F%252Fsocial-plugins.line.me%252Flineit%252FloginCallback%253FreturnUrl%253Dhttps%25253A%25252F%25252Fsocial-plugins.line.me%25252Flineit%25252Fshare%25253Furl%25253Dhttps%2525253A%2525252F%2525252Fmorimachi.enshu-lifehack.com%2525252Flife%2525252Ffamily-grow%2525252Fmarriage%2525252F%252526text%25253D%252525E9%2525259D%25252599%252525E5%252525B2%252525A1%252525E7%2525259C%2525258C%252525E5%25252591%252525A8%252525E6%25252599%252525BA%252525E9%25252583%252525A1%252525E6%252525A3%252525AE%252525E7%25252594%252525BA%252525E3%25252581%252525AE%252525E5%252525A9%2525259A%252525E5%252525A7%252525BB%252525E5%252525B1%2525258A%252525E3%25252582%25252592%252525E5%25252587%252525BA%252525E3%25252581%25252599%252525E6%25252597%252525A5%252525E3%25252581%252525A8%252525E3%25252580%25252581%252525E7%252525B5%25252590%252525E5%252525A9%2525259A%252525E6%25252596%252525B0%252525E7%25252594%2525259F%252525E6%252525B4%252525BB%252525E6%25252594%252525AF%252525E6%2525258F%252525B4%252525E8%252525A3%2525259C%252525E5%2525258A%252525A9%252525E9%25252587%25252591%252525E3%25252581%252525AA%252525E3%25252581%252525A9%252525E7%252525B5%25252590%252525E5%252525A9%2525259A%252525E5%252525BE%2525258C%252525E3%25252581%252525AE%252525E6%25252589%2525258B%252525E7%252525B6%2525259A%252525E3%25252581%2525258D%252525E3%25252582%25252592%252525E5%25252585%25252588%252525E3%25252581%252525AB%252525E6%25252595%252525B4%252525E7%25252590%25252586%252525E3%25252581%25252599%252525E3%25252582%2525258B%252525E3%25252580%25252582%252525E3%25252580%25252581%252525E3%25252581%25252593%252525E3%25252581%25252593%252525E8%252525A6%2525258B%252525E3%25252582%2525258B%252525E3%25252581%252525A8%252525E6%25252597%252525A9%252525E3%25252581%25252584%252525E3%25252582%25252588%26scope%3Dopenid%2520profile%2520friends%2520groups%2520timeline.post%2520message.write&loginChannelId=1446101138&loginState=JS6dPqWu2CQPIudFRurwli,1,/life/family-grow/marriage/
https://social-plugins.line.me/lineit/share?url=https%3A%2F%2Fmorimachi.enshu-lifehack.com%2Flife%2Ffamily-grow%2Fnursery-childcare%2F&text=%E9%9D%99%E5%B2%A1%E7%9C%8C%E5%91%A8%E6%99%BA%E9%83%A1%E6%A3%AE%E7%94%BA%E3%81%AE%E4%BF%9D%E8%82%B2%E5%9C%92%E3%81%AE%E5%85%A5%E6%89%80%E7%94%B3%E8%BE%BC%E3%81%BF%E3%81%A8%E7%97%85%E5%85%90%E3%83%BB%E7%97%85%E5%BE%8C%E5%85%90%E4%BF%9D%E8%82%B2%E3%82%92%E3%80%81%E5%BF%85%E8%A6%81%E3%81%AA%E3%82%BF%E3%82%A4%E3%83%9F%E3%83%B3%E3%82%B0%E3%81%8B%E3%82%89%E7%A2%BA%E8%AA%8D%E3%81%99%E3%82%8B%E3%80%82%E3%80%81%E3%81%93%E3%81%93%E8%A6%8B%E3%82%8B%E3%81%A8%E6%97%A9%E3%81%84%E3%82%88,200,https://access.line.me/oauth2/v2.1/login?returnUri=%2Foauth2%2Fv2.1%2Fauthorize%2Fconsent%3Fresponse_type%3Dcode%26client_id%3D1446101138%26state%3D8e746e42097fb6f3031f859c91e5b9%26redirect_uri%3Dhttps%253A%252F%252Fsocial-plugins.line.me%252Flineit%252FloginCallback%253FreturnUrl%253Dhttps%25253A%25252F%25252Fsocial-plugins.line.me%25252Flineit%25252Fshare%25253Furl%25253Dhttps%2525253A%2525252F%2525252Fmorimachi.enshu-lifehack.com%2525252Flife%2525252Ffamily-grow%2525252Fnursery-childcare%2525252F%252526text%25253D%252525E9%2525259D%25252599%252525E5%252525B2%252525A1%252525E7%2525259C%2525258C%252525E5%25252591%252525A8%252525E6%25252599%252525BA%252525E9%25252583%252525A1%252525E6%252525A3%252525AE%252525E7%25252594%252525BA%252525E3%25252581%252525AE%252525E4%252525BF%2525259D%252525E8%25252582%252525B2%252525E5%2525259C%25252592%252525E3%25252581%252525AE%252525E5%25252585%252525A5%252525E6%25252589%25252580%252525E7%25252594%252525B3%252525E8%252525BE%252525BC%252525E3%25252581%252525BF%252525E3%25252581%252525A8%252525E7%25252597%25252585%252525E5%25252585%25252590%252525E3%25252583%252525BB%252525E7%25252597%25252585%252525E5%252525BE%2525258C%252525E5%25252585%25252590%252525E4%252525BF%2525259D%252525E8%25252582%252525B2%252525E3%25252582%25252592%252525E3%25252580%25252581%252525E5%252525BF%25252585%252525E8%252525A6%25252581%252525E3%25252581%252525AA%252525E3%25252582%252525BF%252525E3%25252582%252525A4%252525E3%25252583%2525259F%252525E3%25252583%252525B3%252525E3%25252582%252525B0%252525E3%25252581%2525258B%252525E3%25252582%25252589%252525E7%252525A2%252525BA%252525E8%252525AA%2525258D%252525E3%25252581%25252599%252525E3%25252582%2525258B%252525E3%25252580%25252582%252525E3%25252580%25252581%252525E3%25252581%25252593%252525E3%25252581%25252593%252525E8%252525A6%2525258B%252525E3%25252582%2525258B%252525E3%25252581%252525A8%252525E6%25252597%252525A9%252525E3%25252581%25252584%252525E3%25252582%25252588%26scope%3Dopenid%2520profile%2520friends%2520groups%2520timeline.post%2520message.write&loginChannelId=1446101138&loginState=Os6lohfq8lxE1mWFnHr3tT,1,/life/family-grow/nursery-childcare/
https://social-plugins.line.me/lineit/share?url=https%3A%2F%2Fmorimachi.enshu-lifehack.com%2Flife%2Ffamily-grow%2Fnursery-school%2F&text=%E9%9D%99%E5%B2%A1%E7%9C%8C%E5%91%A8%E6%99%BA%E9%83%A1%E6%A3%AE%E7%94%BA%E3%81%AE%E5%B9%BC%E7%A8%9A%E5%9C%92%E3%83%BB%E4%BF%9D%E8%82%B2%E5%9C%92%E3%82%92%E3%80%81%E5%AD%90%E3%81%A9%E3%82%82%E3%81%AB%E5%90%88%E3%81%86%E5%85%A5%E5%8F%A3%E3%81%8B%E3%82%89%E9%81%B8%E3%81%B6%E3%80%82%E3%80%81%E3%81%93%E3%81%93%E8%A6%8B%E3%82%8B%E3%81%A8%E6%97%A9%E3%81%84%E3%82%88,200,https://access.line.me/oauth2/v2.1/login?returnUri=%2Foauth2%2Fv2.1%2Fauthorize%2Fconsent%3Fresponse_type%3Dcode%26client_id%3D1446101138%26state%3D0f0b84c1ca53a03e4b742f5edc57e1%26redirect_uri%3Dhttps%253A%252F%252Fsocial-plugins.line.me%252Flineit%252FloginCallback%253FreturnUrl%253Dhttps%25253A%25252F%25252Fsocial-plugins.line.me%25252Flineit%25252Fshare%25253Furl%25253Dhttps%2525253A%2525252F%2525252Fmorimachi.enshu-lifehack.com%2525252Flife%2525252Ffamily-grow%2525252Fnursery-school%2525252F%252526text%25253D%252525E9%2525259D%25252599%252525E5%252525B2%252525A1%252525E7%2525259C%2525258C%252525E5%25252591%252525A8%252525E6%25252599%252525BA%252525E9%25252583%252525A1%252525E6%252525A3%252525AE%252525E7%25252594%252525BA%252525E3%25252581%252525AE%252525E5%252525B9%252525BC%252525E7%252525A8%2525259A%252525E5%2525259C%25252592%252525E3%25252583%252525BB%252525E4%252525BF%2525259D%252525E8%25252582%252525B2%252525E5%2525259C%25252592%252525E3%25252582%25252592%252525E3%25252580%25252581%252525E5%252525AD%25252590%252525E3%25252581%252525A9%252525E3%25252582%25252582%252525E3%25252581%252525AB%252525E5%25252590%25252588%252525E3%25252581%25252586%252525E5%25252585%252525A5%252525E5%2525258F%252525A3%252525E3%25252581%2525258B%252525E3%25252582%25252589%252525E9%25252581%252525B8%252525E3%25252581%252525B6%252525E3%25252580%25252582%252525E3%25252580%25252581%252525E3%25252581%25252593%252525E3%25252581%25252593%252525E8%252525A6%2525258B%252525E3%25252582%2525258B%252525E3%25252581%252525A8%252525E6%25252597%252525A9%252525E3%25252581%25252584%252525E3%25252582%25252588%26scope%3Dopenid%2520profile%2520friends%2520groups%2520timeline.post%2520message.write&loginChannelId=1446101138&loginState=WOLdxZhb96F7qMJ1ps8CGN,1,/life/family-grow/nursery-school/
https://social-plugins.line.me/lineit/share?url=https%3A%2F%2Fmorimachi.enshu-lifehack.com%2Flife%2Ffamily-grow%2Fparenting-support%2F&text=%E9%9D%99%E5%B2%A1%E7%9C%8C%E5%91%A8%E6%99%BA%E9%83%A1%E6%A3%AE%E7%94%BA%E3%81%AE%E5%AD%90%E8%82%B2%E3%81%A6%E3%81%A7%E8%BF%B7%E3%81%A3%E3%81%9F%E3%82%89%E3%80%81%E3%81%93%E3%81%A9%E3%82%82%E5%AE%B6%E5%BA%AD%E3%82%BB%E3%83%B3%E3%82%BF%E3%83%BC%E3%81%A8%E5%85%90%E7%AB%A5%E9%A4%A8%E3%83%BB%E5%AD%90%E8%82%B2%E3%81%A6%E5%BF%9C%E6%8F%B4%E3%82%A2%E3%83%97%E3%83%AA%E3%82%92%E4%BD%BF%E3%81%84%E5%88%86%E3%81%91%E3%82%8B%E3%80%82%E3%80%81%E3%81%93%E3%81%93%E8%A6%8B%E3%82%8B%E3%81%A8%E6%97%A9%E3%81%84%E3%82%88,200,https://access.line.me/oauth2/v2.1/login?returnUri=%2Foauth2%2Fv2.1%2Fauthorize%2Fconsent%3Fresponse_type%3Dcode%26client_id%3D1446101138%26state%3Dc6dc7ce438b2b2b1053e8cf1ffc3e1%26redirect_uri%3Dhttps%253A%252F%252Fsocial-plugins.line.me%252Flineit%252FloginCallback%253FreturnUrl%253Dhttps%25253A%25252F%25252Fsocial-plugins.line.me%25252Flineit%25252Fshare%25253Furl%25253Dhttps%2525253A%2525252F%2525252Fmorimachi.enshu-lifehack.com%2525252Flife%2525252Ffamily-grow%2525252Fparenting-support%2525252F%252526text%25253D%252525E9%2525259D%25252599%252525E5%252525B2%252525A1%252525E7%2525259C%2525258C%252525E5%25252591%252525A8%252525E6%25252599%252525BA%252525E9%25252583%252525A1%252525E6%252525A3%252525AE%252525E7%25252594%252525BA%252525E3%25252581%252525AE%252525E5%252525AD%25252590%252525E8%25252582%252525B2%252525E3%25252581%252525A6%252525E3%25252581%252525A7%252525E8%252525BF%252525B7%252525E3%25252581%252525A3%252525E3%25252581%2525259F%252525E3%25252582%25252589%252525E3%25252580%25252581%252525E3%25252581%25252593%252525E3%25252581%252525A9%252525E3%25252582%25252582%252525E5%252525AE%252525B6%252525E5%252525BA%252525AD%252525E3%25252582%252525BB%252525E3%25252583%252525B3%252525E3%25252582%252525BF%252525E3%25252583%252525BC%252525E3%25252581%252525A8%252525E5%25252585%25252590%252525E7%252525AB%252525A5%252525E9%252525A4%252525A8%252525E3%25252583%252525BB%252525E5%252525AD%25252590%252525E8%25252582%252525B2%252525E3%25252581%252525A6%252525E5%252525BF%2525259C%252525E6%2525258F%252525B4%252525E3%25252582%252525A2%252525E3%25252583%25252597%252525E3%25252583%252525AA%252525E3%25252582%25252592%252525E4%252525BD%252525BF%252525E3%25252581%25252584%252525E5%25252588%25252586%252525E3%25252581%25252591%252525E3%25252582%2525258B%252525E3%25252580%25252582%252525E3%25252580%25252581%252525E3%25252581%25252593%252525E3%25252581%25252593%252525E8%252525A6%2525258B%252525E3%25252582%2525258B%252525E3%25252581%252525A8%252525E6%25252597%252525A9%252525E3%25252581%25252584%252525E3%25252582%25252588%26scope%3Dopenid%2520profile%2520friends%2520groups%2520timeline.post%2520message.write&loginChannelId=1446101138&loginState=b6aNLnN2bxFjCdTVpoVQNd,1,/life/family-grow/parenting-support/
https://social-plugins.line.me/lineit/share?url=https%3A%2F%2Fmorimachi.enshu-lifehack.com%2Flife%2Ffamily-grow%2Fpregnancy%2F&text=%E9%9D%99%E5%B2%A1%E7%9C%8C%E5%91%A8%E6%99%BA%E9%83%A1%E6%A3%AE%E7%94%BA%E3%81%AE%E5%A6%8A%E5%A8%A0%E3%81%8C%E3%82%8F%E3%81%8B%E3%81%A3%E3%81%9F%E3%82%89%E3%80%81%E3%81%BE%E3%81%9A%E5%A6%8A%E5%A8%A0%E5%B1%8A%E3%82%92%E5%87%BA%E3%81%97%E3%81%A6%E6%AF%8D%E5%AD%90%E5%81%A5%E5%BA%B7%E6%89%8B%E5%B8%B3%E3%82%92%E5%8F%97%E3%81%91%E5%8F%96%E3%82%8B%E3%80%82%E3%80%81%E3%81%93%E3%81%93%E8%A6%8B%E3%82%8B%E3%81%A8%E6%97%A9%E3%81%84%E3%82%88,200,https://access.line.me/oauth2/v2.1/login?returnUri=%2Foauth2%2Fv2.1%2Fauthorize%2Fconsent%3Fresponse_type%3Dcode%26client_id%3D1446101138%26state%3D8c1d07c3b1637abef2c4e9be60a03c%26redirect_uri%3Dhttps%253A%252F%252Fsocial-plugins.line.me%252Flineit%252FloginCallback%253FreturnUrl%253Dhttps%25253A%25252F%25252Fsocial-plugins.line.me%25252Flineit%25252Fshare%25253Furl%25253Dhttps%2525253A%2525252F%2525252Fmorimachi.enshu-lifehack.com%2525252Flife%2525252Ffamily-grow%2525252Fpregnancy%2525252F%252526text%25253D%252525E9%2525259D%25252599%252525E5%252525B2%252525A1%252525E7%2525259C%2525258C%252525E5%25252591%252525A8%252525E6%25252599%252525BA%252525E9%25252583%252525A1%252525E6%252525A3%252525AE%252525E7%25252594%252525BA%252525E3%25252581%252525AE%252525E5%252525A6%2525258A%252525E5%252525A8%252525A0%252525E3%25252581%2525258C%252525E3%25252582%2525258F%252525E3%25252581%2525258B%252525E3%25252581%252525A3%252525E3%25252581%2525259F%252525E3%25252582%25252589%252525E3%25252580%25252581%252525E3%25252581%252525BE%252525E3%25252581%2525259A%252525E5%252525A6%2525258A%252525E5%252525A8%252525A0%252525E5%252525B1%2525258A%252525E3%25252582%25252592%252525E5%25252587%252525BA%252525E3%25252581%25252597%252525E3%25252581%252525A6%252525E6%252525AF%2525258D%252525E5%252525AD%25252590%252525E5%25252581%252525A5%252525E5%252525BA%252525B7%252525E6%25252589%2525258B%252525E5%252525B8%252525B3%252525E3%25252582%25252592%252525E5%2525258F%25252597%252525E3%25252581%25252591%252525E5%2525258F%25252596%252525E3%25252582%2525258B%252525E3%25252580%25252582%252525E3%25252580%25252581%252525E3%25252581%25252593%252525E3%25252581%25252593%252525E8%252525A6%2525258B%252525E3%25252582%2525258B%252525E3%25252581%252525A8%252525E6%25252597%252525A9%252525E3%25252581%25252584%252525E3%25252582%25252588%26scope%3Dopenid%2520profile%2520friends%2520groups%2520timeline.post%2520message.write&loginChannelId=1446101138&loginState=yYPzpvz3ZQqz3ivGzLiuzS,1,/life/family-grow/pregnancy/
https://social-plugins.line.me/lineit/share?url=https%3A%2F%2Fmorimachi.enshu-lifehack.com%2Flife%2Ffamily-grow%2Fsingle-parent-support%2F&text=%E9%9D%99%E5%B2%A1%E7%9C%8C%E5%91%A8%E6%99%BA%E9%83%A1%E6%A3%AE%E7%94%BA%E3%81%AE%E3%81%B2%E3%81%A8%E3%82%8A%E8%A6%AA%E5%AE%B6%E5%BA%AD%E3%81%AE%E5%85%90%E7%AB%A5%E6%89%B6%E9%A4%8A%E6%89%8B%E5%BD%93%E3%83%BB%E5%8C%BB%E7%99%82%E8%B2%BB%E5%8A%A9%E6%88%90%E3%82%92%E3%80%81%E6%9C%80%E5%88%9D%E3%81%AB%E8%A6%8B%E3%82%8B%E9%A0%86%E7%95%AA%E3%81%A7%E6%95%B4%E7%90%86%E3%81%99%E3%82%8B%E3%80%82%E3%80%81%E3%81%93%E3%81%93%E8%A6%8B%E3%82%8B%E3%81%A8%E6%97%A9%E3%81%84%E3%82%88,200,https://access.line.me/oauth2/v2.1/login?returnUri=%2Foauth2%2Fv2.1%2Fauthorize%2Fconsent%3Fresponse_type%3Dcode%26client_id%3D1446101138%26state%3D6a51c4a66549d1953cd46c4cee0aee%26redirect_uri%3Dhttps%253A%252F%252Fsocial-plugins.line.me%252Flineit%252FloginCallback%253FreturnUrl%253Dhttps%25253A%25252F%25252Fsocial-plugins.line.me%25252Flineit%25252Fshare%25253Furl%25253Dhttps%2525253A%2525252F%2525252Fmorimachi.enshu-lifehack.com%2525252Flife%2525252Ffamily-grow%2525252Fsingle-parent-support%2525252F%252526text%25253D%252525E9%2525259D%25252599%252525E5%252525B2%252525A1%252525E7%2525259C%2525258C%252525E5%25252591%252525A8%252525E6%25252599%252525BA%252525E9%25252583%252525A1%252525E6%252525A3%252525AE%252525E7%25252594%252525BA%252525E3%25252581%252525AE%252525E3%25252581%252525B2%252525E3%25252581%252525A8%252525E3%25252582%2525258A%252525E8%252525A6%252525AA%252525E5%252525AE%252525B6%252525E5%252525BA%252525AD%252525E3%25252581%252525AE%252525E5%25252585%25252590%252525E7%252525AB%252525A5%252525E6%25252589%252525B6%252525E9%252525A4%2525258A%252525E6%25252589%2525258B%252525E5%252525BD%25252593%252525E3%25252583%252525BB%252525E5%2525258C%252525BB%252525E7%25252599%25252582%252525E8%252525B2%252525BB%252525E5%2525258A%252525A9%252525E6%25252588%25252590%252525E3%25252582%25252592%252525E3%25252580%25252581%252525E6%2525259C%25252580%252525E5%25252588%2525259D%252525E3%25252581%252525AB%252525E8%252525A6%2525258B%252525E3%25252582%2525258B%252525E9%252525A0%25252586%252525E7%25252595%252525AA%252525E3%25252581%252525A7%252525E6%25252595%252525B4%252525E7%25252590%25252586%252525E3%25252581%25252599%252525E3%25252582%2525258B%252525E3%25252580%25252582%252525E3%25252580%25252581%252525E3%25252581%25252593%252525E3%25252581%25252593%252525E8%252525A6%2525258B%252525E3%25252582%2525258B%252525E3%25252581%252525A8%252525E6%25252597%252525A9%252525E3%25252581%25252584%252525E3%25252582%25252588%26scope%3Dopenid%2520profile%2520friends%2520groups%2520timeline.post%2520message.write&loginChannelId=1446101138&loginState=W6GuMRoKCQxUJhKjR3ZXUn,1,/life/family-grow/single-parent-support/
https://social-plugins.line.me/lineit/share?url=https%3A%2F%2Fmorimachi.enshu-lifehack.com%2Flife%2Fhealth-medical%2Fadult-vaccination%2F&text=%E9%9D%99%E5%B2%A1%E7%9C%8C%E5%91%A8%E6%99%BA%E9%83%A1%E6%A3%AE%E7%94%BA%E3%81%AE%E6%A3%AE%E7%94%BA%E3%81%AE%E3%81%8A%E3%81%A8%E3%81%AA%E3%81%AE%E4%BA%88%E9%98%B2%E6%8E%A5%E7%A8%AE%E3%81%AF%E3%80%81%E5%AF%BE%E8%B1%A1%E5%B9%B4%E9%BD%A2%E3%81%A8%E6%8E%A5%E7%A8%AE%E6%99%82%E6%9C%9F%E3%83%BB%E8%87%AA%E5%B7%B1%E8%B2%A0%E6%8B%85%E9%A1%8D%E3%82%92%E5%85%88%E3%81%AB%E7%A2%BA%E8%AA%8D%E3%81%99%E3%82%8B%E3%80%81%E3%81%93%E3%81%93%E8%A6%8B%E3%82%8B%E3%81%A8%E6%97%A9%E3%81%84%E3%82%88,200,https://access.line.me/oauth2/v2.1/login?returnUri=%2Foauth2%2Fv2.1%2Fauthorize%2Fconsent%3Fresponse_type%3Dcode%26client_id%3D1446101138%26state%3D98aa3af683b65e11e8243855e95d04%26redirect_uri%3Dhttps%253A%252F%252Fsocial-plugins.line.me%252Flineit%252FloginCallback%253FreturnUrl%253Dhttps%25253A%25252F%25252Fsocial-plugins.line.me%25252Flineit%25252Fshare%25253Furl%25253Dhttps%2525253A%2525252F%2525252Fmorimachi.enshu-lifehack.com%2525252Flife%2525252Fhealth-medical%2525252Fadult-vaccination%2525252F%252526text%25253D%252525E9%2525259D%25252599%252525E5%252525B2%252525A1%252525E7%2525259C%2525258C%252525E5%25252591%252525A8%252525E6%25252599%252525BA%252525E9%25252583%252525A1%252525E6%252525A3%252525AE%252525E7%25252594%252525BA%252525E3%25252581%252525AE%252525E6%252525A3%252525AE%252525E7%25252594%252525BA%252525E3%25252581%252525AE%252525E3%25252581%2525258A%252525E3%25252581%252525A8%252525E3%25252581%252525AA%252525E3%25252581%252525AE%252525E4%252525BA%25252588%252525E9%25252598%252525B2%252525E6%2525258E%252525A5%252525E7%252525A8%252525AE%252525E3%25252581%252525AF%252525E3%25252580%25252581%252525E5%252525AF%252525BE%252525E8%252525B1%252525A1%252525E5%252525B9%252525B4%252525E9%252525BD%252525A2%252525E3%25252581%252525A8%252525E6%2525258E%252525A5%252525E7%252525A8%252525AE%252525E6%25252599%25252582%252525E6%2525259C%2525259F%252525E3%25252583%252525BB%252525E8%25252587%252525AA%252525E5%252525B7%252525B1%252525E8%252525B2%252525A0%252525E6%2525258B%25252585%252525E9%252525A1%2525258D%252525E3%25252582%25252592%252525E5%25252585%25252588%252525E3%25252581%252525AB%252525E7%252525A2%252525BA%252525E8%252525AA%2525258D%252525E3%25252581%25252599%252525E3%25252582%2525258B%252525E3%25252580%25252581%252525E3%25252581%25252593%252525E3%25252581%25252593%252525E8%252525A6%2525258B%252525E3%25252582%2525258B%252525E3%25252581%252525A8%252525E6%25252597%252525A9%252525E3%25252581%25252584%252525E3%25252582%25252588%26scope%3Dopenid%2520profile%2520friends%2520groups%2520timeline.post%2520message.write&loginChannelId=1446101138&loginState=DcaLNdpapQ9BcCDP0ag3zV,1,/life/health-medical/adult-vaccination/
https://social-plugins.line.me/lineit/share?url=https%3A%2F%2Fmorimachi.enshu-lifehack.com%2Flife%2Fhealth-medical%2Fcancer-specific-checkups%2F&text=%E9%9D%99%E5%B2%A1%E7%9C%8C%E5%91%A8%E6%99%BA%E9%83%A1%E6%A3%AE%E7%94%BA%E3%81%AE%E6%A3%AE%E7%94%BA%E3%81%AE%E3%81%8C%E3%82%93%E6%A4%9C%E8%A8%BA%E3%81%A8%E6%82%A3%E8%80%85%E6%94%AF%E6%8F%B4%E5%88%B6%E5%BA%A6%E3%81%AF%E3%80%81%E5%AF%BE%E8%B1%A1%E3%81%A8%E6%99%82%E6%9C%9F%E3%82%92%E5%88%86%E3%81%91%E3%81%A6%E7%A2%BA%E8%AA%8D%E3%81%99%E3%82%8B%E3%80%81%E3%81%93%E3%81%93%E8%A6%8B%E3%82%8B%E3%81%A8%E6%97%A9%E3%81%84%E3%82%88,200,https://access.line.me/oauth2/v2.1/login?returnUri=%2Foauth2%2Fv2.1%2Fauthorize%2Fconsent%3Fresponse_type%3Dcode%26client_id%3D1446101138%26state%3Dc2cd6b590ed47a09a674f38a34d79c%26redirect_uri%3Dhttps%253A%252F%252Fsocial-plugins.line.me%252Flineit%252FloginCallback%253FreturnUrl%253Dhttps%25253A%25252F%25252Fsocial-plugins.line.me%25252Flineit%25252Fshare%25253Furl%25253Dhttps%2525253A%2525252F%2525252Fmorimachi.enshu-lifehack.com%2525252Flife%2525252Fhealth-medical%2525252Fcancer-specific-checkups%2525252F%252526text%25253D%252525E9%2525259D%25252599%252525E5%252525B2%252525A1%252525E7%2525259C%2525258C%252525E5%25252591%252525A8%252525E6%25252599%252525BA%252525E9%25252583%252525A1%252525E6%252525A3%252525AE%252525E7%25252594%252525BA%252525E3%25252581%252525AE%252525E6%252525A3%252525AE%252525E7%25252594%252525BA%252525E3%25252581%252525AE%252525E3%25252581%2525258C%252525E3%25252582%25252593%252525E6%252525A4%2525259C%252525E8%252525A8%252525BA%252525E3%25252581%252525A8%252525E6%25252582%252525A3%252525E8%25252580%25252585%252525E6%25252594%252525AF%252525E6%2525258F%252525B4%252525E5%25252588%252525B6%252525E5%252525BA%252525A6%252525E3%25252581%252525AF%252525E3%25252580%25252581%252525E5%252525AF%252525BE%252525E8%252525B1%252525A1%252525E3%25252581%252525A8%252525E6%25252599%25252582%252525E6%2525259C%2525259F%252525E3%25252582%25252592%252525E5%25252588%25252586%252525E3%25252581%25252591%252525E3%25252581%252525A6%252525E7%252525A2%252525BA%252525E8%252525AA%2525258D%252525E3%25252581%25252599%252525E3%25252582%2525258B%252525E3%25252580%25252581%252525E3%25252581%25252593%252525E3%25252581%25252593%252525E8%252525A6%2525258B%252525E3%25252582%2525258B%252525E3%25252581%252525A8%252525E6%25252597%252525A9%252525E3%25252581%25252584%252525E3%25252582%25252588%26scope%3Dopenid%2520profile%2520friends%2520groups%2520timeline.post%2520message.write&loginChannelId=1446101138&loginState=yHTJblQ419SMs00BUvkdnL,1,/life/health-medical/cancer-specific-checkups/
https://social-plugins.line.me/lineit/share?url=https%3A%2F%2Fmorimachi.enshu-lifehack.com%2Flife%2Fhealth-medical%2Fdental-care%2F&text=%E9%9D%99%E5%B2%A1%E7%9C%8C%E5%91%A8%E6%99%BA%E9%83%A1%E6%A3%AE%E7%94%BA%E3%81%AE%E6%A3%AE%E7%94%BA%E3%81%AE%E6%AD%AF%E7%A7%91%E3%83%BB%E5%8F%A3%E3%81%AE%E5%81%A5%E5%BA%B7%E3%81%AF%E3%80%81%E6%AD%AF%E5%91%A8%E7%97%85%E6%A4%9C%E8%A8%BA%E3%81%A8%E7%94%BA%E5%86%85%E3%81%AE%E6%AD%AF%E7%A7%91%E5%8C%BB%E9%99%A2%E3%82%92%E5%88%86%E3%81%91%E3%81%A6%E7%A2%BA%E8%AA%8D%E3%81%99%E3%82%8B%E3%80%81%E3%81%93%E3%81%93%E8%A6%8B%E3%82%8B%E3%81%A8%E6%97%A9%E3%81%84%E3%82%88,200,https://access.line.me/oauth2/v2.1/login?returnUri=%2Foauth2%2Fv2.1%2Fauthorize%2Fconsent%3Fresponse_type%3Dcode%26client_id%3D1446101138%26state%3D01ccdaee22f3a0d28b68d1e8f1604a%26redirect_uri%3Dhttps%253A%252F%252Fsocial-plugins.line.me%252Flineit%252FloginCallback%253FreturnUrl%253Dhttps%25253A%25252F%25252Fsocial-plugins.line.me%25252Flineit%25252Fshare%25253Furl%25253Dhttps%2525253A%2525252F%2525252Fmorimachi.enshu-lifehack.com%2525252Flife%2525252Fhealth-medical%2525252Fdental-care%2525252F%252526text%25253D%252525E9%2525259D%25252599%252525E5%252525B2%252525A1%252525E7%2525259C%2525258C%252525E5%25252591%252525A8%252525E6%25252599%252525BA%252525E9%25252583%252525A1%252525E6%252525A3%252525AE%252525E7%25252594%252525BA%252525E3%25252581%252525AE%252525E6%252525A3%252525AE%252525E7%25252594%252525BA%252525E3%25252581%252525AE%252525E6%252525AD%252525AF%252525E7%252525A7%25252591%252525E3%25252583%252525BB%252525E5%2525258F%252525A3%252525E3%25252581%252525AE%252525E5%25252581%252525A5%252525E5%252525BA%252525B7%252525E3%25252581%252525AF%252525E3%25252580%25252581%252525E6%252525AD%252525AF%252525E5%25252591%252525A8%252525E7%25252597%25252585%252525E6%252525A4%2525259C%252525E8%252525A8%252525BA%252525E3%25252581%252525A8%252525E7%25252594%252525BA%252525E5%25252586%25252585%252525E3%25252581%252525AE%252525E6%252525AD%252525AF%252525E7%252525A7%25252591%252525E5%2525258C%252525BB%252525E9%25252599%252525A2%252525E3%25252582%25252592%252525E5%25252588%25252586%252525E3%25252581%25252591%252525E3%25252581%252525A6%252525E7%252525A2%252525BA%252525E8%252525AA%2525258D%252525E3%25252581%25252599%252525E3%25252582%2525258B%252525E3%25252580%25252581%252525E3%25252581%25252593%252525E3%25252581%25252593%252525E8%252525A6%2525258B%252525E3%25252582%2525258B%252525E3%25252581%252525A8%252525E6%25252597%252525A9%252525E3%25252581%25252584%252525E3%25252582%25252588%26scope%3Dopenid%2520profile%2520friends%2520groups%2520timeline.post%2520message.write&loginChannelId=1446101138&loginState=pcVaGltDCL2j3YW3G08rih,1,/life/health-medical/dental-care/
https://social-plugins.line.me/lineit/share?url=https%3A%2F%2Fmorimachi.enshu-lifehack.com%2Flife%2Fhealth-medical%2Fdisability-welfare%2F&text=%E9%9D%99%E5%B2%A1%E7%9C%8C%E5%91%A8%E6%99%BA%E9%83%A1%E6%A3%AE%E7%94%BA%E3%81%AE%E6%A3%AE%E7%94%BA%E3%81%AE%E9%9A%9C%E3%81%8C%E3%81%84%E8%80%85%E6%89%8B%E5%B8%B3%E3%83%BB%E7%A6%8F%E7%A5%89%E3%81%AF%E3%80%81%E6%89%8B%E5%B8%B3%E3%81%AE%E7%A8%AE%E9%A1%9E%E3%81%A8%E7%94%B3%E8%AB%8B%E7%AA%93%E5%8F%A3%E3%82%92%E5%88%86%E3%81%91%E3%81%A6%E7%A2%BA%E8%AA%8D%E3%81%99%E3%82%8B%E3%80%81%E3%81%93%E3%81%93%E8%A6%8B%E3%82%8B%E3%81%A8%E6%97%A9%E3%81%84%E3%82%88,200,https://access.line.me/oauth2/v2.1/login?returnUri=%2Foauth2%2Fv2.1%2Fauthorize%2Fconsent%3Fresponse_type%3Dcode%26client_id%3D1446101138%26state%3D87e405064d3b5aa203b5540f8af584%26redirect_uri%3Dhttps%253A%252F%252Fsocial-plugins.line.me%252Flineit%252FloginCallback%253FreturnUrl%253Dhttps%25253A%25252F%25252Fsocial-plugins.line.me%25252Flineit%25252Fshare%25253Furl%25253Dhttps%2525253A%2525252F%2525252Fmorimachi.enshu-lifehack.com%2525252Flife%2525252Fhealth-medical%2525252Fdisability-welfare%2525252F%252526text%25253D%252525E9%2525259D%25252599%252525E5%252525B2%252525A1%252525E7%2525259C%2525258C%252525E5%25252591%252525A8%252525E6%25252599%252525BA%252525E9%25252583%252525A1%252525E6%252525A3%252525AE%252525E7%25252594%252525BA%252525E3%25252581%252525AE%252525E6%252525A3%252525AE%252525E7%25252594%252525BA%252525E3%25252581%252525AE%252525E9%2525259A%2525259C%252525E3%25252581%2525258C%252525E3%25252581%25252584%252525E8%25252580%25252585%252525E6%25252589%2525258B%252525E5%252525B8%252525B3%252525E3%25252583%252525BB%252525E7%252525A6%2525258F%252525E7%252525A5%25252589%252525E3%25252581%252525AF%252525E3%25252580%25252581%252525E6%25252589%2525258B%252525E5%252525B8%252525B3%252525E3%25252581%252525AE%252525E7%252525A8%252525AE%252525E9%252525A1%2525259E%252525E3%25252581%252525A8%252525E7%25252594%252525B3%252525E8%252525AB%2525258B%252525E7%252525AA%25252593%252525E5%2525258F%252525A3%252525E3%25252582%25252592%252525E5%25252588%25252586%252525E3%25252581%25252591%252525E3%25252581%252525A6%252525E7%252525A2%252525BA%252525E8%252525AA%2525258D%252525E3%25252581%25252599%252525E3%25252582%2525258B%252525E3%25252580%25252581%252525E3%25252581%25252593%252525E3%25252581%25252593%252525E8%252525A6%2525258B%252525E3%25252582%2525258B%252525E3%25252581%252525A8%252525E6%25252597%252525A9%252525E3%25252581%25252584%252525E3%25252582%25252588%26scope%3Dopenid%2520profile%2520friends%2520groups%2520timeline.post%2520message.write&loginChannelId=1446101138&loginState=al2H3bDkH8CCHp9zXbIcpR,1,/life/health-medical/disability-welfare/
https://social-plugins.line.me/lineit/share?url=https%3A%2F%2Fmorimachi.enshu-lifehack.com%2Flife%2Fhealth-medical%2Ffind-hospitals%2F&text=%E9%9D%99%E5%B2%A1%E7%9C%8C%E5%91%A8%E6%99%BA%E9%83%A1%E6%A3%AE%E7%94%BA%E3%81%AE%E6%A3%AE%E7%94%BA%E3%81%A7%E5%8C%BB%E7%99%82%E6%A9%9F%E9%96%A2%E3%82%92%E6%8E%A2%E3%81%99%E3%81%A8%E3%81%8D%E3%81%AF%E3%80%81%E5%85%AC%E7%AB%8B%E6%A3%AE%E7%94%BA%E7%97%85%E9%99%A2%E3%81%A8%E7%94%BA%E5%86%85%E8%A8%BA%E7%99%82%E6%89%80%E3%83%BB%E5%BA%83%E5%9F%9F%E3%81%AE%E5%8C%BB%E7%99%82%E6%83%85%E5%A0%B1%E3%83%8D%E3%83%83%E3%83%88%E3%82%92%E5%88%86%E3%81%91%E3%81%A6%E7%A2%BA%E8%AA%8D%E3%81%99%E3%82%8B%E3%80%81%E3%81%93%E3%81%93%E8%A6%8B%E3%82%8B%E3%81%A8%E6%97%A9%E3%81%84%E3%82%88,200,https://access.line.me/oauth2/v2.1/login?returnUri=%2Foauth2%2Fv2.1%2Fauthorize%2Fconsent%3Fresponse_type%3Dcode%26client_id%3D1446101138%26state%3D09be6e3a4eed31fee42dbf68482103%26redirect_uri%3Dhttps%253A%252F%252Fsocial-plugins.line.me%252Flineit%252FloginCallback%253FreturnUrl%253Dhttps%25253A%25252F%25252Fsocial-plugins.line.me%25252Flineit%25252Fshare%25253Furl%25253Dhttps%2525253A%2525252F%2525252Fmorimachi.enshu-lifehack.com%2525252Flife%2525252Fhealth-medical%2525252Ffind-hospitals%2525252F%252526text%25253D%252525E9%2525259D%25252599%252525E5%252525B2%252525A1%252525E7%2525259C%2525258C%252525E5%25252591%252525A8%252525E6%25252599%252525BA%252525E9%25252583%252525A1%252525E6%252525A3%252525AE%252525E7%25252594%252525BA%252525E3%25252581%252525AE%252525E6%252525A3%252525AE%252525E7%25252594%252525BA%252525E3%25252581%252525A7%252525E5%2525258C%252525BB%252525E7%25252599%25252582%252525E6%252525A9%2525259F%252525E9%25252596%252525A2%252525E3%25252582%25252592%252525E6%2525258E%252525A2%252525E3%25252581%25252599%252525E3%25252581%252525A8%252525E3%25252581%2525258D%252525E3%25252581%252525AF%252525E3%25252580%25252581%252525E5%25252585%252525AC%252525E7%252525AB%2525258B%252525E6%252525A3%252525AE%252525E7%25252594%252525BA%252525E7%25252597%25252585%252525E9%25252599%252525A2%252525E3%25252581%252525A8%252525E7%25252594%252525BA%252525E5%25252586%25252585%252525E8%252525A8%252525BA%252525E7%25252599%25252582%252525E6%25252589%25252580%252525E3%25252583%252525BB%252525E5%252525BA%25252583%252525E5%2525259F%2525259F%252525E3%25252581%252525AE%252525E5%2525258C%252525BB%252525E7%25252599%25252582%252525E6%25252583%25252585%252525E5%252525A0%252525B1%252525E3%25252583%2525258D%252525E3%25252583%25252583%252525E3%25252583%25252588%252525E3%25252582%25252592%252525E5%25252588%25252586%252525E3%25252581%25252591%252525E3%25252581%252525A6%252525E7%252525A2%252525BA%252525E8%252525AA%2525258D%252525E3%25252581%25252599%252525E3%25252582%2525258B%252525E3%25252580%25252581%252525E3%25252581%25252593%252525E3%25252581%25252593%252525E8%252525A6%2525258B%252525E3%25252582%2525258B%252525E3%25252581%252525A8%252525E6%25252597%252525A9%252525E3%25252581%25252584%252525E3%25252582%25252588%26scope%3Dopenid%2520profile%2520friends%2520groups%2520timeline.post%2520message.write&loginChannelId=1446101138&loginState=1hkY69terDZF4TcAzt9ChN,1,/life/health-medical/find-hospitals/
https://social-plugins.line.me/lineit/share?url=https%3A%2F%2Fmorimachi.enshu-lifehack.com%2Flife%2Fhealth-medical%2Fhealth-checkups%2F&text=%E9%9D%99%E5%B2%A1%E7%9C%8C%E5%91%A8%E6%99%BA%E9%83%A1%E6%A3%AE%E7%94%BA%E3%81%AE%E6%A3%AE%E7%94%BA%E3%81%AE%E5%81%A5%E5%BA%B7%E8%A8%BA%E6%96%AD%E3%81%A8%E3%81%8C%E3%82%93%E6%A4%9C%E8%A8%BA%E3%81%AF%E3%80%81%E7%B7%8F%E5%90%88%E6%A4%9C%E8%A8%BA%E3%83%BB%E7%89%B9%E5%AE%9A%E5%81%A5%E8%A8%BA%E3%81%AE%E5%8F%97%E8%A8%BA%E5%88%B8%E3%81%A8%E5%AF%BE%E8%B1%A1%E6%9D%A1%E4%BB%B6%E3%82%92%E5%85%88%E3%81%AB%E7%A2%BA%E8%AA%8D%E3%81%99%E3%82%8B%E3%80%81%E3%81%93%E3%81%93%E8%A6%8B%E3%82%8B%E3%81%A8%E6%97%A9%E3%81%84%E3%82%88,200,https://access.line.me/oauth2/v2.1/login?returnUri=%2Foauth2%2Fv2.1%2Fauthorize%2Fconsent%3Fresponse_type%3Dcode%26client_id%3D1446101138%26state%3Dbd37d780b2d8405a1660c2ddd4ee41%26redirect_uri%3Dhttps%253A%252F%252Fsocial-plugins.line.me%252Flineit%252FloginCallback%253FreturnUrl%253Dhttps%25253A%25252F%25252Fsocial-plugins.line.me%25252Flineit%25252Fshare%25253Furl%25253Dhttps%2525253A%2525252F%2525252Fmorimachi.enshu-lifehack.com%2525252Flife%2525252Fhealth-medical%2525252Fhealth-checkups%2525252F%252526text%25253D%252525E9%2525259D%25252599%252525E5%252525B2%252525A1%252525E7%2525259C%2525258C%252525E5%25252591%252525A8%252525E6%25252599%252525BA%252525E9%25252583%252525A1%252525E6%252525A3%252525AE%252525E7%25252594%252525BA%252525E3%25252581%252525AE%252525E6%252525A3%252525AE%252525E7%25252594%252525BA%252525E3%25252581%252525AE%252525E5%25252581%252525A5%252525E5%252525BA%252525B7%252525E8%252525A8%252525BA%252525E6%25252596%252525AD%252525E3%25252581%252525A8%252525E3%25252581%2525258C%252525E3%25252582%25252593%252525E6%252525A4%2525259C%252525E8%252525A8%252525BA%252525E3%25252581%252525AF%252525E3%25252580%25252581%252525E7%252525B7%2525258F%252525E5%25252590%25252588%252525E6%252525A4%2525259C%252525E8%252525A8%252525BA%252525E3%25252583%252525BB%252525E7%25252589%252525B9%252525E5%252525AE%2525259A%252525E5%25252581%252525A5%252525E8%252525A8%252525BA%252525E3%25252581%252525AE%252525E5%2525258F%25252597%252525E8%252525A8%252525BA%252525E5%25252588%252525B8%252525E3%25252581%252525A8%252525E5%252525AF%252525BE%252525E8%252525B1%252525A1%252525E6%2525259D%252525A1%252525E4%252525BB%252525B6%252525E3%25252582%25252592%252525E5%25252585%25252588%252525E3%25252581%252525AB%252525E7%252525A2%252525BA%252525E8%252525AA%2525258D%252525E3%25252581%25252599%252525E3%25252582%2525258B%252525E3%25252580%25252581%252525E3%25252581%25252593%252525E3%25252581%25252593%252525E8%252525A6%2525258B%252525E3%25252582%2525258B%252525E3%25252581%252525A8%252525E6%25252597%252525A9%252525E3%25252581%25252584%252525E3%25252582%25252588%26scope%3Dopenid%2520profile%2520friends%2520groups%2520timeline.post%2520message.write&loginChannelId=1446101138&loginState=cRsdJiU0BxNXyeyFnVl4Mo,1,/life/health-medical/health-checkups/
https://social-plugins.line.me/lineit/share?url=https%3A%2F%2Fmorimachi.enshu-lifehack.com%2Flife%2Fhealth-medical%2Fhealth-promotion%2F&text=%E9%9D%99%E5%B2%A1%E7%9C%8C%E5%91%A8%E6%99%BA%E9%83%A1%E6%A3%AE%E7%94%BA%E3%81%AE%E6%A3%AE%E7%94%BA%E3%81%AE%E5%81%A5%E5%BA%B7%E3%81%A5%E3%81%8F%E3%82%8A%E3%81%AF%E3%80%81%E7%94%9F%E6%B4%BB%E7%BF%92%E6%85%A3%E7%9B%B8%E8%AB%87%E3%81%A8%E5%81%A5%E8%A8%BA%E3%83%BB%E5%81%A5%E5%BA%B7%E3%83%9E%E3%82%A4%E3%83%AC%E3%83%BC%E3%82%B8%E4%BA%8B%E6%A5%AD%E3%82%92%E5%85%88%E3%81%AB%E6%95%B4%E7%90%86%E3%81%99%E3%82%8B%E3%80%81%E3%81%93%E3%81%93%E8%A6%8B%E3%82%8B%E3%81%A8%E6%97%A9%E3%81%84%E3%82%88,200,https://access.line.me/oauth2/v2.1/login?returnUri=%2Foauth2%2Fv2.1%2Fauthorize%2Fconsent%3Fresponse_type%3Dcode%26client_id%3D1446101138%26state%3D72f40da8a3f7ba1d46b2852da12816%26redirect_uri%3Dhttps%253A%252F%252Fsocial-plugins.line.me%252Flineit%252FloginCallback%253FreturnUrl%253Dhttps%25253A%25252F%25252Fsocial-plugins.line.me%25252Flineit%25252Fshare%25253Furl%25253Dhttps%2525253A%2525252F%2525252Fmorimachi.enshu-lifehack.com%2525252Flife%2525252Fhealth-medical%2525252Fhealth-promotion%2525252F%252526text%25253D%252525E9%2525259D%25252599%252525E5%252525B2%252525A1%252525E7%2525259C%2525258C%252525E5%25252591%252525A8%252525E6%25252599%252525BA%252525E9%25252583%252525A1%252525E6%252525A3%252525AE%252525E7%25252594%252525BA%252525E3%25252581%252525AE%252525E6%252525A3%252525AE%252525E7%25252594%252525BA%252525E3%25252581%252525AE%252525E5%25252581%252525A5%252525E5%252525BA%252525B7%252525E3%25252581%252525A5%252525E3%25252581%2525258F%252525E3%25252582%2525258A%252525E3%25252581%252525AF%252525E3%25252580%25252581%252525E7%25252594%2525259F%252525E6%252525B4%252525BB%252525E7%252525BF%25252592%252525E6%25252585%252525A3%252525E7%2525259B%252525B8%252525E8%252525AB%25252587%252525E3%25252581%252525A8%252525E5%25252581%252525A5%252525E8%252525A8%252525BA%252525E3%25252583%252525BB%252525E5%25252581%252525A5%252525E5%252525BA%252525B7%252525E3%25252583%2525259E%252525E3%25252582%252525A4%252525E3%25252583%252525AC%252525E3%25252583%252525BC%252525E3%25252582%252525B8%252525E4%252525BA%2525258B%252525E6%252525A5%252525AD%252525E3%25252582%25252592%252525E5%25252585%25252588%252525E3%25252581%252525AB%252525E6%25252595%252525B4%252525E7%25252590%25252586%252525E3%25252581%25252599%252525E3%25252582%2525258B%252525E3%25252580%25252581%252525E3%25252581%25252593%252525E3%25252581%25252593%252525E8%252525A6%2525258B%252525E3%25252582%2525258B%252525E3%25252581%252525A8%252525E6%25252597%252525A9%252525E3%25252581%25252584%252525E3%25252582%25252588%26scope%3Dopenid%2520profile%2520friends%2520groups%2520timeline.post%2520message.write&loginChannelId=1446101138&loginState=gpgEDOWl6mvyarUkTO8LMB,1,/life/health-medical/health-promotion/
https://social-plugins.line.me/lineit/share?url=https%3A%2F%2Fmorimachi.enshu-lifehack.com%2Flife%2Fhealth-medical%2F&text=%E9%9D%99%E5%B2%A1%E7%9C%8C%E5%91%A8%E6%99%BA%E9%83%A1%E6%A3%AE%E7%94%BA%E3%81%AE%F0%9F%8F%A5%20%E5%81%A5%E5%BA%B7%E3%83%BB%E5%8C%BB%E7%99%82%EF%BC%88%E6%A3%AE%E7%94%BA%E7%89%88%E3%83%88%E3%83%83%E3%83%97%EF%BC%89%E3%80%81%E3%81%93%E3%81%93%E8%A6%8B%E3%82%8B%E3%81%A8%E6%97%A9%E3%81%84%E3%82%88,200,https://access.line.me/oauth2/v2.1/login?returnUri=%2Foauth2%2Fv2.1%2Fauthorize%2Fconsent%3Fresponse_type%3Dcode%26client_id%3D1446101138%26state%3D8d80af89fb81bf21b77bb42235e3d4%26redirect_uri%3Dhttps%253A%252F%252Fsocial-plugins.line.me%252Flineit%252FloginCallback%253FreturnUrl%253Dhttps%25253A%25252F%25252Fsocial-plugins.line.me%25252Flineit%25252Fshare%25253Furl%25253Dhttps%2525253A%2525252F%2525252Fmorimachi.enshu-lifehack.com%2525252Flife%2525252Fhealth-medical%2525252F%252526text%25253D%252525E9%2525259D%25252599%252525E5%252525B2%252525A1%252525E7%2525259C%2525258C%252525E5%25252591%252525A8%252525E6%25252599%252525BA%252525E9%25252583%252525A1%252525E6%252525A3%252525AE%252525E7%25252594%252525BA%252525E3%25252581%252525AE%252525F0%2525259F%2525258F%252525A5%25252520%252525E5%25252581%252525A5%252525E5%252525BA%252525B7%252525E3%25252583%252525BB%252525E5%2525258C%252525BB%252525E7%25252599%25252582%252525EF%252525BC%25252588%252525E6%252525A3%252525AE%252525E7%25252594%252525BA%252525E7%25252589%25252588%252525E3%25252583%25252588%252525E3%25252583%25252583%252525E3%25252583%25252597%252525EF%252525BC%25252589%252525E3%25252580%25252581%252525E3%25252581%25252593%252525E3%25252581%25252593%252525E8%252525A6%2525258B%252525E3%25252582%2525258B%252525E3%25252581%252525A8%252525E6%25252597%252525A9%252525E3%25252581%25252584%252525E3%25252582%25252588%26scope%3Dopenid%2520profile%2520friends%2520groups%2520timeline.post%2520message.write&loginChannelId=1446101138&loginState=FmqvSw8DxxPiylTV5Caavv,1,/life/health-medical/
https://social-plugins.line.me/lineit/share?url=https%3A%2F%2Fmorimachi.enshu-lifehack.com%2Flife%2Fhealth-medical%2Fmental-health-consulting%2F&text=%E9%9D%99%E5%B2%A1%E7%9C%8C%E5%91%A8%E6%99%BA%E9%83%A1%E6%A3%AE%E7%94%BA%E3%81%AE%E6%A3%AE%E7%94%BA%E3%81%AE%E3%81%93%E3%81%93%E3%82%8D%E3%81%AE%E7%9B%B8%E8%AB%87%E3%81%AF%E3%80%81%E7%94%BA%E3%81%AE%E5%81%A5%E5%BA%B7%E7%9B%B8%E8%AB%87%E3%81%A8%E7%9C%8C%E3%81%AE%E5%BF%83%E3%81%AE%E9%9B%BB%E8%A9%B1%E3%83%BB%E7%B2%BE%E7%A5%9E%E7%A7%91%E6%95%91%E6%80%A5%E3%83%80%E3%82%A4%E3%83%A4%E3%83%AB%E3%82%92%E5%88%86%E3%81%91%E3%81%A6%E7%A2%BA%E8%AA%8D%E3%81%99%E3%82%8B%E3%80%81%E3%81%93%E3%81%93%E8%A6%8B%E3%82%8B%E3%81%A8%E6%97%A9%E3%81%84%E3%82%88,200,https://access.line.me/oauth2/v2.1/login?returnUri=%2Foauth2%2Fv2.1%2Fauthorize%2Fconsent%3Fresponse_type%3Dcode%26client_id%3D1446101138%26state%3D74070addc245b34276a5a8ee0a775c%26redirect_uri%3Dhttps%253A%252F%252Fsocial-plugins.line.me%252Flineit%252FloginCallback%253FreturnUrl%253Dhttps%25253A%25252F%25252Fsocial-plugins.line.me%25252Flineit%25252Fshare%25253Furl%25253Dhttps%2525253A%2525252F%2525252Fmorimachi.enshu-lifehack.com%2525252Flife%2525252Fhealth-medical%2525252Fmental-health-consulting%2525252F%252526text%25253D%252525E9%2525259D%25252599%252525E5%252525B2%252525A1%252525E7%2525259C%2525258C%252525E5%25252591%252525A8%252525E6%25252599%252525BA%252525E9%25252583%252525A1%252525E6%252525A3%252525AE%252525E7%25252594%252525BA%252525E3%25252581%252525AE%252525E6%252525A3%252525AE%252525E7%25252594%252525BA%252525E3%25252581%252525AE%252525E3%25252581%25252593%252525E3%25252581%25252593%252525E3%25252582%2525258D%252525E3%25252581%252525AE%252525E7%2525259B%252525B8%252525E8%252525AB%25252587%252525E3%25252581%252525AF%252525E3%25252580%25252581%252525E7%25252594%252525BA%252525E3%25252581%252525AE%252525E5%25252581%252525A5%252525E5%252525BA%252525B7%252525E7%2525259B%252525B8%252525E8%252525AB%25252587%252525E3%25252581%252525A8%252525E7%2525259C%2525258C%252525E3%25252581%252525AE%252525E5%252525BF%25252583%252525E3%25252581%252525AE%252525E9%2525259B%252525BB%252525E8%252525A9%252525B1%252525E3%25252583%252525BB%252525E7%252525B2%252525BE%252525E7%252525A5%2525259E%252525E7%252525A7%25252591%252525E6%25252595%25252591%252525E6%25252580%252525A5%252525E3%25252583%25252580%252525E3%25252582%252525A4%252525E3%25252583%252525A4%252525E3%25252583%252525AB%252525E3%25252582%25252592%252525E5%25252588%25252586%252525E3%25252581%25252591%252525E3%25252581%252525A6%252525E7%252525A2%252525BA%252525E8%252525AA%2525258D%252525E3%25252581%25252599%252525E3%25252582%2525258B%252525E3%25252580%25252581%252525E3%25252581%25252593%252525E3%25252581%25252593%252525E8%252525A6%2525258B%252525E3%25252582%2525258B%252525E3%25252581%252525A8%252525E6%25252597%252525A9%252525E3%25252581%25252584%252525E3%25252582%25252588%26scope%3Dopenid%2520profile%2520friends%2520groups%2520timeline.post%2520message.write&loginChannelId=1446101138&loginState=d0pr86Uumrs3HN03GDMHWO,1,/life/health-medical/mental-health-consulting/
https://social-plugins.line.me/lineit/share?url=https%3A%2F%2Fmorimachi.enshu-lifehack.com%2Flife%2Fhealth-medical%2Fnight-holiday-medical%2F&text=%E9%9D%99%E5%B2%A1%E7%9C%8C%E5%91%A8%E6%99%BA%E9%83%A1%E6%A3%AE%E7%94%BA%E3%81%AE%E6%A3%AE%E7%94%BA%E3%81%AE%E5%A4%9C%E9%96%93%E3%83%BB%E4%BC%91%E6%97%A5%E3%81%AE%E6%80%A5%E6%82%A3%E3%81%AF%E3%80%81%E3%81%BE%E3%81%9A%E5%85%AC%E7%AB%8B%E6%A3%AE%E7%94%BA%E7%97%85%E9%99%A2%E3%81%B8%E3%81%AE%E9%9B%BB%E8%A9%B1%E9%80%A3%E7%B5%A1%E3%82%92%E7%A2%BA%E8%AA%8D%E3%81%99%E3%82%8B%E3%80%81%E3%81%93%E3%81%93%E8%A6%8B%E3%82%8B%E3%81%A8%E6%97%A9%E3%81%84%E3%82%88,200,https://access.line.me/oauth2/v2.1/login?returnUri=%2Foauth2%2Fv2.1%2Fauthorize%2Fconsent%3Fresponse_type%3Dcode%26client_id%3D1446101138%26state%3D10d86dad869b90c9fa0a46f259db80%26redirect_uri%3Dhttps%253A%252F%252Fsocial-plugins.line.me%252Flineit%252FloginCallback%253FreturnUrl%253Dhttps%25253A%25252F%25252Fsocial-plugins.line.me%25252Flineit%25252Fshare%25253Furl%25253Dhttps%2525253A%2525252F%2525252Fmorimachi.enshu-lifehack.com%2525252Flife%2525252Fhealth-medical%2525252Fnight-holiday-medical%2525252F%252526text%25253D%252525E9%2525259D%25252599%252525E5%252525B2%252525A1%252525E7%2525259C%2525258C%252525E5%25252591%252525A8%252525E6%25252599%252525BA%252525E9%25252583%252525A1%252525E6%252525A3%252525AE%252525E7%25252594%252525BA%252525E3%25252581%252525AE%252525E6%252525A3%252525AE%252525E7%25252594%252525BA%252525E3%25252581%252525AE%252525E5%252525A4%2525259C%252525E9%25252596%25252593%252525E3%25252583%252525BB%252525E4%252525BC%25252591%252525E6%25252597%252525A5%252525E3%25252581%252525AE%252525E6%25252580%252525A5%252525E6%25252582%252525A3%252525E3%25252581%252525AF%252525E3%25252580%25252581%252525E3%25252581%252525BE%252525E3%25252581%2525259A%252525E5%25252585%252525AC%252525E7%252525AB%2525258B%252525E6%252525A3%252525AE%252525E7%25252594%252525BA%252525E7%25252597%25252585%252525E9%25252599%252525A2%252525E3%25252581%252525B8%252525E3%25252581%252525AE%252525E9%2525259B%252525BB%252525E8%252525A9%252525B1%252525E9%25252580%252525A3%252525E7%252525B5%252525A1%252525E3%25252582%25252592%252525E7%252525A2%252525BA%252525E8%252525AA%2525258D%252525E3%25252581%25252599%252525E3%25252582%2525258B%252525E3%25252580%25252581%252525E3%25252581%25252593%252525E3%25252581%25252593%252525E8%252525A6%2525258B%252525E3%25252582%2525258B%252525E3%25252581%252525A8%252525E6%25252597%252525A9%252525E3%25252581%25252584%252525E3%25252582%25252588%26scope%3Dopenid%2520profile%2520friends%2520groups%2520timeline.post%2520message.write&loginChannelId=1446101138&loginState=tRQcsGi38M7HJfulwzWPES,1,/life/health-medical/night-holiday-medical/
https://social-plugins.line.me/lineit/share?url=https%3A%2F%2Fmorimachi.enshu-lifehack.com%2Flife%2Fhealth-medical%2Fvaccinations%2F&text=%E9%9D%99%E5%B2%A1%E7%9C%8C%E5%91%A8%E6%99%BA%E9%83%A1%E6%A3%AE%E7%94%BA%E3%81%AE%E6%A3%AE%E7%94%BA%E3%81%AE%E4%BA%88%E9%98%B2%E6%8E%A5%E7%A8%AE%E3%81%AF%E3%80%81%E5%AF%BE%E8%B1%A1%E5%B9%B4%E9%BD%A2%E3%81%A8%E6%8E%A5%E7%A8%AE%E6%99%82%E6%9C%9F%E3%83%BB%E5%8A%A9%E6%88%90%E5%86%85%E5%AE%B9%E3%82%92%E5%85%88%E3%81%AB%E7%A2%BA%E8%AA%8D%E3%81%99%E3%82%8B%E3%80%81%E3%81%93%E3%81%93%E8%A6%8B%E3%82%8B%E3%81%A8%E6%97%A9%E3%81%84%E3%82%88,200,https://access.line.me/oauth2/v2.1/login?returnUri=%2Foauth2%2Fv2.1%2Fauthorize%2Fconsent%3Fresponse_type%3Dcode%26client_id%3D1446101138%26state%3D6d18e4ebba7f717fd2b3aea2ad0b60%26redirect_uri%3Dhttps%253A%252F%252Fsocial-plugins.line.me%252Flineit%252FloginCallback%253FreturnUrl%253Dhttps%25253A%25252F%25252Fsocial-plugins.line.me%25252Flineit%25252Fshare%25253Furl%25253Dhttps%2525253A%2525252F%2525252Fmorimachi.enshu-lifehack.com%2525252Flife%2525252Fhealth-medical%2525252Fvaccinations%2525252F%252526text%25253D%252525E9%2525259D%25252599%252525E5%252525B2%252525A1%252525E7%2525259C%2525258C%252525E5%25252591%252525A8%252525E6%25252599%252525BA%252525E9%25252583%252525A1%252525E6%252525A3%252525AE%252525E7%25252594%252525BA%252525E3%25252581%252525AE%252525E6%252525A3%252525AE%252525E7%25252594%252525BA%252525E3%25252581%252525AE%252525E4%252525BA%25252588%252525E9%25252598%252525B2%252525E6%2525258E%252525A5%252525E7%252525A8%252525AE%252525E3%25252581%252525AF%252525E3%25252580%25252581%252525E5%252525AF%252525BE%252525E8%252525B1%252525A1%252525E5%252525B9%252525B4%252525E9%252525BD%252525A2%252525E3%25252581%252525A8%252525E6%2525258E%252525A5%252525E7%252525A8%252525AE%252525E6%25252599%25252582%252525E6%2525259C%2525259F%252525E3%25252583%252525BB%252525E5%2525258A%252525A9%252525E6%25252588%25252590%252525E5%25252586%25252585%252525E5%252525AE%252525B9%252525E3%25252582%25252592%252525E5%25252585%25252588%252525E3%25252581%252525AB%252525E7%252525A2%252525BA%252525E8%252525AA%2525258D%252525E3%25252581%25252599%252525E3%25252582%2525258B%252525E3%25252580%25252581%252525E3%25252581%25252593%252525E3%25252581%25252593%252525E8%252525A6%2525258B%252525E3%25252582%2525258B%252525E3%25252581%252525A8%252525E6%25252597%252525A9%252525E3%25252581%25252584%252525E3%25252582%25252588%26scope%3Dopenid%2520profile%2520friends%2520groups%2520timeline.post%2520message.write&loginChannelId=1446101138&loginState=xiSzh4E0ANZiV19HZWBxUa,1,/life/health-medical/vaccinations/
https://social-plugins.line.me/lineit/share?url=https%3A%2F%2Fmorimachi.enshu-lifehack.com%2Flife%2Fhousing%2Fbuild-house%2F&text=%E9%9D%99%E5%B2%A1%E7%9C%8C%E5%91%A8%E6%99%BA%E9%83%A1%E6%A3%AE%E7%94%BA%E3%81%AE%E6%A3%AE%E7%94%BA%E3%81%A7%E5%AE%B6%E3%82%92%E5%BB%BA%E3%81%A6%E3%82%8B%E5%89%8D%E3%81%AB%E3%80%81%E8%80%90%E9%9C%87%E3%83%BB%E8%A3%9C%E5%8A%A9%E9%87%91%E3%83%BB%E7%B5%90%E5%A9%9A%E6%96%B0%E7%94%9F%E6%B4%BB%E6%94%AF%E6%8F%B4%E3%82%92%E7%A2%BA%E8%AA%8D%E3%81%99%E3%82%8B%E3%80%82%E3%80%81%E3%81%93%E3%81%93%E8%A6%8B%E3%82%8B%E3%81%A8%E6%97%A9%E3%81%84%E3%82%88,200,https://access.line.me/oauth2/v2.1/login?returnUri=%2Foauth2%2Fv2.1%2Fauthorize%2Fconsent%3Fresponse_type%3Dcode%26client_id%3D1446101138%26state%3D46fd81de1b584b05eca5e7d1b3e947%26redirect_uri%3Dhttps%253A%252F%252Fsocial-plugins.line.me%252Flineit%252FloginCallback%253FreturnUrl%253Dhttps%25253A%25252F%25252Fsocial-plugins.line.me%25252Flineit%25252Fshare%25253Furl%25253Dhttps%2525253A%2525252F%2525252Fmorimachi.enshu-lifehack.com%2525252Flife%2525252Fhousing%2525252Fbuild-house%2525252F%252526text%25253D%252525E9%2525259D%25252599%252525E5%252525B2%252525A1%252525E7%2525259C%2525258C%252525E5%25252591%252525A8%252525E6%25252599%252525BA%252525E9%25252583%252525A1%252525E6%252525A3%252525AE%252525E7%25252594%252525BA%252525E3%25252581%252525AE%252525E6%252525A3%252525AE%252525E7%25252594%252525BA%252525E3%25252581%252525A7%252525E5%252525AE%252525B6%252525E3%25252582%25252592%252525E5%252525BB%252525BA%252525E3%25252581%252525A6%252525E3%25252582%2525258B%252525E5%25252589%2525258D%252525E3%25252581%252525AB%252525E3%25252580%25252581%252525E8%25252580%25252590%252525E9%2525259C%25252587%252525E3%25252583%252525BB%252525E8%252525A3%2525259C%252525E5%2525258A%252525A9%252525E9%25252587%25252591%252525E3%25252583%252525BB%252525E7%252525B5%25252590%252525E5%252525A9%2525259A%252525E6%25252596%252525B0%252525E7%25252594%2525259F%252525E6%252525B4%252525BB%252525E6%25252594%252525AF%252525E6%2525258F%252525B4%252525E3%25252582%25252592%252525E7%252525A2%252525BA%252525E8%252525AA%2525258D%252525E3%25252581%25252599%252525E3%25252582%2525258B%252525E3%25252580%25252582%252525E3%25252580%25252581%252525E3%25252581%25252593%252525E3%25252581%25252593%252525E8%252525A6%2525258B%252525E3%25252582%2525258B%252525E3%25252581%252525A8%252525E6%25252597%252525A9%252525E3%25252581%25252584%252525E3%25252582%25252588%26scope%3Dopenid%2520profile%2520friends%2520groups%2520timeline.post%2520message.write&loginChannelId=1446101138&loginState=oBntw3Okv6GuYPoAGYxA6q,1,/life/housing/build-house/
https://social-plugins.line.me/lineit/share?url=https%3A%2F%2Fmorimachi.enshu-lifehack.com%2Flife%2Fhousing%2Fbuy-house%2F&text=%E9%9D%99%E5%B2%A1%E7%9C%8C%E5%91%A8%E6%99%BA%E9%83%A1%E6%A3%AE%E7%94%BA%E3%81%AE%E6%A3%AE%E7%94%BA%E3%81%A7%E5%AE%B6%E3%82%92%E8%B2%B7%E3%81%86%E5%89%8D%E3%81%AB%E3%80%81%E5%9B%BA%E5%AE%9A%E8%B3%87%E7%94%A3%E7%A8%8E%E3%83%BB%E7%A9%BA%E3%81%8D%E5%AE%B6%E3%83%90%E3%83%B3%E3%82%AF%E3%83%BB%E7%B5%90%E5%A9%9A%E6%96%B0%E7%94%9F%E6%B4%BB%E6%94%AF%E6%8F%B4%E3%82%92%E7%A2%BA%E8%AA%8D%E3%81%99%E3%82%8B%E3%80%82%E3%80%81%E3%81%93%E3%81%93%E8%A6%8B%E3%82%8B%E3%81%A8%E6%97%A9%E3%81%84%E3%82%88,200,https://access.line.me/oauth2/v2.1/login?returnUri=%2Foauth2%2Fv2.1%2Fauthorize%2Fconsent%3Fresponse_type%3Dcode%26client_id%3D1446101138%26state%3D98476f4a5035b80df15e7795ef3af8%26redirect_uri%3Dhttps%253A%252F%252Fsocial-plugins.line.me%252Flineit%252FloginCallback%253FreturnUrl%253Dhttps%25253A%25252F%25252Fsocial-plugins.line.me%25252Flineit%25252Fshare%25253Furl%25253Dhttps%2525253A%2525252F%2525252Fmorimachi.enshu-lifehack.com%2525252Flife%2525252Fhousing%2525252Fbuy-house%2525252F%252526text%25253D%252525E9%2525259D%25252599%252525E5%252525B2%252525A1%252525E7%2525259C%2525258C%252525E5%25252591%252525A8%252525E6%25252599%252525BA%252525E9%25252583%252525A1%252525E6%252525A3%252525AE%252525E7%25252594%252525BA%252525E3%25252581%252525AE%252525E6%252525A3%252525AE%252525E7%25252594%252525BA%252525E3%25252581%252525A7%252525E5%252525AE%252525B6%252525E3%25252582%25252592%252525E8%252525B2%252525B7%252525E3%25252581%25252586%252525E5%25252589%2525258D%252525E3%25252581%252525AB%252525E3%25252580%25252581%252525E5%2525259B%252525BA%252525E5%252525AE%2525259A%252525E8%252525B3%25252587%252525E7%25252594%252525A3%252525E7%252525A8%2525258E%252525E3%25252583%252525BB%252525E7%252525A9%252525BA%252525E3%25252581%2525258D%252525E5%252525AE%252525B6%252525E3%25252583%25252590%252525E3%25252583%252525B3%252525E3%25252582%252525AF%252525E3%25252583%252525BB%252525E7%252525B5%25252590%252525E5%252525A9%2525259A%252525E6%25252596%252525B0%252525E7%25252594%2525259F%252525E6%252525B4%252525BB%252525E6%25252594%252525AF%252525E6%2525258F%252525B4%252525E3%25252582%25252592%252525E7%252525A2%252525BA%252525E8%252525AA%2525258D%252525E3%25252581%25252599%252525E3%25252582%2525258B%252525E3%25252580%25252582%252525E3%25252580%25252581%252525E3%25252581%25252593%252525E3%25252581%25252593%252525E8%252525A6%2525258B%252525E3%25252582%2525258B%252525E3%25252581%252525A8%252525E6%25252597%252525A9%252525E3%25252581%25252584%252525E3%25252582%25252588%26scope%3Dopenid%2520profile%2520friends%2520groups%2520timeline.post%2520message.write&loginChannelId=1446101138&loginState=e5lRfpvKaqDK9MtAF4vgNA,1,/life/housing/buy-house/
https://social-plugins.line.me/lineit/share?url=https%3A%2F%2Fmorimachi.enshu-lifehack.com%2Flife%2Fhousing%2Fclean-parents-house%2F&text=%E9%9D%99%E5%B2%A1%E7%9C%8C%E5%91%A8%E6%99%BA%E9%83%A1%E6%A3%AE%E7%94%BA%E3%81%AE%E6%A3%AE%E7%94%BA%E3%81%A7%E8%A6%AA%E3%81%AE%E5%AE%B6%E3%82%92%E7%89%87%E4%BB%98%E3%81%91%E3%82%8B%E3%81%A8%E3%81%8D%E3%81%AF%E3%80%81%E3%81%94%E3%81%BF%E5%88%86%E5%88%A5%E3%83%BB%E7%A9%BA%E3%81%8D%E5%AE%B6%E5%AF%BE%E7%AD%96%E3%83%BB%E7%A9%BA%E3%81%8D%E5%AE%B6%E3%83%90%E3%83%B3%E3%82%AF%E3%82%92%E7%A2%BA%E8%AA%8D%E3%81%99%E3%82%8B%E3%80%82%E3%80%81%E3%81%93%E3%81%93%E8%A6%8B%E3%82%8B%E3%81%A8%E6%97%A9%E3%81%84%E3%82%88,200,https://access.line.me/oauth2/v2.1/login?returnUri=%2Foauth2%2Fv2.1%2Fauthorize%2Fconsent%3Fresponse_type%3Dcode%26client_id%3D1446101138%26state%3De233369970568e84d18c5da703c1c5%26redirect_uri%3Dhttps%253A%252F%252Fsocial-plugins.line.me%252Flineit%252FloginCallback%253FreturnUrl%253Dhttps%25253A%25252F%25252Fsocial-plugins.line.me%25252Flineit%25252Fshare%25253Furl%25253Dhttps%2525253A%2525252F%2525252Fmorimachi.enshu-lifehack.com%2525252Flife%2525252Fhousing%2525252Fclean-parents-house%2525252F%252526text%25253D%252525E9%2525259D%25252599%252525E5%252525B2%252525A1%252525E7%2525259C%2525258C%252525E5%25252591%252525A8%252525E6%25252599%252525BA%252525E9%25252583%252525A1%252525E6%252525A3%252525AE%252525E7%25252594%252525BA%252525E3%25252581%252525AE%252525E6%252525A3%252525AE%252525E7%25252594%252525BA%252525E3%25252581%252525A7%252525E8%252525A6%252525AA%252525E3%25252581%252525AE%252525E5%252525AE%252525B6%252525E3%25252582%25252592%252525E7%25252589%25252587%252525E4%252525BB%25252598%252525E3%25252581%25252591%252525E3%25252582%2525258B%252525E3%25252581%252525A8%252525E3%25252581%2525258D%252525E3%25252581%252525AF%252525E3%25252580%25252581%252525E3%25252581%25252594%252525E3%25252581%252525BF%252525E5%25252588%25252586%252525E5%25252588%252525A5%252525E3%25252583%252525BB%252525E7%252525A9%252525BA%252525E3%25252581%2525258D%252525E5%252525AE%252525B6%252525E5%252525AF%252525BE%252525E7%252525AD%25252596%252525E3%25252583%252525BB%252525E7%252525A9%252525BA%252525E3%25252581%2525258D%252525E5%252525AE%252525B6%252525E3%25252583%25252590%252525E3%25252583%252525B3%252525E3%25252582%252525AF%252525E3%25252582%25252592%252525E7%252525A2%252525BA%252525E8%252525AA%2525258D%252525E3%25252581%25252599%252525E3%25252582%2525258B%252525E3%25252580%25252582%252525E3%25252580%25252581%252525E3%25252581%25252593%252525E3%25252581%25252593%252525E8%252525A6%2525258B%252525E3%25252582%2525258B%252525E3%25252581%252525A8%252525E6%25252597%252525A9%252525E3%25252581%25252584%252525E3%25252582%25252588%26scope%3Dopenid%2520profile%2520friends%2520groups%2520timeline.post%2520message.write&loginChannelId=1446101138&loginState=t0F4DxpNeLAfbvJr9EYGsc,1,/life/housing/clean-parents-house/
https://social-plugins.line.me/lineit/share?url=https%3A%2F%2Fmorimachi.enshu-lifehack.com%2Flife%2Fhousing%2Fearthquake-demolition%2F&text=%E9%9D%99%E5%B2%A1%E7%9C%8C%E5%91%A8%E6%99%BA%E9%83%A1%E6%A3%AE%E7%94%BA%E3%81%AE%E6%A3%AE%E7%94%BA%E3%81%AE%E8%80%90%E9%9C%87%E3%83%BB%E8%A7%A3%E4%BD%93%E3%81%AF%E3%80%81%E6%9C%A8%E9%80%A0%E4%BD%8F%E5%AE%85%E3%81%AE%E8%80%90%E9%9C%87%E8%A8%BA%E6%96%AD%E3%83%BB%E6%94%B9%E4%BF%AE%E3%83%BB%E8%A7%A3%E4%BD%93%E5%8A%A9%E6%88%90%E3%82%92%E7%A2%BA%E8%AA%8D%E3%81%99%E3%82%8B%E3%80%82%E3%80%81%E3%81%93%E3%81%93%E8%A6%8B%E3%82%8B%E3%81%A8%E6%97%A9%E3%81%84%E3%82%88,200,https://access.line.me/oauth2/v2.1/login?returnUri=%2Foauth2%2Fv2.1%2Fauthorize%2Fconsent%3Fresponse_type%3Dcode%26client_id%3D1446101138%26state%3D785be86f4e79e32b0995845c03d86c%26redirect_uri%3Dhttps%253A%252F%252Fsocial-plugins.line.me%252Flineit%252FloginCallback%253FreturnUrl%253Dhttps%25253A%25252F%25252Fsocial-plugins.line.me%25252Flineit%25252Fshare%25253Furl%25253Dhttps%2525253A%2525252F%2525252Fmorimachi.enshu-lifehack.com%2525252Flife%2525252Fhousing%2525252Fearthquake-demolition%2525252F%252526text%25253D%252525E9%2525259D%25252599%252525E5%252525B2%252525A1%252525E7%2525259C%2525258C%252525E5%25252591%252525A8%252525E6%25252599%252525BA%252525E9%25252583%252525A1%252525E6%252525A3%252525AE%252525E7%25252594%252525BA%252525E3%25252581%252525AE%252525E6%252525A3%252525AE%252525E7%25252594%252525BA%252525E3%25252581%252525AE%252525E8%25252580%25252590%252525E9%2525259C%25252587%252525E3%25252583%252525BB%252525E8%252525A7%252525A3%252525E4%252525BD%25252593%252525E3%25252581%252525AF%252525E3%25252580%25252581%252525E6%2525259C%252525A8%252525E9%25252580%252525A0%252525E4%252525BD%2525258F%252525E5%252525AE%25252585%252525E3%25252581%252525AE%252525E8%25252580%25252590%252525E9%2525259C%25252587%252525E8%252525A8%252525BA%252525E6%25252596%252525AD%252525E3%25252583%252525BB%252525E6%25252594%252525B9%252525E4%252525BF%252525AE%252525E3%25252583%252525BB%252525E8%252525A7%252525A3%252525E4%252525BD%25252593%252525E5%2525258A%252525A9%252525E6%25252588%25252590%252525E3%25252582%25252592%252525E7%252525A2%252525BA%252525E8%252525AA%2525258D%252525E3%25252581%25252599%252525E3%25252582%2525258B%252525E3%25252580%25252582%252525E3%25252580%25252581%252525E3%25252581%25252593%252525E3%25252581%25252593%252525E8%252525A6%2525258B%252525E3%25252582%2525258B%252525E3%25252581%252525A8%252525E6%25252597%252525A9%252525E3%25252581%25252584%252525E3%25252582%25252588%26scope%3Dopenid%2520profile%2520friends%2520groups%2520timeline.post%2520message.write&loginChannelId=1446101138&loginState=GNpxGubK7AgLR9WP9PgvXn,1,/life/housing/earthquake-demolition/
https://social-plugins.line.me/lineit/share?url=https%3A%2F%2Fmorimachi.enshu-lifehack.com%2Flife%2Fhousing%2F&text=%E9%9D%99%E5%B2%A1%E7%9C%8C%E5%91%A8%E6%99%BA%E9%83%A1%E6%A3%AE%E7%94%BA%E3%81%AE%F0%9F%8F%A0%20%E5%AE%B6%E3%83%BB%E4%BD%8F%E3%81%BE%E3%81%84%EF%BC%88%E6%A3%AE%E7%94%BA%E7%89%88%EF%BC%89%E3%80%81%E3%81%93%E3%81%93%E8%A6%8B%E3%82%8B%E3%81%A8%E6%97%A9%E3%81%84%E3%82%88,200,https://access.line.me/oauth2/v2.1/login?returnUri=%2Foauth2%2Fv2.1%2Fauthorize%2Fconsent%3Fresponse_type%3Dcode%26client_id%3D1446101138%26state%3D573e8831897e60e30d07cc718837c1%26redirect_uri%3Dhttps%253A%252F%252Fsocial-plugins.line.me%252Flineit%252FloginCallback%253FreturnUrl%253Dhttps%25253A%25252F%25252Fsocial-plugins.line.me%25252Flineit%25252Fshare%25253Furl%25253Dhttps%2525253A%2525252F%2525252Fmorimachi.enshu-lifehack.com%2525252Flife%2525252Fhousing%2525252F%252526text%25253D%252525E9%2525259D%25252599%252525E5%252525B2%252525A1%252525E7%2525259C%2525258C%252525E5%25252591%252525A8%252525E6%25252599%252525BA%252525E9%25252583%252525A1%252525E6%252525A3%252525AE%252525E7%25252594%252525BA%252525E3%25252581%252525AE%252525F0%2525259F%2525258F%252525A0%25252520%252525E5%252525AE%252525B6%252525E3%25252583%252525BB%252525E4%252525BD%2525258F%252525E3%25252581%252525BE%252525E3%25252581%25252584%252525EF%252525BC%25252588%252525E6%252525A3%252525AE%252525E7%25252594%252525BA%252525E7%25252589%25252588%252525EF%252525BC%25252589%252525E3%25252580%25252581%252525E3%25252581%25252593%252525E3%25252581%25252593%252525E8%252525A6%2525258B%252525E3%25252582%2525258B%252525E3%25252581%252525A8%252525E6%25252597%252525A9%252525E3%25252581%25252584%252525E3%25252582%25252588%26scope%3Dopenid%2520profile%2520friends%2520groups%2520timeline.post%2520message.write&loginChannelId=1446101138&loginState=KMSEqWosoozvHhSid4RX3K,1,/life/housing/
https://social-plugins.line.me/lineit/share?url=https%3A%2F%2Fmorimachi.enshu-lifehack.com%2Flife%2Fhousing%2Fmunicipal-housing%2F&text=%E9%9D%99%E5%B2%A1%E7%9C%8C%E5%91%A8%E6%99%BA%E9%83%A1%E6%A3%AE%E7%94%BA%E3%81%AE%E6%A3%AE%E7%94%BA%E3%81%AE%E7%94%BA%E5%96%B6%E4%BD%8F%E5%AE%85%E3%81%AF%E3%80%81%E5%8B%9F%E9%9B%86%E6%9D%A1%E4%BB%B6%E3%83%BB%E5%8F%8E%E5%85%A5%E3%83%BB%E5%BF%85%E8%A6%81%E6%9B%B8%E9%A1%9E%E3%82%92%E5%85%88%E3%81%AB%E7%A2%BA%E8%AA%8D%E3%81%99%E3%82%8B%E3%80%82%E3%80%81%E3%81%93%E3%81%93%E8%A6%8B%E3%82%8B%E3%81%A8%E6%97%A9%E3%81%84%E3%82%88,200,https://access.line.me/oauth2/v2.1/login?returnUri=%2Foauth2%2Fv2.1%2Fauthorize%2Fconsent%3Fresponse_type%3Dcode%26client_id%3D1446101138%26state%3D89a1da3a0d1efdb978d7973f6a068d%26redirect_uri%3Dhttps%253A%252F%252Fsocial-plugins.line.me%252Flineit%252FloginCallback%253FreturnUrl%253Dhttps%25253A%25252F%25252Fsocial-plugins.line.me%25252Flineit%25252Fshare%25253Furl%25253Dhttps%2525253A%2525252F%2525252Fmorimachi.enshu-lifehack.com%2525252Flife%2525252Fhousing%2525252Fmunicipal-housing%2525252F%252526text%25253D%252525E9%2525259D%25252599%252525E5%252525B2%252525A1%252525E7%2525259C%2525258C%252525E5%25252591%252525A8%252525E6%25252599%252525BA%252525E9%25252583%252525A1%252525E6%252525A3%252525AE%252525E7%25252594%252525BA%252525E3%25252581%252525AE%252525E6%252525A3%252525AE%252525E7%25252594%252525BA%252525E3%25252581%252525AE%252525E7%25252594%252525BA%252525E5%25252596%252525B6%252525E4%252525BD%2525258F%252525E5%252525AE%25252585%252525E3%25252581%252525AF%252525E3%25252580%25252581%252525E5%2525258B%2525259F%252525E9%2525259B%25252586%252525E6%2525259D%252525A1%252525E4%252525BB%252525B6%252525E3%25252583%252525BB%252525E5%2525258F%2525258E%252525E5%25252585%252525A5%252525E3%25252583%252525BB%252525E5%252525BF%25252585%252525E8%252525A6%25252581%252525E6%2525259B%252525B8%252525E9%252525A1%2525259E%252525E3%25252582%25252592%252525E5%25252585%25252588%252525E3%25252581%252525AB%252525E7%252525A2%252525BA%252525E8%252525AA%2525258D%252525E3%25252581%25252599%252525E3%25252582%2525258B%252525E3%25252580%25252582%252525E3%25252580%25252581%252525E3%25252581%25252593%252525E3%25252581%25252593%252525E8%252525A6%2525258B%252525E3%25252582%2525258B%252525E3%25252581%252525A8%252525E6%25252597%252525A9%252525E3%25252581%25252584%252525E3%25252582%25252588%26scope%3Dopenid%2520profile%2520friends%2520groups%2520timeline.post%2520message.write&loginChannelId=1446101138&loginState=7BRx5mMh8JkFuxVPLr2jbr,1,/life/housing/municipal-housing/
https://social-plugins.line.me/lineit/share?url=https%3A%2F%2Fmorimachi.enshu-lifehack.com%2Flife%2Fhousing%2Fproperty-tax%2F&text=%E9%9D%99%E5%B2%A1%E7%9C%8C%E5%91%A8%E6%99%BA%E9%83%A1%E6%A3%AE%E7%94%BA%E3%81%AE%E6%A3%AE%E7%94%BA%E3%81%AE%E5%9C%9F%E5%9C%B0%E3%83%BB%E5%AE%B6%E5%B1%8B%E3%81%AE%E7%A8%8E%E9%87%91%E3%81%AF%E3%80%81%E5%9B%BA%E5%AE%9A%E8%B3%87%E7%94%A3%E7%A8%8E%E3%83%BB%E9%83%BD%E5%B8%82%E8%A8%88%E7%94%BB%E7%A8%8E%E3%81%AE%E8%AA%B2%E7%A8%8E%E5%86%85%E5%AE%B9%E3%81%A8%E6%89%8B%E7%B6%9A%E3%81%8D%E3%82%92%E5%88%86%E3%81%91%E3%81%A6%E7%A2%BA%E8%AA%8D%E3%81%99%E3%82%8B%E3%80%81%E3%81%93%E3%81%93%E8%A6%8B%E3%82%8B%E3%81%A8%E6%97%A9%E3%81%84%E3%82%88,200,https://access.line.me/oauth2/v2.1/login?returnUri=%2Foauth2%2Fv2.1%2Fauthorize%2Fconsent%3Fresponse_type%3Dcode%26client_id%3D1446101138%26state%3D426a52d4998cb50ada2b52783f81c7%26redirect_uri%3Dhttps%253A%252F%252Fsocial-plugins.line.me%252Flineit%252FloginCallback%253FreturnUrl%253Dhttps%25253A%25252F%25252Fsocial-plugins.line.me%25252Flineit%25252Fshare%25253Furl%25253Dhttps%2525253A%2525252F%2525252Fmorimachi.enshu-lifehack.com%2525252Flife%2525252Fhousing%2525252Fproperty-tax%2525252F%252526text%25253D%252525E9%2525259D%25252599%252525E5%252525B2%252525A1%252525E7%2525259C%2525258C%252525E5%25252591%252525A8%252525E6%25252599%252525BA%252525E9%25252583%252525A1%252525E6%252525A3%252525AE%252525E7%25252594%252525BA%252525E3%25252581%252525AE%252525E6%252525A3%252525AE%252525E7%25252594%252525BA%252525E3%25252581%252525AE%252525E5%2525259C%2525259F%252525E5%2525259C%252525B0%252525E3%25252583%252525BB%252525E5%252525AE%252525B6%252525E5%252525B1%2525258B%252525E3%25252581%252525AE%252525E7%252525A8%2525258E%252525E9%25252587%25252591%252525E3%25252581%252525AF%252525E3%25252580%25252581%252525E5%2525259B%252525BA%252525E5%252525AE%2525259A%252525E8%252525B3%25252587%252525E7%25252594%252525A3%252525E7%252525A8%2525258E%252525E3%25252583%252525BB%252525E9%25252583%252525BD%252525E5%252525B8%25252582%252525E8%252525A8%25252588%252525E7%25252594%252525BB%252525E7%252525A8%2525258E%252525E3%25252581%252525AE%252525E8%252525AA%252525B2%252525E7%252525A8%2525258E%252525E5%25252586%25252585%252525E5%252525AE%252525B9%252525E3%25252581%252525A8%252525E6%25252589%2525258B%252525E7%252525B6%2525259A%252525E3%25252581%2525258D%252525E3%25252582%25252592%252525E5%25252588%25252586%252525E3%25252581%25252591%252525E3%25252581%252525A6%252525E7%252525A2%252525BA%252525E8%252525AA%2525258D%252525E3%25252581%25252599%252525E3%25252582%2525258B%252525E3%25252580%25252581%252525E3%25252581%25252593%252525E3%25252581%25252593%252525E8%252525A6%2525258B%252525E3%25252582%2525258B%252525E3%25252581%252525A8%252525E6%25252597%252525A9%252525E3%25252581%25252584%252525E3%25252582%25252588%26scope%3Dopenid%2520profile%2520friends%2520groups%2520timeline.post%2520message.write&loginChannelId=1446101138&loginState=w7N5SMHmGz60JVMfEDWKDa,1,/life/housing/property-tax/
https://social-plugins.line.me/lineit/share?url=https%3A%2F%2Fmorimachi.enshu-lifehack.com%2Flife%2Fhousing%2Fpublic-housing-consultation%2F&text=%E9%9D%99%E5%B2%A1%E7%9C%8C%E5%91%A8%E6%99%BA%E9%83%A1%E6%A3%AE%E7%94%BA%E3%81%AE%E6%A3%AE%E7%94%BA%E3%81%A7%E4%BD%8F%E3%81%BE%E3%81%84%E3%81%AB%E5%9B%B0%E3%81%A3%E3%81%9F%E3%82%89%E3%80%81%E7%8A%B6%E6%B3%81%E3%81%A8%E7%B7%8A%E6%80%A5%E5%BA%A6%E3%82%92%E5%85%88%E3%81%AB%E5%88%86%E3%81%91%E3%82%8B%E3%80%81%E3%81%93%E3%81%93%E8%A6%8B%E3%82%8B%E3%81%A8%E6%97%A9%E3%81%84%E3%82%88,200,https://access.line.me/oauth2/v2.1/login?returnUri=%2Foauth2%2Fv2.1%2Fauthorize%2Fconsent%3Fresponse_type%3Dcode%26client_id%3D1446101138%26state%3De750c910acfaf3b3632252f1e03c99%26redirect_uri%3Dhttps%253A%252F%252Fsocial-plugins.line.me%252Flineit%252FloginCallback%253FreturnUrl%253Dhttps%25253A%25252F%25252Fsocial-plugins.line.me%25252Flineit%25252Fshare%25253Furl%25253Dhttps%2525253A%2525252F%2525252Fmorimachi.enshu-lifehack.com%2525252Flife%2525252Fhousing%2525252Fpublic-housing-consultation%2525252F%252526text%25253D%252525E9%2525259D%25252599%252525E5%252525B2%252525A1%252525E7%2525259C%2525258C%252525E5%25252591%252525A8%252525E6%25252599%252525BA%252525E9%25252583%252525A1%252525E6%252525A3%252525AE%252525E7%25252594%252525BA%252525E3%25252581%252525AE%252525E6%252525A3%252525AE%252525E7%25252594%252525BA%252525E3%25252581%252525A7%252525E4%252525BD%2525258F%252525E3%25252581%252525BE%252525E3%25252581%25252584%252525E3%25252581%252525AB%252525E5%2525259B%252525B0%252525E3%25252581%252525A3%252525E3%25252581%2525259F%252525E3%25252582%25252589%252525E3%25252580%25252581%252525E7%2525258A%252525B6%252525E6%252525B3%25252581%252525E3%25252581%252525A8%252525E7%252525B7%2525258A%252525E6%25252580%252525A5%252525E5%252525BA%252525A6%252525E3%25252582%25252592%252525E5%25252585%25252588%252525E3%25252581%252525AB%252525E5%25252588%25252586%252525E3%25252581%25252591%252525E3%25252582%2525258B%252525E3%25252580%25252581%252525E3%25252581%25252593%252525E3%25252581%25252593%252525E8%252525A6%2525258B%252525E3%25252582%2525258B%252525E3%25252581%252525A8%252525E6%25252597%252525A9%252525E3%25252581%25252584%252525E3%25252582%25252588%26scope%3Dopenid%2520profile%2520friends%2520groups%2520timeline.post%2520message.write&loginChannelId=1446101138&loginState=yWfJPEvPFPiX0srVBuK5pl,1,/life/housing/public-housing-consultation/
https://social-plugins.line.me/lineit/share?url=https%3A%2F%2Fmorimachi.enshu-lifehack.com%2Flife%2Fhousing%2Frent-house%2F&text=%E9%9D%99%E5%B2%A1%E7%9C%8C%E5%91%A8%E6%99%BA%E9%83%A1%E6%A3%AE%E7%94%BA%E3%81%AE%E6%A3%AE%E7%94%BA%E3%81%A7%E8%B3%83%E8%B2%B8%E3%82%92%E6%8E%A2%E3%81%99%E3%81%AA%E3%82%89%E3%80%81%E7%A9%BA%E3%81%8D%E5%AE%B6%E3%83%90%E3%83%B3%E3%82%AF%E3%81%A8%E7%94%BA%E5%96%B6%E4%BD%8F%E5%AE%85%E3%81%AE%E4%B8%A1%E6%96%B9%E3%82%92%E7%A2%BA%E8%AA%8D%E3%81%99%E3%82%8B%E3%80%81%E3%81%93%E3%81%93%E8%A6%8B%E3%82%8B%E3%81%A8%E6%97%A9%E3%81%84%E3%82%88,200,https://access.line.me/oauth2/v2.1/login?returnUri=%2Foauth2%2Fv2.1%2Fauthorize%2Fconsent%3Fresponse_type%3Dcode%26client_id%3D1446101138%26state%3De4300b35bac754fe0b914202e6e67c%26redirect_uri%3Dhttps%253A%252F%252Fsocial-plugins.line.me%252Flineit%252FloginCallback%253FreturnUrl%253Dhttps%25253A%25252F%25252Fsocial-plugins.line.me%25252Flineit%25252Fshare%25253Furl%25253Dhttps%2525253A%2525252F%2525252Fmorimachi.enshu-lifehack.com%2525252Flife%2525252Fhousing%2525252Frent-house%2525252F%252526text%25253D%252525E9%2525259D%25252599%252525E5%252525B2%252525A1%252525E7%2525259C%2525258C%252525E5%25252591%252525A8%252525E6%25252599%252525BA%252525E9%25252583%252525A1%252525E6%252525A3%252525AE%252525E7%25252594%252525BA%252525E3%25252581%252525AE%252525E6%252525A3%252525AE%252525E7%25252594%252525BA%252525E3%25252581%252525A7%252525E8%252525B3%25252583%252525E8%252525B2%252525B8%252525E3%25252582%25252592%252525E6%2525258E%252525A2%252525E3%25252581%25252599%252525E3%25252581%252525AA%252525E3%25252582%25252589%252525E3%25252580%25252581%252525E7%252525A9%252525BA%252525E3%25252581%2525258D%252525E5%252525AE%252525B6%252525E3%25252583%25252590%252525E3%25252583%252525B3%252525E3%25252582%252525AF%252525E3%25252581%252525A8%252525E7%25252594%252525BA%252525E5%25252596%252525B6%252525E4%252525BD%2525258F%252525E5%252525AE%25252585%252525E3%25252581%252525AE%252525E4%252525B8%252525A1%252525E6%25252596%252525B9%252525E3%25252582%25252592%252525E7%252525A2%252525BA%252525E8%252525AA%2525258D%252525E3%25252581%25252599%252525E3%25252582%2525258B%252525E3%25252580%25252581%252525E3%25252581%25252593%252525E3%25252581%25252593%252525E8%252525A6%2525258B%252525E3%25252582%2525258B%252525E3%25252581%252525A8%252525E6%25252597%252525A9%252525E3%25252581%25252584%252525E3%25252582%25252588%26scope%3Dopenid%2520profile%2520friends%2520groups%2520timeline.post%2520message.write&loginChannelId=1446101138&loginState=YtjITKlw6CRxn3O80eXM5o,1,/life/housing/rent-house/
https://social-plugins.line.me/lineit/share?url=https%3A%2F%2Fmorimachi.enshu-lifehack.com%2Flife%2Fhousing%2Fsell-house%2F&text=%E9%9D%99%E5%B2%A1%E7%9C%8C%E5%91%A8%E6%99%BA%E9%83%A1%E6%A3%AE%E7%94%BA%E3%81%AE%E6%A3%AE%E7%94%BA%E3%81%A7%E5%AE%B6%E3%82%92%E5%A3%B2%E3%82%8B%E5%89%8D%E3%81%AB%E3%80%81%E5%9B%BA%E5%AE%9A%E8%B3%87%E7%94%A3%E7%A8%8E%E3%83%BB%E7%A9%BA%E3%81%8D%E5%AE%B6%E3%83%90%E3%83%B3%E3%82%AF%E3%82%92%E7%A2%BA%E8%AA%8D%E3%81%99%E3%82%8B%E3%80%81%E3%81%93%E3%81%93%E8%A6%8B%E3%82%8B%E3%81%A8%E6%97%A9%E3%81%84%E3%82%88,200,https://access.line.me/oauth2/v2.1/login?returnUri=%2Foauth2%2Fv2.1%2Fauthorize%2Fconsent%3Fresponse_type%3Dcode%26client_id%3D1446101138%26state%3De91263569ceb1820b3016fff744937%26redirect_uri%3Dhttps%253A%252F%252Fsocial-plugins.line.me%252Flineit%252FloginCallback%253FreturnUrl%253Dhttps%25253A%25252F%25252Fsocial-plugins.line.me%25252Flineit%25252Fshare%25253Furl%25253Dhttps%2525253A%2525252F%2525252Fmorimachi.enshu-lifehack.com%2525252Flife%2525252Fhousing%2525252Fsell-house%2525252F%252526text%25253D%252525E9%2525259D%25252599%252525E5%252525B2%252525A1%252525E7%2525259C%2525258C%252525E5%25252591%252525A8%252525E6%25252599%252525BA%252525E9%25252583%252525A1%252525E6%252525A3%252525AE%252525E7%25252594%252525BA%252525E3%25252581%252525AE%252525E6%252525A3%252525AE%252525E7%25252594%252525BA%252525E3%25252581%252525A7%252525E5%252525AE%252525B6%252525E3%25252582%25252592%252525E5%252525A3%252525B2%252525E3%25252582%2525258B%252525E5%25252589%2525258D%252525E3%25252581%252525AB%252525E3%25252580%25252581%252525E5%2525259B%252525BA%252525E5%252525AE%2525259A%252525E8%252525B3%25252587%252525E7%25252594%252525A3%252525E7%252525A8%2525258E%252525E3%25252583%252525BB%252525E7%252525A9%252525BA%252525E3%25252581%2525258D%252525E5%252525AE%252525B6%252525E3%25252583%25252590%252525E3%25252583%252525B3%252525E3%25252582%252525AF%252525E3%25252582%25252592%252525E7%252525A2%252525BA%252525E8%252525AA%2525258D%252525E3%25252581%25252599%252525E3%25252582%2525258B%252525E3%25252580%25252581%252525E3%25252581%25252593%252525E3%25252581%25252593%252525E8%252525A6%2525258B%252525E3%25252582%2525258B%252525E3%25252581%252525A8%252525E6%25252597%252525A9%252525E3%25252581%25252584%252525E3%25252582%25252588%26scope%3Dopenid%2520profile%2520friends%2520groups%2520timeline.post%2520message.write&loginChannelId=1446101138&loginState=FXnKNbnHmdZiIYksfm6Uqk,1,/life/housing/sell-house/
https://social-plugins.line.me/lineit/share?url=https%3A%2F%2Fmorimachi.enshu-lifehack.com%2Flife%2Fhousing%2Fvacant-house%2F&text=%E9%9D%99%E5%B2%A1%E7%9C%8C%E5%91%A8%E6%99%BA%E9%83%A1%E6%A3%AE%E7%94%BA%E3%81%AE%E6%A3%AE%E7%94%BA%E3%81%AE%E7%A9%BA%E3%81%8D%E5%AE%B6%E3%81%AF%E3%80%81%E7%A9%BA%E5%AE%B6%E7%AD%89%E5%AF%BE%E7%AD%96%E8%A8%88%E7%94%BB%E3%83%BB%E7%A9%BA%E3%81%8D%E5%AE%B6%E3%83%90%E3%83%B3%E3%82%AF%E3%83%BB%E5%9B%BA%E5%AE%9A%E8%B3%87%E7%94%A3%E7%A8%8E%E3%82%92%E5%90%8C%E6%99%82%E3%81%AB%E6%95%B4%E7%90%86%E3%81%99%E3%82%8B%E3%80%81%E3%81%93%E3%81%93%E8%A6%8B%E3%82%8B%E3%81%A8%E6%97%A9%E3%81%84%E3%82%88,200,https://access.line.me/oauth2/v2.1/login?returnUri=%2Foauth2%2Fv2.1%2Fauthorize%2Fconsent%3Fresponse_type%3Dcode%26client_id%3D1446101138%26state%3D1e6489e589b00b4b8e587ff4bf3b2c%26redirect_uri%3Dhttps%253A%252F%252Fsocial-plugins.line.me%252Flineit%252FloginCallback%253FreturnUrl%253Dhttps%25253A%25252F%25252Fsocial-plugins.line.me%25252Flineit%25252Fshare%25253Furl%25253Dhttps%2525253A%2525252F%2525252Fmorimachi.enshu-lifehack.com%2525252Flife%2525252Fhousing%2525252Fvacant-house%2525252F%252526text%25253D%252525E9%2525259D%25252599%252525E5%252525B2%252525A1%252525E7%2525259C%2525258C%252525E5%25252591%252525A8%252525E6%25252599%252525BA%252525E9%25252583%252525A1%252525E6%252525A3%252525AE%252525E7%25252594%252525BA%252525E3%25252581%252525AE%252525E6%252525A3%252525AE%252525E7%25252594%252525BA%252525E3%25252581%252525AE%252525E7%252525A9%252525BA%252525E3%25252581%2525258D%252525E5%252525AE%252525B6%252525E3%25252581%252525AF%252525E3%25252580%25252581%252525E7%252525A9%252525BA%252525E5%252525AE%252525B6%252525E7%252525AD%25252589%252525E5%252525AF%252525BE%252525E7%252525AD%25252596%252525E8%252525A8%25252588%252525E7%25252594%252525BB%252525E3%25252583%252525BB%252525E7%252525A9%252525BA%252525E3%25252581%2525258D%252525E5%252525AE%252525B6%252525E3%25252583%25252590%252525E3%25252583%252525B3%252525E3%25252582%252525AF%252525E3%25252583%252525BB%252525E5%2525259B%252525BA%252525E5%252525AE%2525259A%252525E8%252525B3%25252587%252525E7%25252594%252525A3%252525E7%252525A8%2525258E%252525E3%25252582%25252592%252525E5%25252590%2525258C%252525E6%25252599%25252582%252525E3%25252581%252525AB%252525E6%25252595%252525B4%252525E7%25252590%25252586%252525E3%25252581%25252599%252525E3%25252582%2525258B%252525E3%25252580%25252581%252525E3%25252581%25252593%252525E3%25252581%25252593%252525E8%252525A6%2525258B%252525E3%25252582%2525258B%252525E3%25252581%252525A8%252525E6%25252597%252525A9%252525E3%25252581%25252584%252525E3%25252582%25252588%26scope%3Dopenid%2520profile%2520friends%2520groups%2520timeline.post%2520message.write&loginChannelId=1446101138&loginState=HpG2AI8ZjyyeYxaF50sE1l,1,/life/housing/vacant-house/
https://social-plugins.line.me/lineit/share?url=https%3A%2F%2Fmorimachi.enshu-lifehack.com%2Flife%2Fliving-soon%2Fabout-morimachi%2F&text=%E9%9D%99%E5%B2%A1%E7%9C%8C%E5%91%A8%E6%99%BA%E9%83%A1%E6%A3%AE%E7%94%BA%E3%81%AE%E6%A3%AE%E7%94%BA%E3%81%A7%E6%9A%AE%E3%82%89%E3%81%99%E5%89%8D%E3%81%AB%E3%80%81%E5%9C%B0%E5%9B%B3%E3%81%A0%E3%81%91%E3%81%A7%E3%81%AF%E8%A6%8B%E3%81%88%E3%81%AA%E3%81%84%E7%94%9F%E6%B4%BB%E3%81%AE%E6%89%8B%E8%A7%A6%E3%82%8A%E3%82%92%E7%A2%BA%E8%AA%8D%E3%81%99%E3%82%8B%E3%80%82%E3%80%81%E3%81%93%E3%81%93%E8%A6%8B%E3%82%8B%E3%81%A8%E6%97%A9%E3%81%84%E3%82%88,200,https://access.line.me/oauth2/v2.1/login?returnUri=%2Foauth2%2Fv2.1%2Fauthorize%2Fconsent%3Fresponse_type%3Dcode%26client_id%3D1446101138%26state%3D948992d44ac89d5559cb6b8b028194%26redirect_uri%3Dhttps%253A%252F%252Fsocial-plugins.line.me%252Flineit%252FloginCallback%253FreturnUrl%253Dhttps%25253A%25252F%25252Fsocial-plugins.line.me%25252Flineit%25252Fshare%25253Furl%25253Dhttps%2525253A%2525252F%2525252Fmorimachi.enshu-lifehack.com%2525252Flife%2525252Fliving-soon%2525252Fabout-morimachi%2525252F%252526text%25253D%252525E9%2525259D%25252599%252525E5%252525B2%252525A1%252525E7%2525259C%2525258C%252525E5%25252591%252525A8%252525E6%25252599%252525BA%252525E9%25252583%252525A1%252525E6%252525A3%252525AE%252525E7%25252594%252525BA%252525E3%25252581%252525AE%252525E6%252525A3%252525AE%252525E7%25252594%252525BA%252525E3%25252581%252525A7%252525E6%2525259A%252525AE%252525E3%25252582%25252589%252525E3%25252581%25252599%252525E5%25252589%2525258D%252525E3%25252581%252525AB%252525E3%25252580%25252581%252525E5%2525259C%252525B0%252525E5%2525259B%252525B3%252525E3%25252581%252525A0%252525E3%25252581%25252591%252525E3%25252581%252525A7%252525E3%25252581%252525AF%252525E8%252525A6%2525258B%252525E3%25252581%25252588%252525E3%25252581%252525AA%252525E3%25252581%25252584%252525E7%25252594%2525259F%252525E6%252525B4%252525BB%252525E3%25252581%252525AE%252525E6%25252589%2525258B%252525E8%252525A7%252525A6%252525E3%25252582%2525258A%252525E3%25252582%25252592%252525E7%252525A2%252525BA%252525E8%252525AA%2525258D%252525E3%25252581%25252599%252525E3%25252582%2525258B%252525E3%25252580%25252582%252525E3%25252580%25252581%252525E3%25252581%25252593%252525E3%25252581%25252593%252525E8%252525A6%2525258B%252525E3%25252582%2525258B%252525E3%25252581%252525A8%252525E6%25252597%252525A9%252525E3%25252581%25252584%252525E3%25252582%25252588%26scope%3Dopenid%2520profile%2520friends%2520groups%2520timeline.post%2520message.write&loginChannelId=1446101138&loginState=GH6nZTUSVGFjAYjSWA0lCJ,1,/life/living-soon/about-morimachi/
https://social-plugins.line.me/lineit/share?url=https%3A%2F%2Fmorimachi.enshu-lifehack.com%2Flife%2Fliving-soon%2Fdisaster-risk%2F&text=%E9%9D%99%E5%B2%A1%E7%9C%8C%E5%91%A8%E6%99%BA%E9%83%A1%E6%A3%AE%E7%94%BA%E3%81%AE%E5%BC%95%E3%81%A3%E8%B6%8A%E3%81%99%E5%89%8D%E3%81%AB%E3%80%81%E5%80%99%E8%A3%9C%E5%9C%B0%E3%81%8C%E6%B4%AA%E6%B0%B4%E3%83%BB%E5%9C%9F%E7%A0%82%E7%81%BD%E5%AE%B3%E3%81%AB%E5%BC%B7%E3%81%84%E5%A0%B4%E6%89%80%E3%81%8B%E7%A2%BA%E3%81%8B%E3%82%81%E3%82%8B%E3%80%82%E3%80%81%E3%81%93%E3%81%93%E8%A6%8B%E3%82%8B%E3%81%A8%E6%97%A9%E3%81%84%E3%82%88,200,https://access.line.me/oauth2/v2.1/login?returnUri=%2Foauth2%2Fv2.1%2Fauthorize%2Fconsent%3Fresponse_type%3Dcode%26client_id%3D1446101138%26state%3D35138f9f3c07b45bebd0afbfdf4efc%26redirect_uri%3Dhttps%253A%252F%252Fsocial-plugins.line.me%252Flineit%252FloginCallback%253FreturnUrl%253Dhttps%25253A%25252F%25252Fsocial-plugins.line.me%25252Flineit%25252Fshare%25253Furl%25253Dhttps%2525253A%2525252F%2525252Fmorimachi.enshu-lifehack.com%2525252Flife%2525252Fliving-soon%2525252Fdisaster-risk%2525252F%252526text%25253D%252525E9%2525259D%25252599%252525E5%252525B2%252525A1%252525E7%2525259C%2525258C%252525E5%25252591%252525A8%252525E6%25252599%252525BA%252525E9%25252583%252525A1%252525E6%252525A3%252525AE%252525E7%25252594%252525BA%252525E3%25252581%252525AE%252525E5%252525BC%25252595%252525E3%25252581%252525A3%252525E8%252525B6%2525258A%252525E3%25252581%25252599%252525E5%25252589%2525258D%252525E3%25252581%252525AB%252525E3%25252580%25252581%252525E5%25252580%25252599%252525E8%252525A3%2525259C%252525E5%2525259C%252525B0%252525E3%25252581%2525258C%252525E6%252525B4%252525AA%252525E6%252525B0%252525B4%252525E3%25252583%252525BB%252525E5%2525259C%2525259F%252525E7%252525A0%25252582%252525E7%25252581%252525BD%252525E5%252525AE%252525B3%252525E3%25252581%252525AB%252525E5%252525BC%252525B7%252525E3%25252581%25252584%252525E5%252525A0%252525B4%252525E6%25252589%25252580%252525E3%25252581%2525258B%252525E7%252525A2%252525BA%252525E3%25252581%2525258B%252525E3%25252582%25252581%252525E3%25252582%2525258B%252525E3%25252580%25252582%252525E3%25252580%25252581%252525E3%25252581%25252593%252525E3%25252581%25252593%252525E8%252525A6%2525258B%252525E3%25252582%2525258B%252525E3%25252581%252525A8%252525E6%25252597%252525A9%252525E3%25252581%25252584%252525E3%25252582%25252588%26scope%3Dopenid%2520profile%2520friends%2520groups%2520timeline.post%2520message.write&loginChannelId=1446101138&loginState=4EwSkgBUxCTF6O03MSTh6g,1,/life/living-soon/disaster-risk/
https://social-plugins.line.me/lineit/share?url=https%3A%2F%2Fmorimachi.enshu-lifehack.com%2Flife%2Fliving-soon%2F&text=%E9%9D%99%E5%B2%A1%E7%9C%8C%E5%91%A8%E6%99%BA%E9%83%A1%E6%A3%AE%E7%94%BA%E3%81%AE%F0%9F%8F%A1%20%E3%81%93%E3%82%8C%E3%81%8B%E3%82%89%E6%9A%AE%E3%82%89%E3%81%99%E3%80%81%E3%81%93%E3%81%93%E8%A6%8B%E3%82%8B%E3%81%A8%E6%97%A9%E3%81%84%E3%82%88,200,https://access.line.me/oauth2/v2.1/login?returnUri=%2Foauth2%2Fv2.1%2Fauthorize%2Fconsent%3Fresponse_type%3Dcode%26client_id%3D1446101138%26state%3Dbbf273e1101a9f1cfaab90a513bf86%26redirect_uri%3Dhttps%253A%252F%252Fsocial-plugins.line.me%252Flineit%252FloginCallback%253FreturnUrl%253Dhttps%25253A%25252F%25252Fsocial-plugins.line.me%25252Flineit%25252Fshare%25253Furl%25253Dhttps%2525253A%2525252F%2525252Fmorimachi.enshu-lifehack.com%2525252Flife%2525252Fliving-soon%2525252F%252526text%25253D%252525E9%2525259D%25252599%252525E5%252525B2%252525A1%252525E7%2525259C%2525258C%252525E5%25252591%252525A8%252525E6%25252599%252525BA%252525E9%25252583%252525A1%252525E6%252525A3%252525AE%252525E7%25252594%252525BA%252525E3%25252581%252525AE%252525F0%2525259F%2525258F%252525A1%25252520%252525E3%25252581%25252593%252525E3%25252582%2525258C%252525E3%25252581%2525258B%252525E3%25252582%25252589%252525E6%2525259A%252525AE%252525E3%25252582%25252589%252525E3%25252581%25252599%252525E3%25252580%25252581%252525E3%25252581%25252593%252525E3%25252581%25252593%252525E8%252525A6%2525258B%252525E3%25252582%2525258B%252525E3%25252581%252525A8%252525E6%25252597%252525A9%252525E3%25252581%25252584%252525E3%25252582%25252588%26scope%3Dopenid%2520profile%2520friends%2520groups%2520timeline.post%2520message.write&loginChannelId=1446101138&loginState=2la1tgIiOiAAbOk9n1grXm,1,/life/living-soon/
https://social-plugins.line.me/lineit/share?url=https%3A%2F%2Fmorimachi.enshu-lifehack.com%2Flife%2Fliving-soon%2Fmoving-decided%2F&text=%E9%9D%99%E5%B2%A1%E7%9C%8C%E5%91%A8%E6%99%BA%E9%83%A1%E6%A3%AE%E7%94%BA%E3%81%AE%E5%BC%95%E3%81%A3%E8%B6%8A%E3%81%97%E3%81%8C%E6%B1%BA%E3%81%BE%E3%81%A3%E3%81%9F%E3%82%89%E3%80%81%E4%BD%95%E3%82%92%E3%81%84%E3%81%A4%E3%81%BE%E3%81%A7%E3%81%AB%E3%82%84%E3%82%8B%E3%81%8B%E3%82%92%E9%A0%86%E7%95%AA%E3%81%AB%E6%95%B4%E7%90%86%E3%81%99%E3%82%8B%E3%80%82%E3%80%81%E3%81%93%E3%81%93%E8%A6%8B%E3%82%8B%E3%81%A8%E6%97%A9%E3%81%84%E3%82%88,200,https://access.line.me/oauth2/v2.1/login?returnUri=%2Foauth2%2Fv2.1%2Fauthorize%2Fconsent%3Fresponse_type%3Dcode%26client_id%3D1446101138%26state%3D2fec3b412e6ec938f512eacc8ef488%26redirect_uri%3Dhttps%253A%252F%252Fsocial-plugins.line.me%252Flineit%252FloginCallback%253FreturnUrl%253Dhttps%25253A%25252F%25252Fsocial-plugins.line.me%25252Flineit%25252Fshare%25253Furl%25253Dhttps%2525253A%2525252F%2525252Fmorimachi.enshu-lifehack.com%2525252Flife%2525252Fliving-soon%2525252Fmoving-decided%2525252F%252526text%25253D%252525E9%2525259D%25252599%252525E5%252525B2%252525A1%252525E7%2525259C%2525258C%252525E5%25252591%252525A8%252525E6%25252599%252525BA%252525E9%25252583%252525A1%252525E6%252525A3%252525AE%252525E7%25252594%252525BA%252525E3%25252581%252525AE%252525E5%252525BC%25252595%252525E3%25252581%252525A3%252525E8%252525B6%2525258A%252525E3%25252581%25252597%252525E3%25252581%2525258C%252525E6%252525B1%252525BA%252525E3%25252581%252525BE%252525E3%25252581%252525A3%252525E3%25252581%2525259F%252525E3%25252582%25252589%252525E3%25252580%25252581%252525E4%252525BD%25252595%252525E3%25252582%25252592%252525E3%25252581%25252584%252525E3%25252581%252525A4%252525E3%25252581%252525BE%252525E3%25252581%252525A7%252525E3%25252581%252525AB%252525E3%25252582%25252584%252525E3%25252582%2525258B%252525E3%25252581%2525258B%252525E3%25252582%25252592%252525E9%252525A0%25252586%252525E7%25252595%252525AA%252525E3%25252581%252525AB%252525E6%25252595%252525B4%252525E7%25252590%25252586%252525E3%25252581%25252599%252525E3%25252582%2525258B%252525E3%25252580%25252582%252525E3%25252580%25252581%252525E3%25252581%25252593%252525E3%25252581%25252593%252525E8%252525A6%2525258B%252525E3%25252582%2525258B%252525E3%25252581%252525A8%252525E6%25252597%252525A9%252525E3%25252581%25252584%252525E3%25252582%25252588%26scope%3Dopenid%2520profile%2520friends%2520groups%2520timeline.post%2520message.write&loginChannelId=1446101138&loginState=2YY621pUdxBTSbuqN3FZQu,1,/life/living-soon/moving-decided/
https://social-plugins.line.me/lineit/share?url=https%3A%2F%2Fmorimachi.enshu-lifehack.com%2Flife%2Fliving-soon%2Fwant-to-live%2F&text=%E9%9D%99%E5%B2%A1%E7%9C%8C%E5%91%A8%E6%99%BA%E9%83%A1%E6%A3%AE%E7%94%BA%E3%81%AE%E8%87%AA%E7%84%B6%E3%81%AB%E5%9B%B2%E3%81%BE%E3%82%8C%E3%81%9F%E5%BA%83%E3%81%84%E5%AE%B6%E3%81%A7%E3%80%81%E5%AD%90%E3%81%A9%E3%82%82%E3%82%92%E3%81%AE%E3%81%B3%E3%81%AE%E3%81%B3%E8%82%B2%E3%81%A6%E3%82%89%E3%82%8C%E3%82%8B%E6%9A%AE%E3%82%89%E3%81%97%E3%82%92%E6%A3%AE%E7%94%BA%E3%81%A7%E8%80%83%E3%81%88%E3%82%8B%E3%80%82%E3%80%81%E3%81%93%E3%81%93%E8%A6%8B%E3%82%8B%E3%81%A8%E6%97%A9%E3%81%84%E3%82%88,200,https://access.line.me/oauth2/v2.1/login?returnUri=%2Foauth2%2Fv2.1%2Fauthorize%2Fconsent%3Fresponse_type%3Dcode%26client_id%3D1446101138%26state%3Dec679ddfbff5587ef3be763dafacda%26redirect_uri%3Dhttps%253A%252F%252Fsocial-plugins.line.me%252Flineit%252FloginCallback%253FreturnUrl%253Dhttps%25253A%25252F%25252Fsocial-plugins.line.me%25252Flineit%25252Fshare%25253Furl%25253Dhttps%2525253A%2525252F%2525252Fmorimachi.enshu-lifehack.com%2525252Flife%2525252Fliving-soon%2525252Fwant-to-live%2525252F%252526text%25253D%252525E9%2525259D%25252599%252525E5%252525B2%252525A1%252525E7%2525259C%2525258C%252525E5%25252591%252525A8%252525E6%25252599%252525BA%252525E9%25252583%252525A1%252525E6%252525A3%252525AE%252525E7%25252594%252525BA%252525E3%25252581%252525AE%252525E8%25252587%252525AA%252525E7%25252584%252525B6%252525E3%25252581%252525AB%252525E5%2525259B%252525B2%252525E3%25252581%252525BE%252525E3%25252582%2525258C%252525E3%25252581%2525259F%252525E5%252525BA%25252583%252525E3%25252581%25252584%252525E5%252525AE%252525B6%252525E3%25252581%252525A7%252525E3%25252580%25252581%252525E5%252525AD%25252590%252525E3%25252581%252525A9%252525E3%25252582%25252582%252525E3%25252582%25252592%252525E3%25252581%252525AE%252525E3%25252581%252525B3%252525E3%25252581%252525AE%252525E3%25252581%252525B3%252525E8%25252582%252525B2%252525E3%25252581%252525A6%252525E3%25252582%25252589%252525E3%25252582%2525258C%252525E3%25252582%2525258B%252525E6%2525259A%252525AE%252525E3%25252582%25252589%252525E3%25252581%25252597%252525E3%25252582%25252592%252525E6%252525A3%252525AE%252525E7%25252594%252525BA%252525E3%25252581%252525A7%252525E8%25252580%25252583%252525E3%25252581%25252588%252525E3%25252582%2525258B%252525E3%25252580%25252582%252525E3%25252580%25252581%252525E3%25252581%25252593%252525E3%25252581%25252593%252525E8%252525A6%2525258B%252525E3%25252582%2525258B%252525E3%25252581%252525A8%252525E6%25252597%252525A9%252525E3%25252581%25252584%252525E3%25252582%25252588%26scope%3Dopenid%2520profile%2520friends%2520groups%2520timeline.post%2520message.write&loginChannelId=1446101138&loginState=1QPh2LTvB3WkSzpOOtrkoT,1,/life/living-soon/want-to-live/
https://social-plugins.line.me/lineit/share?url=https%3A%2F%2Fmorimachi.enshu-lifehack.com%2Flife%2Fmoving-out%2Fbulk-garbage-cleaning%2F&text=%E9%9D%99%E5%B2%A1%E7%9C%8C%E5%91%A8%E6%99%BA%E9%83%A1%E6%A3%AE%E7%94%BA%E3%81%AE%E8%BB%A2%E5%87%BA%E5%89%8D%E3%81%AE%E7%89%87%E4%BB%98%E3%81%91%E3%81%AF%E3%80%81%E7%B2%97%E5%A4%A7%E3%81%94%E3%81%BF%E3%81%AF%E4%B8%AD%E9%81%A0%E5%BA%83%E5%9F%9F%E6%96%BD%E8%A8%AD%E3%81%B8%E3%83%BB%E5%AE%B6%E9%9B%BB%E3%81%AF%E5%AE%B6%E9%9B%BB%E3%83%AA%E3%82%B5%E3%82%A4%E3%82%AF%E3%83%AB%E6%B3%95%E5%AF%BE%E5%BF%9C%E3%81%A7%E3%80%81%E3%81%93%E3%81%93%E8%A6%8B%E3%82%8B%E3%81%A8%E6%97%A9%E3%81%84%E3%82%88,200,https://access.line.me/oauth2/v2.1/login?returnUri=%2Foauth2%2Fv2.1%2Fauthorize%2Fconsent%3Fresponse_type%3Dcode%26client_id%3D1446101138%26state%3D8d9bfe52afc5351db49a64c63028bb%26redirect_uri%3Dhttps%253A%252F%252Fsocial-plugins.line.me%252Flineit%252FloginCallback%253FreturnUrl%253Dhttps%25253A%25252F%25252Fsocial-plugins.line.me%25252Flineit%25252Fshare%25253Furl%25253Dhttps%2525253A%2525252F%2525252Fmorimachi.enshu-lifehack.com%2525252Flife%2525252Fmoving-out%2525252Fbulk-garbage-cleaning%2525252F%252526text%25253D%252525E9%2525259D%25252599%252525E5%252525B2%252525A1%252525E7%2525259C%2525258C%252525E5%25252591%252525A8%252525E6%25252599%252525BA%252525E9%25252583%252525A1%252525E6%252525A3%252525AE%252525E7%25252594%252525BA%252525E3%25252581%252525AE%252525E8%252525BB%252525A2%252525E5%25252587%252525BA%252525E5%25252589%2525258D%252525E3%25252581%252525AE%252525E7%25252589%25252587%252525E4%252525BB%25252598%252525E3%25252581%25252591%252525E3%25252581%252525AF%252525E3%25252580%25252581%252525E7%252525B2%25252597%252525E5%252525A4%252525A7%252525E3%25252581%25252594%252525E3%25252581%252525BF%252525E3%25252581%252525AF%252525E4%252525B8%252525AD%252525E9%25252581%252525A0%252525E5%252525BA%25252583%252525E5%2525259F%2525259F%252525E6%25252596%252525BD%252525E8%252525A8%252525AD%252525E3%25252581%252525B8%252525E3%25252583%252525BB%252525E5%252525AE%252525B6%252525E9%2525259B%252525BB%252525E3%25252581%252525AF%252525E5%252525AE%252525B6%252525E9%2525259B%252525BB%252525E3%25252583%252525AA%252525E3%25252582%252525B5%252525E3%25252582%252525A4%252525E3%25252582%252525AF%252525E3%25252583%252525AB%252525E6%252525B3%25252595%252525E5%252525AF%252525BE%252525E5%252525BF%2525259C%252525E3%25252581%252525A7%252525E3%25252580%25252581%252525E3%25252581%25252593%252525E3%25252581%25252593%252525E8%252525A6%2525258B%252525E3%25252582%2525258B%252525E3%25252581%252525A8%252525E6%25252597%252525A9%252525E3%25252581%25252584%252525E3%25252582%25252588%26scope%3Dopenid%2520profile%2520friends%2520groups%2520timeline.post%2520message.write&loginChannelId=1446101138&loginState=N8f9CWIzwPqCAS3je1wrbR,1,/life/moving-out/bulk-garbage-cleaning/
https://social-plugins.line.me/lineit/share?url=https%3A%2F%2Fmorimachi.enshu-lifehack.com%2Flife%2Fmoving-out%2Fdog-ownership-change%2F&text=%E9%9D%99%E5%B2%A1%E7%9C%8C%E5%91%A8%E6%99%BA%E9%83%A1%E6%A3%AE%E7%94%BA%E3%81%AE%E7%8A%AC%E3%81%AE%E7%99%BB%E9%8C%B2%E5%A4%89%E6%9B%B4%E3%81%AF%E3%80%81%E6%A3%AE%E7%94%BA%E7%99%BA%E8%A1%8C%E3%81%AE%E6%84%9B%E7%8A%AC%E3%82%AB%E3%83%BC%E3%83%89%E3%81%A8%E9%91%91%E6%9C%AD%E3%82%92%E6%8C%81%E3%81%A3%E3%81%A6%E8%BB%A2%E5%87%BA%E5%85%88%E3%81%AE%E5%BD%B9%E6%89%80%E3%81%B8%E3%80%81%E3%81%93%E3%81%93%E8%A6%8B%E3%82%8B%E3%81%A8%E6%97%A9%E3%81%84%E3%82%88,200,https://access.line.me/oauth2/v2.1/login?returnUri=%2Foauth2%2Fv2.1%2Fauthorize%2Fconsent%3Fresponse_type%3Dcode%26client_id%3D1446101138%26state%3D247dc5b34ec418b445ceba558f480a%26redirect_uri%3Dhttps%253A%252F%252Fsocial-plugins.line.me%252Flineit%252FloginCallback%253FreturnUrl%253Dhttps%25253A%25252F%25252Fsocial-plugins.line.me%25252Flineit%25252Fshare%25253Furl%25253Dhttps%2525253A%2525252F%2525252Fmorimachi.enshu-lifehack.com%2525252Flife%2525252Fmoving-out%2525252Fdog-ownership-change%2525252F%252526text%25253D%252525E9%2525259D%25252599%252525E5%252525B2%252525A1%252525E7%2525259C%2525258C%252525E5%25252591%252525A8%252525E6%25252599%252525BA%252525E9%25252583%252525A1%252525E6%252525A3%252525AE%252525E7%25252594%252525BA%252525E3%25252581%252525AE%252525E7%2525258A%252525AC%252525E3%25252581%252525AE%252525E7%25252599%252525BB%252525E9%2525258C%252525B2%252525E5%252525A4%25252589%252525E6%2525259B%252525B4%252525E3%25252581%252525AF%252525E3%25252580%25252581%252525E6%252525A3%252525AE%252525E7%25252594%252525BA%252525E7%25252599%252525BA%252525E8%252525A1%2525258C%252525E3%25252581%252525AE%252525E6%25252584%2525259B%252525E7%2525258A%252525AC%252525E3%25252582%252525AB%252525E3%25252583%252525BC%252525E3%25252583%25252589%252525E3%25252581%252525A8%252525E9%25252591%25252591%252525E6%2525259C%252525AD%252525E3%25252582%25252592%252525E6%2525258C%25252581%252525E3%25252581%252525A3%252525E3%25252581%252525A6%252525E8%252525BB%252525A2%252525E5%25252587%252525BA%252525E5%25252585%25252588%252525E3%25252581%252525AE%252525E5%252525BD%252525B9%252525E6%25252589%25252580%252525E3%25252581%252525B8%252525E3%25252580%25252581%252525E3%25252581%25252593%252525E3%25252581%25252593%252525E8%252525A6%2525258B%252525E3%25252582%2525258B%252525E3%25252581%252525A8%252525E6%25252597%252525A9%252525E3%25252581%25252584%252525E3%25252582%25252588%26scope%3Dopenid%2520profile%2520friends%2520groups%2520timeline.post%2520message.write&loginChannelId=1446101138&loginState=Dl1ev7HMpw2HqboqmR6YO9,1,/life/moving-out/dog-ownership-change/
https://social-plugins.line.me/lineit/share?url=https%3A%2F%2Fmorimachi.enshu-lifehack.com%2Flife%2Fmoving-out%2F&text=%E9%9D%99%E5%B2%A1%E7%9C%8C%E5%91%A8%E6%99%BA%E9%83%A1%E6%A3%AE%E7%94%BA%E3%81%AE%F0%9F%93%A6%20%E6%96%B0%E3%81%97%E3%81%84%E5%A0%B4%E6%89%80%E3%81%B8%EF%BC%88%E8%BB%A2%E5%87%BA%E6%99%82%E3%81%AE%E6%89%8B%E7%B6%9A%E3%81%8D%E3%81%BE%E3%81%A8%E3%82%81%EF%BC%89%E3%80%81%E3%81%93%E3%81%93%E8%A6%8B%E3%82%8B%E3%81%A8%E6%97%A9%E3%81%84%E3%82%88,200,https://access.line.me/oauth2/v2.1/login?returnUri=%2Foauth2%2Fv2.1%2Fauthorize%2Fconsent%3Fresponse_type%3Dcode%26client_id%3D1446101138%26state%3Dfdf5676da60a87e350337b1f04c2b2%26redirect_uri%3Dhttps%253A%252F%252Fsocial-plugins.line.me%252Flineit%252FloginCallback%253FreturnUrl%253Dhttps%25253A%25252F%25252Fsocial-plugins.line.me%25252Flineit%25252Fshare%25253Furl%25253Dhttps%2525253A%2525252F%2525252Fmorimachi.enshu-lifehack.com%2525252Flife%2525252Fmoving-out%2525252F%252526text%25253D%252525E9%2525259D%25252599%252525E5%252525B2%252525A1%252525E7%2525259C%2525258C%252525E5%25252591%252525A8%252525E6%25252599%252525BA%252525E9%25252583%252525A1%252525E6%252525A3%252525AE%252525E7%25252594%252525BA%252525E3%25252581%252525AE%252525F0%2525259F%25252593%252525A6%25252520%252525E6%25252596%252525B0%252525E3%25252581%25252597%252525E3%25252581%25252584%252525E5%252525A0%252525B4%252525E6%25252589%25252580%252525E3%25252581%252525B8%252525EF%252525BC%25252588%252525E8%252525BB%252525A2%252525E5%25252587%252525BA%252525E6%25252599%25252582%252525E3%25252581%252525AE%252525E6%25252589%2525258B%252525E7%252525B6%2525259A%252525E3%25252581%2525258D%252525E3%25252581%252525BE%252525E3%25252581%252525A8%252525E3%25252582%25252581%252525EF%252525BC%25252589%252525E3%25252580%25252581%252525E3%25252581%25252593%252525E3%25252581%25252593%252525E8%252525A6%2525258B%252525E3%25252582%2525258B%252525E3%25252581%252525A8%252525E6%25252597%252525A9%252525E3%25252581%25252584%252525E3%25252582%25252588%26scope%3Dopenid%2520profile%2520friends%2520groups%2520timeline.post%2520message.write&loginChannelId=1446101138&loginState=TwSNPQU2xRztH33CcK5kNs,1,/life/moving-out/
https://social-plugins.line.me/lineit/share?url=https%3A%2F%2Fmorimachi.enshu-lifehack.com%2Flife%2Fmoving-out%2Fmove-out-notice%2F&text=%E9%9D%99%E5%B2%A1%E7%9C%8C%E5%91%A8%E6%99%BA%E9%83%A1%E6%A3%AE%E7%94%BA%E3%81%AE%E8%BB%A2%E5%87%BA%E5%B1%8A%E3%81%AF%E5%BC%95%E3%81%A3%E8%B6%8A%E3%81%97%E4%BA%88%E5%AE%9A%E6%97%A5%E3%81%AE14%E6%97%A5%E5%89%8D%E3%81%8B%E3%82%89%E4%BD%8F%E6%B0%91%E7%94%9F%E6%B4%BB%E8%AA%B2%E4%BD%8F%E6%B0%91%E4%BF%82%E3%81%A7%E3%80%81%E3%81%93%E3%81%93%E8%A6%8B%E3%82%8B%E3%81%A8%E6%97%A9%E3%81%84%E3%82%88,200,https://access.line.me/oauth2/v2.1/login?returnUri=%2Foauth2%2Fv2.1%2Fauthorize%2Fconsent%3Fresponse_type%3Dcode%26client_id%3D1446101138%26state%3D969602258f122b3aa0bc780dea7ba0%26redirect_uri%3Dhttps%253A%252F%252Fsocial-plugins.line.me%252Flineit%252FloginCallback%253FreturnUrl%253Dhttps%25253A%25252F%25252Fsocial-plugins.line.me%25252Flineit%25252Fshare%25253Furl%25253Dhttps%2525253A%2525252F%2525252Fmorimachi.enshu-lifehack.com%2525252Flife%2525252Fmoving-out%2525252Fmove-out-notice%2525252F%252526text%25253D%252525E9%2525259D%25252599%252525E5%252525B2%252525A1%252525E7%2525259C%2525258C%252525E5%25252591%252525A8%252525E6%25252599%252525BA%252525E9%25252583%252525A1%252525E6%252525A3%252525AE%252525E7%25252594%252525BA%252525E3%25252581%252525AE%252525E8%252525BB%252525A2%252525E5%25252587%252525BA%252525E5%252525B1%2525258A%252525E3%25252581%252525AF%252525E5%252525BC%25252595%252525E3%25252581%252525A3%252525E8%252525B6%2525258A%252525E3%25252581%25252597%252525E4%252525BA%25252588%252525E5%252525AE%2525259A%252525E6%25252597%252525A5%252525E3%25252581%252525AE14%252525E6%25252597%252525A5%252525E5%25252589%2525258D%252525E3%25252581%2525258B%252525E3%25252582%25252589%252525E4%252525BD%2525258F%252525E6%252525B0%25252591%252525E7%25252594%2525259F%252525E6%252525B4%252525BB%252525E8%252525AA%252525B2%252525E4%252525BD%2525258F%252525E6%252525B0%25252591%252525E4%252525BF%25252582%252525E3%25252581%252525A7%252525E3%25252580%25252581%252525E3%25252581%25252593%252525E3%25252581%25252593%252525E8%252525A6%2525258B%252525E3%25252582%2525258B%252525E3%25252581%252525A8%252525E6%25252597%252525A9%252525E3%25252581%25252584%252525E3%25252582%25252588%26scope%3Dopenid%2520profile%2520friends%2520groups%2520timeline.post%2520message.write&loginChannelId=1446101138&loginState=RUsKv2ZlcjjqMatlJ1vhuW,1,/life/moving-out/move-out-notice/
https://social-plugins.line.me/lineit/share?url=https%3A%2F%2Fmorimachi.enshu-lifehack.com%2Flife%2Fmoving-out%2Fmoving-away%2F&text=%E9%9D%99%E5%B2%A1%E7%9C%8C%E5%91%A8%E6%99%BA%E9%83%A1%E6%A3%AE%E7%94%BA%E3%81%AE%E6%A3%AE%E7%94%BA%E3%81%8B%E3%82%89%E5%BC%95%E3%81%A3%E8%B6%8A%E3%81%99%E3%81%A8%E3%81%8D%E3%81%AF%E3%80%81%E8%BB%A2%E5%87%BA%E5%B1%8A%E3%81%A8%E6%B0%B4%E9%81%93%E5%BB%83%E6%AD%A2%E3%83%BB%E3%81%94%E3%81%BF%E3%83%BB%E5%AD%A6%E6%A0%A1%E3%81%AE%E6%89%8B%E7%B6%9A%E3%81%8D%E3%82%92%E4%B8%80%E7%B7%92%E3%81%AB%E7%A2%BA%E8%AA%8D%E3%81%99%E3%82%8B%E3%80%81%E3%81%93%E3%81%93%E8%A6%8B%E3%82%8B%E3%81%A8%E6%97%A9%E3%81%84%E3%82%88,200,https://access.line.me/oauth2/v2.1/login?returnUri=%2Foauth2%2Fv2.1%2Fauthorize%2Fconsent%3Fresponse_type%3Dcode%26client_id%3D1446101138%26state%3Dcc5917bb9a2f27b561b445b1d3d692%26redirect_uri%3Dhttps%253A%252F%252Fsocial-plugins.line.me%252Flineit%252FloginCallback%253FreturnUrl%253Dhttps%25253A%25252F%25252Fsocial-plugins.line.me%25252Flineit%25252Fshare%25253Furl%25253Dhttps%2525253A%2525252F%2525252Fmorimachi.enshu-lifehack.com%2525252Flife%2525252Fmoving-out%2525252Fmoving-away%2525252F%252526text%25253D%252525E9%2525259D%25252599%252525E5%252525B2%252525A1%252525E7%2525259C%2525258C%252525E5%25252591%252525A8%252525E6%25252599%252525BA%252525E9%25252583%252525A1%252525E6%252525A3%252525AE%252525E7%25252594%252525BA%252525E3%25252581%252525AE%252525E6%252525A3%252525AE%252525E7%25252594%252525BA%252525E3%25252581%2525258B%252525E3%25252582%25252589%252525E5%252525BC%25252595%252525E3%25252581%252525A3%252525E8%252525B6%2525258A%252525E3%25252581%25252599%252525E3%25252581%252525A8%252525E3%25252581%2525258D%252525E3%25252581%252525AF%252525E3%25252580%25252581%252525E8%252525BB%252525A2%252525E5%25252587%252525BA%252525E5%252525B1%2525258A%252525E3%25252581%252525A8%252525E6%252525B0%252525B4%252525E9%25252581%25252593%252525E5%252525BB%25252583%252525E6%252525AD%252525A2%252525E3%25252583%252525BB%252525E3%25252581%25252594%252525E3%25252581%252525BF%252525E3%25252583%252525BB%252525E5%252525AD%252525A6%252525E6%252525A0%252525A1%252525E3%25252581%252525AE%252525E6%25252589%2525258B%252525E7%252525B6%2525259A%252525E3%25252581%2525258D%252525E3%25252582%25252592%252525E4%252525B8%25252580%252525E7%252525B7%25252592%252525E3%25252581%252525AB%252525E7%252525A2%252525BA%252525E8%252525AA%2525258D%252525E3%25252581%25252599%252525E3%25252582%2525258B%252525E3%25252580%25252581%252525E3%25252581%25252593%252525E3%25252581%25252593%252525E8%252525A6%2525258B%252525E3%25252582%2525258B%252525E3%25252581%252525A8%252525E6%25252597%252525A9%252525E3%25252581%25252584%252525E3%25252582%25252588%26scope%3Dopenid%2520profile%2520friends%2520groups%2520timeline.post%2520message.write&loginChannelId=1446101138&loginState=a0BNtVUWLiJVdPyNapj2bN,1,/life/moving-out/moving-away/
https://social-plugins.line.me/lineit/share?url=https%3A%2F%2Fmorimachi.enshu-lifehack.com%2Flife%2Fmoving-out%2Fschool-nursery-procedures%2F&text=%E9%9D%99%E5%B2%A1%E7%9C%8C%E5%91%A8%E6%99%BA%E9%83%A1%E6%A3%AE%E7%94%BA%E3%81%AE%E5%AD%90%E3%81%A9%E3%82%82%E3%81%AE%E8%BB%A2%E5%87%BA%E3%81%AF%E3%80%81%E4%BF%9D%E8%82%B2%E6%89%80%E3%81%AF%E5%81%A5%E5%BA%B7%E3%81%93%E3%81%A9%E3%82%82%E8%AA%B2%E3%80%81%E5%AD%A6%E6%A0%A1%E3%81%AF%E5%9C%A8%E5%AD%A6%E6%A0%A1%E3%81%B8%E3%81%9D%E3%82%8C%E3%81%9E%E3%82%8C%E7%A2%BA%E8%AA%8D%E3%81%99%E3%82%8B%E3%80%81%E3%81%93%E3%81%93%E8%A6%8B%E3%82%8B%E3%81%A8%E6%97%A9%E3%81%84%E3%82%88,200,https://access.line.me/oauth2/v2.1/login?returnUri=%2Foauth2%2Fv2.1%2Fauthorize%2Fconsent%3Fresponse_type%3Dcode%26client_id%3D1446101138%26state%3Db941c68773e07b0349e0025bbf6803%26redirect_uri%3Dhttps%253A%252F%252Fsocial-plugins.line.me%252Flineit%252FloginCallback%253FreturnUrl%253Dhttps%25253A%25252F%25252Fsocial-plugins.line.me%25252Flineit%25252Fshare%25253Furl%25253Dhttps%2525253A%2525252F%2525252Fmorimachi.enshu-lifehack.com%2525252Flife%2525252Fmoving-out%2525252Fschool-nursery-procedures%2525252F%252526text%25253D%252525E9%2525259D%25252599%252525E5%252525B2%252525A1%252525E7%2525259C%2525258C%252525E5%25252591%252525A8%252525E6%25252599%252525BA%252525E9%25252583%252525A1%252525E6%252525A3%252525AE%252525E7%25252594%252525BA%252525E3%25252581%252525AE%252525E5%252525AD%25252590%252525E3%25252581%252525A9%252525E3%25252582%25252582%252525E3%25252581%252525AE%252525E8%252525BB%252525A2%252525E5%25252587%252525BA%252525E3%25252581%252525AF%252525E3%25252580%25252581%252525E4%252525BF%2525259D%252525E8%25252582%252525B2%252525E6%25252589%25252580%252525E3%25252581%252525AF%252525E5%25252581%252525A5%252525E5%252525BA%252525B7%252525E3%25252581%25252593%252525E3%25252581%252525A9%252525E3%25252582%25252582%252525E8%252525AA%252525B2%252525E3%25252580%25252581%252525E5%252525AD%252525A6%252525E6%252525A0%252525A1%252525E3%25252581%252525AF%252525E5%2525259C%252525A8%252525E5%252525AD%252525A6%252525E6%252525A0%252525A1%252525E3%25252581%252525B8%252525E3%25252581%2525259D%252525E3%25252582%2525258C%252525E3%25252581%2525259E%252525E3%25252582%2525258C%252525E7%252525A2%252525BA%252525E8%252525AA%2525258D%252525E3%25252581%25252599%252525E3%25252582%2525258B%252525E3%25252580%25252581%252525E3%25252581%25252593%252525E3%25252581%25252593%252525E8%252525A6%2525258B%252525E3%25252582%2525258B%252525E3%25252581%252525A8%252525E6%25252597%252525A9%252525E3%25252581%25252584%252525E3%25252582%25252588%26scope%3Dopenid%2520profile%2520friends%2520groups%2520timeline.post%2520message.write&loginChannelId=1446101138&loginState=bvyZQQJiKX1PpjaxcXL9F8,1,/life/moving-out/school-nursery-procedures/
https://social-plugins.line.me/lineit/share?url=https%3A%2F%2Fmorimachi.enshu-lifehack.com%2Flife%2Fparents-care%2Fadult-guardianship%2F&text=%E9%9D%99%E5%B2%A1%E7%9C%8C%E5%91%A8%E6%99%BA%E9%83%A1%E6%A3%AE%E7%94%BA%E3%81%AE%E8%A6%AA%E3%81%AE%E5%88%A4%E6%96%AD%E8%83%BD%E5%8A%9B%E3%81%8C%E8%90%BD%E3%81%A1%E3%81%A6%E3%82%82%E3%80%81%E6%A3%AE%E7%94%BA%E7%8B%AC%E8%87%AA%E3%81%AE%E5%8A%A9%E6%88%90%E3%81%A7%E8%B2%A1%E7%94%A3%E3%81%A8%E5%A5%91%E7%B4%84%E3%82%92%E5%AE%88%E3%82%8B%E5%82%99%E3%81%88%E3%82%92%E3%81%99%E3%82%8B%E3%80%81%E3%81%93%E3%81%93%E8%A6%8B%E3%82%8B%E3%81%A8%E6%97%A9%E3%81%84%E3%82%88,200,https://access.line.me/oauth2/v2.1/login?returnUri=%2Foauth2%2Fv2.1%2Fauthorize%2Fconsent%3Fresponse_type%3Dcode%26client_id%3D1446101138%26state%3Dc14112bd8b6059f2d2b7c1e09b21ac%26redirect_uri%3Dhttps%253A%252F%252Fsocial-plugins.line.me%252Flineit%252FloginCallback%253FreturnUrl%253Dhttps%25253A%25252F%25252Fsocial-plugins.line.me%25252Flineit%25252Fshare%25253Furl%25253Dhttps%2525253A%2525252F%2525252Fmorimachi.enshu-lifehack.com%2525252Flife%2525252Fparents-care%2525252Fadult-guardianship%2525252F%252526text%25253D%252525E9%2525259D%25252599%252525E5%252525B2%252525A1%252525E7%2525259C%2525258C%252525E5%25252591%252525A8%252525E6%25252599%252525BA%252525E9%25252583%252525A1%252525E6%252525A3%252525AE%252525E7%25252594%252525BA%252525E3%25252581%252525AE%252525E8%252525A6%252525AA%252525E3%25252581%252525AE%252525E5%25252588%252525A4%252525E6%25252596%252525AD%252525E8%25252583%252525BD%252525E5%2525258A%2525259B%252525E3%25252581%2525258C%252525E8%25252590%252525BD%252525E3%25252581%252525A1%252525E3%25252581%252525A6%252525E3%25252582%25252582%252525E3%25252580%25252581%252525E6%252525A3%252525AE%252525E7%25252594%252525BA%252525E7%2525258B%252525AC%252525E8%25252587%252525AA%252525E3%25252581%252525AE%252525E5%2525258A%252525A9%252525E6%25252588%25252590%252525E3%25252581%252525A7%252525E8%252525B2%252525A1%252525E7%25252594%252525A3%252525E3%25252581%252525A8%252525E5%252525A5%25252591%252525E7%252525B4%25252584%252525E3%25252582%25252592%252525E5%252525AE%25252588%252525E3%25252582%2525258B%252525E5%25252582%25252599%252525E3%25252581%25252588%252525E3%25252582%25252592%252525E3%25252581%25252599%252525E3%25252582%2525258B%252525E3%25252580%25252581%252525E3%25252581%25252593%252525E3%25252581%25252593%252525E8%252525A6%2525258B%252525E3%25252582%2525258B%252525E3%25252581%252525A8%252525E6%25252597%252525A9%252525E3%25252581%25252584%252525E3%25252582%25252588%26scope%3Dopenid%2520profile%2520friends%2520groups%2520timeline.post%2520message.write&loginChannelId=1446101138&loginState=KN3p4fawY3SCrj30rAMCUu,1,/life/parents-care/adult-guardianship/
https://social-plugins.line.me/lineit/share?url=https%3A%2F%2Fmorimachi.enshu-lifehack.com%2Flife%2Fparents-care%2Fcare-started%2F&text=%E9%9D%99%E5%B2%A1%E7%9C%8C%E5%91%A8%E6%99%BA%E9%83%A1%E6%A3%AE%E7%94%BA%E3%81%AE%E8%A6%AA%E3%81%AE%E4%BB%8B%E8%AD%B7%E3%81%8C%E6%80%A5%E3%81%AB%E5%A7%8B%E3%81%BE%E3%81%A3%E3%81%9F%E3%82%89%E3%80%81%E6%A3%AE%E7%94%BA%E3%81%A7%E3%81%AF%E3%81%BE%E3%81%9A%E3%82%B1%E3%82%A2%E3%83%97%E3%83%A9%E3%83%B3%E4%BD%9C%E6%88%90%E3%81%AE%E4%BE%9D%E9%A0%BC%E5%85%88%E3%82%92%E7%A2%BA%E8%AA%8D%E3%81%99%E3%82%8B%E3%80%81%E3%81%93%E3%81%93%E8%A6%8B%E3%82%8B%E3%81%A8%E6%97%A9%E3%81%84%E3%82%88,200,https://access.line.me/oauth2/v2.1/login?returnUri=%2Foauth2%2Fv2.1%2Fauthorize%2Fconsent%3Fresponse_type%3Dcode%26client_id%3D1446101138%26state%3Df41cc0f2c8952e7d5f1bd431d129de%26redirect_uri%3Dhttps%253A%252F%252Fsocial-plugins.line.me%252Flineit%252FloginCallback%253FreturnUrl%253Dhttps%25253A%25252F%25252Fsocial-plugins.line.me%25252Flineit%25252Fshare%25253Furl%25253Dhttps%2525253A%2525252F%2525252Fmorimachi.enshu-lifehack.com%2525252Flife%2525252Fparents-care%2525252Fcare-started%2525252F%252526text%25253D%252525E9%2525259D%25252599%252525E5%252525B2%252525A1%252525E7%2525259C%2525258C%252525E5%25252591%252525A8%252525E6%25252599%252525BA%252525E9%25252583%252525A1%252525E6%252525A3%252525AE%252525E7%25252594%252525BA%252525E3%25252581%252525AE%252525E8%252525A6%252525AA%252525E3%25252581%252525AE%252525E4%252525BB%2525258B%252525E8%252525AD%252525B7%252525E3%25252581%2525258C%252525E6%25252580%252525A5%252525E3%25252581%252525AB%252525E5%252525A7%2525258B%252525E3%25252581%252525BE%252525E3%25252581%252525A3%252525E3%25252581%2525259F%252525E3%25252582%25252589%252525E3%25252580%25252581%252525E6%252525A3%252525AE%252525E7%25252594%252525BA%252525E3%25252581%252525A7%252525E3%25252581%252525AF%252525E3%25252581%252525BE%252525E3%25252581%2525259A%252525E3%25252582%252525B1%252525E3%25252582%252525A2%252525E3%25252583%25252597%252525E3%25252583%252525A9%252525E3%25252583%252525B3%252525E4%252525BD%2525259C%252525E6%25252588%25252590%252525E3%25252581%252525AE%252525E4%252525BE%2525259D%252525E9%252525A0%252525BC%252525E5%25252585%25252588%252525E3%25252582%25252592%252525E7%252525A2%252525BA%252525E8%252525AA%2525258D%252525E3%25252581%25252599%252525E3%25252582%2525258B%252525E3%25252580%25252581%252525E3%25252581%25252593%252525E3%25252581%25252593%252525E8%252525A6%2525258B%252525E3%25252582%2525258B%252525E3%25252581%252525A8%252525E6%25252597%252525A9%252525E3%25252581%25252584%252525E3%25252582%25252588%26scope%3Dopenid%2520profile%2520friends%2520groups%2520timeline.post%2520message.write&loginChannelId=1446101138&loginState=LCaz8naDvzbdoNNjeVOmwy,1,/life/parents-care/care-started/
https://social-plugins.line.me/lineit/share?url=https%3A%2F%2Fmorimachi.enshu-lifehack.com%2Flife%2Fparents-care%2Fcheck-parents%2F&text=%E9%9D%99%E5%B2%A1%E7%9C%8C%E5%91%A8%E6%99%BA%E9%83%A1%E6%A3%AE%E7%94%BA%E3%81%AE%E9%9B%A2%E3%82%8C%E3%81%A6%E6%9A%AE%E3%82%89%E3%81%99%E8%A6%AA%E3%81%8C%E5%BF%83%E9%85%8D%E3%81%AA%E3%81%A8%E3%81%8D%E3%80%81%E6%A3%AE%E7%94%BA%E3%81%AE%E5%9C%B0%E5%9F%9F%E5%8C%85%E6%8B%AC%E6%94%AF%E6%8F%B4%E3%82%BB%E3%83%B3%E3%82%BF%E3%83%BC%E4%BF%82%E3%81%AB%E3%81%BE%E3%81%9A%E7%9B%B8%E8%AB%87%E3%81%99%E3%82%8B%E3%80%81%E3%81%93%E3%81%93%E8%A6%8B%E3%82%8B%E3%81%A8%E6%97%A9%E3%81%84%E3%82%88,200,https://access.line.me/oauth2/v2.1/login?returnUri=%2Foauth2%2Fv2.1%2Fauthorize%2Fconsent%3Fresponse_type%3Dcode%26client_id%3D1446101138%26state%3Dcd179fd405ee6b8b535abcf8a0fe94%26redirect_uri%3Dhttps%253A%252F%252Fsocial-plugins.line.me%252Flineit%252FloginCallback%253FreturnUrl%253Dhttps%25253A%25252F%25252Fsocial-plugins.line.me%25252Flineit%25252Fshare%25253Furl%25253Dhttps%2525253A%2525252F%2525252Fmorimachi.enshu-lifehack.com%2525252Flife%2525252Fparents-care%2525252Fcheck-parents%2525252F%252526text%25253D%252525E9%2525259D%25252599%252525E5%252525B2%252525A1%252525E7%2525259C%2525258C%252525E5%25252591%252525A8%252525E6%25252599%252525BA%252525E9%25252583%252525A1%252525E6%252525A3%252525AE%252525E7%25252594%252525BA%252525E3%25252581%252525AE%252525E9%2525259B%252525A2%252525E3%25252582%2525258C%252525E3%25252581%252525A6%252525E6%2525259A%252525AE%252525E3%25252582%25252589%252525E3%25252581%25252599%252525E8%252525A6%252525AA%252525E3%25252581%2525258C%252525E5%252525BF%25252583%252525E9%25252585%2525258D%252525E3%25252581%252525AA%252525E3%25252581%252525A8%252525E3%25252581%2525258D%252525E3%25252580%25252581%252525E6%252525A3%252525AE%252525E7%25252594%252525BA%252525E3%25252581%252525AE%252525E5%2525259C%252525B0%252525E5%2525259F%2525259F%252525E5%2525258C%25252585%252525E6%2525258B%252525AC%252525E6%25252594%252525AF%252525E6%2525258F%252525B4%252525E3%25252582%252525BB%252525E3%25252583%252525B3%252525E3%25252582%252525BF%252525E3%25252583%252525BC%252525E4%252525BF%25252582%252525E3%25252581%252525AB%252525E3%25252581%252525BE%252525E3%25252581%2525259A%252525E7%2525259B%252525B8%252525E8%252525AB%25252587%252525E3%25252581%25252599%252525E3%25252582%2525258B%252525E3%25252580%25252581%252525E3%25252581%25252593%252525E3%25252581%25252593%252525E8%252525A6%2525258B%252525E3%25252582%2525258B%252525E3%25252581%252525A8%252525E6%25252597%252525A9%252525E3%25252581%25252584%252525E3%25252582%25252588%26scope%3Dopenid%2520profile%2520friends%2520groups%2520timeline.post%2520message.write&loginChannelId=1446101138&loginState=HCCc0T0zCSG2frMJjsPa5Q,1,/life/parents-care/check-parents/
https://social-plugins.line.me/lineit/share?url=https%3A%2F%2Fmorimachi.enshu-lifehack.com%2Flife%2Fparents-care%2Fcommunity-support-center%2F&text=%E9%9D%99%E5%B2%A1%E7%9C%8C%E5%91%A8%E6%99%BA%E9%83%A1%E6%A3%AE%E7%94%BA%E3%81%AE%E4%BB%8B%E8%AD%B7%E3%81%AE%E6%82%A9%E3%81%BF%E3%81%AF%E3%80%81%E6%A3%AE%E7%94%BA%E7%9B%B4%E5%96%B6%E3%81%AE%E5%9C%B0%E5%9F%9F%E5%8C%85%E6%8B%AC%E6%94%AF%E6%8F%B4%E3%82%BB%E3%83%B3%E3%82%BF%E3%83%BC%E3%81%AB%E3%81%BE%E3%81%9A%E7%9B%B8%E8%AB%87%E3%81%99%E3%82%8B%E3%80%81%E3%81%93%E3%81%93%E8%A6%8B%E3%82%8B%E3%81%A8%E6%97%A9%E3%81%84%E3%82%88,200,https://access.line.me/oauth2/v2.1/login?returnUri=%2Foauth2%2Fv2.1%2Fauthorize%2Fconsent%3Fresponse_type%3Dcode%26client_id%3D1446101138%26state%3D921ae11dec03e969967f7e3f0968c1%26redirect_uri%3Dhttps%253A%252F%252Fsocial-plugins.line.me%252Flineit%252FloginCallback%253FreturnUrl%253Dhttps%25253A%25252F%25252Fsocial-plugins.line.me%25252Flineit%25252Fshare%25253Furl%25253Dhttps%2525253A%2525252F%2525252Fmorimachi.enshu-lifehack.com%2525252Flife%2525252Fparents-care%2525252Fcommunity-support-center%2525252F%252526text%25253D%252525E9%2525259D%25252599%252525E5%252525B2%252525A1%252525E7%2525259C%2525258C%252525E5%25252591%252525A8%252525E6%25252599%252525BA%252525E9%25252583%252525A1%252525E6%252525A3%252525AE%252525E7%25252594%252525BA%252525E3%25252581%252525AE%252525E4%252525BB%2525258B%252525E8%252525AD%252525B7%252525E3%25252581%252525AE%252525E6%25252582%252525A9%252525E3%25252581%252525BF%252525E3%25252581%252525AF%252525E3%25252580%25252581%252525E6%252525A3%252525AE%252525E7%25252594%252525BA%252525E7%2525259B%252525B4%252525E5%25252596%252525B6%252525E3%25252581%252525AE%252525E5%2525259C%252525B0%252525E5%2525259F%2525259F%252525E5%2525258C%25252585%252525E6%2525258B%252525AC%252525E6%25252594%252525AF%252525E6%2525258F%252525B4%252525E3%25252582%252525BB%252525E3%25252583%252525B3%252525E3%25252582%252525BF%252525E3%25252583%252525BC%252525E3%25252581%252525AB%252525E3%25252581%252525BE%252525E3%25252581%2525259A%252525E7%2525259B%252525B8%252525E8%252525AB%25252587%252525E3%25252581%25252599%252525E3%25252582%2525258B%252525E3%25252580%25252581%252525E3%25252581%25252593%252525E3%25252581%25252593%252525E8%252525A6%2525258B%252525E3%25252582%2525258B%252525E3%25252581%252525A8%252525E6%25252597%252525A9%252525E3%25252581%25252584%252525E3%25252582%25252588%26scope%3Dopenid%2520profile%2520friends%2520groups%2520timeline.post%2520message.write&loginChannelId=1446101138&loginState=qtRkUKgibPwOWuzi8AkM9l,1,/life/parents-care/community-support-center/
https://social-plugins.line.me/lineit/share?url=https%3A%2F%2Fmorimachi.enshu-lifehack.com%2Flife%2Fparents-care%2Fdementia-consultation%2F&text=%E9%9D%99%E5%B2%A1%E7%9C%8C%E5%91%A8%E6%99%BA%E9%83%A1%E6%A3%AE%E7%94%BA%E3%81%AE%E8%A6%AA%E3%81%8C%E8%AA%8D%E7%9F%A5%E7%97%87%E3%81%8B%E3%82%82%E3%81%97%E3%82%8C%E3%81%AA%E3%81%84%E3%81%A8%E3%81%8D%E3%80%81%E6%A3%AE%E7%94%BA%E3%81%AE%E5%9C%B0%E5%9F%9F%E5%8C%85%E6%8B%AC%E6%94%AF%E6%8F%B4%E3%82%BB%E3%83%B3%E3%82%BF%E3%83%BC%E4%BF%82%E3%81%B8%E3%81%AE%E7%9B%B8%E8%AB%87%E3%81%8B%E3%82%89%E5%A7%8B%E3%82%81%E3%82%8B%E3%80%81%E3%81%93%E3%81%93%E8%A6%8B%E3%82%8B%E3%81%A8%E6%97%A9%E3%81%84%E3%82%88,200,https://access.line.me/oauth2/v2.1/login?returnUri=%2Foauth2%2Fv2.1%2Fauthorize%2Fconsent%3Fresponse_type%3Dcode%26client_id%3D1446101138%26state%3D2521681af9753269c4a0e05a0072da%26redirect_uri%3Dhttps%253A%252F%252Fsocial-plugins.line.me%252Flineit%252FloginCallback%253FreturnUrl%253Dhttps%25253A%25252F%25252Fsocial-plugins.line.me%25252Flineit%25252Fshare%25253Furl%25253Dhttps%2525253A%2525252F%2525252Fmorimachi.enshu-lifehack.com%2525252Flife%2525252Fparents-care%2525252Fdementia-consultation%2525252F%252526text%25253D%252525E9%2525259D%25252599%252525E5%252525B2%252525A1%252525E7%2525259C%2525258C%252525E5%25252591%252525A8%252525E6%25252599%252525BA%252525E9%25252583%252525A1%252525E6%252525A3%252525AE%252525E7%25252594%252525BA%252525E3%25252581%252525AE%252525E8%252525A6%252525AA%252525E3%25252581%2525258C%252525E8%252525AA%2525258D%252525E7%2525259F%252525A5%252525E7%25252597%25252587%252525E3%25252581%2525258B%252525E3%25252582%25252582%252525E3%25252581%25252597%252525E3%25252582%2525258C%252525E3%25252581%252525AA%252525E3%25252581%25252584%252525E3%25252581%252525A8%252525E3%25252581%2525258D%252525E3%25252580%25252581%252525E6%252525A3%252525AE%252525E7%25252594%252525BA%252525E3%25252581%252525AE%252525E5%2525259C%252525B0%252525E5%2525259F%2525259F%252525E5%2525258C%25252585%252525E6%2525258B%252525AC%252525E6%25252594%252525AF%252525E6%2525258F%252525B4%252525E3%25252582%252525BB%252525E3%25252583%252525B3%252525E3%25252582%252525BF%252525E3%25252583%252525BC%252525E4%252525BF%25252582%252525E3%25252581%252525B8%252525E3%25252581%252525AE%252525E7%2525259B%252525B8%252525E8%252525AB%25252587%252525E3%25252581%2525258B%252525E3%25252582%25252589%252525E5%252525A7%2525258B%252525E3%25252582%25252581%252525E3%25252582%2525258B%252525E3%25252580%25252581%252525E3%25252581%25252593%252525E3%25252581%25252593%252525E8%252525A6%2525258B%252525E3%25252582%2525258B%252525E3%25252581%252525A8%252525E6%25252597%252525A9%252525E3%25252581%25252584%252525E3%25252582%25252588%26scope%3Dopenid%2520profile%2520friends%2520groups%2520timeline.post%2520message.write&loginChannelId=1446101138&loginState=uEXQRPcdbIHFIveAZCSn4w,1,/life/parents-care/dementia-consultation/
https://social-plugins.line.me/lineit/share?url=https%3A%2F%2Fmorimachi.enshu-lifehack.com%2Flife%2Fparents-care%2Felderly-transportation%2F&text=%E9%9D%99%E5%B2%A1%E7%9C%8C%E5%91%A8%E6%99%BA%E9%83%A1%E6%A3%AE%E7%94%BA%E3%81%AE%E9%80%9A%E9%99%A2%E3%83%BB%E8%B2%B7%E3%81%84%E7%89%A9%E3%81%AE%E3%80%8C%E8%B6%B3%E3%80%8D%E3%81%AB%E3%80%81%E6%A3%AE%E7%94%BA%E3%81%AE%E5%85%AC%E5%85%B1%E4%BA%A4%E9%80%9A%E5%88%A9%E7%94%A8%E5%88%B8%E5%8A%A9%E6%88%90%E4%BA%8B%E6%A5%AD%E3%82%92%E7%A2%BA%E8%AA%8D%E3%81%99%E3%82%8B%E3%80%81%E3%81%93%E3%81%93%E8%A6%8B%E3%82%8B%E3%81%A8%E6%97%A9%E3%81%84%E3%82%88,200,https://access.line.me/oauth2/v2.1/login?returnUri=%2Foauth2%2Fv2.1%2Fauthorize%2Fconsent%3Fresponse_type%3Dcode%26client_id%3D1446101138%26state%3Dd16df8d36fdca3d5b7da43c3547c68%26redirect_uri%3Dhttps%253A%252F%252Fsocial-plugins.line.me%252Flineit%252FloginCallback%253FreturnUrl%253Dhttps%25253A%25252F%25252Fsocial-plugins.line.me%25252Flineit%25252Fshare%25253Furl%25253Dhttps%2525253A%2525252F%2525252Fmorimachi.enshu-lifehack.com%2525252Flife%2525252Fparents-care%2525252Felderly-transportation%2525252F%252526text%25253D%252525E9%2525259D%25252599%252525E5%252525B2%252525A1%252525E7%2525259C%2525258C%252525E5%25252591%252525A8%252525E6%25252599%252525BA%252525E9%25252583%252525A1%252525E6%252525A3%252525AE%252525E7%25252594%252525BA%252525E3%25252581%252525AE%252525E9%25252580%2525259A%252525E9%25252599%252525A2%252525E3%25252583%252525BB%252525E8%252525B2%252525B7%252525E3%25252581%25252584%252525E7%25252589%252525A9%252525E3%25252581%252525AE%252525E3%25252580%2525258C%252525E8%252525B6%252525B3%252525E3%25252580%2525258D%252525E3%25252581%252525AB%252525E3%25252580%25252581%252525E6%252525A3%252525AE%252525E7%25252594%252525BA%252525E3%25252581%252525AE%252525E5%25252585%252525AC%252525E5%25252585%252525B1%252525E4%252525BA%252525A4%252525E9%25252580%2525259A%252525E5%25252588%252525A9%252525E7%25252594%252525A8%252525E5%25252588%252525B8%252525E5%2525258A%252525A9%252525E6%25252588%25252590%252525E4%252525BA%2525258B%252525E6%252525A5%252525AD%252525E3%25252582%25252592%252525E7%252525A2%252525BA%252525E8%252525AA%2525258D%252525E3%25252581%25252599%252525E3%25252582%2525258B%252525E3%25252580%25252581%252525E3%25252581%25252593%252525E3%25252581%25252593%252525E8%252525A6%2525258B%252525E3%25252582%2525258B%252525E3%25252581%252525A8%252525E6%25252597%252525A9%252525E3%25252581%25252584%252525E3%25252582%25252588%26scope%3Dopenid%2520profile%2520friends%2520groups%2520timeline.post%2520message.write&loginChannelId=1446101138&loginState=Fz1eNa6F5sLWEBsPxStkeA,1,/life/parents-care/elderly-transportation/
https://social-plugins.line.me/lineit/share?url=https%3A%2F%2Fmorimachi.enshu-lifehack.com%2Flife%2Fparents-care%2Ffind-nursing-home%2F&text=%E9%9D%99%E5%B2%A1%E7%9C%8C%E5%91%A8%E6%99%BA%E9%83%A1%E6%A3%AE%E7%94%BA%E3%81%AE%E6%A3%AE%E7%94%BA%E3%81%AE%E4%BB%8B%E8%AD%B7%E6%96%BD%E8%A8%AD%E6%8E%A2%E3%81%97%E3%81%AF%E3%80%81%E4%BB%8B%E8%AD%B7%E3%82%B5%E3%83%BC%E3%83%93%E3%82%B9%E6%83%85%E5%A0%B1%E5%85%AC%E8%A1%A8%E3%82%B7%E3%82%B9%E3%83%86%E3%83%A0%E3%81%A7%E7%A8%AE%E9%A1%9E%E3%81%8B%E3%82%89%E9%81%B8%E3%81%B6%E3%80%81%E3%81%93%E3%81%93%E8%A6%8B%E3%82%8B%E3%81%A8%E6%97%A9%E3%81%84%E3%82%88,200,https://access.line.me/oauth2/v2.1/login?returnUri=%2Foauth2%2Fv2.1%2Fauthorize%2Fconsent%3Fresponse_type%3Dcode%26client_id%3D1446101138%26state%3Dd3e5cb0e9000af8b8e0532932e261f%26redirect_uri%3Dhttps%253A%252F%252Fsocial-plugins.line.me%252Flineit%252FloginCallback%253FreturnUrl%253Dhttps%25253A%25252F%25252Fsocial-plugins.line.me%25252Flineit%25252Fshare%25253Furl%25253Dhttps%2525253A%2525252F%2525252Fmorimachi.enshu-lifehack.com%2525252Flife%2525252Fparents-care%2525252Ffind-nursing-home%2525252F%252526text%25253D%252525E9%2525259D%25252599%252525E5%252525B2%252525A1%252525E7%2525259C%2525258C%252525E5%25252591%252525A8%252525E6%25252599%252525BA%252525E9%25252583%252525A1%252525E6%252525A3%252525AE%252525E7%25252594%252525BA%252525E3%25252581%252525AE%252525E6%252525A3%252525AE%252525E7%25252594%252525BA%252525E3%25252581%252525AE%252525E4%252525BB%2525258B%252525E8%252525AD%252525B7%252525E6%25252596%252525BD%252525E8%252525A8%252525AD%252525E6%2525258E%252525A2%252525E3%25252581%25252597%252525E3%25252581%252525AF%252525E3%25252580%25252581%252525E4%252525BB%2525258B%252525E8%252525AD%252525B7%252525E3%25252582%252525B5%252525E3%25252583%252525BC%252525E3%25252583%25252593%252525E3%25252582%252525B9%252525E6%25252583%25252585%252525E5%252525A0%252525B1%252525E5%25252585%252525AC%252525E8%252525A1%252525A8%252525E3%25252582%252525B7%252525E3%25252582%252525B9%252525E3%25252583%25252586%252525E3%25252583%252525A0%252525E3%25252581%252525A7%252525E7%252525A8%252525AE%252525E9%252525A1%2525259E%252525E3%25252581%2525258B%252525E3%25252582%25252589%252525E9%25252581%252525B8%252525E3%25252581%252525B6%252525E3%25252580%25252581%252525E3%25252581%25252593%252525E3%25252581%25252593%252525E8%252525A6%2525258B%252525E3%25252582%2525258B%252525E3%25252581%252525A8%252525E6%25252597%252525A9%252525E3%25252581%25252584%252525E3%25252582%25252588%26scope%3Dopenid%2520profile%2520friends%2520groups%2520timeline.post%2520message.write&loginChannelId=1446101138&loginState=Ddzs5blCHz6vgm0YoaP0gN,1,/life/parents-care/find-nursing-home/
https://social-plugins.line.me/lineit/share?url=https%3A%2F%2Fmorimachi.enshu-lifehack.com%2Flife%2Fparents-care%2F&text=%E9%9D%99%E5%B2%A1%E7%9C%8C%E5%91%A8%E6%99%BA%E9%83%A1%E6%A3%AE%E7%94%BA%E3%81%AE%F0%9F%91%B5%20%E8%A6%AA%E3%81%AE%E3%81%93%E3%81%A8%E3%80%81%E3%81%93%E3%81%93%E8%A6%8B%E3%82%8B%E3%81%A8%E6%97%A9%E3%81%84%E3%82%88,200,https://access.line.me/oauth2/v2.1/login?returnUri=%2Foauth2%2Fv2.1%2Fauthorize%2Fconsent%3Fresponse_type%3Dcode%26client_id%3D1446101138%26state%3D16643bd8edfe6e26e4a3e27ec97075%26redirect_uri%3Dhttps%253A%252F%252Fsocial-plugins.line.me%252Flineit%252FloginCallback%253FreturnUrl%253Dhttps%25253A%25252F%25252Fsocial-plugins.line.me%25252Flineit%25252Fshare%25253Furl%25253Dhttps%2525253A%2525252F%2525252Fmorimachi.enshu-lifehack.com%2525252Flife%2525252Fparents-care%2525252F%252526text%25253D%252525E9%2525259D%25252599%252525E5%252525B2%252525A1%252525E7%2525259C%2525258C%252525E5%25252591%252525A8%252525E6%25252599%252525BA%252525E9%25252583%252525A1%252525E6%252525A3%252525AE%252525E7%25252594%252525BA%252525E3%25252581%252525AE%252525F0%2525259F%25252591%252525B5%25252520%252525E8%252525A6%252525AA%252525E3%25252581%252525AE%252525E3%25252581%25252593%252525E3%25252581%252525A8%252525E3%25252580%25252581%252525E3%25252581%25252593%252525E3%25252581%25252593%252525E8%252525A6%2525258B%252525E3%25252582%2525258B%252525E3%25252581%252525A8%252525E6%25252597%252525A9%252525E3%25252581%25252584%252525E3%25252582%25252588%26scope%3Dopenid%2520profile%2520friends%2520groups%2520timeline.post%2520message.write&loginChannelId=1446101138&loginState=nCoLkpBa1VmCqZeu323c5W,1,/life/parents-care/
https://social-plugins.line.me/lineit/share?url=https%3A%2F%2Fmorimachi.enshu-lifehack.com%2Flife%2Fparents-care%2Flong-term-care-insurance%2F&text=%E9%9D%99%E5%B2%A1%E7%9C%8C%E5%91%A8%E6%99%BA%E9%83%A1%E6%A3%AE%E7%94%BA%E3%81%AE%E6%A3%AE%E7%94%BA%E3%81%AE%E4%BB%8B%E8%AD%B7%E4%BF%9D%E9%99%BA%E3%81%AF%E3%80%81%E8%A6%81%E4%BB%8B%E8%AD%B7%E8%AA%8D%E5%AE%9A%E3%81%AE%E7%94%B3%E8%AB%8B%E3%81%8B%E3%82%89%E7%B5%A6%E4%BB%98%E3%81%BE%E3%81%A7%E7%A6%8F%E7%A5%89%E8%AA%B2%E4%BB%8B%E8%AD%B7%E4%BF%9D%E9%99%BA%E4%BF%82%E3%81%A7%E9%80%B2%E3%82%81%E3%82%8B%E3%80%81%E3%81%93%E3%81%93%E8%A6%8B%E3%82%8B%E3%81%A8%E6%97%A9%E3%81%84%E3%82%88,200,https://access.line.me/oauth2/v2.1/login?returnUri=%2Foauth2%2Fv2.1%2Fauthorize%2Fconsent%3Fresponse_type%3Dcode%26client_id%3D1446101138%26state%3D05cf9616c82a1aa049f96f2cf41d60%26redirect_uri%3Dhttps%253A%252F%252Fsocial-plugins.line.me%252Flineit%252FloginCallback%253FreturnUrl%253Dhttps%25253A%25252F%25252Fsocial-plugins.line.me%25252Flineit%25252Fshare%25253Furl%25253Dhttps%2525253A%2525252F%2525252Fmorimachi.enshu-lifehack.com%2525252Flife%2525252Fparents-care%2525252Flong-term-care-insurance%2525252F%252526text%25253D%252525E9%2525259D%25252599%252525E5%252525B2%252525A1%252525E7%2525259C%2525258C%252525E5%25252591%252525A8%252525E6%25252599%252525BA%252525E9%25252583%252525A1%252525E6%252525A3%252525AE%252525E7%25252594%252525BA%252525E3%25252581%252525AE%252525E6%252525A3%252525AE%252525E7%25252594%252525BA%252525E3%25252581%252525AE%252525E4%252525BB%2525258B%252525E8%252525AD%252525B7%252525E4%252525BF%2525259D%252525E9%25252599%252525BA%252525E3%25252581%252525AF%252525E3%25252580%25252581%252525E8%252525A6%25252581%252525E4%252525BB%2525258B%252525E8%252525AD%252525B7%252525E8%252525AA%2525258D%252525E5%252525AE%2525259A%252525E3%25252581%252525AE%252525E7%25252594%252525B3%252525E8%252525AB%2525258B%252525E3%25252581%2525258B%252525E3%25252582%25252589%252525E7%252525B5%252525A6%252525E4%252525BB%25252598%252525E3%25252581%252525BE%252525E3%25252581%252525A7%252525E7%252525A6%2525258F%252525E7%252525A5%25252589%252525E8%252525AA%252525B2%252525E4%252525BB%2525258B%252525E8%252525AD%252525B7%252525E4%252525BF%2525259D%252525E9%25252599%252525BA%252525E4%252525BF%25252582%252525E3%25252581%252525A7%252525E9%25252580%252525B2%252525E3%25252582%25252581%252525E3%25252582%2525258B%252525E3%25252580%25252581%252525E3%25252581%25252593%252525E3%25252581%25252593%252525E8%252525A6%2525258B%252525E3%25252582%2525258B%252525E3%25252581%252525A8%252525E6%25252597%252525A9%252525E3%25252581%25252584%252525E3%25252582%25252588%26scope%3Dopenid%2520profile%2520friends%2520groups%2520timeline.post%2520message.write&loginChannelId=1446101138&loginState=1FgkmmnApmyUaaqZquySsb,1,/life/parents-care/long-term-care-insurance/
https://social-plugins.line.me/lineit/share?url=https%3A%2F%2Fmorimachi.enshu-lifehack.com%2Flife%2Fplay-out%2Fcultural-facilities%2F&text=%E9%9D%99%E5%B2%A1%E7%9C%8C%E5%91%A8%E6%99%BA%E9%83%A1%E6%A3%AE%E7%94%BA%E3%81%AE%E6%A3%AE%E7%94%BA%E3%81%AE%E6%96%87%E5%8C%96%E6%96%BD%E8%A8%AD%EF%BC%88%E3%83%9F%E3%82%AD%E3%83%9B%E3%83%BC%E3%83%AB%EF%BC%89%E3%81%AF%E3%80%81%E9%96%8B%E9%A4%A8%E6%97%A5%E3%83%BB%E4%BA%88%E7%B4%84%E3%83%BB%E3%82%A2%E3%82%AF%E3%82%BB%E3%82%B9%E3%82%92%E5%85%88%E3%81%AB%E7%A2%BA%E8%AA%8D%E3%81%99%E3%82%8B%E3%80%81%E3%81%93%E3%81%93%E8%A6%8B%E3%82%8B%E3%81%A8%E6%97%A9%E3%81%84%E3%82%88,200,https://access.line.me/oauth2/v2.1/login?returnUri=%2Foauth2%2Fv2.1%2Fauthorize%2Fconsent%3Fresponse_type%3Dcode%26client_id%3D1446101138%26state%3D3d386ddad704534f64e70f9ff97280%26redirect_uri%3Dhttps%253A%252F%252Fsocial-plugins.line.me%252Flineit%252FloginCallback%253FreturnUrl%253Dhttps%25253A%25252F%25252Fsocial-plugins.line.me%25252Flineit%25252Fshare%25253Furl%25253Dhttps%2525253A%2525252F%2525252Fmorimachi.enshu-lifehack.com%2525252Flife%2525252Fplay-out%2525252Fcultural-facilities%2525252F%252526text%25253D%252525E9%2525259D%25252599%252525E5%252525B2%252525A1%252525E7%2525259C%2525258C%252525E5%25252591%252525A8%252525E6%25252599%252525BA%252525E9%25252583%252525A1%252525E6%252525A3%252525AE%252525E7%25252594%252525BA%252525E3%25252581%252525AE%252525E6%252525A3%252525AE%252525E7%25252594%252525BA%252525E3%25252581%252525AE%252525E6%25252596%25252587%252525E5%2525258C%25252596%252525E6%25252596%252525BD%252525E8%252525A8%252525AD%252525EF%252525BC%25252588%252525E3%25252583%2525259F%252525E3%25252582%252525AD%252525E3%25252583%2525259B%252525E3%25252583%252525BC%252525E3%25252583%252525AB%252525EF%252525BC%25252589%252525E3%25252581%252525AF%252525E3%25252580%25252581%252525E9%25252596%2525258B%252525E9%252525A4%252525A8%252525E6%25252597%252525A5%252525E3%25252583%252525BB%252525E4%252525BA%25252588%252525E7%252525B4%25252584%252525E3%25252583%252525BB%252525E3%25252582%252525A2%252525E3%25252582%252525AF%252525E3%25252582%252525BB%252525E3%25252582%252525B9%252525E3%25252582%25252592%252525E5%25252585%25252588%252525E3%25252581%252525AB%252525E7%252525A2%252525BA%252525E8%252525AA%2525258D%252525E3%25252581%25252599%252525E3%25252582%2525258B%252525E3%25252580%25252581%252525E3%25252581%25252593%252525E3%25252581%25252593%252525E8%252525A6%2525258B%252525E3%25252582%2525258B%252525E3%25252581%252525A8%252525E6%25252597%252525A9%252525E3%25252581%25252584%252525E3%25252582%25252588%26scope%3Dopenid%2520profile%2520friends%2520groups%2520timeline.post%2520message.write&loginChannelId=1446101138&loginState=cUXK6fSgOC74mc94b9w9tH,1,/life/play-out/cultural-facilities/
https://social-plugins.line.me/lineit/share?url=https%3A%2F%2Fmorimachi.enshu-lifehack.com%2Flife%2Fplay-out%2Ffacilities-library-parks%2F&text=%E9%9D%99%E5%B2%A1%E7%9C%8C%E5%91%A8%E6%99%BA%E9%83%A1%E6%A3%AE%E7%94%BA%E3%81%AE%E6%A3%AE%E7%94%BA%E3%81%AE%E6%A3%AE%E7%94%BA%E3%81%AE%E5%85%AC%E5%85%B1%E6%96%BD%E8%A8%AD%E3%81%AF%E3%80%81%E6%96%BD%E8%A8%AD%E3%82%AC%E3%82%A4%E3%83%89%E3%81%8B%E3%82%89%E7%9B%AE%E7%9A%84%E5%88%A5%E3%81%AB%E6%8E%A2%E3%81%99%E3%80%81%E3%81%93%E3%81%93%E8%A6%8B%E3%82%8B%E3%81%A8%E6%97%A9%E3%81%84%E3%82%88,200,https://access.line.me/oauth2/v2.1/login?returnUri=%2Foauth2%2Fv2.1%2Fauthorize%2Fconsent%3Fresponse_type%3Dcode%26client_id%3D1446101138%26state%3D113a774ba90c5618cb64949713792a%26redirect_uri%3Dhttps%253A%252F%252Fsocial-plugins.line.me%252Flineit%252FloginCallback%253FreturnUrl%253Dhttps%25253A%25252F%25252Fsocial-plugins.line.me%25252Flineit%25252Fshare%25253Furl%25253Dhttps%2525253A%2525252F%2525252Fmorimachi.enshu-lifehack.com%2525252Flife%2525252Fplay-out%2525252Ffacilities-library-parks%2525252F%252526text%25253D%252525E9%2525259D%25252599%252525E5%252525B2%252525A1%252525E7%2525259C%2525258C%252525E5%25252591%252525A8%252525E6%25252599%252525BA%252525E9%25252583%252525A1%252525E6%252525A3%252525AE%252525E7%25252594%252525BA%252525E3%25252581%252525AE%252525E6%252525A3%252525AE%252525E7%25252594%252525BA%252525E3%25252581%252525AE%252525E6%252525A3%252525AE%252525E7%25252594%252525BA%252525E3%25252581%252525AE%252525E5%25252585%252525AC%252525E5%25252585%252525B1%252525E6%25252596%252525BD%252525E8%252525A8%252525AD%252525E3%25252581%252525AF%252525E3%25252580%25252581%252525E6%25252596%252525BD%252525E8%252525A8%252525AD%252525E3%25252582%252525AC%252525E3%25252582%252525A4%252525E3%25252583%25252589%252525E3%25252581%2525258B%252525E3%25252582%25252589%252525E7%2525259B%252525AE%252525E7%2525259A%25252584%252525E5%25252588%252525A5%252525E3%25252581%252525AB%252525E6%2525258E%252525A2%252525E3%25252581%25252599%252525E3%25252580%25252581%252525E3%25252581%25252593%252525E3%25252581%25252593%252525E8%252525A6%2525258B%252525E3%25252582%2525258B%252525E3%25252581%252525A8%252525E6%25252597%252525A9%252525E3%25252581%25252584%252525E3%25252582%25252588%26scope%3Dopenid%2520profile%2520friends%2520groups%2520timeline.post%2520message.write&loginChannelId=1446101138&loginState=AMFsFJVoqNReECC3CcJRYX,1,/life/play-out/facilities-library-parks/
https://social-plugins.line.me/lineit/share?url=https%3A%2F%2Fmorimachi.enshu-lifehack.com%2Flife%2Fplay-out%2Ffind-parks%2F&text=%E9%9D%99%E5%B2%A1%E7%9C%8C%E5%91%A8%E6%99%BA%E9%83%A1%E6%A3%AE%E7%94%BA%E3%81%AE%E6%A3%AE%E7%94%BA%E3%81%AE%E5%85%AC%E5%9C%92%E3%81%AF%E3%80%81%E9%A7%90%E8%BB%8A%E5%A0%B4%E3%83%BB%E9%81%8A%E5%85%B7%E3%81%AE%E6%9C%89%E7%84%A1%E3%81%AA%E3%81%A9%E7%9B%AE%E7%9A%84%E3%83%BB%E5%B9%B4%E9%BD%A2%E3%83%BB%E3%82%A2%E3%82%AF%E3%82%BB%E3%82%B9%E3%81%A7%E9%81%B8%E3%81%B6%E3%80%81%E3%81%93%E3%81%93%E8%A6%8B%E3%82%8B%E3%81%A8%E6%97%A9%E3%81%84%E3%82%88,200,https://access.line.me/oauth2/v2.1/login?returnUri=%2Foauth2%2Fv2.1%2Fauthorize%2Fconsent%3Fresponse_type%3Dcode%26client_id%3D1446101138%26state%3D0a25e9ff216d4afae4899fa1b543b5%26redirect_uri%3Dhttps%253A%252F%252Fsocial-plugins.line.me%252Flineit%252FloginCallback%253FreturnUrl%253Dhttps%25253A%25252F%25252Fsocial-plugins.line.me%25252Flineit%25252Fshare%25253Furl%25253Dhttps%2525253A%2525252F%2525252Fmorimachi.enshu-lifehack.com%2525252Flife%2525252Fplay-out%2525252Ffind-parks%2525252F%252526text%25253D%252525E9%2525259D%25252599%252525E5%252525B2%252525A1%252525E7%2525259C%2525258C%252525E5%25252591%252525A8%252525E6%25252599%252525BA%252525E9%25252583%252525A1%252525E6%252525A3%252525AE%252525E7%25252594%252525BA%252525E3%25252581%252525AE%252525E6%252525A3%252525AE%252525E7%25252594%252525BA%252525E3%25252581%252525AE%252525E5%25252585%252525AC%252525E5%2525259C%25252592%252525E3%25252581%252525AF%252525E3%25252580%25252581%252525E9%252525A7%25252590%252525E8%252525BB%2525258A%252525E5%252525A0%252525B4%252525E3%25252583%252525BB%252525E9%25252581%2525258A%252525E5%25252585%252525B7%252525E3%25252581%252525AE%252525E6%2525259C%25252589%252525E7%25252584%252525A1%252525E3%25252581%252525AA%252525E3%25252581%252525A9%252525E7%2525259B%252525AE%252525E7%2525259A%25252584%252525E3%25252583%252525BB%252525E5%252525B9%252525B4%252525E9%252525BD%252525A2%252525E3%25252583%252525BB%252525E3%25252582%252525A2%252525E3%25252582%252525AF%252525E3%25252582%252525BB%252525E3%25252582%252525B9%252525E3%25252581%252525A7%252525E9%25252581%252525B8%252525E3%25252581%252525B6%252525E3%25252580%25252581%252525E3%25252581%25252593%252525E3%25252581%25252593%252525E8%252525A6%2525258B%252525E3%25252582%2525258B%252525E3%25252581%252525A8%252525E6%25252597%252525A9%252525E3%25252581%25252584%252525E3%25252582%25252588%26scope%3Dopenid%2520profile%2520friends%2520groups%2520timeline.post%2520message.write&loginChannelId=1446101138&loginState=4reNS0fl9oFW7oCXEOe8ji,1,/life/play-out/find-parks/
https://social-plugins.line.me/lineit/share?url=https%3A%2F%2Fmorimachi.enshu-lifehack.com%2Flife%2Fplay-out%2F&text=%E9%9D%99%E5%B2%A1%E7%9C%8C%E5%91%A8%E6%99%BA%E9%83%A1%E6%A3%AE%E7%94%BA%E3%81%AE%F0%9F%8C%B3%20%E9%81%8A%E3%81%B6%E3%83%BB%E4%BD%BF%E3%81%86%E3%83%BB%E5%87%BA%E3%81%8B%E3%81%91%E3%82%8B%E3%80%81%E3%81%93%E3%81%93%E8%A6%8B%E3%82%8B%E3%81%A8%E6%97%A9%E3%81%84%E3%82%88,200,https://access.line.me/oauth2/v2.1/login?returnUri=%2Foauth2%2Fv2.1%2Fauthorize%2Fconsent%3Fresponse_type%3Dcode%26client_id%3D1446101138%26state%3Db1dde18396cebfc0ac4040af950711%26redirect_uri%3Dhttps%253A%252F%252Fsocial-plugins.line.me%252Flineit%252FloginCallback%253FreturnUrl%253Dhttps%25253A%25252F%25252Fsocial-plugins.line.me%25252Flineit%25252Fshare%25253Furl%25253Dhttps%2525253A%2525252F%2525252Fmorimachi.enshu-lifehack.com%2525252Flife%2525252Fplay-out%2525252F%252526text%25253D%252525E9%2525259D%25252599%252525E5%252525B2%252525A1%252525E7%2525259C%2525258C%252525E5%25252591%252525A8%252525E6%25252599%252525BA%252525E9%25252583%252525A1%252525E6%252525A3%252525AE%252525E7%25252594%252525BA%252525E3%25252581%252525AE%252525F0%2525259F%2525258C%252525B3%25252520%252525E9%25252581%2525258A%252525E3%25252581%252525B6%252525E3%25252583%252525BB%252525E4%252525BD%252525BF%252525E3%25252581%25252586%252525E3%25252583%252525BB%252525E5%25252587%252525BA%252525E3%25252581%2525258B%252525E3%25252581%25252591%252525E3%25252582%2525258B%252525E3%25252580%25252581%252525E3%25252581%25252593%252525E3%25252581%25252593%252525E8%252525A6%2525258B%252525E3%25252582%2525258B%252525E3%25252581%252525A8%252525E6%25252597%252525A9%252525E3%25252581%25252584%252525E3%25252582%25252588%26scope%3Dopenid%2520profile%2520friends%2520groups%2520timeline.post%2520message.write&loginChannelId=1446101138&loginState=1avJ1o6RbY9yPpcwluZCnj,1,/life/play-out/
https://social-plugins.line.me/lineit/share?url=https%3A%2F%2Fmorimachi.enshu-lifehack.com%2Flife%2Fplay-out%2Fparking-access%2F&text=%E9%9D%99%E5%B2%A1%E7%9C%8C%E5%91%A8%E6%99%BA%E9%83%A1%E6%A3%AE%E7%94%BA%E3%81%AE%E6%A3%AE%E7%94%BA%E5%86%85%E3%82%92%E7%A7%BB%E5%8B%95%E3%81%99%E3%82%8B%E5%89%8D%E3%81%AB%E3%80%81%E9%A7%90%E8%BB%8A%E5%A0%B4%E3%83%BB%E5%9C%B0%E5%9B%B3%E3%83%BB%E5%85%AC%E5%85%B1%E4%BA%A4%E9%80%9A%E3%82%92%E7%A2%BA%E8%AA%8D%E3%81%99%E3%82%8B%E3%80%81%E3%81%93%E3%81%93%E8%A6%8B%E3%82%8B%E3%81%A8%E6%97%A9%E3%81%84%E3%82%88,200,https://access.line.me/oauth2/v2.1/login?returnUri=%2Foauth2%2Fv2.1%2Fauthorize%2Fconsent%3Fresponse_type%3Dcode%26client_id%3D1446101138%26state%3Df2d09d836026f0c00e6d84fc1068a7%26redirect_uri%3Dhttps%253A%252F%252Fsocial-plugins.line.me%252Flineit%252FloginCallback%253FreturnUrl%253Dhttps%25253A%25252F%25252Fsocial-plugins.line.me%25252Flineit%25252Fshare%25253Furl%25253Dhttps%2525253A%2525252F%2525252Fmorimachi.enshu-lifehack.com%2525252Flife%2525252Fplay-out%2525252Fparking-access%2525252F%252526text%25253D%252525E9%2525259D%25252599%252525E5%252525B2%252525A1%252525E7%2525259C%2525258C%252525E5%25252591%252525A8%252525E6%25252599%252525BA%252525E9%25252583%252525A1%252525E6%252525A3%252525AE%252525E7%25252594%252525BA%252525E3%25252581%252525AE%252525E6%252525A3%252525AE%252525E7%25252594%252525BA%252525E5%25252586%25252585%252525E3%25252582%25252592%252525E7%252525A7%252525BB%252525E5%2525258B%25252595%252525E3%25252581%25252599%252525E3%25252582%2525258B%252525E5%25252589%2525258D%252525E3%25252581%252525AB%252525E3%25252580%25252581%252525E9%252525A7%25252590%252525E8%252525BB%2525258A%252525E5%252525A0%252525B4%252525E3%25252583%252525BB%252525E5%2525259C%252525B0%252525E5%2525259B%252525B3%252525E3%25252583%252525BB%252525E5%25252585%252525AC%252525E5%25252585%252525B1%252525E4%252525BA%252525A4%252525E9%25252580%2525259A%252525E3%25252582%25252592%252525E7%252525A2%252525BA%252525E8%252525AA%2525258D%252525E3%25252581%25252599%252525E3%25252582%2525258B%252525E3%25252580%25252581%252525E3%25252581%25252593%252525E3%25252581%25252593%252525E8%252525A6%2525258B%252525E3%25252582%2525258B%252525E3%25252581%252525A8%252525E6%25252597%252525A9%252525E3%25252581%25252584%252525E3%25252582%25252588%26scope%3Dopenid%2520profile%2520friends%2520groups%2520timeline.post%2520message.write&loginChannelId=1446101138&loginState=4oSJRjTtzmn7ulyZZZGVMN,1,/life/play-out/parking-access/
https://social-plugins.line.me/lineit/share?url=https%3A%2F%2Fmorimachi.enshu-lifehack.com%2Flife%2Fplay-out%2Frent-public-facilities%2F&text=%E9%9D%99%E5%B2%A1%E7%9C%8C%E5%91%A8%E6%99%BA%E9%83%A1%E6%A3%AE%E7%94%BA%E3%81%AE%E6%A3%AE%E7%94%BA%E3%81%AE%E5%85%AC%E5%85%B1%E6%96%BD%E8%A8%AD%E3%82%92%E5%80%9F%E3%82%8A%E3%82%8B%E5%89%8D%E3%81%AB%E3%80%81%E7%AA%93%E5%8F%A3%E3%81%94%E3%81%A8%E3%81%AE%E4%BA%88%E7%B4%84%E6%96%B9%E6%B3%95%E3%81%A8%E5%88%A9%E7%94%A8%E6%9D%A1%E4%BB%B6%E3%82%92%E7%A2%BA%E8%AA%8D%E3%81%99%E3%82%8B%E3%80%81%E3%81%93%E3%81%93%E8%A6%8B%E3%82%8B%E3%81%A8%E6%97%A9%E3%81%84%E3%82%88,200,https://access.line.me/oauth2/v2.1/login?returnUri=%2Foauth2%2Fv2.1%2Fauthorize%2Fconsent%3Fresponse_type%3Dcode%26client_id%3D1446101138%26state%3Df4e90a63a9ca6cfa085c0f491daea1%26redirect_uri%3Dhttps%253A%252F%252Fsocial-plugins.line.me%252Flineit%252FloginCallback%253FreturnUrl%253Dhttps%25253A%25252F%25252Fsocial-plugins.line.me%25252Flineit%25252Fshare%25253Furl%25253Dhttps%2525253A%2525252F%2525252Fmorimachi.enshu-lifehack.com%2525252Flife%2525252Fplay-out%2525252Frent-public-facilities%2525252F%252526text%25253D%252525E9%2525259D%25252599%252525E5%252525B2%252525A1%252525E7%2525259C%2525258C%252525E5%25252591%252525A8%252525E6%25252599%252525BA%252525E9%25252583%252525A1%252525E6%252525A3%252525AE%252525E7%25252594%252525BA%252525E3%25252581%252525AE%252525E6%252525A3%252525AE%252525E7%25252594%252525BA%252525E3%25252581%252525AE%252525E5%25252585%252525AC%252525E5%25252585%252525B1%252525E6%25252596%252525BD%252525E8%252525A8%252525AD%252525E3%25252582%25252592%252525E5%25252580%2525259F%252525E3%25252582%2525258A%252525E3%25252582%2525258B%252525E5%25252589%2525258D%252525E3%25252581%252525AB%252525E3%25252580%25252581%252525E7%252525AA%25252593%252525E5%2525258F%252525A3%252525E3%25252581%25252594%252525E3%25252581%252525A8%252525E3%25252581%252525AE%252525E4%252525BA%25252588%252525E7%252525B4%25252584%252525E6%25252596%252525B9%252525E6%252525B3%25252595%252525E3%25252581%252525A8%252525E5%25252588%252525A9%252525E7%25252594%252525A8%252525E6%2525259D%252525A1%252525E4%252525BB%252525B6%252525E3%25252582%25252592%252525E7%252525A2%252525BA%252525E8%252525AA%2525258D%252525E3%25252581%25252599%252525E3%25252582%2525258B%252525E3%25252580%25252581%252525E3%25252581%25252593%252525E3%25252581%25252593%252525E8%252525A6%2525258B%252525E3%25252582%2525258B%252525E3%25252581%252525A8%252525E6%25252597%252525A9%252525E3%25252581%25252584%252525E3%25252582%25252588%26scope%3Dopenid%2520profile%2520friends%2520groups%2520timeline.post%2520message.write&loginChannelId=1446101138&loginState=8Z4BlsTM1VRhuL4xY1hEWr,1,/life/play-out/rent-public-facilities/
https://social-plugins.line.me/lineit/share?url=https%3A%2F%2Fmorimachi.enshu-lifehack.com%2Flife%2Fplay-out%2Fsports-facilities%2F&text=%E9%9D%99%E5%B2%A1%E7%9C%8C%E5%91%A8%E6%99%BA%E9%83%A1%E6%A3%AE%E7%94%BA%E3%81%AE%E6%A3%AE%E7%94%BA%E3%81%AE%E6%A3%AE%E7%94%BA%E3%81%AE%E3%82%B9%E3%83%9D%E3%83%BC%E3%83%84%E6%96%BD%E8%A8%AD%E3%81%AF%E3%80%81%E4%BA%88%E7%B4%84%E3%83%BB%E6%96%99%E9%87%91%E3%83%BB%E6%8C%81%E3%81%A1%E7%89%A9%E3%82%92%E5%85%88%E3%81%AB%E7%A2%BA%E8%AA%8D%E3%81%99%E3%82%8B%E3%80%81%E3%81%93%E3%81%93%E8%A6%8B%E3%82%8B%E3%81%A8%E6%97%A9%E3%81%84%E3%82%88,200,https://access.line.me/oauth2/v2.1/login?returnUri=%2Foauth2%2Fv2.1%2Fauthorize%2Fconsent%3Fresponse_type%3Dcode%26client_id%3D1446101138%26state%3Deb1fb835929ff83238370045525652%26redirect_uri%3Dhttps%253A%252F%252Fsocial-plugins.line.me%252Flineit%252FloginCallback%253FreturnUrl%253Dhttps%25253A%25252F%25252Fsocial-plugins.line.me%25252Flineit%25252Fshare%25253Furl%25253Dhttps%2525253A%2525252F%2525252Fmorimachi.enshu-lifehack.com%2525252Flife%2525252Fplay-out%2525252Fsports-facilities%2525252F%252526text%25253D%252525E9%2525259D%25252599%252525E5%252525B2%252525A1%252525E7%2525259C%2525258C%252525E5%25252591%252525A8%252525E6%25252599%252525BA%252525E9%25252583%252525A1%252525E6%252525A3%252525AE%252525E7%25252594%252525BA%252525E3%25252581%252525AE%252525E6%252525A3%252525AE%252525E7%25252594%252525BA%252525E3%25252581%252525AE%252525E6%252525A3%252525AE%252525E7%25252594%252525BA%252525E3%25252581%252525AE%252525E3%25252582%252525B9%252525E3%25252583%2525259D%252525E3%25252583%252525BC%252525E3%25252583%25252584%252525E6%25252596%252525BD%252525E8%252525A8%252525AD%252525E3%25252581%252525AF%252525E3%25252580%25252581%252525E4%252525BA%25252588%252525E7%252525B4%25252584%252525E3%25252583%252525BB%252525E6%25252596%25252599%252525E9%25252587%25252591%252525E3%25252583%252525BB%252525E6%2525258C%25252581%252525E3%25252581%252525A1%252525E7%25252589%252525A9%252525E3%25252582%25252592%252525E5%25252585%25252588%252525E3%25252581%252525AB%252525E7%252525A2%252525BA%252525E8%252525AA%2525258D%252525E3%25252581%25252599%252525E3%25252582%2525258B%252525E3%25252580%25252581%252525E3%25252581%25252593%252525E3%25252581%25252593%252525E8%252525A6%2525258B%252525E3%25252582%2525258B%252525E3%25252581%252525A8%252525E6%25252597%252525A9%252525E3%25252581%25252584%252525E3%25252582%25252588%26scope%3Dopenid%2520profile%2520friends%2520groups%2520timeline.post%2520message.write&loginChannelId=1446101138&loginState=oGRtovUqNTrK4Jt3BZrPAB,1,/life/play-out/sports-facilities/
https://social-plugins.line.me/lineit/share?url=https%3A%2F%2Fmorimachi.enshu-lifehack.com%2Flife%2Fplay-out%2Fswimming-pools%2F&text=%E9%9D%99%E5%B2%A1%E7%9C%8C%E5%91%A8%E6%99%BA%E9%83%A1%E6%A3%AE%E7%94%BA%E3%81%AE%E6%A3%AE%E7%94%BA%E3%81%AE%E6%A3%AE%E7%94%BA%E3%81%AE%E3%83%97%E3%83%BC%E3%83%AB%E3%81%AF%E3%80%81%E5%96%B6%E6%A5%AD%E6%97%A5%E3%83%BB%E6%96%99%E9%87%91%E3%83%BB%E6%8C%81%E3%81%A1%E7%89%A9%E3%82%92%E5%85%88%E3%81%AB%E7%A2%BA%E8%AA%8D%E3%81%99%E3%82%8B%E3%80%81%E3%81%93%E3%81%93%E8%A6%8B%E3%82%8B%E3%81%A8%E6%97%A9%E3%81%84%E3%82%88,200,https://access.line.me/oauth2/v2.1/login?returnUri=%2Foauth2%2Fv2.1%2Fauthorize%2Fconsent%3Fresponse_type%3Dcode%26client_id%3D1446101138%26state%3D91d36566c74511e6a2e483d777af88%26redirect_uri%3Dhttps%253A%252F%252Fsocial-plugins.line.me%252Flineit%252FloginCallback%253FreturnUrl%253Dhttps%25253A%25252F%25252Fsocial-plugins.line.me%25252Flineit%25252Fshare%25253Furl%25253Dhttps%2525253A%2525252F%2525252Fmorimachi.enshu-lifehack.com%2525252Flife%2525252Fplay-out%2525252Fswimming-pools%2525252F%252526text%25253D%252525E9%2525259D%25252599%252525E5%252525B2%252525A1%252525E7%2525259C%2525258C%252525E5%25252591%252525A8%252525E6%25252599%252525BA%252525E9%25252583%252525A1%252525E6%252525A3%252525AE%252525E7%25252594%252525BA%252525E3%25252581%252525AE%252525E6%252525A3%252525AE%252525E7%25252594%252525BA%252525E3%25252581%252525AE%252525E6%252525A3%252525AE%252525E7%25252594%252525BA%252525E3%25252581%252525AE%252525E3%25252583%25252597%252525E3%25252583%252525BC%252525E3%25252583%252525AB%252525E3%25252581%252525AF%252525E3%25252580%25252581%252525E5%25252596%252525B6%252525E6%252525A5%252525AD%252525E6%25252597%252525A5%252525E3%25252583%252525BB%252525E6%25252596%25252599%252525E9%25252587%25252591%252525E3%25252583%252525BB%252525E6%2525258C%25252581%252525E3%25252581%252525A1%252525E7%25252589%252525A9%252525E3%25252582%25252592%252525E5%25252585%25252588%252525E3%25252581%252525AB%252525E7%252525A2%252525BA%252525E8%252525AA%2525258D%252525E3%25252581%25252599%252525E3%25252582%2525258B%252525E3%25252580%25252581%252525E3%25252581%25252593%252525E3%25252581%25252593%252525E8%252525A6%2525258B%252525E3%25252582%2525258B%252525E3%25252581%252525A8%252525E6%25252597%252525A9%252525E3%25252581%25252584%252525E3%25252582%25252588%26scope%3Dopenid%2520profile%2520friends%2520groups%2520timeline.post%2520message.write&loginChannelId=1446101138&loginState=TQvNJUROUIDduep54Hy7lC,1,/life/play-out/swimming-pools/
https://social-plugins.line.me/lineit/share?url=https%3A%2F%2Fmorimachi.enshu-lifehack.com%2Flife%2Fplay-out%2Fvisit-library%2F&text=%E9%9D%99%E5%B2%A1%E7%9C%8C%E5%91%A8%E6%99%BA%E9%83%A1%E6%A3%AE%E7%94%BA%E3%81%AE%E6%A3%AE%E7%94%BA%E7%AB%8B%E6%A3%AE%E7%94%BA%E7%AB%8B%E5%9B%B3%E6%9B%B8%E9%A4%A8%E3%81%B8%E8%A1%8C%E3%81%8F%E5%89%8D%E3%81%AB%E3%80%81%E9%96%8B%E9%A4%A8%E6%97%A5%E3%83%BB%E5%88%A9%E7%94%A8%E3%82%AB%E3%83%BC%E3%83%89%E3%83%BB%E5%A0%B4%E6%89%80%E3%82%92%E7%A2%BA%E8%AA%8D%E3%81%99%E3%82%8B%E3%80%81%E3%81%93%E3%81%93%E8%A6%8B%E3%82%8B%E3%81%A8%E6%97%A9%E3%81%84%E3%82%88,200,https://access.line.me/oauth2/v2.1/login?returnUri=%2Foauth2%2Fv2.1%2Fauthorize%2Fconsent%3Fresponse_type%3Dcode%26client_id%3D1446101138%26state%3D908fbb00044937ec021813b7fafb56%26redirect_uri%3Dhttps%253A%252F%252Fsocial-plugins.line.me%252Flineit%252FloginCallback%253FreturnUrl%253Dhttps%25253A%25252F%25252Fsocial-plugins.line.me%25252Flineit%25252Fshare%25253Furl%25253Dhttps%2525253A%2525252F%2525252Fmorimachi.enshu-lifehack.com%2525252Flife%2525252Fplay-out%2525252Fvisit-library%2525252F%252526text%25253D%252525E9%2525259D%25252599%252525E5%252525B2%252525A1%252525E7%2525259C%2525258C%252525E5%25252591%252525A8%252525E6%25252599%252525BA%252525E9%25252583%252525A1%252525E6%252525A3%252525AE%252525E7%25252594%252525BA%252525E3%25252581%252525AE%252525E6%252525A3%252525AE%252525E7%25252594%252525BA%252525E7%252525AB%2525258B%252525E6%252525A3%252525AE%252525E7%25252594%252525BA%252525E7%252525AB%2525258B%252525E5%2525259B%252525B3%252525E6%2525259B%252525B8%252525E9%252525A4%252525A8%252525E3%25252581%252525B8%252525E8%252525A1%2525258C%252525E3%25252581%2525258F%252525E5%25252589%2525258D%252525E3%25252581%252525AB%252525E3%25252580%25252581%252525E9%25252596%2525258B%252525E9%252525A4%252525A8%252525E6%25252597%252525A5%252525E3%25252583%252525BB%252525E5%25252588%252525A9%252525E7%25252594%252525A8%252525E3%25252582%252525AB%252525E3%25252583%252525BC%252525E3%25252583%25252589%252525E3%25252583%252525BB%252525E5%252525A0%252525B4%252525E6%25252589%25252580%252525E3%25252582%25252592%252525E7%252525A2%252525BA%252525E8%252525AA%2525258D%252525E3%25252581%25252599%252525E3%25252582%2525258B%252525E3%25252580%25252581%252525E3%25252581%25252593%252525E3%25252581%25252593%252525E8%252525A6%2525258B%252525E3%25252582%2525258B%252525E3%25252581%252525A8%252525E6%25252597%252525A9%252525E3%25252581%25252584%252525E3%25252582%25252588%26scope%3Dopenid%2520profile%2520friends%2520groups%2520timeline.post%2520message.write&loginChannelId=1446101138&loginState=LjgmefypYUnPG0zsBBLzBX,1,/life/play-out/visit-library/
https://social-plugins.line.me/lineit/share?url=https%3A%2F%2Fmorimachi.enshu-lifehack.com%2Flife%2Fstart-living%2Fbulky-garbage-dropoff%2F&text=%E9%9D%99%E5%B2%A1%E7%9C%8C%E5%91%A8%E6%99%BA%E9%83%A1%E6%A3%AE%E7%94%BA%E3%81%AE%E6%A3%AE%E7%94%BA%E3%81%A7%E7%B2%97%E5%A4%A7%E3%81%94%E3%81%BF%E3%82%92%E5%87%BA%E3%81%99%E3%80%82%E6%8C%81%E3%81%A1%E8%BE%BC%E3%81%BF%E5%85%88%E3%81%AF%E4%B8%AD%E9%81%A0%E5%BA%83%E5%9F%9F%E7%B2%97%E5%A4%A7%E3%81%94%E3%81%BF%E5%87%A6%E7%90%86%E6%96%BD%E8%A8%AD%EF%BC%88%E7%A3%90%E7%94%B0%E5%B8%82%EF%BC%89%E3%80%82%E3%80%81%E3%81%93%E3%81%93%E8%A6%8B%E3%82%8B%E3%81%A8%E6%97%A9%E3%81%84%E3%82%88,200,https://access.line.me/oauth2/v2.1/login?returnUri=%2Foauth2%2Fv2.1%2Fauthorize%2Fconsent%3Fresponse_type%3Dcode%26client_id%3D1446101138%26state%3D84dd6610e3f19c72828f803743aa24%26redirect_uri%3Dhttps%253A%252F%252Fsocial-plugins.line.me%252Flineit%252FloginCallback%253FreturnUrl%253Dhttps%25253A%25252F%25252Fsocial-plugins.line.me%25252Flineit%25252Fshare%25253Furl%25253Dhttps%2525253A%2525252F%2525252Fmorimachi.enshu-lifehack.com%2525252Flife%2525252Fstart-living%2525252Fbulky-garbage-dropoff%2525252F%252526text%25253D%252525E9%2525259D%25252599%252525E5%252525B2%252525A1%252525E7%2525259C%2525258C%252525E5%25252591%252525A8%252525E6%25252599%252525BA%252525E9%25252583%252525A1%252525E6%252525A3%252525AE%252525E7%25252594%252525BA%252525E3%25252581%252525AE%252525E6%252525A3%252525AE%252525E7%25252594%252525BA%252525E3%25252581%252525A7%252525E7%252525B2%25252597%252525E5%252525A4%252525A7%252525E3%25252581%25252594%252525E3%25252581%252525BF%252525E3%25252582%25252592%252525E5%25252587%252525BA%252525E3%25252581%25252599%252525E3%25252580%25252582%252525E6%2525258C%25252581%252525E3%25252581%252525A1%252525E8%252525BE%252525BC%252525E3%25252581%252525BF%252525E5%25252585%25252588%252525E3%25252581%252525AF%252525E4%252525B8%252525AD%252525E9%25252581%252525A0%252525E5%252525BA%25252583%252525E5%2525259F%2525259F%252525E7%252525B2%25252597%252525E5%252525A4%252525A7%252525E3%25252581%25252594%252525E3%25252581%252525BF%252525E5%25252587%252525A6%252525E7%25252590%25252586%252525E6%25252596%252525BD%252525E8%252525A8%252525AD%252525EF%252525BC%25252588%252525E7%252525A3%25252590%252525E7%25252594%252525B0%252525E5%252525B8%25252582%252525EF%252525BC%25252589%252525E3%25252580%25252582%252525E3%25252580%25252581%252525E3%25252581%25252593%252525E3%25252581%25252593%252525E8%252525A6%2525258B%252525E3%25252582%2525258B%252525E3%25252581%252525A8%252525E6%25252597%252525A9%252525E3%25252581%25252584%252525E3%25252582%25252588%26scope%3Dopenid%2520profile%2520friends%2520groups%2520timeline.post%2520message.write&loginChannelId=1446101138&loginState=4gL6RnbXf4NBJOJEpIL4SF,1,/life/start-living/bulky-garbage-dropoff/
https://social-plugins.line.me/lineit/share?url=https%3A%2F%2Fmorimachi.enshu-lifehack.com%2Flife%2Fstart-living%2Fcertificates%2F&text=%E9%9D%99%E5%B2%A1%E7%9C%8C%E5%91%A8%E6%99%BA%E9%83%A1%E6%A3%AE%E7%94%BA%E3%81%AE%E6%A3%AE%E7%94%BA%E3%81%A7%E4%BD%8F%E6%B0%91%E7%A5%A8%E3%83%BB%E6%88%B8%E7%B1%8D%E3%83%BB%E5%8D%B0%E9%91%91%E8%A8%BC%E6%98%8E%E3%82%92%E6%9C%80%E7%9F%AD%E3%81%A7%E5%8F%97%E3%81%91%E5%8F%96%E3%82%8B%E3%80%82%E3%83%9E%E3%82%A4%E3%83%8A%E3%83%B3%E3%83%90%E3%83%BC%E3%82%AB%E3%83%BC%E3%83%89%E3%81%AA%E3%82%89%E3%82%B3%E3%83%B3%E3%83%93%E3%83%8B%E4%BA%A4%E4%BB%98%E3%81%8C%E4%BE%BF%E5%88%A9%E3%80%82%E3%80%81%E3%81%93%E3%81%93%E8%A6%8B%E3%82%8B%E3%81%A8%E6%97%A9%E3%81%84%E3%82%88,200,https://access.line.me/oauth2/v2.1/login?returnUri=%2Foauth2%2Fv2.1%2Fauthorize%2Fconsent%3Fresponse_type%3Dcode%26client_id%3D1446101138%26state%3D8b052aee9d290e0d75d8ca78196340%26redirect_uri%3Dhttps%253A%252F%252Fsocial-plugins.line.me%252Flineit%252FloginCallback%253FreturnUrl%253Dhttps%25253A%25252F%25252Fsocial-plugins.line.me%25252Flineit%25252Fshare%25253Furl%25253Dhttps%2525253A%2525252F%2525252Fmorimachi.enshu-lifehack.com%2525252Flife%2525252Fstart-living%2525252Fcertificates%2525252F%252526text%25253D%252525E9%2525259D%25252599%252525E5%252525B2%252525A1%252525E7%2525259C%2525258C%252525E5%25252591%252525A8%252525E6%25252599%252525BA%252525E9%25252583%252525A1%252525E6%252525A3%252525AE%252525E7%25252594%252525BA%252525E3%25252581%252525AE%252525E6%252525A3%252525AE%252525E7%25252594%252525BA%252525E3%25252581%252525A7%252525E4%252525BD%2525258F%252525E6%252525B0%25252591%252525E7%252525A5%252525A8%252525E3%25252583%252525BB%252525E6%25252588%252525B8%252525E7%252525B1%2525258D%252525E3%25252583%252525BB%252525E5%2525258D%252525B0%252525E9%25252591%25252591%252525E8%252525A8%252525BC%252525E6%25252598%2525258E%252525E3%25252582%25252592%252525E6%2525259C%25252580%252525E7%2525259F%252525AD%252525E3%25252581%252525A7%252525E5%2525258F%25252597%252525E3%25252581%25252591%252525E5%2525258F%25252596%252525E3%25252582%2525258B%252525E3%25252580%25252582%252525E3%25252583%2525259E%252525E3%25252582%252525A4%252525E3%25252583%2525258A%252525E3%25252583%252525B3%252525E3%25252583%25252590%252525E3%25252583%252525BC%252525E3%25252582%252525AB%252525E3%25252583%252525BC%252525E3%25252583%25252589%252525E3%25252581%252525AA%252525E3%25252582%25252589%252525E3%25252582%252525B3%252525E3%25252583%252525B3%252525E3%25252583%25252593%252525E3%25252583%2525258B%252525E4%252525BA%252525A4%252525E4%252525BB%25252598%252525E3%25252581%2525258C%252525E4%252525BE%252525BF%252525E5%25252588%252525A9%252525E3%25252580%25252582%252525E3%25252580%25252581%252525E3%25252581%25252593%252525E3%25252581%25252593%252525E8%252525A6%2525258B%252525E3%25252582%2525258B%252525E3%25252581%252525A8%252525E6%25252597%252525A9%252525E3%25252581%25252584%252525E3%25252582%25252588%26scope%3Dopenid%2520profile%2520friends%2520groups%2520timeline.post%2520message.write&loginChannelId=1446101138&loginState=NTtrkKaFGr6P3tlQe2AGBc,1,/life/start-living/certificates/
https://social-plugins.line.me/lineit/share?url=https%3A%2F%2Fmorimachi.enshu-lifehack.com%2Flife%2Fstart-living%2Fcity-hall-branches%2F&text=%E9%9D%99%E5%B2%A1%E7%9C%8C%E5%91%A8%E6%99%BA%E9%83%A1%E6%A3%AE%E7%94%BA%E3%81%AE%E6%A3%AE%E7%94%BA%E3%81%AE%E5%BD%B9%E5%A0%B4%E7%AA%93%E5%8F%A3%E3%81%AF%E6%9C%AC%E5%BA%81%E8%88%8E1%E3%81%8B%E6%89%80%E3%80%82%E6%94%AF%E6%89%80%E3%83%BB%E5%87%BA%E5%BC%B5%E6%89%80%E3%81%AF%E3%81%AA%E3%81%8F%E3%80%81%E6%B0%B4%E6%9B%9C%E3%81%AF%E6%99%82%E9%96%93%E5%A4%96%E7%AA%93%E5%8F%A3%E3%81%82%E3%82%8A%E3%80%82%E3%80%81%E3%81%93%E3%81%93%E8%A6%8B%E3%82%8B%E3%81%A8%E6%97%A9%E3%81%84%E3%82%88,200,https://access.line.me/oauth2/v2.1/login?returnUri=%2Foauth2%2Fv2.1%2Fauthorize%2Fconsent%3Fresponse_type%3Dcode%26client_id%3D1446101138%26state%3D7936ba7a824e90f73d439b75b0fcd5%26redirect_uri%3Dhttps%253A%252F%252Fsocial-plugins.line.me%252Flineit%252FloginCallback%253FreturnUrl%253Dhttps%25253A%25252F%25252Fsocial-plugins.line.me%25252Flineit%25252Fshare%25253Furl%25253Dhttps%2525253A%2525252F%2525252Fmorimachi.enshu-lifehack.com%2525252Flife%2525252Fstart-living%2525252Fcity-hall-branches%2525252F%252526text%25253D%252525E9%2525259D%25252599%252525E5%252525B2%252525A1%252525E7%2525259C%2525258C%252525E5%25252591%252525A8%252525E6%25252599%252525BA%252525E9%25252583%252525A1%252525E6%252525A3%252525AE%252525E7%25252594%252525BA%252525E3%25252581%252525AE%252525E6%252525A3%252525AE%252525E7%25252594%252525BA%252525E3%25252581%252525AE%252525E5%252525BD%252525B9%252525E5%252525A0%252525B4%252525E7%252525AA%25252593%252525E5%2525258F%252525A3%252525E3%25252581%252525AF%252525E6%2525259C%252525AC%252525E5%252525BA%25252581%252525E8%25252588%2525258E1%252525E3%25252581%2525258B%252525E6%25252589%25252580%252525E3%25252580%25252582%252525E6%25252594%252525AF%252525E6%25252589%25252580%252525E3%25252583%252525BB%252525E5%25252587%252525BA%252525E5%252525BC%252525B5%252525E6%25252589%25252580%252525E3%25252581%252525AF%252525E3%25252581%252525AA%252525E3%25252581%2525258F%252525E3%25252580%25252581%252525E6%252525B0%252525B4%252525E6%2525259B%2525259C%252525E3%25252581%252525AF%252525E6%25252599%25252582%252525E9%25252596%25252593%252525E5%252525A4%25252596%252525E7%252525AA%25252593%252525E5%2525258F%252525A3%252525E3%25252581%25252582%252525E3%25252582%2525258A%252525E3%25252580%25252582%252525E3%25252580%25252581%252525E3%25252581%25252593%252525E3%25252581%25252593%252525E8%252525A6%2525258B%252525E3%25252582%2525258B%252525E3%25252581%252525A8%252525E6%25252597%252525A9%252525E3%25252581%25252584%252525E3%25252582%25252588%26scope%3Dopenid%2520profile%2520friends%2520groups%2520timeline.post%2520message.write&loginChannelId=1446101138&loginState=82yZ3Nz6XhHLXSas95OOQl,1,/life/start-living/city-hall-branches/
https://social-plugins.line.me/lineit/share?url=https%3A%2F%2Fmorimachi.enshu-lifehack.com%2Flife%2Fstart-living%2Fdog-registration%2F&text=%E9%9D%99%E5%B2%A1%E7%9C%8C%E5%91%A8%E6%99%BA%E9%83%A1%E6%A3%AE%E7%94%BA%E3%81%AE%E6%A3%AE%E7%94%BA%E3%81%A7%E7%8A%AC%E3%81%AE%E7%99%BB%E9%8C%B2%E3%81%A8%E9%91%91%E6%9C%AD%E4%BA%A4%E4%BB%98%E3%82%92%E6%B8%88%E3%81%BE%E3%81%9B%E3%82%8B%E3%80%82%E7%8B%82%E7%8A%AC%E7%97%85%E4%BA%88%E9%98%B2%E6%B3%A8%E5%B0%84%E3%81%A8%E3%81%82%E3%82%8F%E3%81%9B%E3%81%A6%E6%89%8B%E7%B6%9A%E3%81%8D%E3%80%82%E3%80%81%E3%81%93%E3%81%93%E8%A6%8B%E3%82%8B%E3%81%A8%E6%97%A9%E3%81%84%E3%82%88,200,https://access.line.me/oauth2/v2.1/login?returnUri=%2Foauth2%2Fv2.1%2Fauthorize%2Fconsent%3Fresponse_type%3Dcode%26client_id%3D1446101138%26state%3D4ef3bc32ddfa4b1f2dde75d02dc85c%26redirect_uri%3Dhttps%253A%252F%252Fsocial-plugins.line.me%252Flineit%252FloginCallback%253FreturnUrl%253Dhttps%25253A%25252F%25252Fsocial-plugins.line.me%25252Flineit%25252Fshare%25253Furl%25253Dhttps%2525253A%2525252F%2525252Fmorimachi.enshu-lifehack.com%2525252Flife%2525252Fstart-living%2525252Fdog-registration%2525252F%252526text%25253D%252525E9%2525259D%25252599%252525E5%252525B2%252525A1%252525E7%2525259C%2525258C%252525E5%25252591%252525A8%252525E6%25252599%252525BA%252525E9%25252583%252525A1%252525E6%252525A3%252525AE%252525E7%25252594%252525BA%252525E3%25252581%252525AE%252525E6%252525A3%252525AE%252525E7%25252594%252525BA%252525E3%25252581%252525A7%252525E7%2525258A%252525AC%252525E3%25252581%252525AE%252525E7%25252599%252525BB%252525E9%2525258C%252525B2%252525E3%25252581%252525A8%252525E9%25252591%25252591%252525E6%2525259C%252525AD%252525E4%252525BA%252525A4%252525E4%252525BB%25252598%252525E3%25252582%25252592%252525E6%252525B8%25252588%252525E3%25252581%252525BE%252525E3%25252581%2525259B%252525E3%25252582%2525258B%252525E3%25252580%25252582%252525E7%2525258B%25252582%252525E7%2525258A%252525AC%252525E7%25252597%25252585%252525E4%252525BA%25252588%252525E9%25252598%252525B2%252525E6%252525B3%252525A8%252525E5%252525B0%25252584%252525E3%25252581%252525A8%252525E3%25252581%25252582%252525E3%25252582%2525258F%252525E3%25252581%2525259B%252525E3%25252581%252525A6%252525E6%25252589%2525258B%252525E7%252525B6%2525259A%252525E3%25252581%2525258D%252525E3%25252580%25252582%252525E3%25252580%25252581%252525E3%25252581%25252593%252525E3%25252581%25252593%252525E8%252525A6%2525258B%252525E3%25252582%2525258B%252525E3%25252581%252525A8%252525E6%25252597%252525A9%252525E3%25252581%25252584%252525E3%25252582%25252588%26scope%3Dopenid%2520profile%2520friends%2520groups%2520timeline.post%2520message.write&loginChannelId=1446101138&loginState=yaWDrq1FZa5xurnoeFluLk,1,/life/start-living/dog-registration/
https://social-plugins.line.me/lineit/share?url=https%3A%2F%2Fmorimachi.enshu-lifehack.com%2Flife%2Fstart-living%2Fhow-to-garbage%2F&text=%E9%9D%99%E5%B2%A1%E7%9C%8C%E5%91%A8%E6%99%BA%E9%83%A1%E6%A3%AE%E7%94%BA%E3%81%AE%E6%A3%AE%E7%94%BA%E3%81%AE%E5%AE%B6%E5%BA%AD%E3%81%94%E3%81%BF%E3%81%AE%E5%87%BA%E3%81%97%E6%96%B9%E3%80%82%E5%88%86%E5%88%A5%E8%A1%A8%E3%83%BB%E3%81%8B%E3%81%AA%E6%A4%9C%E7%B4%A2%E3%83%BB%E5%A4%9A%E8%A8%80%E8%AA%9E%E3%82%AC%E3%82%A4%E3%83%89%E3%81%A7%E7%A2%BA%E8%AA%8D%E3%81%A7%E3%81%8D%E3%82%8B%E3%80%82%E3%80%81%E3%81%93%E3%81%93%E8%A6%8B%E3%82%8B%E3%81%A8%E6%97%A9%E3%81%84%E3%82%88,200,https://access.line.me/oauth2/v2.1/login?returnUri=%2Foauth2%2Fv2.1%2Fauthorize%2Fconsent%3Fresponse_type%3Dcode%26client_id%3D1446101138%26state%3D9cc3546d2e1f290319c382bffb835f%26redirect_uri%3Dhttps%253A%252F%252Fsocial-plugins.line.me%252Flineit%252FloginCallback%253FreturnUrl%253Dhttps%25253A%25252F%25252Fsocial-plugins.line.me%25252Flineit%25252Fshare%25253Furl%25253Dhttps%2525253A%2525252F%2525252Fmorimachi.enshu-lifehack.com%2525252Flife%2525252Fstart-living%2525252Fhow-to-garbage%2525252F%252526text%25253D%252525E9%2525259D%25252599%252525E5%252525B2%252525A1%252525E7%2525259C%2525258C%252525E5%25252591%252525A8%252525E6%25252599%252525BA%252525E9%25252583%252525A1%252525E6%252525A3%252525AE%252525E7%25252594%252525BA%252525E3%25252581%252525AE%252525E6%252525A3%252525AE%252525E7%25252594%252525BA%252525E3%25252581%252525AE%252525E5%252525AE%252525B6%252525E5%252525BA%252525AD%252525E3%25252581%25252594%252525E3%25252581%252525BF%252525E3%25252581%252525AE%252525E5%25252587%252525BA%252525E3%25252581%25252597%252525E6%25252596%252525B9%252525E3%25252580%25252582%252525E5%25252588%25252586%252525E5%25252588%252525A5%252525E8%252525A1%252525A8%252525E3%25252583%252525BB%252525E3%25252581%2525258B%252525E3%25252581%252525AA%252525E6%252525A4%2525259C%252525E7%252525B4%252525A2%252525E3%25252583%252525BB%252525E5%252525A4%2525259A%252525E8%252525A8%25252580%252525E8%252525AA%2525259E%252525E3%25252582%252525AC%252525E3%25252582%252525A4%252525E3%25252583%25252589%252525E3%25252581%252525A7%252525E7%252525A2%252525BA%252525E8%252525AA%2525258D%252525E3%25252581%252525A7%252525E3%25252581%2525258D%252525E3%25252582%2525258B%252525E3%25252580%25252582%252525E3%25252580%25252581%252525E3%25252581%25252593%252525E3%25252581%25252593%252525E8%252525A6%2525258B%252525E3%25252582%2525258B%252525E3%25252581%252525A8%252525E6%25252597%252525A9%252525E3%25252581%25252584%252525E3%25252582%25252588%26scope%3Dopenid%2520profile%2520friends%2520groups%2520timeline.post%2520message.write&loginChannelId=1446101138&loginState=uPwqiBDfENQQshtEm0njqR,1,/life/start-living/how-to-garbage/
https://social-plugins.line.me/lineit/share?url=https%3A%2F%2Fmorimachi.enshu-lifehack.com%2Flife%2Fstart-living%2F&text=%E9%9D%99%E5%B2%A1%E7%9C%8C%E5%91%A8%E6%99%BA%E9%83%A1%E6%A3%AE%E7%94%BA%E3%81%AE%F0%9F%A7%AD%20%E6%A3%AE%E7%94%BA%E3%81%A7%E6%9A%AE%E3%82%89%E3%81%97%E5%A7%8B%E3%82%81%E3%81%9F%E3%80%81%E3%81%93%E3%81%93%E8%A6%8B%E3%82%8B%E3%81%A8%E6%97%A9%E3%81%84%E3%82%88,200,https://access.line.me/oauth2/v2.1/login?returnUri=%2Foauth2%2Fv2.1%2Fauthorize%2Fconsent%3Fresponse_type%3Dcode%26client_id%3D1446101138%26state%3D920d0c1eae9c724c8d4ece8d3baaa4%26redirect_uri%3Dhttps%253A%252F%252Fsocial-plugins.line.me%252Flineit%252FloginCallback%253FreturnUrl%253Dhttps%25253A%25252F%25252Fsocial-plugins.line.me%25252Flineit%25252Fshare%25253Furl%25253Dhttps%2525253A%2525252F%2525252Fmorimachi.enshu-lifehack.com%2525252Flife%2525252Fstart-living%2525252F%252526text%25253D%252525E9%2525259D%25252599%252525E5%252525B2%252525A1%252525E7%2525259C%2525258C%252525E5%25252591%252525A8%252525E6%25252599%252525BA%252525E9%25252583%252525A1%252525E6%252525A3%252525AE%252525E7%25252594%252525BA%252525E3%25252581%252525AE%252525F0%2525259F%252525A7%252525AD%25252520%252525E6%252525A3%252525AE%252525E7%25252594%252525BA%252525E3%25252581%252525A7%252525E6%2525259A%252525AE%252525E3%25252582%25252589%252525E3%25252581%25252597%252525E5%252525A7%2525258B%252525E3%25252582%25252581%252525E3%25252581%2525259F%252525E3%25252580%25252581%252525E3%25252581%25252593%252525E3%25252581%25252593%252525E8%252525A6%2525258B%252525E3%25252582%2525258B%252525E3%25252581%252525A8%252525E6%25252597%252525A9%252525E3%25252581%25252584%252525E3%25252582%25252588%26scope%3Dopenid%2520profile%2520friends%2520groups%2520timeline.post%2520message.write&loginChannelId=1446101138&loginState=SgBYE7iC5dXYKZmcKJRXfc,1,/life/start-living/
https://social-plugins.line.me/lineit/share?url=https%3A%2F%2Fmorimachi.enshu-lifehack.com%2Flife%2Fstart-living%2Fmoved-in%2F&text=%E9%9D%99%E5%B2%A1%E7%9C%8C%E5%91%A8%E6%99%BA%E9%83%A1%E6%A3%AE%E7%94%BA%E3%81%AE%E6%A3%AE%E7%94%BA%E3%81%AB%E5%BC%95%E3%81%A3%E8%B6%8A%E3%81%97%E3%81%A6%E3%81%8D%E3%81%9F%E3%82%89%E3%80%81%E8%BB%A2%E5%85%A5%E5%B1%8A%E2%86%92%E3%83%9E%E3%82%A4%E3%83%8A%E3%83%B3%E3%83%90%E3%83%BC%E2%86%92%E6%B0%B4%E9%81%93%E2%86%92%E3%81%94%E3%81%BF%E2%86%92%E7%8A%AC%E3%81%AE%E7%99%BB%E9%8C%B2%E3%81%AE%E9%A0%86%E3%81%A7%E7%89%87%E3%81%A5%E3%81%91%E3%82%8B%E3%80%82%E3%80%81%E3%81%93%E3%81%93%E8%A6%8B%E3%82%8B%E3%81%A8%E6%97%A9%E3%81%84%E3%82%88,200,https://access.line.me/oauth2/v2.1/login?returnUri=%2Foauth2%2Fv2.1%2Fauthorize%2Fconsent%3Fresponse_type%3Dcode%26client_id%3D1446101138%26state%3Dc9c67ccc0bcd5349cc099fad29e95c%26redirect_uri%3Dhttps%253A%252F%252Fsocial-plugins.line.me%252Flineit%252FloginCallback%253FreturnUrl%253Dhttps%25253A%25252F%25252Fsocial-plugins.line.me%25252Flineit%25252Fshare%25253Furl%25253Dhttps%2525253A%2525252F%2525252Fmorimachi.enshu-lifehack.com%2525252Flife%2525252Fstart-living%2525252Fmoved-in%2525252F%252526text%25253D%252525E9%2525259D%25252599%252525E5%252525B2%252525A1%252525E7%2525259C%2525258C%252525E5%25252591%252525A8%252525E6%25252599%252525BA%252525E9%25252583%252525A1%252525E6%252525A3%252525AE%252525E7%25252594%252525BA%252525E3%25252581%252525AE%252525E6%252525A3%252525AE%252525E7%25252594%252525BA%252525E3%25252581%252525AB%252525E5%252525BC%25252595%252525E3%25252581%252525A3%252525E8%252525B6%2525258A%252525E3%25252581%25252597%252525E3%25252581%252525A6%252525E3%25252581%2525258D%252525E3%25252581%2525259F%252525E3%25252582%25252589%252525E3%25252580%25252581%252525E8%252525BB%252525A2%252525E5%25252585%252525A5%252525E5%252525B1%2525258A%252525E2%25252586%25252592%252525E3%25252583%2525259E%252525E3%25252582%252525A4%252525E3%25252583%2525258A%252525E3%25252583%252525B3%252525E3%25252583%25252590%252525E3%25252583%252525BC%252525E2%25252586%25252592%252525E6%252525B0%252525B4%252525E9%25252581%25252593%252525E2%25252586%25252592%252525E3%25252581%25252594%252525E3%25252581%252525BF%252525E2%25252586%25252592%252525E7%2525258A%252525AC%252525E3%25252581%252525AE%252525E7%25252599%252525BB%252525E9%2525258C%252525B2%252525E3%25252581%252525AE%252525E9%252525A0%25252586%252525E3%25252581%252525A7%252525E7%25252589%25252587%252525E3%25252581%252525A5%252525E3%25252581%25252591%252525E3%25252582%2525258B%252525E3%25252580%25252582%252525E3%25252580%25252581%252525E3%25252581%25252593%252525E3%25252581%25252593%252525E8%252525A6%2525258B%252525E3%25252582%2525258B%252525E3%25252581%252525A8%252525E6%25252597%252525A9%252525E3%25252581%25252584%252525E3%25252582%25252588%26scope%3Dopenid%2520profile%2520friends%2520groups%2520timeline.post%2520message.write&loginChannelId=1446101138&loginState=15tunsZNtUZT2E6VcphXpl,1,/life/start-living/moved-in/
https://social-plugins.line.me/lineit/share?url=https%3A%2F%2Fmorimachi.enshu-lifehack.com%2Flife%2Fstart-living%2Fmynumber%2F&text=%E9%9D%99%E5%B2%A1%E7%9C%8C%E5%91%A8%E6%99%BA%E9%83%A1%E6%A3%AE%E7%94%BA%E3%81%AE%E6%A3%AE%E7%94%BA%E3%81%A7%E3%83%9E%E3%82%A4%E3%83%8A%E3%83%B3%E3%83%90%E3%83%BC%E3%82%AB%E3%83%BC%E3%83%89%E3%82%92%E7%94%B3%E8%AB%8B%E3%81%8B%E3%82%89%E5%8F%97%E3%81%91%E5%8F%96%E3%82%8A%E3%81%BE%E3%81%A7%E9%80%B2%E3%82%81%E3%82%8B%E3%80%82%E7%AA%93%E5%8F%A3%E3%81%AF%E3%82%BF%E3%83%96%E3%83%AC%E3%83%83%E3%83%88%E7%94%B3%E8%AB%8B%E3%81%AB%E3%82%82%E5%AF%BE%E5%BF%9C%E3%80%82%E3%80%81%E3%81%93%E3%81%93%E8%A6%8B%E3%82%8B%E3%81%A8%E6%97%A9%E3%81%84%E3%82%88,200,https://access.line.me/oauth2/v2.1/login?returnUri=%2Foauth2%2Fv2.1%2Fauthorize%2Fconsent%3Fresponse_type%3Dcode%26client_id%3D1446101138%26state%3D992cb8af692bfde91a78b0b03f3368%26redirect_uri%3Dhttps%253A%252F%252Fsocial-plugins.line.me%252Flineit%252FloginCallback%253FreturnUrl%253Dhttps%25253A%25252F%25252Fsocial-plugins.line.me%25252Flineit%25252Fshare%25253Furl%25253Dhttps%2525253A%2525252F%2525252Fmorimachi.enshu-lifehack.com%2525252Flife%2525252Fstart-living%2525252Fmynumber%2525252F%252526text%25253D%252525E9%2525259D%25252599%252525E5%252525B2%252525A1%252525E7%2525259C%2525258C%252525E5%25252591%252525A8%252525E6%25252599%252525BA%252525E9%25252583%252525A1%252525E6%252525A3%252525AE%252525E7%25252594%252525BA%252525E3%25252581%252525AE%252525E6%252525A3%252525AE%252525E7%25252594%252525BA%252525E3%25252581%252525A7%252525E3%25252583%2525259E%252525E3%25252582%252525A4%252525E3%25252583%2525258A%252525E3%25252583%252525B3%252525E3%25252583%25252590%252525E3%25252583%252525BC%252525E3%25252582%252525AB%252525E3%25252583%252525BC%252525E3%25252583%25252589%252525E3%25252582%25252592%252525E7%25252594%252525B3%252525E8%252525AB%2525258B%252525E3%25252581%2525258B%252525E3%25252582%25252589%252525E5%2525258F%25252597%252525E3%25252581%25252591%252525E5%2525258F%25252596%252525E3%25252582%2525258A%252525E3%25252581%252525BE%252525E3%25252581%252525A7%252525E9%25252580%252525B2%252525E3%25252582%25252581%252525E3%25252582%2525258B%252525E3%25252580%25252582%252525E7%252525AA%25252593%252525E5%2525258F%252525A3%252525E3%25252581%252525AF%252525E3%25252582%252525BF%252525E3%25252583%25252596%252525E3%25252583%252525AC%252525E3%25252583%25252583%252525E3%25252583%25252588%252525E7%25252594%252525B3%252525E8%252525AB%2525258B%252525E3%25252581%252525AB%252525E3%25252582%25252582%252525E5%252525AF%252525BE%252525E5%252525BF%2525259C%252525E3%25252580%25252582%252525E3%25252580%25252581%252525E3%25252581%25252593%252525E3%25252581%25252593%252525E8%252525A6%2525258B%252525E3%25252582%2525258B%252525E3%25252581%252525A8%252525E6%25252597%252525A9%252525E3%25252581%25252584%252525E3%25252582%25252588%26scope%3Dopenid%2520profile%2520friends%2520groups%2520timeline.post%2520message.write&loginChannelId=1446101138&loginState=w6E54bZmoWXTiN1ayxcHRb,1,/life/start-living/mynumber/
https://social-plugins.line.me/lineit/share?url=https%3A%2F%2Fmorimachi.enshu-lifehack.com%2Flife%2Fstart-living%2Fpets-lost-animals%2F&text=%E9%9D%99%E5%B2%A1%E7%9C%8C%E5%91%A8%E6%99%BA%E9%83%A1%E6%A3%AE%E7%94%BA%E3%81%AE%E6%A3%AE%E7%94%BA%E3%81%A7%E7%8A%AC%E3%82%84%E7%8C%AB%E3%81%8C%E3%81%84%E3%81%AA%E3%81%8F%E3%81%AA%E3%81%A3%E3%81%9F%E3%82%89%E3%80%81%E4%BD%8F%E6%B0%91%E7%94%9F%E6%B4%BB%E8%AA%B2%E3%83%BB%E4%BF%9D%E5%81%A5%E6%89%80%E3%83%BB%E8%AD%A6%E5%AF%9F%E3%81%AE3%E3%81%8B%E6%89%80%E3%81%B8%E9%80%A3%E7%B5%A1%E3%81%99%E3%82%8B%E3%80%82%E3%80%81%E3%81%93%E3%81%93%E8%A6%8B%E3%82%8B%E3%81%A8%E6%97%A9%E3%81%84%E3%82%88,200,https://access.line.me/oauth2/v2.1/login?returnUri=%2Foauth2%2Fv2.1%2Fauthorize%2Fconsent%3Fresponse_type%3Dcode%26client_id%3D1446101138%26state%3D6a8b57d56900592cf2ef8d8a65f495%26redirect_uri%3Dhttps%253A%252F%252Fsocial-plugins.line.me%252Flineit%252FloginCallback%253FreturnUrl%253Dhttps%25253A%25252F%25252Fsocial-plugins.line.me%25252Flineit%25252Fshare%25253Furl%25253Dhttps%2525253A%2525252F%2525252Fmorimachi.enshu-lifehack.com%2525252Flife%2525252Fstart-living%2525252Fpets-lost-animals%2525252F%252526text%25253D%252525E9%2525259D%25252599%252525E5%252525B2%252525A1%252525E7%2525259C%2525258C%252525E5%25252591%252525A8%252525E6%25252599%252525BA%252525E9%25252583%252525A1%252525E6%252525A3%252525AE%252525E7%25252594%252525BA%252525E3%25252581%252525AE%252525E6%252525A3%252525AE%252525E7%25252594%252525BA%252525E3%25252581%252525A7%252525E7%2525258A%252525AC%252525E3%25252582%25252584%252525E7%2525258C%252525AB%252525E3%25252581%2525258C%252525E3%25252581%25252584%252525E3%25252581%252525AA%252525E3%25252581%2525258F%252525E3%25252581%252525AA%252525E3%25252581%252525A3%252525E3%25252581%2525259F%252525E3%25252582%25252589%252525E3%25252580%25252581%252525E4%252525BD%2525258F%252525E6%252525B0%25252591%252525E7%25252594%2525259F%252525E6%252525B4%252525BB%252525E8%252525AA%252525B2%252525E3%25252583%252525BB%252525E4%252525BF%2525259D%252525E5%25252581%252525A5%252525E6%25252589%25252580%252525E3%25252583%252525BB%252525E8%252525AD%252525A6%252525E5%252525AF%2525259F%252525E3%25252581%252525AE3%252525E3%25252581%2525258B%252525E6%25252589%25252580%252525E3%25252581%252525B8%252525E9%25252580%252525A3%252525E7%252525B5%252525A1%252525E3%25252581%25252599%252525E3%25252582%2525258B%252525E3%25252580%25252582%252525E3%25252580%25252581%252525E3%25252581%25252593%252525E3%25252581%25252593%252525E8%252525A6%2525258B%252525E3%25252582%2525258B%252525E3%25252581%252525A8%252525E6%25252597%252525A9%252525E3%25252581%25252584%252525E3%25252582%25252588%26scope%3Dopenid%2520profile%2520friends%2520groups%2520timeline.post%2520message.write&loginChannelId=1446101138&loginState=teOE9ljzdGjbxQmUXahGVv,1,/life/start-living/pets-lost-animals/
https://social-plugins.line.me/lineit/share?url=https%3A%2F%2Fmorimachi.enshu-lifehack.com%2Flife%2Fstart-living%2Fpublic-transit%2F&text=%E9%9D%99%E5%B2%A1%E7%9C%8C%E5%91%A8%E6%99%BA%E9%83%A1%E6%A3%AE%E7%94%BA%E3%81%AE%E6%A3%AE%E7%94%BA%E3%81%AE%E5%85%AC%E5%85%B1%E4%BA%A4%E9%80%9A%E3%80%82%E7%94%BA%E5%96%B6%E3%83%90%E3%82%B9%EF%BC%88%E5%B2%A1%E5%B9%B8%E7%B7%9A%E3%83%BB%E5%90%89%E5%B7%9D%E7%B7%9A%EF%BC%89%E3%81%A8%E5%A4%A9%E7%AB%9C%E6%B5%9C%E5%90%8D%E6%B9%96%E9%89%84%E9%81%93%E3%83%BB%E7%A7%8B%E8%91%89%E3%83%90%E3%82%B9%E3%82%B5%E3%83%BC%E3%83%93%E3%82%B9%E3%82%92%E4%BD%BF%E3%81%84%E5%88%86%E3%81%91%E3%82%8B%E3%80%82%E3%80%81%E3%81%93%E3%81%93%E8%A6%8B%E3%82%8B%E3%81%A8%E6%97%A9%E3%81%84%E3%82%88,200,https://access.line.me/oauth2/v2.1/login?returnUri=%2Foauth2%2Fv2.1%2Fauthorize%2Fconsent%3Fresponse_type%3Dcode%26client_id%3D1446101138%26state%3D503d8b6b600232ccfae4df327762db%26redirect_uri%3Dhttps%253A%252F%252Fsocial-plugins.line.me%252Flineit%252FloginCallback%253FreturnUrl%253Dhttps%25253A%25252F%25252Fsocial-plugins.line.me%25252Flineit%25252Fshare%25253Furl%25253Dhttps%2525253A%2525252F%2525252Fmorimachi.enshu-lifehack.com%2525252Flife%2525252Fstart-living%2525252Fpublic-transit%2525252F%252526text%25253D%252525E9%2525259D%25252599%252525E5%252525B2%252525A1%252525E7%2525259C%2525258C%252525E5%25252591%252525A8%252525E6%25252599%252525BA%252525E9%25252583%252525A1%252525E6%252525A3%252525AE%252525E7%25252594%252525BA%252525E3%25252581%252525AE%252525E6%252525A3%252525AE%252525E7%25252594%252525BA%252525E3%25252581%252525AE%252525E5%25252585%252525AC%252525E5%25252585%252525B1%252525E4%252525BA%252525A4%252525E9%25252580%2525259A%252525E3%25252580%25252582%252525E7%25252594%252525BA%252525E5%25252596%252525B6%252525E3%25252583%25252590%252525E3%25252582%252525B9%252525EF%252525BC%25252588%252525E5%252525B2%252525A1%252525E5%252525B9%252525B8%252525E7%252525B7%2525259A%252525E3%25252583%252525BB%252525E5%25252590%25252589%252525E5%252525B7%2525259D%252525E7%252525B7%2525259A%252525EF%252525BC%25252589%252525E3%25252581%252525A8%252525E5%252525A4%252525A9%252525E7%252525AB%2525259C%252525E6%252525B5%2525259C%252525E5%25252590%2525258D%252525E6%252525B9%25252596%252525E9%25252589%25252584%252525E9%25252581%25252593%252525E3%25252583%252525BB%252525E7%252525A7%2525258B%252525E8%25252591%25252589%252525E3%25252583%25252590%252525E3%25252582%252525B9%252525E3%25252582%252525B5%252525E3%25252583%252525BC%252525E3%25252583%25252593%252525E3%25252582%252525B9%252525E3%25252582%25252592%252525E4%252525BD%252525BF%252525E3%25252581%25252584%252525E5%25252588%25252586%252525E3%25252581%25252591%252525E3%25252582%2525258B%252525E3%25252580%25252582%252525E3%25252580%25252581%252525E3%25252581%25252593%252525E3%25252581%25252593%252525E8%252525A6%2525258B%252525E3%25252582%2525258B%252525E3%25252581%252525A8%252525E6%25252597%252525A9%252525E3%25252581%25252584%252525E3%25252582%25252588%26scope%3Dopenid%2520profile%2520friends%2520groups%2520timeline.post%2520message.write&loginChannelId=1446101138&loginState=N55lX1hOPyzJJGxUIle9kX,1,/life/start-living/public-transit/
https://social-plugins.line.me/lineit/share?url=https%3A%2F%2Fmorimachi.enshu-lifehack.com%2Flife%2Fstart-living%2Fresident-registration%2F&text=%E9%9D%99%E5%B2%A1%E7%9C%8C%E5%91%A8%E6%99%BA%E9%83%A1%E6%A3%AE%E7%94%BA%E3%81%AE%E6%A3%AE%E7%94%BA%E3%81%A7%E4%BD%8F%E6%B0%91%E7%A5%A8%E3%82%92%E6%80%A5%E3%81%8E%E3%81%A7%E6%89%8B%E3%81%AB%E5%85%A5%E3%82%8C%E3%82%8B%E3%80%82%E3%82%B3%E3%83%B3%E3%83%93%E3%83%8B%E4%BA%A4%E4%BB%98%E3%81%AA%E3%82%89%E6%AF%8E%E6%97%A56%3A30-23%3A00%E3%80%81200%E5%86%86%E3%80%82%E3%80%81%E3%81%93%E3%81%93%E8%A6%8B%E3%82%8B%E3%81%A8%E6%97%A9%E3%81%84%E3%82%88,200,https://access.line.me/oauth2/v2.1/login?returnUri=%2Foauth2%2Fv2.1%2Fauthorize%2Fconsent%3Fresponse_type%3Dcode%26client_id%3D1446101138%26state%3D68e116f73b949d70980f541b44392c%26redirect_uri%3Dhttps%253A%252F%252Fsocial-plugins.line.me%252Flineit%252FloginCallback%253FreturnUrl%253Dhttps%25253A%25252F%25252Fsocial-plugins.line.me%25252Flineit%25252Fshare%25253Furl%25253Dhttps%2525253A%2525252F%2525252Fmorimachi.enshu-lifehack.com%2525252Flife%2525252Fstart-living%2525252Fresident-registration%2525252F%252526text%25253D%252525E9%2525259D%25252599%252525E5%252525B2%252525A1%252525E7%2525259C%2525258C%252525E5%25252591%252525A8%252525E6%25252599%252525BA%252525E9%25252583%252525A1%252525E6%252525A3%252525AE%252525E7%25252594%252525BA%252525E3%25252581%252525AE%252525E6%252525A3%252525AE%252525E7%25252594%252525BA%252525E3%25252581%252525A7%252525E4%252525BD%2525258F%252525E6%252525B0%25252591%252525E7%252525A5%252525A8%252525E3%25252582%25252592%252525E6%25252580%252525A5%252525E3%25252581%2525258E%252525E3%25252581%252525A7%252525E6%25252589%2525258B%252525E3%25252581%252525AB%252525E5%25252585%252525A5%252525E3%25252582%2525258C%252525E3%25252582%2525258B%252525E3%25252580%25252582%252525E3%25252582%252525B3%252525E3%25252583%252525B3%252525E3%25252583%25252593%252525E3%25252583%2525258B%252525E4%252525BA%252525A4%252525E4%252525BB%25252598%252525E3%25252581%252525AA%252525E3%25252582%25252589%252525E6%252525AF%2525258E%252525E6%25252597%252525A56%2525253A30-23%2525253A00%252525E3%25252580%25252581200%252525E5%25252586%25252586%252525E3%25252580%25252582%252525E3%25252580%25252581%252525E3%25252581%25252593%252525E3%25252581%25252593%252525E8%252525A6%2525258B%252525E3%25252582%2525258B%252525E3%25252581%252525A8%252525E6%25252597%252525A9%252525E3%25252581%25252584%252525E3%25252582%25252588%26scope%3Dopenid%2520profile%2520friends%2520groups%2520timeline.post%2520message.write&loginChannelId=1446101138&loginState=F836HI0MdgPl48aWcNF8uW,1,/life/start-living/resident-registration/
https://social-plugins.line.me/lineit/share?url=https%3A%2F%2Fmorimachi.enshu-lifehack.com%2Flife%2Fstart-living%2Fwater-sewer%2F&text=%E9%9D%99%E5%B2%A1%E7%9C%8C%E5%91%A8%E6%99%BA%E9%83%A1%E6%A3%AE%E7%94%BA%E3%81%AE%E6%A3%AE%E7%94%BA%E3%81%AE%E6%B0%B4%E9%81%93%E3%83%BB%E4%B8%8B%E6%B0%B4%E9%81%93%E6%96%99%E9%87%91%E3%81%AE%E4%BB%95%E7%B5%84%E3%81%BF%E3%80%82%E4%B8%8B%E6%B0%B4%E9%81%93%E3%81%AF%E5%9F%BA%E6%9C%AC%E6%96%99%E9%87%91%E6%9C%881%2C000%E5%86%86%E3%81%8B%E3%82%89%E6%AE%B5%E9%9A%8E%E5%88%B6%E3%80%82%E3%80%81%E3%81%93%E3%81%93%E8%A6%8B%E3%82%8B%E3%81%A8%E6%97%A9%E3%81%84%E3%82%88,200,https://access.line.me/oauth2/v2.1/login?returnUri=%2Foauth2%2Fv2.1%2Fauthorize%2Fconsent%3Fresponse_type%3Dcode%26client_id%3D1446101138%26state%3D5b26a72cf7c524069dcda860d4b7fd%26redirect_uri%3Dhttps%253A%252F%252Fsocial-plugins.line.me%252Flineit%252FloginCallback%253FreturnUrl%253Dhttps%25253A%25252F%25252Fsocial-plugins.line.me%25252Flineit%25252Fshare%25253Furl%25253Dhttps%2525253A%2525252F%2525252Fmorimachi.enshu-lifehack.com%2525252Flife%2525252Fstart-living%2525252Fwater-sewer%2525252F%252526text%25253D%252525E9%2525259D%25252599%252525E5%252525B2%252525A1%252525E7%2525259C%2525258C%252525E5%25252591%252525A8%252525E6%25252599%252525BA%252525E9%25252583%252525A1%252525E6%252525A3%252525AE%252525E7%25252594%252525BA%252525E3%25252581%252525AE%252525E6%252525A3%252525AE%252525E7%25252594%252525BA%252525E3%25252581%252525AE%252525E6%252525B0%252525B4%252525E9%25252581%25252593%252525E3%25252583%252525BB%252525E4%252525B8%2525258B%252525E6%252525B0%252525B4%252525E9%25252581%25252593%252525E6%25252596%25252599%252525E9%25252587%25252591%252525E3%25252581%252525AE%252525E4%252525BB%25252595%252525E7%252525B5%25252584%252525E3%25252581%252525BF%252525E3%25252580%25252582%252525E4%252525B8%2525258B%252525E6%252525B0%252525B4%252525E9%25252581%25252593%252525E3%25252581%252525AF%252525E5%2525259F%252525BA%252525E6%2525259C%252525AC%252525E6%25252596%25252599%252525E9%25252587%25252591%252525E6%2525259C%252525881%2525252C000%252525E5%25252586%25252586%252525E3%25252581%2525258B%252525E3%25252582%25252589%252525E6%252525AE%252525B5%252525E9%2525259A%2525258E%252525E5%25252588%252525B6%252525E3%25252580%25252582%252525E3%25252580%25252581%252525E3%25252581%25252593%252525E3%25252581%25252593%252525E8%252525A6%2525258B%252525E3%25252582%2525258B%252525E3%25252581%252525A8%252525E6%25252597%252525A9%252525E3%25252581%25252584%252525E3%25252582%25252588%26scope%3Dopenid%2520profile%2520friends%2520groups%2520timeline.post%2520message.write&loginChannelId=1446101138&loginState=ynSb7I0hPsHfS4g87Am4wP,1,/life/start-living/water-sewer/
https://social-plugins.line.me/lineit/share?url=https%3A%2F%2Fmorimachi.enshu-lifehack.com%2Flife%2Fstart-living%2Fwater-start-stop-fees%2F&text=%E9%9D%99%E5%B2%A1%E7%9C%8C%E5%91%A8%E6%99%BA%E9%83%A1%E6%A3%AE%E7%94%BA%E3%81%AE%E6%A3%AE%E7%94%BA%E3%81%A7%E6%B0%B4%E9%81%93%E3%81%AE%E4%BD%BF%E7%94%A8%E9%96%8B%E5%A7%8B%E3%83%BB%E4%B8%AD%E6%AD%A2%E3%82%92%E5%B1%8A%E3%81%91%E5%87%BA%E3%82%8B%E3%80%82%E6%9C%9F%E9%99%90%E3%81%AF%E9%96%89%E9%96%8B%E6%A0%93%E6%97%A5%E3%81%AE%E5%89%8D%E6%97%A5%E3%81%BE%E3%81%A7%EF%BC%88%E5%9C%9F%E6%97%A5%E7%A5%9D%E9%99%A4%E3%81%8F%EF%BC%89%E3%80%82%E3%80%81%E3%81%93%E3%81%93%E8%A6%8B%E3%82%8B%E3%81%A8%E6%97%A9%E3%81%84%E3%82%88,200,https://access.line.me/oauth2/v2.1/login?returnUri=%2Foauth2%2Fv2.1%2Fauthorize%2Fconsent%3Fresponse_type%3Dcode%26client_id%3D1446101138%26state%3D02ef66a757f00f8d3399a5f598942f%26redirect_uri%3Dhttps%253A%252F%252Fsocial-plugins.line.me%252Flineit%252FloginCallback%253FreturnUrl%253Dhttps%25253A%25252F%25252Fsocial-plugins.line.me%25252Flineit%25252Fshare%25253Furl%25253Dhttps%2525253A%2525252F%2525252Fmorimachi.enshu-lifehack.com%2525252Flife%2525252Fstart-living%2525252Fwater-start-stop-fees%2525252F%252526text%25253D%252525E9%2525259D%25252599%252525E5%252525B2%252525A1%252525E7%2525259C%2525258C%252525E5%25252591%252525A8%252525E6%25252599%252525BA%252525E9%25252583%252525A1%252525E6%252525A3%252525AE%252525E7%25252594%252525BA%252525E3%25252581%252525AE%252525E6%252525A3%252525AE%252525E7%25252594%252525BA%252525E3%25252581%252525A7%252525E6%252525B0%252525B4%252525E9%25252581%25252593%252525E3%25252581%252525AE%252525E4%252525BD%252525BF%252525E7%25252594%252525A8%252525E9%25252596%2525258B%252525E5%252525A7%2525258B%252525E3%25252583%252525BB%252525E4%252525B8%252525AD%252525E6%252525AD%252525A2%252525E3%25252582%25252592%252525E5%252525B1%2525258A%252525E3%25252581%25252591%252525E5%25252587%252525BA%252525E3%25252582%2525258B%252525E3%25252580%25252582%252525E6%2525259C%2525259F%252525E9%25252599%25252590%252525E3%25252581%252525AF%252525E9%25252596%25252589%252525E9%25252596%2525258B%252525E6%252525A0%25252593%252525E6%25252597%252525A5%252525E3%25252581%252525AE%252525E5%25252589%2525258D%252525E6%25252597%252525A5%252525E3%25252581%252525BE%252525E3%25252581%252525A7%252525EF%252525BC%25252588%252525E5%2525259C%2525259F%252525E6%25252597%252525A5%252525E7%252525A5%2525259D%252525E9%25252599%252525A4%252525E3%25252581%2525258F%252525EF%252525BC%25252589%252525E3%25252580%25252582%252525E3%25252580%25252581%252525E3%25252581%25252593%252525E3%25252581%25252593%252525E8%252525A6%2525258B%252525E3%25252582%2525258B%252525E3%25252581%252525A8%252525E6%25252597%252525A9%252525E3%25252581%25252584%252525E3%25252582%25252588%26scope%3Dopenid%2520profile%2520friends%2520groups%2520timeline.post%2520message.write&loginChannelId=1446101138&loginState=xATSKljGErGx4VMyu1Eu02,1,/life/start-living/water-start-stop-fees/
https://social-plugins.line.me/lineit/share?url=https%3A%2F%2Fmorimachi.enshu-lifehack.com%2Flife%2Ftroubles-consult%2Fanimal-pet-consultation%2F&text=%E9%9D%99%E5%B2%A1%E7%9C%8C%E5%91%A8%E6%99%BA%E9%83%A1%E6%A3%AE%E7%94%BA%E3%81%AE%E5%8B%95%E7%89%A9%E3%83%BB%E3%83%9A%E3%83%83%E3%83%88%E3%81%AE%E5%9B%B0%E3%82%8A%E3%81%94%E3%81%A8%E3%81%AF%E3%80%81%E6%A3%AE%E7%94%BA%E5%BD%B9%E5%A0%B4%E3%80%8C%E7%94%9F%E6%B4%BB%E7%92%B0%E5%A2%83%E4%BF%82%E3%80%8D%E3%81%B8%E7%9B%B8%E8%AB%87%E3%81%99%E3%82%8B%E3%80%82%E3%80%81%E3%81%93%E3%81%93%E8%A6%8B%E3%82%8B%E3%81%A8%E6%97%A9%E3%81%84%E3%82%88,200,https://access.line.me/oauth2/v2.1/login?returnUri=%2Foauth2%2Fv2.1%2Fauthorize%2Fconsent%3Fresponse_type%3Dcode%26client_id%3D1446101138%26state%3Dbc22c8f1d2e95e01d7ab74cf80305d%26redirect_uri%3Dhttps%253A%252F%252Fsocial-plugins.line.me%252Flineit%252FloginCallback%253FreturnUrl%253Dhttps%25253A%25252F%25252Fsocial-plugins.line.me%25252Flineit%25252Fshare%25253Furl%25253Dhttps%2525253A%2525252F%2525252Fmorimachi.enshu-lifehack.com%2525252Flife%2525252Ftroubles-consult%2525252Fanimal-pet-consultation%2525252F%252526text%25253D%252525E9%2525259D%25252599%252525E5%252525B2%252525A1%252525E7%2525259C%2525258C%252525E5%25252591%252525A8%252525E6%25252599%252525BA%252525E9%25252583%252525A1%252525E6%252525A3%252525AE%252525E7%25252594%252525BA%252525E3%25252581%252525AE%252525E5%2525258B%25252595%252525E7%25252589%252525A9%252525E3%25252583%252525BB%252525E3%25252583%2525259A%252525E3%25252583%25252583%252525E3%25252583%25252588%252525E3%25252581%252525AE%252525E5%2525259B%252525B0%252525E3%25252582%2525258A%252525E3%25252581%25252594%252525E3%25252581%252525A8%252525E3%25252581%252525AF%252525E3%25252580%25252581%252525E6%252525A3%252525AE%252525E7%25252594%252525BA%252525E5%252525BD%252525B9%252525E5%252525A0%252525B4%252525E3%25252580%2525258C%252525E7%25252594%2525259F%252525E6%252525B4%252525BB%252525E7%25252592%252525B0%252525E5%252525A2%25252583%252525E4%252525BF%25252582%252525E3%25252580%2525258D%252525E3%25252581%252525B8%252525E7%2525259B%252525B8%252525E8%252525AB%25252587%252525E3%25252581%25252599%252525E3%25252582%2525258B%252525E3%25252580%25252582%252525E3%25252580%25252581%252525E3%25252581%25252593%252525E3%25252581%25252593%252525E8%252525A6%2525258B%252525E3%25252582%2525258B%252525E3%25252581%252525A8%252525E6%25252597%252525A9%252525E3%25252581%25252584%252525E3%25252582%25252588%26scope%3Dopenid%2520profile%2520friends%2520groups%2520timeline.post%2520message.write&loginChannelId=1446101138&loginState=gAcmQOq6GGTi4I9ELS1py7,1,/life/troubles-consult/animal-pet-consultation/
https://social-plugins.line.me/lineit/share?url=https%3A%2F%2Fmorimachi.enshu-lifehack.com%2Flife%2Ftroubles-consult%2Fcannot-pay-tax%2F&text=%E9%9D%99%E5%B2%A1%E7%9C%8C%E5%91%A8%E6%99%BA%E9%83%A1%E6%A3%AE%E7%94%BA%E3%81%AE%E7%94%BA%E7%A8%8E%E3%83%BB%E5%9B%BD%E4%BF%9D%E7%A8%8E%E3%81%8C%E6%89%95%E3%81%88%E3%81%AA%E3%81%84%E3%81%A8%E3%81%8D%E3%81%AF%E3%80%81%E5%B7%AE%E6%8A%BC%E3%81%88%E3%81%AE%E5%89%8D%E3%81%AB%E6%A3%AE%E7%94%BA%E3%80%8C%E7%A8%8E%E5%8B%99%E8%AA%B2%E3%80%8D%E3%81%B8%E7%9B%B8%E8%AB%87%E3%81%99%E3%82%8B%E3%80%82%E3%80%81%E3%81%93%E3%81%93%E8%A6%8B%E3%82%8B%E3%81%A8%E6%97%A9%E3%81%84%E3%82%88,200,https://access.line.me/oauth2/v2.1/login?returnUri=%2Foauth2%2Fv2.1%2Fauthorize%2Fconsent%3Fresponse_type%3Dcode%26client_id%3D1446101138%26state%3D0796587232f23e9d7b76d992e630ae%26redirect_uri%3Dhttps%253A%252F%252Fsocial-plugins.line.me%252Flineit%252FloginCallback%253FreturnUrl%253Dhttps%25253A%25252F%25252Fsocial-plugins.line.me%25252Flineit%25252Fshare%25253Furl%25253Dhttps%2525253A%2525252F%2525252Fmorimachi.enshu-lifehack.com%2525252Flife%2525252Ftroubles-consult%2525252Fcannot-pay-tax%2525252F%252526text%25253D%252525E9%2525259D%25252599%252525E5%252525B2%252525A1%252525E7%2525259C%2525258C%252525E5%25252591%252525A8%252525E6%25252599%252525BA%252525E9%25252583%252525A1%252525E6%252525A3%252525AE%252525E7%25252594%252525BA%252525E3%25252581%252525AE%252525E7%25252594%252525BA%252525E7%252525A8%2525258E%252525E3%25252583%252525BB%252525E5%2525259B%252525BD%252525E4%252525BF%2525259D%252525E7%252525A8%2525258E%252525E3%25252581%2525258C%252525E6%25252589%25252595%252525E3%25252581%25252588%252525E3%25252581%252525AA%252525E3%25252581%25252584%252525E3%25252581%252525A8%252525E3%25252581%2525258D%252525E3%25252581%252525AF%252525E3%25252580%25252581%252525E5%252525B7%252525AE%252525E6%2525258A%252525BC%252525E3%25252581%25252588%252525E3%25252581%252525AE%252525E5%25252589%2525258D%252525E3%25252581%252525AB%252525E6%252525A3%252525AE%252525E7%25252594%252525BA%252525E3%25252580%2525258C%252525E7%252525A8%2525258E%252525E5%2525258B%25252599%252525E8%252525AA%252525B2%252525E3%25252580%2525258D%252525E3%25252581%252525B8%252525E7%2525259B%252525B8%252525E8%252525AB%25252587%252525E3%25252581%25252599%252525E3%25252582%2525258B%252525E3%25252580%25252582%252525E3%25252580%25252581%252525E3%25252581%25252593%252525E3%25252581%25252593%252525E8%252525A6%2525258B%252525E3%25252582%2525258B%252525E3%25252581%252525A8%252525E6%25252597%252525A9%252525E3%25252581%25252584%252525E3%25252582%25252588%26scope%3Dopenid%2520profile%2520friends%2520groups%2520timeline.post%2520message.write&loginChannelId=1446101138&loginState=4YUKRPw529LULFfY9Wa5T7,1,/life/troubles-consult/cannot-pay-tax/
https://social-plugins.line.me/lineit/share?url=https%3A%2F%2Fmorimachi.enshu-lifehack.com%2Flife%2Ftroubles-consult%2Fchild-consultation%2F&text=%E9%9D%99%E5%B2%A1%E7%9C%8C%E5%91%A8%E6%99%BA%E9%83%A1%E6%A3%AE%E7%94%BA%E3%81%AE%E5%AD%90%E3%81%A9%E3%82%82%E3%81%AE%E3%81%93%E3%81%A8%E3%81%A7%E4%B8%8D%E5%AE%89%E3%81%AA%E3%81%A8%E3%81%8D%E3%81%AF%E3%80%81%E6%A3%AE%E7%94%BA%E3%80%8C%E3%81%93%E3%81%A9%E3%82%82%E5%AE%B6%E5%BA%AD%E3%82%BB%E3%83%B3%E3%82%BF%E3%83%BC%E3%80%8D%E3%81%B8%E7%9B%B8%E8%AB%87%E3%81%99%E3%82%8B%E3%80%82%E3%80%81%E3%81%93%E3%81%93%E8%A6%8B%E3%82%8B%E3%81%A8%E6%97%A9%E3%81%84%E3%82%88,200,https://access.line.me/oauth2/v2.1/login?returnUri=%2Foauth2%2Fv2.1%2Fauthorize%2Fconsent%3Fresponse_type%3Dcode%26client_id%3D1446101138%26state%3D40c02b43a597cf1a315ae3be0b1227%26redirect_uri%3Dhttps%253A%252F%252Fsocial-plugins.line.me%252Flineit%252FloginCallback%253FreturnUrl%253Dhttps%25253A%25252F%25252Fsocial-plugins.line.me%25252Flineit%25252Fshare%25253Furl%25253Dhttps%2525253A%2525252F%2525252Fmorimachi.enshu-lifehack.com%2525252Flife%2525252Ftroubles-consult%2525252Fchild-consultation%2525252F%252526text%25253D%252525E9%2525259D%25252599%252525E5%252525B2%252525A1%252525E7%2525259C%2525258C%252525E5%25252591%252525A8%252525E6%25252599%252525BA%252525E9%25252583%252525A1%252525E6%252525A3%252525AE%252525E7%25252594%252525BA%252525E3%25252581%252525AE%252525E5%252525AD%25252590%252525E3%25252581%252525A9%252525E3%25252582%25252582%252525E3%25252581%252525AE%252525E3%25252581%25252593%252525E3%25252581%252525A8%252525E3%25252581%252525A7%252525E4%252525B8%2525258D%252525E5%252525AE%25252589%252525E3%25252581%252525AA%252525E3%25252581%252525A8%252525E3%25252581%2525258D%252525E3%25252581%252525AF%252525E3%25252580%25252581%252525E6%252525A3%252525AE%252525E7%25252594%252525BA%252525E3%25252580%2525258C%252525E3%25252581%25252593%252525E3%25252581%252525A9%252525E3%25252582%25252582%252525E5%252525AE%252525B6%252525E5%252525BA%252525AD%252525E3%25252582%252525BB%252525E3%25252583%252525B3%252525E3%25252582%252525BF%252525E3%25252583%252525BC%252525E3%25252580%2525258D%252525E3%25252581%252525B8%252525E7%2525259B%252525B8%252525E8%252525AB%25252587%252525E3%25252581%25252599%252525E3%25252582%2525258B%252525E3%25252580%25252582%252525E3%25252580%25252581%252525E3%25252581%25252593%252525E3%25252581%25252593%252525E8%252525A6%2525258B%252525E3%25252582%2525258B%252525E3%25252581%252525A8%252525E6%25252597%252525A9%252525E3%25252581%25252584%252525E3%25252582%25252588%26scope%3Dopenid%2520profile%2520friends%2520groups%2520timeline.post%2520message.write&loginChannelId=1446101138&loginState=AO7f9ikiAFYglsh6dQzl5m,1,/life/troubles-consult/child-consultation/
https://social-plugins.line.me/lineit/share?url=https%3A%2F%2Fmorimachi.enshu-lifehack.com%2Flife%2Ftroubles-consult%2Fconsumer-fraud%2F&text=%E9%9D%99%E5%B2%A1%E7%9C%8C%E5%91%A8%E6%99%BA%E9%83%A1%E6%A3%AE%E7%94%BA%E3%81%AE%E3%81%A0%E3%81%BE%E3%81%95%E3%82%8C%E3%81%9F%E3%81%8B%E3%82%82%E3%80%81%E5%A5%91%E7%B4%84%E3%81%97%E3%81%A6%E3%81%97%E3%81%BE%E3%81%A3%E3%81%9F%E3%80%82%E6%A3%AE%E7%94%BA%E3%80%8C%E7%94%BA%E6%B0%91%E7%94%9F%E6%B4%BB%E3%82%BB%E3%83%B3%E3%82%BF%E3%83%BC%E3%80%8D%E3%81%AE%E6%B6%88%E8%B2%BB%E7%94%9F%E6%B4%BB%E7%9B%B8%E8%AB%87%E3%81%B8%E6%97%A9%E3%82%81%E3%81%AB%E7%9B%B8%E8%AB%87%E3%81%99%E3%82%8B%E3%80%82%E3%80%81%E3%81%93%E3%81%93%E8%A6%8B%E3%82%8B%E3%81%A8%E6%97%A9%E3%81%84%E3%82%88,200,https://access.line.me/oauth2/v2.1/login?returnUri=%2Foauth2%2Fv2.1%2Fauthorize%2Fconsent%3Fresponse_type%3Dcode%26client_id%3D1446101138%26state%3D3d7b1fe45e95fc7338853385a1ef52%26redirect_uri%3Dhttps%253A%252F%252Fsocial-plugins.line.me%252Flineit%252FloginCallback%253FreturnUrl%253Dhttps%25253A%25252F%25252Fsocial-plugins.line.me%25252Flineit%25252Fshare%25253Furl%25253Dhttps%2525253A%2525252F%2525252Fmorimachi.enshu-lifehack.com%2525252Flife%2525252Ftroubles-consult%2525252Fconsumer-fraud%2525252F%252526text%25253D%252525E9%2525259D%25252599%252525E5%252525B2%252525A1%252525E7%2525259C%2525258C%252525E5%25252591%252525A8%252525E6%25252599%252525BA%252525E9%25252583%252525A1%252525E6%252525A3%252525AE%252525E7%25252594%252525BA%252525E3%25252581%252525AE%252525E3%25252581%252525A0%252525E3%25252581%252525BE%252525E3%25252581%25252595%252525E3%25252582%2525258C%252525E3%25252581%2525259F%252525E3%25252581%2525258B%252525E3%25252582%25252582%252525E3%25252580%25252581%252525E5%252525A5%25252591%252525E7%252525B4%25252584%252525E3%25252581%25252597%252525E3%25252581%252525A6%252525E3%25252581%25252597%252525E3%25252581%252525BE%252525E3%25252581%252525A3%252525E3%25252581%2525259F%252525E3%25252580%25252582%252525E6%252525A3%252525AE%252525E7%25252594%252525BA%252525E3%25252580%2525258C%252525E7%25252594%252525BA%252525E6%252525B0%25252591%252525E7%25252594%2525259F%252525E6%252525B4%252525BB%252525E3%25252582%252525BB%252525E3%25252583%252525B3%252525E3%25252582%252525BF%252525E3%25252583%252525BC%252525E3%25252580%2525258D%252525E3%25252581%252525AE%252525E6%252525B6%25252588%252525E8%252525B2%252525BB%252525E7%25252594%2525259F%252525E6%252525B4%252525BB%252525E7%2525259B%252525B8%252525E8%252525AB%25252587%252525E3%25252581%252525B8%252525E6%25252597%252525A9%252525E3%25252582%25252581%252525E3%25252581%252525AB%252525E7%2525259B%252525B8%252525E8%252525AB%25252587%252525E3%25252581%25252599%252525E3%25252582%2525258B%252525E3%25252580%25252582%252525E3%25252580%25252581%252525E3%25252581%25252593%252525E3%25252581%25252593%252525E8%252525A6%2525258B%252525E3%25252582%2525258B%252525E3%25252581%252525A8%252525E6%25252597%252525A9%252525E3%25252581%25252584%252525E3%25252582%25252588%26scope%3Dopenid%2520profile%2520friends%2520groups%2520timeline.post%2520message.write&loginChannelId=1446101138&loginState=hV5nS70h4RJEIetuANxy84,1,/life/troubles-consult/consumer-fraud/
https://social-plugins.line.me/lineit/share?url=https%3A%2F%2Fmorimachi.enshu-lifehack.com%2Flife%2Ftroubles-consult%2Ffarmland%2Fcertificates%2F&text=%E9%9D%99%E5%B2%A1%E7%9C%8C%E5%91%A8%E6%99%BA%E9%83%A1%E6%A3%AE%E7%94%BA%E3%81%AE%E8%BE%B2%E5%9C%B0%E3%81%AE%E8%A8%BC%E6%98%8E%EF%BC%88%E8%80%95%E4%BD%9C%E8%A8%BC%E6%98%8E%E3%83%BB%E9%9D%9E%E8%BE%B2%E5%9C%B0%E8%A8%BC%E6%98%8E%E7%AD%89%EF%BC%89%E3%81%AF%E3%80%81%E6%A3%AE%E7%94%BA%E3%80%8C%E8%BE%B2%E6%9E%97%E6%94%BF%E7%AD%96%E8%AA%B2%20%E8%BE%B2%E5%9C%B0%E7%AE%A1%E7%90%86%E4%BF%82%E3%80%8D%EF%BC%88%E8%BE%B2%E6%A5%AD%E5%A7%94%E5%93%A1%E4%BC%9A%E4%BA%8B%E5%8B%99%E5%B1%80%EF%BC%89%E3%81%B8%E7%A2%BA%E8%AA%8D%E3%81%99%E3%82%8B%E3%80%82%E3%80%81%E3%81%93%E3%81%93%E8%A6%8B%E3%82%8B%E3%81%A8%E6%97%A9%E3%81%84%E3%82%88,200,https://access.line.me/oauth2/v2.1/login?returnUri=%2Foauth2%2Fv2.1%2Fauthorize%2Fconsent%3Fresponse_type%3Dcode%26client_id%3D1446101138%26state%3D8347592962f12d04650fb0d24f8151%26redirect_uri%3Dhttps%253A%252F%252Fsocial-plugins.line.me%252Flineit%252FloginCallback%253FreturnUrl%253Dhttps%25253A%25252F%25252Fsocial-plugins.line.me%25252Flineit%25252Fshare%25253Furl%25253Dhttps%2525253A%2525252F%2525252Fmorimachi.enshu-lifehack.com%2525252Flife%2525252Ftroubles-consult%2525252Ffarmland%2525252Fcertificates%2525252F%252526text%25253D%252525E9%2525259D%25252599%252525E5%252525B2%252525A1%252525E7%2525259C%2525258C%252525E5%25252591%252525A8%252525E6%25252599%252525BA%252525E9%25252583%252525A1%252525E6%252525A3%252525AE%252525E7%25252594%252525BA%252525E3%25252581%252525AE%252525E8%252525BE%252525B2%252525E5%2525259C%252525B0%252525E3%25252581%252525AE%252525E8%252525A8%252525BC%252525E6%25252598%2525258E%252525EF%252525BC%25252588%252525E8%25252580%25252595%252525E4%252525BD%2525259C%252525E8%252525A8%252525BC%252525E6%25252598%2525258E%252525E3%25252583%252525BB%252525E9%2525259D%2525259E%252525E8%252525BE%252525B2%252525E5%2525259C%252525B0%252525E8%252525A8%252525BC%252525E6%25252598%2525258E%252525E7%252525AD%25252589%252525EF%252525BC%25252589%252525E3%25252581%252525AF%252525E3%25252580%25252581%252525E6%252525A3%252525AE%252525E7%25252594%252525BA%252525E3%25252580%2525258C%252525E8%252525BE%252525B2%252525E6%2525259E%25252597%252525E6%25252594%252525BF%252525E7%252525AD%25252596%252525E8%252525AA%252525B2%25252520%252525E8%252525BE%252525B2%252525E5%2525259C%252525B0%252525E7%252525AE%252525A1%252525E7%25252590%25252586%252525E4%252525BF%25252582%252525E3%25252580%2525258D%252525EF%252525BC%25252588%252525E8%252525BE%252525B2%252525E6%252525A5%252525AD%252525E5%252525A7%25252594%252525E5%25252593%252525A1%252525E4%252525BC%2525259A%252525E4%252525BA%2525258B%252525E5%2525258B%25252599%252525E5%252525B1%25252580%252525EF%252525BC%25252589%252525E3%25252581%252525B8%252525E7%252525A2%252525BA%252525E8%252525AA%2525258D%252525E3%25252581%25252599%252525E3%25252582%2525258B%252525E3%25252580%25252582%252525E3%25252580%25252581%252525E3%25252581%25252593%252525E3%25252581%25252593%252525E8%252525A6%2525258B%252525E3%25252582%2525258B%252525E3%25252581%252525A8%252525E6%25252597%252525A9%252525E3%25252581%25252584%252525E3%25252582%25252588%26scope%3Dopenid%2520profile%2520friends%2520groups%2520timeline.post%2520message.write&loginChannelId=1446101138&loginState=dam8aV9L5RfkvIoRmEVyma,1,/life/troubles-consult/farmland/certificates/
https://social-plugins.line.me/lineit/share?url=https%3A%2F%2Fmorimachi.enshu-lifehack.com%2Flife%2Ftroubles-consult%2Ffarmland%2Fconversion%2F&text=%E9%9D%99%E5%B2%A1%E7%9C%8C%E5%91%A8%E6%99%BA%E9%83%A1%E6%A3%AE%E7%94%BA%E3%81%AE%E8%BE%B2%E5%9C%B0%E3%82%92%E5%AE%85%E5%9C%B0%E3%83%BB%E9%A7%90%E8%BB%8A%E5%A0%B4%E3%81%AB%E3%81%99%E3%82%8B%E3%81%A8%E3%81%8D%EF%BC%88%E8%BE%B2%E5%9C%B0%E6%B3%954%E6%9D%A1%E3%83%BB5%E6%9D%A1%EF%BC%89%E3%81%AF%E3%80%81%E6%A3%AE%E7%94%BA%E3%80%8C%E8%BE%B2%E6%9E%97%E6%94%BF%E7%AD%96%E8%AA%B2%20%E8%BE%B2%E5%9C%B0%E7%AE%A1%E7%90%86%E4%BF%82%E3%80%8D%EF%BC%88%E8%BE%B2%E6%A5%AD%E5%A7%94%E5%93%A1%E4%BC%9A%EF%BC%89%E3%81%B8%E4%BA%8B%E5%89%8D%E7%9B%B8%E8%AB%87%E3%81%99%E3%82%8B%E3%80%82%E3%80%81%E3%81%93%E3%81%93%E8%A6%8B%E3%82%8B%E3%81%A8%E6%97%A9%E3%81%84%E3%82%88,200,https://access.line.me/oauth2/v2.1/login?returnUri=%2Foauth2%2Fv2.1%2Fauthorize%2Fconsent%3Fresponse_type%3Dcode%26client_id%3D1446101138%26state%3D2cb4685725c705831683f66eebf7a0%26redirect_uri%3Dhttps%253A%252F%252Fsocial-plugins.line.me%252Flineit%252FloginCallback%253FreturnUrl%253Dhttps%25253A%25252F%25252Fsocial-plugins.line.me%25252Flineit%25252Fshare%25253Furl%25253Dhttps%2525253A%2525252F%2525252Fmorimachi.enshu-lifehack.com%2525252Flife%2525252Ftroubles-consult%2525252Ffarmland%2525252Fconversion%2525252F%252526text%25253D%252525E9%2525259D%25252599%252525E5%252525B2%252525A1%252525E7%2525259C%2525258C%252525E5%25252591%252525A8%252525E6%25252599%252525BA%252525E9%25252583%252525A1%252525E6%252525A3%252525AE%252525E7%25252594%252525BA%252525E3%25252581%252525AE%252525E8%252525BE%252525B2%252525E5%2525259C%252525B0%252525E3%25252582%25252592%252525E5%252525AE%25252585%252525E5%2525259C%252525B0%252525E3%25252583%252525BB%252525E9%252525A7%25252590%252525E8%252525BB%2525258A%252525E5%252525A0%252525B4%252525E3%25252581%252525AB%252525E3%25252581%25252599%252525E3%25252582%2525258B%252525E3%25252581%252525A8%252525E3%25252581%2525258D%252525EF%252525BC%25252588%252525E8%252525BE%252525B2%252525E5%2525259C%252525B0%252525E6%252525B3%252525954%252525E6%2525259D%252525A1%252525E3%25252583%252525BB5%252525E6%2525259D%252525A1%252525EF%252525BC%25252589%252525E3%25252581%252525AF%252525E3%25252580%25252581%252525E6%252525A3%252525AE%252525E7%25252594%252525BA%252525E3%25252580%2525258C%252525E8%252525BE%252525B2%252525E6%2525259E%25252597%252525E6%25252594%252525BF%252525E7%252525AD%25252596%252525E8%252525AA%252525B2%25252520%252525E8%252525BE%252525B2%252525E5%2525259C%252525B0%252525E7%252525AE%252525A1%252525E7%25252590%25252586%252525E4%252525BF%25252582%252525E3%25252580%2525258D%252525EF%252525BC%25252588%252525E8%252525BE%252525B2%252525E6%252525A5%252525AD%252525E5%252525A7%25252594%252525E5%25252593%252525A1%252525E4%252525BC%2525259A%252525EF%252525BC%25252589%252525E3%25252581%252525B8%252525E4%252525BA%2525258B%252525E5%25252589%2525258D%252525E7%2525259B%252525B8%252525E8%252525AB%25252587%252525E3%25252581%25252599%252525E3%25252582%2525258B%252525E3%25252580%25252582%252525E3%25252580%25252581%252525E3%25252581%25252593%252525E3%25252581%25252593%252525E8%252525A6%2525258B%252525E3%25252582%2525258B%252525E3%25252581%252525A8%252525E6%25252597%252525A9%252525E3%25252581%25252584%252525E3%25252582%25252588%26scope%3Dopenid%2520profile%2520friends%2520groups%2520timeline.post%2520message.write&loginChannelId=1446101138&loginState=bhIWCbljgtlYek2WkAHJAS,1,/life/troubles-consult/farmland/conversion/
https://social-plugins.line.me/lineit/share?url=https%3A%2F%2Fmorimachi.enshu-lifehack.com%2Flife%2Ftroubles-consult%2Ffarmland%2F&text=%E9%9D%99%E5%B2%A1%E7%9C%8C%E5%91%A8%E6%99%BA%E9%83%A1%E6%A3%AE%E7%94%BA%E3%81%AE%E7%9B%B8%E7%B6%9A%E3%81%97%E3%81%9F%E7%94%B0%E3%82%93%E3%81%BC%E3%83%BB%E7%95%91%E3%82%92%E3%81%A9%E3%81%86%E3%81%99%E3%82%8C%E3%81%B0%E3%81%84%E3%81%84%E3%81%8B%E5%88%86%E3%81%8B%E3%82%89%E3%81%AA%E3%81%84%E3%81%A8%E3%81%8D%E3%81%AF%E3%80%81%E6%A3%AE%E7%94%BA%E3%80%8C%E8%BE%B2%E6%9E%97%E6%94%BF%E7%AD%96%E8%AA%B2%20%E8%BE%B2%E5%9C%B0%E7%AE%A1%E7%90%86%E4%BF%82%E3%80%8D%EF%BC%88%E8%BE%B2%E6%A5%AD%E5%A7%94%E5%93%A1%E4%BC%9A%EF%BC%89%E3%81%AB%E7%9B%B8%E8%AB%87%E3%81%8B%E3%82%89%E5%A7%8B%E3%82%81%E3%82%8B%E3%80%82%E3%80%81%E3%81%93%E3%81%93%E8%A6%8B%E3%82%8B%E3%81%A8%E6%97%A9%E3%81%84%E3%82%88,200,https://access.line.me/oauth2/v2.1/login?returnUri=%2Foauth2%2Fv2.1%2Fauthorize%2Fconsent%3Fresponse_type%3Dcode%26client_id%3D1446101138%26state%3D66f8770d0accc734b7327e79181b2a%26redirect_uri%3Dhttps%253A%252F%252Fsocial-plugins.line.me%252Flineit%252FloginCallback%253FreturnUrl%253Dhttps%25253A%25252F%25252Fsocial-plugins.line.me%25252Flineit%25252Fshare%25253Furl%25253Dhttps%2525253A%2525252F%2525252Fmorimachi.enshu-lifehack.com%2525252Flife%2525252Ftroubles-consult%2525252Ffarmland%2525252F%252526text%25253D%252525E9%2525259D%25252599%252525E5%252525B2%252525A1%252525E7%2525259C%2525258C%252525E5%25252591%252525A8%252525E6%25252599%252525BA%252525E9%25252583%252525A1%252525E6%252525A3%252525AE%252525E7%25252594%252525BA%252525E3%25252581%252525AE%252525E7%2525259B%252525B8%252525E7%252525B6%2525259A%252525E3%25252581%25252597%252525E3%25252581%2525259F%252525E7%25252594%252525B0%252525E3%25252582%25252593%252525E3%25252581%252525BC%252525E3%25252583%252525BB%252525E7%25252595%25252591%252525E3%25252582%25252592%252525E3%25252581%252525A9%252525E3%25252581%25252586%252525E3%25252581%25252599%252525E3%25252582%2525258C%252525E3%25252581%252525B0%252525E3%25252581%25252584%252525E3%25252581%25252584%252525E3%25252581%2525258B%252525E5%25252588%25252586%252525E3%25252581%2525258B%252525E3%25252582%25252589%252525E3%25252581%252525AA%252525E3%25252581%25252584%252525E3%25252581%252525A8%252525E3%25252581%2525258D%252525E3%25252581%252525AF%252525E3%25252580%25252581%252525E6%252525A3%252525AE%252525E7%25252594%252525BA%252525E3%25252580%2525258C%252525E8%252525BE%252525B2%252525E6%2525259E%25252597%252525E6%25252594%252525BF%252525E7%252525AD%25252596%252525E8%252525AA%252525B2%25252520%252525E8%252525BE%252525B2%252525E5%2525259C%252525B0%252525E7%252525AE%252525A1%252525E7%25252590%25252586%252525E4%252525BF%25252582%252525E3%25252580%2525258D%252525EF%252525BC%25252588%252525E8%252525BE%252525B2%252525E6%252525A5%252525AD%252525E5%252525A7%25252594%252525E5%25252593%252525A1%252525E4%252525BC%2525259A%252525EF%252525BC%25252589%252525E3%25252581%252525AB%252525E7%2525259B%252525B8%252525E8%252525AB%25252587%252525E3%25252581%2525258B%252525E3%25252582%25252589%252525E5%252525A7%2525258B%252525E3%25252582%25252581%252525E3%25252582%2525258B%252525E3%25252580%25252582%252525E3%25252580%25252581%252525E3%25252581%25252593%252525E3%25252581%25252593%252525E8%252525A6%2525258B%252525E3%25252582%2525258B%252525E3%25252581%252525A8%252525E6%25252597%252525A9%252525E3%25252581%25252584%252525E3%25252582%25252588%26scope%3Dopenid%2520profile%2520friends%2520groups%2520timeline.post%2520message.write&loginChannelId=1446101138&loginState=GsdRSBMKxK8KUvIIYWItos,1,/life/troubles-consult/farmland/
https://social-plugins.line.me/lineit/share?url=https%3A%2F%2Fmorimachi.enshu-lifehack.com%2Flife%2Ftroubles-consult%2Ffarmland%2Finheritance%2F&text=%E9%9D%99%E5%B2%A1%E7%9C%8C%E5%91%A8%E6%99%BA%E9%83%A1%E6%A3%AE%E7%94%BA%E3%81%AE%E8%BE%B2%E5%9C%B0%E3%82%92%E7%9B%B8%E7%B6%9A%E3%81%97%E3%81%9F%E3%82%89%E3%80%81%E6%A3%AE%E7%94%BA%E3%80%8C%E8%BE%B2%E6%9E%97%E6%94%BF%E7%AD%96%E8%AA%B2%20%E8%BE%B2%E5%9C%B0%E7%AE%A1%E7%90%86%E4%BF%82%E3%80%8D%EF%BC%88%E8%BE%B2%E6%A5%AD%E5%A7%94%E5%93%A1%E4%BC%9A%EF%BC%89%E3%81%B8%E3%81%AE%E5%B1%8A%E5%87%BA%E3%81%8B%E3%82%89%E6%95%B4%E7%90%86%E3%81%99%E3%82%8B%E3%80%82%E3%80%81%E3%81%93%E3%81%93%E8%A6%8B%E3%82%8B%E3%81%A8%E6%97%A9%E3%81%84%E3%82%88,200,https://access.line.me/oauth2/v2.1/login?returnUri=%2Foauth2%2Fv2.1%2Fauthorize%2Fconsent%3Fresponse_type%3Dcode%26client_id%3D1446101138%26state%3D64d3c6121779857c856923d8a9e7e3%26redirect_uri%3Dhttps%253A%252F%252Fsocial-plugins.line.me%252Flineit%252FloginCallback%253FreturnUrl%253Dhttps%25253A%25252F%25252Fsocial-plugins.line.me%25252Flineit%25252Fshare%25253Furl%25253Dhttps%2525253A%2525252F%2525252Fmorimachi.enshu-lifehack.com%2525252Flife%2525252Ftroubles-consult%2525252Ffarmland%2525252Finheritance%2525252F%252526text%25253D%252525E9%2525259D%25252599%252525E5%252525B2%252525A1%252525E7%2525259C%2525258C%252525E5%25252591%252525A8%252525E6%25252599%252525BA%252525E9%25252583%252525A1%252525E6%252525A3%252525AE%252525E7%25252594%252525BA%252525E3%25252581%252525AE%252525E8%252525BE%252525B2%252525E5%2525259C%252525B0%252525E3%25252582%25252592%252525E7%2525259B%252525B8%252525E7%252525B6%2525259A%252525E3%25252581%25252597%252525E3%25252581%2525259F%252525E3%25252582%25252589%252525E3%25252580%25252581%252525E6%252525A3%252525AE%252525E7%25252594%252525BA%252525E3%25252580%2525258C%252525E8%252525BE%252525B2%252525E6%2525259E%25252597%252525E6%25252594%252525BF%252525E7%252525AD%25252596%252525E8%252525AA%252525B2%25252520%252525E8%252525BE%252525B2%252525E5%2525259C%252525B0%252525E7%252525AE%252525A1%252525E7%25252590%25252586%252525E4%252525BF%25252582%252525E3%25252580%2525258D%252525EF%252525BC%25252588%252525E8%252525BE%252525B2%252525E6%252525A5%252525AD%252525E5%252525A7%25252594%252525E5%25252593%252525A1%252525E4%252525BC%2525259A%252525EF%252525BC%25252589%252525E3%25252581%252525B8%252525E3%25252581%252525AE%252525E5%252525B1%2525258A%252525E5%25252587%252525BA%252525E3%25252581%2525258B%252525E3%25252582%25252589%252525E6%25252595%252525B4%252525E7%25252590%25252586%252525E3%25252581%25252599%252525E3%25252582%2525258B%252525E3%25252580%25252582%252525E3%25252580%25252581%252525E3%25252581%25252593%252525E3%25252581%25252593%252525E8%252525A6%2525258B%252525E3%25252582%2525258B%252525E3%25252581%252525A8%252525E6%25252597%252525A9%252525E3%25252581%25252584%252525E3%25252582%25252588%26scope%3Dopenid%2520profile%2520friends%2520groups%2520timeline.post%2520message.write&loginChannelId=1446101138&loginState=wGriZI2CAhgQ5FHgR3kPbi,1,/life/troubles-consult/farmland/inheritance/
https://social-plugins.line.me/lineit/share?url=https%3A%2F%2Fmorimachi.enshu-lifehack.com%2Flife%2Ftroubles-consult%2Ffarmland%2Fnoshin-exclusion%2F&text=%E9%9D%99%E5%B2%A1%E7%9C%8C%E5%91%A8%E6%99%BA%E9%83%A1%E6%A3%AE%E7%94%BA%E3%81%AE%E8%BE%B2%E6%8C%AF%E3%83%BB%E8%BE%B2%E7%94%A8%E5%9C%B0%E5%8C%BA%E5%9F%9F%E3%81%8B%E3%82%89%E3%81%AE%E9%99%A4%E5%A4%96%E3%81%AF%E3%80%81%E3%81%BE%E3%81%9A%E6%A3%AE%E7%94%BA%E3%80%8C%E8%BE%B2%E6%9E%97%E6%94%BF%E7%AD%96%E8%AA%B2%20%E8%BE%B2%E5%9C%B0%E7%AE%A1%E7%90%86%E4%BF%82%E3%80%8D%E3%81%B8%E5%9C%9F%E5%9C%B0%E3%81%AE%E5%A0%B4%E6%89%80%E3%81%A8%E7%9B%AE%E7%9A%84%E3%82%92%E7%A2%BA%E8%AA%8D%E3%81%99%E3%82%8B%E3%80%82%E3%80%81%E3%81%93%E3%81%93%E8%A6%8B%E3%82%8B%E3%81%A8%E6%97%A9%E3%81%84%E3%82%88,200,https://access.line.me/oauth2/v2.1/login?returnUri=%2Foauth2%2Fv2.1%2Fauthorize%2Fconsent%3Fresponse_type%3Dcode%26client_id%3D1446101138%26state%3D2bbadcca44ed1eeaba2a39138338d4%26redirect_uri%3Dhttps%253A%252F%252Fsocial-plugins.line.me%252Flineit%252FloginCallback%253FreturnUrl%253Dhttps%25253A%25252F%25252Fsocial-plugins.line.me%25252Flineit%25252Fshare%25253Furl%25253Dhttps%2525253A%2525252F%2525252Fmorimachi.enshu-lifehack.com%2525252Flife%2525252Ftroubles-consult%2525252Ffarmland%2525252Fnoshin-exclusion%2525252F%252526text%25253D%252525E9%2525259D%25252599%252525E5%252525B2%252525A1%252525E7%2525259C%2525258C%252525E5%25252591%252525A8%252525E6%25252599%252525BA%252525E9%25252583%252525A1%252525E6%252525A3%252525AE%252525E7%25252594%252525BA%252525E3%25252581%252525AE%252525E8%252525BE%252525B2%252525E6%2525258C%252525AF%252525E3%25252583%252525BB%252525E8%252525BE%252525B2%252525E7%25252594%252525A8%252525E5%2525259C%252525B0%252525E5%2525258C%252525BA%252525E5%2525259F%2525259F%252525E3%25252581%2525258B%252525E3%25252582%25252589%252525E3%25252581%252525AE%252525E9%25252599%252525A4%252525E5%252525A4%25252596%252525E3%25252581%252525AF%252525E3%25252580%25252581%252525E3%25252581%252525BE%252525E3%25252581%2525259A%252525E6%252525A3%252525AE%252525E7%25252594%252525BA%252525E3%25252580%2525258C%252525E8%252525BE%252525B2%252525E6%2525259E%25252597%252525E6%25252594%252525BF%252525E7%252525AD%25252596%252525E8%252525AA%252525B2%25252520%252525E8%252525BE%252525B2%252525E5%2525259C%252525B0%252525E7%252525AE%252525A1%252525E7%25252590%25252586%252525E4%252525BF%25252582%252525E3%25252580%2525258D%252525E3%25252581%252525B8%252525E5%2525259C%2525259F%252525E5%2525259C%252525B0%252525E3%25252581%252525AE%252525E5%252525A0%252525B4%252525E6%25252589%25252580%252525E3%25252581%252525A8%252525E7%2525259B%252525AE%252525E7%2525259A%25252584%252525E3%25252582%25252592%252525E7%252525A2%252525BA%252525E8%252525AA%2525258D%252525E3%25252581%25252599%252525E3%25252582%2525258B%252525E3%25252580%25252582%252525E3%25252580%25252581%252525E3%25252581%25252593%252525E3%25252581%25252593%252525E8%252525A6%2525258B%252525E3%25252582%2525258B%252525E3%25252581%252525A8%252525E6%25252597%252525A9%252525E3%25252581%25252584%252525E3%25252582%25252588%26scope%3Dopenid%2520profile%2520friends%2520groups%2520timeline.post%2520message.write&loginChannelId=1446101138&loginState=mLxffFkG7sg5yVRx9Sotgi,1,/life/troubles-consult/farmland/noshin-exclusion/
https://social-plugins.line.me/lineit/share?url=https%3A%2F%2Fmorimachi.enshu-lifehack.com%2Flife%2Ftroubles-consult%2Ffarmland%2Fsell-or-rent%2F&text=%E9%9D%99%E5%B2%A1%E7%9C%8C%E5%91%A8%E6%99%BA%E9%83%A1%E6%A3%AE%E7%94%BA%E3%81%AE%E4%BD%BF%E3%81%A3%E3%81%A6%E3%81%84%E3%81%AA%E3%81%84%E8%BE%B2%E5%9C%B0%E3%82%92%E5%A3%B2%E3%82%8A%E3%81%9F%E3%81%84%E3%83%BB%E8%B2%B8%E3%81%97%E3%81%9F%E3%81%84%E3%81%A8%E3%81%8D%E3%81%AF%E3%80%81%E6%A3%AE%E7%94%BA%E3%80%8C%E8%BE%B2%E6%9E%97%E6%94%BF%E7%AD%96%E8%AA%B2%20%E8%BE%B2%E5%9C%B0%E7%AE%A1%E7%90%86%E4%BF%82%E3%80%8D%EF%BC%88%E8%BE%B2%E6%A5%AD%E5%A7%94%E5%93%A1%E4%BC%9A%EF%BC%89%E3%81%B8%E7%9B%B8%E8%AB%87%E3%81%99%E3%82%8B%E3%80%82%E3%80%81%E3%81%93%E3%81%93%E8%A6%8B%E3%82%8B%E3%81%A8%E6%97%A9%E3%81%84%E3%82%88,200,https://access.line.me/oauth2/v2.1/login?returnUri=%2Foauth2%2Fv2.1%2Fauthorize%2Fconsent%3Fresponse_type%3Dcode%26client_id%3D1446101138%26state%3Df1deeb8fe9b7ce867c8c60de9018a7%26redirect_uri%3Dhttps%253A%252F%252Fsocial-plugins.line.me%252Flineit%252FloginCallback%253FreturnUrl%253Dhttps%25253A%25252F%25252Fsocial-plugins.line.me%25252Flineit%25252Fshare%25253Furl%25253Dhttps%2525253A%2525252F%2525252Fmorimachi.enshu-lifehack.com%2525252Flife%2525252Ftroubles-consult%2525252Ffarmland%2525252Fsell-or-rent%2525252F%252526text%25253D%252525E9%2525259D%25252599%252525E5%252525B2%252525A1%252525E7%2525259C%2525258C%252525E5%25252591%252525A8%252525E6%25252599%252525BA%252525E9%25252583%252525A1%252525E6%252525A3%252525AE%252525E7%25252594%252525BA%252525E3%25252581%252525AE%252525E4%252525BD%252525BF%252525E3%25252581%252525A3%252525E3%25252581%252525A6%252525E3%25252581%25252584%252525E3%25252581%252525AA%252525E3%25252581%25252584%252525E8%252525BE%252525B2%252525E5%2525259C%252525B0%252525E3%25252582%25252592%252525E5%252525A3%252525B2%252525E3%25252582%2525258A%252525E3%25252581%2525259F%252525E3%25252581%25252584%252525E3%25252583%252525BB%252525E8%252525B2%252525B8%252525E3%25252581%25252597%252525E3%25252581%2525259F%252525E3%25252581%25252584%252525E3%25252581%252525A8%252525E3%25252581%2525258D%252525E3%25252581%252525AF%252525E3%25252580%25252581%252525E6%252525A3%252525AE%252525E7%25252594%252525BA%252525E3%25252580%2525258C%252525E8%252525BE%252525B2%252525E6%2525259E%25252597%252525E6%25252594%252525BF%252525E7%252525AD%25252596%252525E8%252525AA%252525B2%25252520%252525E8%252525BE%252525B2%252525E5%2525259C%252525B0%252525E7%252525AE%252525A1%252525E7%25252590%25252586%252525E4%252525BF%25252582%252525E3%25252580%2525258D%252525EF%252525BC%25252588%252525E8%252525BE%252525B2%252525E6%252525A5%252525AD%252525E5%252525A7%25252594%252525E5%25252593%252525A1%252525E4%252525BC%2525259A%252525EF%252525BC%25252589%252525E3%25252581%252525B8%252525E7%2525259B%252525B8%252525E8%252525AB%25252587%252525E3%25252581%25252599%252525E3%25252582%2525258B%252525E3%25252580%25252582%252525E3%25252580%25252581%252525E3%25252581%25252593%252525E3%25252581%25252593%252525E8%252525A6%2525258B%252525E3%25252582%2525258B%252525E3%25252581%252525A8%252525E6%25252597%252525A9%252525E3%25252581%25252584%252525E3%25252582%25252588%26scope%3Dopenid%2520profile%2520friends%2520groups%2520timeline.post%2520message.write&loginChannelId=1446101138&loginState=4f2xzzKaZjuXgCZQyPlbWt,1,/life/troubles-consult/farmland/sell-or-rent/
https://social-plugins.line.me/lineit/share?url=https%3A%2F%2Fmorimachi.enshu-lifehack.com%2Flife%2Ftroubles-consult%2Fforeign-resident-consultation%2F&text=%E9%9D%99%E5%B2%A1%E7%9C%8C%E5%91%A8%E6%99%BA%E9%83%A1%E6%A3%AE%E7%94%BA%E3%81%AE%E5%A4%96%E5%9B%BD%E4%BA%BA%E4%BD%8F%E6%B0%91%E3%81%AE%E6%89%8B%E7%B6%9A%E3%81%8D%E3%81%AF%E3%80%81%E6%A3%AE%E7%94%BA%E3%80%8C%E4%BD%8F%E6%B0%91%E7%94%9F%E6%B4%BB%E8%AA%B2%20%E4%BD%8F%E6%B0%91%E4%BF%82%E3%80%8D%E3%81%A7%E4%BD%8F%E6%B0%91%E7%99%BB%E9%8C%B2%E3%81%A8%E7%9B%B8%E8%AB%87%E5%85%88%E3%82%92%E5%88%86%E3%81%91%E3%81%A6%E7%A2%BA%E8%AA%8D%E3%81%99%E3%82%8B%E3%80%82%E3%80%81%E3%81%93%E3%81%93%E8%A6%8B%E3%82%8B%E3%81%A8%E6%97%A9%E3%81%84%E3%82%88,200,https://access.line.me/oauth2/v2.1/login?returnUri=%2Foauth2%2Fv2.1%2Fauthorize%2Fconsent%3Fresponse_type%3Dcode%26client_id%3D1446101138%26state%3Dc2a8999abe0e2827d4aec581c56157%26redirect_uri%3Dhttps%253A%252F%252Fsocial-plugins.line.me%252Flineit%252FloginCallback%253FreturnUrl%253Dhttps%25253A%25252F%25252Fsocial-plugins.line.me%25252Flineit%25252Fshare%25253Furl%25253Dhttps%2525253A%2525252F%2525252Fmorimachi.enshu-lifehack.com%2525252Flife%2525252Ftroubles-consult%2525252Fforeign-resident-consultation%2525252F%252526text%25253D%252525E9%2525259D%25252599%252525E5%252525B2%252525A1%252525E7%2525259C%2525258C%252525E5%25252591%252525A8%252525E6%25252599%252525BA%252525E9%25252583%252525A1%252525E6%252525A3%252525AE%252525E7%25252594%252525BA%252525E3%25252581%252525AE%252525E5%252525A4%25252596%252525E5%2525259B%252525BD%252525E4%252525BA%252525BA%252525E4%252525BD%2525258F%252525E6%252525B0%25252591%252525E3%25252581%252525AE%252525E6%25252589%2525258B%252525E7%252525B6%2525259A%252525E3%25252581%2525258D%252525E3%25252581%252525AF%252525E3%25252580%25252581%252525E6%252525A3%252525AE%252525E7%25252594%252525BA%252525E3%25252580%2525258C%252525E4%252525BD%2525258F%252525E6%252525B0%25252591%252525E7%25252594%2525259F%252525E6%252525B4%252525BB%252525E8%252525AA%252525B2%25252520%252525E4%252525BD%2525258F%252525E6%252525B0%25252591%252525E4%252525BF%25252582%252525E3%25252580%2525258D%252525E3%25252581%252525A7%252525E4%252525BD%2525258F%252525E6%252525B0%25252591%252525E7%25252599%252525BB%252525E9%2525258C%252525B2%252525E3%25252581%252525A8%252525E7%2525259B%252525B8%252525E8%252525AB%25252587%252525E5%25252585%25252588%252525E3%25252582%25252592%252525E5%25252588%25252586%252525E3%25252581%25252591%252525E3%25252581%252525A6%252525E7%252525A2%252525BA%252525E8%252525AA%2525258D%252525E3%25252581%25252599%252525E3%25252582%2525258B%252525E3%25252580%25252582%252525E3%25252580%25252581%252525E3%25252581%25252593%252525E3%25252581%25252593%252525E8%252525A6%2525258B%252525E3%25252582%2525258B%252525E3%25252581%252525A8%252525E6%25252597%252525A9%252525E3%25252581%25252584%252525E3%25252582%25252588%26scope%3Dopenid%2520profile%2520friends%2520groups%2520timeline.post%2520message.write&loginChannelId=1446101138&loginState=HMGJtmxXZEXK80PLsdQ14g,1,/life/troubles-consult/foreign-resident-consultation/
https://social-plugins.line.me/lineit/share?url=https%3A%2F%2Fmorimachi.enshu-lifehack.com%2Flife%2Ftroubles-consult%2F&text=%E9%9D%99%E5%B2%A1%E7%9C%8C%E5%91%A8%E6%99%BA%E9%83%A1%E6%A3%AE%E7%94%BA%E3%81%AE%F0%9F%A7%A9%20%E5%9B%B0%E3%81%A3%E3%81%9F%E3%83%BB%E7%9B%B8%E8%AB%87%E3%81%97%E3%81%9F%E3%81%84%EF%BC%88%E6%A3%AE%E7%94%BA%E3%81%AE%E7%9B%B8%E8%AB%87%E7%AA%93%E5%8F%A3%E3%81%BE%E3%81%A8%E3%82%81%EF%BC%89%E3%80%81%E3%81%93%E3%81%93%E8%A6%8B%E3%82%8B%E3%81%A8%E6%97%A9%E3%81%84%E3%82%88,200,https://access.line.me/oauth2/v2.1/login?returnUri=%2Foauth2%2Fv2.1%2Fauthorize%2Fconsent%3Fresponse_type%3Dcode%26client_id%3D1446101138%26state%3D249642b36358894bad2596b809366b%26redirect_uri%3Dhttps%253A%252F%252Fsocial-plugins.line.me%252Flineit%252FloginCallback%253FreturnUrl%253Dhttps%25253A%25252F%25252Fsocial-plugins.line.me%25252Flineit%25252Fshare%25253Furl%25253Dhttps%2525253A%2525252F%2525252Fmorimachi.enshu-lifehack.com%2525252Flife%2525252Ftroubles-consult%2525252F%252526text%25253D%252525E9%2525259D%25252599%252525E5%252525B2%252525A1%252525E7%2525259C%2525258C%252525E5%25252591%252525A8%252525E6%25252599%252525BA%252525E9%25252583%252525A1%252525E6%252525A3%252525AE%252525E7%25252594%252525BA%252525E3%25252581%252525AE%252525F0%2525259F%252525A7%252525A9%25252520%252525E5%2525259B%252525B0%252525E3%25252581%252525A3%252525E3%25252581%2525259F%252525E3%25252583%252525BB%252525E7%2525259B%252525B8%252525E8%252525AB%25252587%252525E3%25252581%25252597%252525E3%25252581%2525259F%252525E3%25252581%25252584%252525EF%252525BC%25252588%252525E6%252525A3%252525AE%252525E7%25252594%252525BA%252525E3%25252581%252525AE%252525E7%2525259B%252525B8%252525E8%252525AB%25252587%252525E7%252525AA%25252593%252525E5%2525258F%252525A3%252525E3%25252581%252525BE%252525E3%25252581%252525A8%252525E3%25252582%25252581%252525EF%252525BC%25252589%252525E3%25252580%25252581%252525E3%25252581%25252593%252525E3%25252581%25252593%252525E8%252525A6%2525258B%252525E3%25252582%2525258B%252525E3%25252581%252525A8%252525E6%25252597%252525A9%252525E3%25252581%25252584%252525E3%25252582%25252588%26scope%3Dopenid%2520profile%2520friends%2520groups%2520timeline.post%2520message.write&loginChannelId=1446101138&loginState=Xq80JYj7Yal5K1sImg5fNk,1,/life/troubles-consult/
https://social-plugins.line.me/lineit/share?url=https%3A%2F%2Fmorimachi.enshu-lifehack.com%2Flife%2Ftroubles-consult%2Flegal-general-consultation%2F&text=%E9%9D%99%E5%B2%A1%E7%9C%8C%E5%91%A8%E6%99%BA%E9%83%A1%E6%A3%AE%E7%94%BA%E3%81%AE%E8%AA%B0%E3%81%AB%E7%9B%B8%E8%AB%87%E3%81%99%E3%82%8C%E3%81%B0%E3%81%84%E3%81%84%E3%81%8B%E5%88%86%E3%81%8B%E3%82%89%E3%81%AA%E3%81%84%E6%82%A9%E3%81%BF%E3%81%AF%E3%80%81%E6%A3%AE%E7%94%BA%E3%80%8C%E6%9A%AE%E3%82%89%E3%81%97%E3%81%AE%E7%9B%B8%E8%AB%87%E7%AA%93%E5%8F%A3%E3%80%8D%EF%BC%88%E7%84%A1%E6%96%99%E6%B3%95%E5%BE%8B%E7%9B%B8%E8%AB%87%E7%AD%89%EF%BC%89%E3%81%B8%E3%81%A4%E3%81%AA%E3%81%90%E3%80%82%E3%80%81%E3%81%93%E3%81%93%E8%A6%8B%E3%82%8B%E3%81%A8%E6%97%A9%E3%81%84%E3%82%88,200,https://access.line.me/oauth2/v2.1/login?returnUri=%2Foauth2%2Fv2.1%2Fauthorize%2Fconsent%3Fresponse_type%3Dcode%26client_id%3D1446101138%26state%3D8cf9b58b400fad56d2a6cb2e1a4b92%26redirect_uri%3Dhttps%253A%252F%252Fsocial-plugins.line.me%252Flineit%252FloginCallback%253FreturnUrl%253Dhttps%25253A%25252F%25252Fsocial-plugins.line.me%25252Flineit%25252Fshare%25253Furl%25253Dhttps%2525253A%2525252F%2525252Fmorimachi.enshu-lifehack.com%2525252Flife%2525252Ftroubles-consult%2525252Flegal-general-consultation%2525252F%252526text%25253D%252525E9%2525259D%25252599%252525E5%252525B2%252525A1%252525E7%2525259C%2525258C%252525E5%25252591%252525A8%252525E6%25252599%252525BA%252525E9%25252583%252525A1%252525E6%252525A3%252525AE%252525E7%25252594%252525BA%252525E3%25252581%252525AE%252525E8%252525AA%252525B0%252525E3%25252581%252525AB%252525E7%2525259B%252525B8%252525E8%252525AB%25252587%252525E3%25252581%25252599%252525E3%25252582%2525258C%252525E3%25252581%252525B0%252525E3%25252581%25252584%252525E3%25252581%25252584%252525E3%25252581%2525258B%252525E5%25252588%25252586%252525E3%25252581%2525258B%252525E3%25252582%25252589%252525E3%25252581%252525AA%252525E3%25252581%25252584%252525E6%25252582%252525A9%252525E3%25252581%252525BF%252525E3%25252581%252525AF%252525E3%25252580%25252581%252525E6%252525A3%252525AE%252525E7%25252594%252525BA%252525E3%25252580%2525258C%252525E6%2525259A%252525AE%252525E3%25252582%25252589%252525E3%25252581%25252597%252525E3%25252581%252525AE%252525E7%2525259B%252525B8%252525E8%252525AB%25252587%252525E7%252525AA%25252593%252525E5%2525258F%252525A3%252525E3%25252580%2525258D%252525EF%252525BC%25252588%252525E7%25252584%252525A1%252525E6%25252596%25252599%252525E6%252525B3%25252595%252525E5%252525BE%2525258B%252525E7%2525259B%252525B8%252525E8%252525AB%25252587%252525E7%252525AD%25252589%252525EF%252525BC%25252589%252525E3%25252581%252525B8%252525E3%25252581%252525A4%252525E3%25252581%252525AA%252525E3%25252581%25252590%252525E3%25252580%25252582%252525E3%25252580%25252581%252525E3%25252581%25252593%252525E3%25252581%25252593%252525E8%252525A6%2525258B%252525E3%25252582%2525258B%252525E3%25252581%252525A8%252525E6%25252597%252525A9%252525E3%25252581%25252584%252525E3%25252582%25252588%26scope%3Dopenid%2520profile%2520friends%2520groups%2520timeline.post%2520message.write&loginChannelId=1446101138&loginState=NsXyF5qV0cCyGh6X9hN327,1,/life/troubles-consult/legal-general-consultation/
https://social-plugins.line.me/lineit/share?url=https%3A%2F%2Fmorimachi.enshu-lifehack.com%2Flife%2Ftroubles-consult%2Fliving-costs-trouble%2F&text=%E9%9D%99%E5%B2%A1%E7%9C%8C%E5%91%A8%E6%99%BA%E9%83%A1%E6%A3%AE%E7%94%BA%E3%81%AE%E7%94%9F%E6%B4%BB%E8%B2%BB%E3%81%8C%E8%B6%B3%E3%82%8A%E3%81%AA%E3%81%84%E3%81%A8%E3%81%8D%E3%80%81%E6%A3%AE%E7%94%BA%E3%81%AB%E3%81%AF%E3%81%B2%E3%81%A8%E3%82%8A%E3%81%A7%E6%8A%B1%E3%81%88%E3%81%9A%E7%9B%B8%E8%AB%87%E3%81%A7%E3%81%8D%E3%82%8B%E7%AA%93%E5%8F%A3%E3%81%8C%E3%81%82%E3%82%8B%E3%80%81%E3%81%93%E3%81%93%E8%A6%8B%E3%82%8B%E3%81%A8%E6%97%A9%E3%81%84%E3%82%88,200,https://access.line.me/oauth2/v2.1/login?returnUri=%2Foauth2%2Fv2.1%2Fauthorize%2Fconsent%3Fresponse_type%3Dcode%26client_id%3D1446101138%26state%3Db8dbfcd4f1e3394f8ffc273a1a2d10%26redirect_uri%3Dhttps%253A%252F%252Fsocial-plugins.line.me%252Flineit%252FloginCallback%253FreturnUrl%253Dhttps%25253A%25252F%25252Fsocial-plugins.line.me%25252Flineit%25252Fshare%25253Furl%25253Dhttps%2525253A%2525252F%2525252Fmorimachi.enshu-lifehack.com%2525252Flife%2525252Ftroubles-consult%2525252Fliving-costs-trouble%2525252F%252526text%25253D%252525E9%2525259D%25252599%252525E5%252525B2%252525A1%252525E7%2525259C%2525258C%252525E5%25252591%252525A8%252525E6%25252599%252525BA%252525E9%25252583%252525A1%252525E6%252525A3%252525AE%252525E7%25252594%252525BA%252525E3%25252581%252525AE%252525E7%25252594%2525259F%252525E6%252525B4%252525BB%252525E8%252525B2%252525BB%252525E3%25252581%2525258C%252525E8%252525B6%252525B3%252525E3%25252582%2525258A%252525E3%25252581%252525AA%252525E3%25252581%25252584%252525E3%25252581%252525A8%252525E3%25252581%2525258D%252525E3%25252580%25252581%252525E6%252525A3%252525AE%252525E7%25252594%252525BA%252525E3%25252581%252525AB%252525E3%25252581%252525AF%252525E3%25252581%252525B2%252525E3%25252581%252525A8%252525E3%25252582%2525258A%252525E3%25252581%252525A7%252525E6%2525258A%252525B1%252525E3%25252581%25252588%252525E3%25252581%2525259A%252525E7%2525259B%252525B8%252525E8%252525AB%25252587%252525E3%25252581%252525A7%252525E3%25252581%2525258D%252525E3%25252582%2525258B%252525E7%252525AA%25252593%252525E5%2525258F%252525A3%252525E3%25252581%2525258C%252525E3%25252581%25252582%252525E3%25252582%2525258B%252525E3%25252580%25252581%252525E3%25252581%25252593%252525E3%25252581%25252593%252525E8%252525A6%2525258B%252525E3%25252582%2525258B%252525E3%25252581%252525A8%252525E6%25252597%252525A9%252525E3%25252581%25252584%252525E3%25252582%25252588%26scope%3Dopenid%2520profile%2520friends%2520groups%2520timeline.post%2520message.write&loginChannelId=1446101138&loginState=e4oyUwWteXFLunYMj2eLqv,1,/life/troubles-consult/living-costs-trouble/
https://social-plugins.line.me/lineit/share?url=https%3A%2F%2Fmorimachi.enshu-lifehack.com%2Flife%2Ftroubles-consult%2Froad-repair-mirror%2F&text=%E9%9D%99%E5%B2%A1%E7%9C%8C%E5%91%A8%E6%99%BA%E9%83%A1%E6%A3%AE%E7%94%BA%E3%81%AE%E9%81%93%E8%B7%AF%E3%81%AE%E7%A9%B4%E3%83%BB%E3%82%AB%E3%83%BC%E3%83%96%E3%83%9F%E3%83%A9%E3%83%BC%E3%81%AE%E4%B8%8D%E5%85%B7%E5%90%88%E3%81%AF%E3%80%81%E6%A3%AE%E7%94%BA%E3%80%8C%E5%BB%BA%E8%A8%AD%E8%AA%B2%20%E7%AE%A1%E7%90%86%E4%BF%82%E3%80%8D%E3%81%B8%E9%80%9A%E5%A0%B1%E3%81%99%E3%82%8B%E3%80%82%E3%80%81%E3%81%93%E3%81%93%E8%A6%8B%E3%82%8B%E3%81%A8%E6%97%A9%E3%81%84%E3%82%88,200,https://access.line.me/oauth2/v2.1/login?returnUri=%2Foauth2%2Fv2.1%2Fauthorize%2Fconsent%3Fresponse_type%3Dcode%26client_id%3D1446101138%26state%3D0d69a73965b8b44b6376f735abf312%26redirect_uri%3Dhttps%253A%252F%252Fsocial-plugins.line.me%252Flineit%252FloginCallback%253FreturnUrl%253Dhttps%25253A%25252F%25252Fsocial-plugins.line.me%25252Flineit%25252Fshare%25253Furl%25253Dhttps%2525253A%2525252F%2525252Fmorimachi.enshu-lifehack.com%2525252Flife%2525252Ftroubles-consult%2525252Froad-repair-mirror%2525252F%252526text%25253D%252525E9%2525259D%25252599%252525E5%252525B2%252525A1%252525E7%2525259C%2525258C%252525E5%25252591%252525A8%252525E6%25252599%252525BA%252525E9%25252583%252525A1%252525E6%252525A3%252525AE%252525E7%25252594%252525BA%252525E3%25252581%252525AE%252525E9%25252581%25252593%252525E8%252525B7%252525AF%252525E3%25252581%252525AE%252525E7%252525A9%252525B4%252525E3%25252583%252525BB%252525E3%25252582%252525AB%252525E3%25252583%252525BC%252525E3%25252583%25252596%252525E3%25252583%2525259F%252525E3%25252583%252525A9%252525E3%25252583%252525BC%252525E3%25252581%252525AE%252525E4%252525B8%2525258D%252525E5%25252585%252525B7%252525E5%25252590%25252588%252525E3%25252581%252525AF%252525E3%25252580%25252581%252525E6%252525A3%252525AE%252525E7%25252594%252525BA%252525E3%25252580%2525258C%252525E5%252525BB%252525BA%252525E8%252525A8%252525AD%252525E8%252525AA%252525B2%25252520%252525E7%252525AE%252525A1%252525E7%25252590%25252586%252525E4%252525BF%25252582%252525E3%25252580%2525258D%252525E3%25252581%252525B8%252525E9%25252580%2525259A%252525E5%252525A0%252525B1%252525E3%25252581%25252599%252525E3%25252582%2525258B%252525E3%25252580%25252582%252525E3%25252580%25252581%252525E3%25252581%25252593%252525E3%25252581%25252593%252525E8%252525A6%2525258B%252525E3%25252582%2525258B%252525E3%25252581%252525A8%252525E6%25252597%252525A9%252525E3%25252581%25252584%252525E3%25252582%25252588%26scope%3Dopenid%2520profile%2520friends%2520groups%2520timeline.post%2520message.write&loginChannelId=1446101138&loginState=ywklKd4WJNajNEmNaoC43K,1,/life/troubles-consult/road-repair-mirror/
https://social-plugins.line.me/lineit/share?url=https%3A%2F%2Fmorimachi.enshu-lifehack.com%2Flife%2Fwork-life%2Fcity-tax-payment%2F&text=%E9%9D%99%E5%B2%A1%E7%9C%8C%E5%91%A8%E6%99%BA%E9%83%A1%E6%A3%AE%E7%94%BA%E3%81%AE%E6%A3%AE%E7%94%BA%E3%81%AE%E7%94%BA%E7%A8%8E%E3%81%AE%E7%B4%8D%E4%BB%98%E6%96%B9%E6%B3%95%E3%81%AF%E3%80%81%E5%8F%A3%E5%BA%A7%E6%8C%AF%E6%9B%BF%E3%83%BB%E3%82%B3%E3%83%B3%E3%83%93%E3%83%8B%E3%83%BB%E3%82%B9%E3%83%9E%E3%83%9B%E6%B1%BA%E6%B8%88%E3%81%8B%E3%82%89%E9%81%B8%E3%81%B9%E3%82%8B%E3%80%81%E3%81%93%E3%81%93%E8%A6%8B%E3%82%8B%E3%81%A8%E6%97%A9%E3%81%84%E3%82%88,200,https://access.line.me/oauth2/v2.1/login?returnUri=%2Foauth2%2Fv2.1%2Fauthorize%2Fconsent%3Fresponse_type%3Dcode%26client_id%3D1446101138%26state%3D33550955d72663a100938557f77165%26redirect_uri%3Dhttps%253A%252F%252Fsocial-plugins.line.me%252Flineit%252FloginCallback%253FreturnUrl%253Dhttps%25253A%25252F%25252Fsocial-plugins.line.me%25252Flineit%25252Fshare%25253Furl%25253Dhttps%2525253A%2525252F%2525252Fmorimachi.enshu-lifehack.com%2525252Flife%2525252Fwork-life%2525252Fcity-tax-payment%2525252F%252526text%25253D%252525E9%2525259D%25252599%252525E5%252525B2%252525A1%252525E7%2525259C%2525258C%252525E5%25252591%252525A8%252525E6%25252599%252525BA%252525E9%25252583%252525A1%252525E6%252525A3%252525AE%252525E7%25252594%252525BA%252525E3%25252581%252525AE%252525E6%252525A3%252525AE%252525E7%25252594%252525BA%252525E3%25252581%252525AE%252525E7%25252594%252525BA%252525E7%252525A8%2525258E%252525E3%25252581%252525AE%252525E7%252525B4%2525258D%252525E4%252525BB%25252598%252525E6%25252596%252525B9%252525E6%252525B3%25252595%252525E3%25252581%252525AF%252525E3%25252580%25252581%252525E5%2525258F%252525A3%252525E5%252525BA%252525A7%252525E6%2525258C%252525AF%252525E6%2525259B%252525BF%252525E3%25252583%252525BB%252525E3%25252582%252525B3%252525E3%25252583%252525B3%252525E3%25252583%25252593%252525E3%25252583%2525258B%252525E3%25252583%252525BB%252525E3%25252582%252525B9%252525E3%25252583%2525259E%252525E3%25252583%2525259B%252525E6%252525B1%252525BA%252525E6%252525B8%25252588%252525E3%25252581%2525258B%252525E3%25252582%25252589%252525E9%25252581%252525B8%252525E3%25252581%252525B9%252525E3%25252582%2525258B%252525E3%25252580%25252581%252525E3%25252581%25252593%252525E3%25252581%25252593%252525E8%252525A6%2525258B%252525E3%25252582%2525258B%252525E3%25252581%252525A8%252525E6%25252597%252525A9%252525E3%25252581%25252584%252525E3%25252582%25252588%26scope%3Dopenid%2520profile%2520friends%2520groups%2520timeline.post%2520message.write&loginChannelId=1446101138&loginState=SqJpli5DinTgSViTjbEeVy,1,/life/work-life/city-tax-payment/
https://social-plugins.line.me/lineit/share?url=https%3A%2F%2Fmorimachi.enshu-lifehack.com%2Flife%2Fwork-life%2F&text=%E9%9D%99%E5%B2%A1%E7%9C%8C%E5%91%A8%E6%99%BA%E9%83%A1%E6%A3%AE%E7%94%BA%E3%81%AE%F0%9F%92%B4%20%E5%83%8D%E3%81%8F%E3%83%BB%E6%9A%AE%E3%82%89%E3%81%99%EF%BC%88%E6%A3%AE%E7%94%BA%E7%89%88%EF%BC%89%E3%80%81%E3%81%93%E3%81%93%E8%A6%8B%E3%82%8B%E3%81%A8%E6%97%A9%E3%81%84%E3%82%88,200,https://access.line.me/oauth2/v2.1/login?returnUri=%2Foauth2%2Fv2.1%2Fauthorize%2Fconsent%3Fresponse_type%3Dcode%26client_id%3D1446101138%26state%3D71b5f8e95a931aa8a957cef3093c50%26redirect_uri%3Dhttps%253A%252F%252Fsocial-plugins.line.me%252Flineit%252FloginCallback%253FreturnUrl%253Dhttps%25253A%25252F%25252Fsocial-plugins.line.me%25252Flineit%25252Fshare%25253Furl%25253Dhttps%2525253A%2525252F%2525252Fmorimachi.enshu-lifehack.com%2525252Flife%2525252Fwork-life%2525252F%252526text%25253D%252525E9%2525259D%25252599%252525E5%252525B2%252525A1%252525E7%2525259C%2525258C%252525E5%25252591%252525A8%252525E6%25252599%252525BA%252525E9%25252583%252525A1%252525E6%252525A3%252525AE%252525E7%25252594%252525BA%252525E3%25252581%252525AE%252525F0%2525259F%25252592%252525B4%25252520%252525E5%25252583%2525258D%252525E3%25252581%2525258F%252525E3%25252583%252525BB%252525E6%2525259A%252525AE%252525E3%25252582%25252589%252525E3%25252581%25252599%252525EF%252525BC%25252588%252525E6%252525A3%252525AE%252525E7%25252594%252525BA%252525E7%25252589%25252588%252525EF%252525BC%25252589%252525E3%25252580%25252581%252525E3%25252581%25252593%252525E3%25252581%25252593%252525E8%252525A6%2525258B%252525E3%25252582%2525258B%252525E3%25252581%252525A8%252525E6%25252597%252525A9%252525E3%25252581%25252584%252525E3%25252582%25252588%26scope%3Dopenid%2520profile%2520friends%2520groups%2520timeline.post%2520message.write&loginChannelId=1446101138&loginState=WpRTttHvXhqg6bZylfPxf1,1,/life/work-life/
https://social-plugins.line.me/lineit/share?url=https%3A%2F%2Fmorimachi.enshu-lifehack.com%2Flife%2Fwork-life%2Fjob-change%2F&text=%E9%9D%99%E5%B2%A1%E7%9C%8C%E5%91%A8%E6%99%BA%E9%83%A1%E6%A3%AE%E7%94%BA%E3%81%AE%E6%A3%AE%E7%94%BA%E3%81%AE%E5%B0%B1%E8%81%B7%E3%83%BB%E8%BB%A2%E8%81%B7%E3%81%AF%E3%80%81%E6%B1%82%E4%BA%BA%E6%A4%9C%E7%B4%A2%E3%81%AF%E3%83%8F%E3%83%AD%E3%83%BC%E3%83%AF%E3%83%BC%E3%82%AF%E7%A3%90%E7%94%B0%E3%80%81%E6%94%AF%E6%8F%B4%E6%83%85%E5%A0%B1%E3%81%AF%E7%94%BA%E3%81%AE%E5%B0%B1%E8%81%B7%E6%94%AF%E6%8F%B4%E3%83%9A%E3%83%BC%E3%82%B8%E3%82%92%E7%A2%BA%E8%AA%8D%E3%81%99%E3%82%8B%E3%80%81%E3%81%93%E3%81%93%E8%A6%8B%E3%82%8B%E3%81%A8%E6%97%A9%E3%81%84%E3%82%88,200,https://access.line.me/oauth2/v2.1/login?returnUri=%2Foauth2%2Fv2.1%2Fauthorize%2Fconsent%3Fresponse_type%3Dcode%26client_id%3D1446101138%26state%3D7e1105cab1a57d2bdc33019b7f71da%26redirect_uri%3Dhttps%253A%252F%252Fsocial-plugins.line.me%252Flineit%252FloginCallback%253FreturnUrl%253Dhttps%25253A%25252F%25252Fsocial-plugins.line.me%25252Flineit%25252Fshare%25253Furl%25253Dhttps%2525253A%2525252F%2525252Fmorimachi.enshu-lifehack.com%2525252Flife%2525252Fwork-life%2525252Fjob-change%2525252F%252526text%25253D%252525E9%2525259D%25252599%252525E5%252525B2%252525A1%252525E7%2525259C%2525258C%252525E5%25252591%252525A8%252525E6%25252599%252525BA%252525E9%25252583%252525A1%252525E6%252525A3%252525AE%252525E7%25252594%252525BA%252525E3%25252581%252525AE%252525E6%252525A3%252525AE%252525E7%25252594%252525BA%252525E3%25252581%252525AE%252525E5%252525B0%252525B1%252525E8%25252581%252525B7%252525E3%25252583%252525BB%252525E8%252525BB%252525A2%252525E8%25252581%252525B7%252525E3%25252581%252525AF%252525E3%25252580%25252581%252525E6%252525B1%25252582%252525E4%252525BA%252525BA%252525E6%252525A4%2525259C%252525E7%252525B4%252525A2%252525E3%25252581%252525AF%252525E3%25252583%2525258F%252525E3%25252583%252525AD%252525E3%25252583%252525BC%252525E3%25252583%252525AF%252525E3%25252583%252525BC%252525E3%25252582%252525AF%252525E7%252525A3%25252590%252525E7%25252594%252525B0%252525E3%25252580%25252581%252525E6%25252594%252525AF%252525E6%2525258F%252525B4%252525E6%25252583%25252585%252525E5%252525A0%252525B1%252525E3%25252581%252525AF%252525E7%25252594%252525BA%252525E3%25252581%252525AE%252525E5%252525B0%252525B1%252525E8%25252581%252525B7%252525E6%25252594%252525AF%252525E6%2525258F%252525B4%252525E3%25252583%2525259A%252525E3%25252583%252525BC%252525E3%25252582%252525B8%252525E3%25252582%25252592%252525E7%252525A2%252525BA%252525E8%252525AA%2525258D%252525E3%25252581%25252599%252525E3%25252582%2525258B%252525E3%25252580%25252581%252525E3%25252581%25252593%252525E3%25252581%25252593%252525E8%252525A6%2525258B%252525E3%25252582%2525258B%252525E3%25252581%252525A8%252525E6%25252597%252525A9%252525E3%25252581%25252584%252525E3%25252582%25252588%26scope%3Dopenid%2520profile%2520friends%2520groups%2520timeline.post%2520message.write&loginChannelId=1446101138&loginState=mDVphzdsmJxGsb4BO8vu4S,1,/life/work-life/job-change/
https://social-plugins.line.me/lineit/share?url=https%3A%2F%2Fmorimachi.enshu-lifehack.com%2Flife%2Fwork-life%2Fjob-recruitment%2F&text=%E9%9D%99%E5%B2%A1%E7%9C%8C%E5%91%A8%E6%99%BA%E9%83%A1%E6%A3%AE%E7%94%BA%E3%81%AE%E6%A3%AE%E7%94%BA%E8%81%B7%E5%93%A1%E6%8E%A1%E7%94%A8%E6%83%85%E5%A0%B1%E3%81%AF%E3%80%81%E3%83%91%E3%83%96%E3%83%AA%E3%83%83%E3%82%AF%E3%82%B3%E3%83%8D%E3%82%AF%E3%83%88%E6%A3%AE%E7%94%BA%E3%83%9A%E3%83%BC%E3%82%B8%E3%81%A7%E5%8B%9F%E9%9B%86%E8%A6%81%E9%A0%85%E3%82%92%E7%A2%BA%E8%AA%8D%E3%81%99%E3%82%8B%E3%80%81%E3%81%93%E3%81%93%E8%A6%8B%E3%82%8B%E3%81%A8%E6%97%A9%E3%81%84%E3%82%88,200,https://access.line.me/oauth2/v2.1/login?returnUri=%2Foauth2%2Fv2.1%2Fauthorize%2Fconsent%3Fresponse_type%3Dcode%26client_id%3D1446101138%26state%3Dc9d719e5ebb109d9266b58afbccf85%26redirect_uri%3Dhttps%253A%252F%252Fsocial-plugins.line.me%252Flineit%252FloginCallback%253FreturnUrl%253Dhttps%25253A%25252F%25252Fsocial-plugins.line.me%25252Flineit%25252Fshare%25253Furl%25253Dhttps%2525253A%2525252F%2525252Fmorimachi.enshu-lifehack.com%2525252Flife%2525252Fwork-life%2525252Fjob-recruitment%2525252F%252526text%25253D%252525E9%2525259D%25252599%252525E5%252525B2%252525A1%252525E7%2525259C%2525258C%252525E5%25252591%252525A8%252525E6%25252599%252525BA%252525E9%25252583%252525A1%252525E6%252525A3%252525AE%252525E7%25252594%252525BA%252525E3%25252581%252525AE%252525E6%252525A3%252525AE%252525E7%25252594%252525BA%252525E8%25252581%252525B7%252525E5%25252593%252525A1%252525E6%2525258E%252525A1%252525E7%25252594%252525A8%252525E6%25252583%25252585%252525E5%252525A0%252525B1%252525E3%25252581%252525AF%252525E3%25252580%25252581%252525E3%25252583%25252591%252525E3%25252583%25252596%252525E3%25252583%252525AA%252525E3%25252583%25252583%252525E3%25252582%252525AF%252525E3%25252582%252525B3%252525E3%25252583%2525258D%252525E3%25252582%252525AF%252525E3%25252583%25252588%252525E6%252525A3%252525AE%252525E7%25252594%252525BA%252525E3%25252583%2525259A%252525E3%25252583%252525BC%252525E3%25252582%252525B8%252525E3%25252581%252525A7%252525E5%2525258B%2525259F%252525E9%2525259B%25252586%252525E8%252525A6%25252581%252525E9%252525A0%25252585%252525E3%25252582%25252592%252525E7%252525A2%252525BA%252525E8%252525AA%2525258D%252525E3%25252581%25252599%252525E3%25252582%2525258B%252525E3%25252580%25252581%252525E3%25252581%25252593%252525E3%25252581%25252593%252525E8%252525A6%2525258B%252525E3%25252582%2525258B%252525E3%25252581%252525A8%252525E6%25252597%252525A9%252525E3%25252581%25252584%252525E3%25252582%25252588%26scope%3Dopenid%2520profile%2520friends%2520groups%2520timeline.post%2520message.write&loginChannelId=1446101138&loginState=Trz5q7Wwz3MxXtM1OEnswo,1,/life/work-life/job-recruitment/
https://social-plugins.line.me/lineit/share?url=https%3A%2F%2Fmorimachi.enshu-lifehack.com%2Flife%2Fwork-life%2Flight-vehicle-tax%2F&text=%E9%9D%99%E5%B2%A1%E7%9C%8C%E5%91%A8%E6%99%BA%E9%83%A1%E6%A3%AE%E7%94%BA%E3%81%AE%E6%A3%AE%E7%94%BA%E3%81%AE%E8%BB%BD%E8%87%AA%E5%8B%95%E8%BB%8A%E7%A8%8E%E3%81%AF%E3%80%81%E6%8E%92%E6%B0%97%E9%87%8F%E3%83%BB%E8%BB%8A%E7%A8%AE%E3%81%94%E3%81%A8%E3%81%AE%E7%A8%8E%E9%A1%8D%E3%82%92%E7%94%BA%E6%B0%91%E7%A8%8E%E4%BF%82%E3%81%A7%E7%A2%BA%E8%AA%8D%E3%81%99%E3%82%8B%E3%80%81%E3%81%93%E3%81%93%E8%A6%8B%E3%82%8B%E3%81%A8%E6%97%A9%E3%81%84%E3%82%88,200,https://access.line.me/oauth2/v2.1/login?returnUri=%2Foauth2%2Fv2.1%2Fauthorize%2Fconsent%3Fresponse_type%3Dcode%26client_id%3D1446101138%26state%3D7eb6bd43b0672afbeefbd934aadae1%26redirect_uri%3Dhttps%253A%252F%252Fsocial-plugins.line.me%252Flineit%252FloginCallback%253FreturnUrl%253Dhttps%25253A%25252F%25252Fsocial-plugins.line.me%25252Flineit%25252Fshare%25253Furl%25253Dhttps%2525253A%2525252F%2525252Fmorimachi.enshu-lifehack.com%2525252Flife%2525252Fwork-life%2525252Flight-vehicle-tax%2525252F%252526text%25253D%252525E9%2525259D%25252599%252525E5%252525B2%252525A1%252525E7%2525259C%2525258C%252525E5%25252591%252525A8%252525E6%25252599%252525BA%252525E9%25252583%252525A1%252525E6%252525A3%252525AE%252525E7%25252594%252525BA%252525E3%25252581%252525AE%252525E6%252525A3%252525AE%252525E7%25252594%252525BA%252525E3%25252581%252525AE%252525E8%252525BB%252525BD%252525E8%25252587%252525AA%252525E5%2525258B%25252595%252525E8%252525BB%2525258A%252525E7%252525A8%2525258E%252525E3%25252581%252525AF%252525E3%25252580%25252581%252525E6%2525258E%25252592%252525E6%252525B0%25252597%252525E9%25252587%2525258F%252525E3%25252583%252525BB%252525E8%252525BB%2525258A%252525E7%252525A8%252525AE%252525E3%25252581%25252594%252525E3%25252581%252525A8%252525E3%25252581%252525AE%252525E7%252525A8%2525258E%252525E9%252525A1%2525258D%252525E3%25252582%25252592%252525E7%25252594%252525BA%252525E6%252525B0%25252591%252525E7%252525A8%2525258E%252525E4%252525BF%25252582%252525E3%25252581%252525A7%252525E7%252525A2%252525BA%252525E8%252525AA%2525258D%252525E3%25252581%25252599%252525E3%25252582%2525258B%252525E3%25252580%25252581%252525E3%25252581%25252593%252525E3%25252581%25252593%252525E8%252525A6%2525258B%252525E3%25252582%2525258B%252525E3%25252581%252525A8%252525E6%25252597%252525A9%252525E3%25252581%25252584%252525E3%25252582%25252588%26scope%3Dopenid%2520profile%2520friends%2520groups%2520timeline.post%2520message.write&loginChannelId=1446101138&loginState=L5NjCE1s5CZSrvG4aLIf9P,1,/life/work-life/light-vehicle-tax/
https://social-plugins.line.me/lineit/share?url=https%3A%2F%2Fmorimachi.enshu-lifehack.com%2Flife%2Fwork-life%2Fnational-health-insurance-tax%2F&text=%E9%9D%99%E5%B2%A1%E7%9C%8C%E5%91%A8%E6%99%BA%E9%83%A1%E6%A3%AE%E7%94%BA%E3%81%AE%E6%A3%AE%E7%94%BA%E3%81%AE%E5%9B%BD%E6%B0%91%E5%81%A5%E5%BA%B7%E4%BF%9D%E9%99%BA%E7%A8%8E%E3%81%AF%E3%80%81%E7%A8%8E%E5%8B%99%E8%AA%B2%E7%94%BA%E6%B0%91%E7%A8%8E%E4%BF%82%E3%81%A7%E7%A8%8E%E7%8E%87%E3%83%BB%E6%B8%9B%E5%85%8D%E3%82%92%E7%A2%BA%E8%AA%8D%E3%81%99%E3%82%8B%E3%80%81%E3%81%93%E3%81%93%E8%A6%8B%E3%82%8B%E3%81%A8%E6%97%A9%E3%81%84%E3%82%88,200,https://access.line.me/oauth2/v2.1/login?returnUri=%2Foauth2%2Fv2.1%2Fauthorize%2Fconsent%3Fresponse_type%3Dcode%26client_id%3D1446101138%26state%3D1521454934ea701df3ee25f6399ab7%26redirect_uri%3Dhttps%253A%252F%252Fsocial-plugins.line.me%252Flineit%252FloginCallback%253FreturnUrl%253Dhttps%25253A%25252F%25252Fsocial-plugins.line.me%25252Flineit%25252Fshare%25253Furl%25253Dhttps%2525253A%2525252F%2525252Fmorimachi.enshu-lifehack.com%2525252Flife%2525252Fwork-life%2525252Fnational-health-insurance-tax%2525252F%252526text%25253D%252525E9%2525259D%25252599%252525E5%252525B2%252525A1%252525E7%2525259C%2525258C%252525E5%25252591%252525A8%252525E6%25252599%252525BA%252525E9%25252583%252525A1%252525E6%252525A3%252525AE%252525E7%25252594%252525BA%252525E3%25252581%252525AE%252525E6%252525A3%252525AE%252525E7%25252594%252525BA%252525E3%25252581%252525AE%252525E5%2525259B%252525BD%252525E6%252525B0%25252591%252525E5%25252581%252525A5%252525E5%252525BA%252525B7%252525E4%252525BF%2525259D%252525E9%25252599%252525BA%252525E7%252525A8%2525258E%252525E3%25252581%252525AF%252525E3%25252580%25252581%252525E7%252525A8%2525258E%252525E5%2525258B%25252599%252525E8%252525AA%252525B2%252525E7%25252594%252525BA%252525E6%252525B0%25252591%252525E7%252525A8%2525258E%252525E4%252525BF%25252582%252525E3%25252581%252525A7%252525E7%252525A8%2525258E%252525E7%2525258E%25252587%252525E3%25252583%252525BB%252525E6%252525B8%2525259B%252525E5%25252585%2525258D%252525E3%25252582%25252592%252525E7%252525A2%252525BA%252525E8%252525AA%2525258D%252525E3%25252581%25252599%252525E3%25252582%2525258B%252525E3%25252580%25252581%252525E3%25252581%25252593%252525E3%25252581%25252593%252525E8%252525A6%2525258B%252525E3%25252582%2525258B%252525E3%25252581%252525A8%252525E6%25252597%252525A9%252525E3%25252581%25252584%252525E3%25252582%25252588%26scope%3Dopenid%2520profile%2520friends%2520groups%2520timeline.post%2520message.write&loginChannelId=1446101138&loginState=utc5ZigVuwWWLxbAq4b67T,1,/life/work-life/national-health-insurance-tax/
https://social-plugins.line.me/lineit/share?url=https%3A%2F%2Fmorimachi.enshu-lifehack.com%2Flife%2Fwork-life%2Fnhk-pension%2F&text=%E9%9D%99%E5%B2%A1%E7%9C%8C%E5%91%A8%E6%99%BA%E9%83%A1%E6%A3%AE%E7%94%BA%E3%81%AE%E6%A3%AE%E7%94%BA%E3%81%AE%E5%9B%BD%E6%B0%91%E5%81%A5%E5%BA%B7%E4%BF%9D%E9%99%BA%E3%83%BB%E5%9B%BD%E6%B0%91%E5%B9%B4%E9%87%91%E3%81%AF%E3%80%81%E4%BD%8F%E6%B0%91%E7%94%9F%E6%B4%BB%E8%AA%B2%E5%9B%BD%E4%BF%9D%E5%B9%B4%E9%87%91%E4%BF%82%E3%81%A7%E6%89%8B%E7%B6%9A%E3%81%8D%E3%81%99%E3%82%8B%E3%80%81%E3%81%93%E3%81%93%E8%A6%8B%E3%82%8B%E3%81%A8%E6%97%A9%E3%81%84%E3%82%88,200,https://access.line.me/oauth2/v2.1/login?returnUri=%2Foauth2%2Fv2.1%2Fauthorize%2Fconsent%3Fresponse_type%3Dcode%26client_id%3D1446101138%26state%3D6ead1530ec35f02b483bb4b32137b8%26redirect_uri%3Dhttps%253A%252F%252Fsocial-plugins.line.me%252Flineit%252FloginCallback%253FreturnUrl%253Dhttps%25253A%25252F%25252Fsocial-plugins.line.me%25252Flineit%25252Fshare%25253Furl%25253Dhttps%2525253A%2525252F%2525252Fmorimachi.enshu-lifehack.com%2525252Flife%2525252Fwork-life%2525252Fnhk-pension%2525252F%252526text%25253D%252525E9%2525259D%25252599%252525E5%252525B2%252525A1%252525E7%2525259C%2525258C%252525E5%25252591%252525A8%252525E6%25252599%252525BA%252525E9%25252583%252525A1%252525E6%252525A3%252525AE%252525E7%25252594%252525BA%252525E3%25252581%252525AE%252525E6%252525A3%252525AE%252525E7%25252594%252525BA%252525E3%25252581%252525AE%252525E5%2525259B%252525BD%252525E6%252525B0%25252591%252525E5%25252581%252525A5%252525E5%252525BA%252525B7%252525E4%252525BF%2525259D%252525E9%25252599%252525BA%252525E3%25252583%252525BB%252525E5%2525259B%252525BD%252525E6%252525B0%25252591%252525E5%252525B9%252525B4%252525E9%25252587%25252591%252525E3%25252581%252525AF%252525E3%25252580%25252581%252525E4%252525BD%2525258F%252525E6%252525B0%25252591%252525E7%25252594%2525259F%252525E6%252525B4%252525BB%252525E8%252525AA%252525B2%252525E5%2525259B%252525BD%252525E4%252525BF%2525259D%252525E5%252525B9%252525B4%252525E9%25252587%25252591%252525E4%252525BF%25252582%252525E3%25252581%252525A7%252525E6%25252589%2525258B%252525E7%252525B6%2525259A%252525E3%25252581%2525258D%252525E3%25252581%25252599%252525E3%25252582%2525258B%252525E3%25252580%25252581%252525E3%25252581%25252593%252525E3%25252581%25252593%252525E8%252525A6%2525258B%252525E3%25252582%2525258B%252525E3%25252581%252525A8%252525E6%25252597%252525A9%252525E3%25252581%25252584%252525E3%25252582%25252588%26scope%3Dopenid%2520profile%2520friends%2520groups%2520timeline.post%2520message.write&loginChannelId=1446101138&loginState=zYGpujjjBsitlzrn3sTtGI,1,/life/work-life/nhk-pension/
https://social-plugins.line.me/lineit/share?url=https%3A%2F%2Fmorimachi.enshu-lifehack.com%2Flife%2Fwork-life%2Fresident-tax%2F&text=%E9%9D%99%E5%B2%A1%E7%9C%8C%E5%91%A8%E6%99%BA%E9%83%A1%E6%A3%AE%E7%94%BA%E3%81%AE%E6%A3%AE%E7%94%BA%E3%81%AE%E4%BD%8F%E6%B0%91%E7%A8%8E%EF%BC%88%E7%94%BA%E3%83%BB%E7%9C%8C%E6%B0%91%E7%A8%8E%EF%BC%89%E3%81%AF%E3%80%81%E7%B4%8D%E4%BB%98%E6%96%B9%E6%B3%95%E3%81%A8%E9%9B%BB%E5%AD%90%E7%94%B3%E5%91%8A%E3%82%92%E7%A8%8E%E5%8B%99%E8%AA%B2%E3%81%A7%E7%A2%BA%E8%AA%8D%E3%81%99%E3%82%8B%E3%80%81%E3%81%93%E3%81%93%E8%A6%8B%E3%82%8B%E3%81%A8%E6%97%A9%E3%81%84%E3%82%88,200,https://access.line.me/oauth2/v2.1/login?returnUri=%2Foauth2%2Fv2.1%2Fauthorize%2Fconsent%3Fresponse_type%3Dcode%26client_id%3D1446101138%26state%3Da4f4eded492f093b3a3e28a4471adb%26redirect_uri%3Dhttps%253A%252F%252Fsocial-plugins.line.me%252Flineit%252FloginCallback%253FreturnUrl%253Dhttps%25253A%25252F%25252Fsocial-plugins.line.me%25252Flineit%25252Fshare%25253Furl%25253Dhttps%2525253A%2525252F%2525252Fmorimachi.enshu-lifehack.com%2525252Flife%2525252Fwork-life%2525252Fresident-tax%2525252F%252526text%25253D%252525E9%2525259D%25252599%252525E5%252525B2%252525A1%252525E7%2525259C%2525258C%252525E5%25252591%252525A8%252525E6%25252599%252525BA%252525E9%25252583%252525A1%252525E6%252525A3%252525AE%252525E7%25252594%252525BA%252525E3%25252581%252525AE%252525E6%252525A3%252525AE%252525E7%25252594%252525BA%252525E3%25252581%252525AE%252525E4%252525BD%2525258F%252525E6%252525B0%25252591%252525E7%252525A8%2525258E%252525EF%252525BC%25252588%252525E7%25252594%252525BA%252525E3%25252583%252525BB%252525E7%2525259C%2525258C%252525E6%252525B0%25252591%252525E7%252525A8%2525258E%252525EF%252525BC%25252589%252525E3%25252581%252525AF%252525E3%25252580%25252581%252525E7%252525B4%2525258D%252525E4%252525BB%25252598%252525E6%25252596%252525B9%252525E6%252525B3%25252595%252525E3%25252581%252525A8%252525E9%2525259B%252525BB%252525E5%252525AD%25252590%252525E7%25252594%252525B3%252525E5%25252591%2525258A%252525E3%25252582%25252592%252525E7%252525A8%2525258E%252525E5%2525258B%25252599%252525E8%252525AA%252525B2%252525E3%25252581%252525A7%252525E7%252525A2%252525BA%252525E8%252525AA%2525258D%252525E3%25252581%25252599%252525E3%25252582%2525258B%252525E3%25252580%25252581%252525E3%25252581%25252593%252525E3%25252581%25252593%252525E8%252525A6%2525258B%252525E3%25252582%2525258B%252525E3%25252581%252525A8%252525E6%25252597%252525A9%252525E3%25252581%25252584%252525E3%25252582%25252588%26scope%3Dopenid%2520profile%2520friends%2520groups%2520timeline.post%2520message.write&loginChannelId=1446101138&loginState=edbftPsnE9GIb3YpEj2fP6,1,/life/work-life/resident-tax/
https://social-plugins.line.me/lineit/share?url=https%3A%2F%2Fmorimachi.enshu-lifehack.com%2Flife%2Fwork-life%2Fstart-business%2F&text=%E9%9D%99%E5%B2%A1%E7%9C%8C%E5%91%A8%E6%99%BA%E9%83%A1%E6%A3%AE%E7%94%BA%E3%81%AE%E6%A3%AE%E7%94%BA%E3%81%AE%E8%B5%B7%E6%A5%AD%E3%83%BB%E5%89%B5%E6%A5%AD%E3%81%AF%E3%80%81%E7%94%A3%E6%A5%AD%E8%AA%B2%E3%81%A8%E6%A3%AE%E7%94%BA%E4%BC%81%E6%A5%AD%E7%AB%8B%E5%9C%B0%E3%83%BB%E9%9B%87%E7%94%A8%E4%BF%83%E9%80%B2%E7%89%B9%E8%A8%AD%E3%82%B5%E3%82%A4%E3%83%88%E3%81%A7%E7%9B%B8%E8%AB%87%E3%81%99%E3%82%8B%E3%80%81%E3%81%93%E3%81%93%E8%A6%8B%E3%82%8B%E3%81%A8%E6%97%A9%E3%81%84%E3%82%88,200,https://access.line.me/oauth2/v2.1/login?returnUri=%2Foauth2%2Fv2.1%2Fauthorize%2Fconsent%3Fresponse_type%3Dcode%26client_id%3D1446101138%26state%3D42ae1126883d35ff34f8dc925971e7%26redirect_uri%3Dhttps%253A%252F%252Fsocial-plugins.line.me%252Flineit%252FloginCallback%253FreturnUrl%253Dhttps%25253A%25252F%25252Fsocial-plugins.line.me%25252Flineit%25252Fshare%25253Furl%25253Dhttps%2525253A%2525252F%2525252Fmorimachi.enshu-lifehack.com%2525252Flife%2525252Fwork-life%2525252Fstart-business%2525252F%252526text%25253D%252525E9%2525259D%25252599%252525E5%252525B2%252525A1%252525E7%2525259C%2525258C%252525E5%25252591%252525A8%252525E6%25252599%252525BA%252525E9%25252583%252525A1%252525E6%252525A3%252525AE%252525E7%25252594%252525BA%252525E3%25252581%252525AE%252525E6%252525A3%252525AE%252525E7%25252594%252525BA%252525E3%25252581%252525AE%252525E8%252525B5%252525B7%252525E6%252525A5%252525AD%252525E3%25252583%252525BB%252525E5%25252589%252525B5%252525E6%252525A5%252525AD%252525E3%25252581%252525AF%252525E3%25252580%25252581%252525E7%25252594%252525A3%252525E6%252525A5%252525AD%252525E8%252525AA%252525B2%252525E3%25252581%252525A8%252525E6%252525A3%252525AE%252525E7%25252594%252525BA%252525E4%252525BC%25252581%252525E6%252525A5%252525AD%252525E7%252525AB%2525258B%252525E5%2525259C%252525B0%252525E3%25252583%252525BB%252525E9%2525259B%25252587%252525E7%25252594%252525A8%252525E4%252525BF%25252583%252525E9%25252580%252525B2%252525E7%25252589%252525B9%252525E8%252525A8%252525AD%252525E3%25252582%252525B5%252525E3%25252582%252525A4%252525E3%25252583%25252588%252525E3%25252581%252525A7%252525E7%2525259B%252525B8%252525E8%252525AB%25252587%252525E3%25252581%25252599%252525E3%25252582%2525258B%252525E3%25252580%25252581%252525E3%25252581%25252593%252525E3%25252581%25252593%252525E8%252525A6%2525258B%252525E3%25252582%2525258B%252525E3%25252581%252525A8%252525E6%25252597%252525A9%252525E3%25252581%25252584%252525E3%25252582%25252588%26scope%3Dopenid%2520profile%2520friends%2520groups%2520timeline.post%2520message.write&loginChannelId=1446101138&loginState=zkaqM0WY7TxhrvMJh0VUaz,1,/life/work-life/start-business/
https://social-plugins.line.me/lineit/share?url=https%3A%2F%2Fmorimachi.enshu-lifehack.com%2Flife%2Fwork-life%2Fstart-farming%2F&text=%E9%9D%99%E5%B2%A1%E7%9C%8C%E5%91%A8%E6%99%BA%E9%83%A1%E6%A3%AE%E7%94%BA%E3%81%AE%E6%A3%AE%E7%94%BA%E3%81%AE%E5%B0%B1%E8%BE%B2%E6%BA%96%E5%82%99%E3%81%AF%E3%80%81%E7%94%A3%E6%A5%AD%E8%AA%B2%E8%BE%B2%E6%94%BF%E4%BF%82%E3%81%A7%E8%BE%B2%E5%9C%B0%E6%83%85%E5%A0%B1%E3%83%BB%E7%A9%BA%E3%81%8D%E5%AE%B6%E4%BB%98%E3%81%8D%E8%BE%B2%E5%9C%B0%E5%88%B6%E5%BA%A6%E3%82%92%E7%A2%BA%E8%AA%8D%E3%81%99%E3%82%8B%E3%80%81%E3%81%93%E3%81%93%E8%A6%8B%E3%82%8B%E3%81%A8%E6%97%A9%E3%81%84%E3%82%88,200,https://access.line.me/oauth2/v2.1/login?returnUri=%2Foauth2%2Fv2.1%2Fauthorize%2Fconsent%3Fresponse_type%3Dcode%26client_id%3D1446101138%26state%3Db001efba4676f2146fe5892f7a448b%26redirect_uri%3Dhttps%253A%252F%252Fsocial-plugins.line.me%252Flineit%252FloginCallback%253FreturnUrl%253Dhttps%25253A%25252F%25252Fsocial-plugins.line.me%25252Flineit%25252Fshare%25253Furl%25253Dhttps%2525253A%2525252F%2525252Fmorimachi.enshu-lifehack.com%2525252Flife%2525252Fwork-life%2525252Fstart-farming%2525252F%252526text%25253D%252525E9%2525259D%25252599%252525E5%252525B2%252525A1%252525E7%2525259C%2525258C%252525E5%25252591%252525A8%252525E6%25252599%252525BA%252525E9%25252583%252525A1%252525E6%252525A3%252525AE%252525E7%25252594%252525BA%252525E3%25252581%252525AE%252525E6%252525A3%252525AE%252525E7%25252594%252525BA%252525E3%25252581%252525AE%252525E5%252525B0%252525B1%252525E8%252525BE%252525B2%252525E6%252525BA%25252596%252525E5%25252582%25252599%252525E3%25252581%252525AF%252525E3%25252580%25252581%252525E7%25252594%252525A3%252525E6%252525A5%252525AD%252525E8%252525AA%252525B2%252525E8%252525BE%252525B2%252525E6%25252594%252525BF%252525E4%252525BF%25252582%252525E3%25252581%252525A7%252525E8%252525BE%252525B2%252525E5%2525259C%252525B0%252525E6%25252583%25252585%252525E5%252525A0%252525B1%252525E3%25252583%252525BB%252525E7%252525A9%252525BA%252525E3%25252581%2525258D%252525E5%252525AE%252525B6%252525E4%252525BB%25252598%252525E3%25252581%2525258D%252525E8%252525BE%252525B2%252525E5%2525259C%252525B0%252525E5%25252588%252525B6%252525E5%252525BA%252525A6%252525E3%25252582%25252592%252525E7%252525A2%252525BA%252525E8%252525AA%2525258D%252525E3%25252581%25252599%252525E3%25252582%2525258B%252525E3%25252580%25252581%252525E3%25252581%25252593%252525E3%25252581%25252593%252525E8%252525A6%2525258B%252525E3%25252582%2525258B%252525E3%25252581%252525A8%252525E6%25252597%252525A9%252525E3%25252581%25252584%252525E3%25252582%25252588%26scope%3Dopenid%2520profile%2520friends%2520groups%2520timeline.post%2520message.write&loginChannelId=1446101138&loginState=57nbqu5egNrJMiAaKSalYB,1,/life/work-life/start-farming/
https://social-plugins.line.me/lineit/share?url=https%3A%2F%2Fmorimachi.enshu-lifehack.com%2Flife%2Fwork-life%2Fsubsidies%2F&text=%E9%9D%99%E5%B2%A1%E7%9C%8C%E5%91%A8%E6%99%BA%E9%83%A1%E6%A3%AE%E7%94%BA%E3%81%AE%E6%A3%AE%E7%94%BA%E3%81%AE%E8%A3%9C%E5%8A%A9%E9%87%91%E3%81%AF%E3%80%81%E6%8B%85%E5%BD%93%E8%AA%B2%E3%81%94%E3%81%A8%E3%81%AB%E5%88%86%E3%81%8B%E3%82%8C%E3%82%8B%E3%81%9F%E3%82%81%E5%AF%BE%E8%B1%A1%E5%88%B6%E5%BA%A6%E3%82%92%E5%80%8B%E5%88%A5%E3%81%AB%E7%A2%BA%E8%AA%8D%E3%81%99%E3%82%8B%E3%80%81%E3%81%93%E3%81%93%E8%A6%8B%E3%82%8B%E3%81%A8%E6%97%A9%E3%81%84%E3%82%88,200,https://access.line.me/oauth2/v2.1/login?returnUri=%2Foauth2%2Fv2.1%2Fauthorize%2Fconsent%3Fresponse_type%3Dcode%26client_id%3D1446101138%26state%3D4d3cd74771565534658b5826e23f07%26redirect_uri%3Dhttps%253A%252F%252Fsocial-plugins.line.me%252Flineit%252FloginCallback%253FreturnUrl%253Dhttps%25253A%25252F%25252Fsocial-plugins.line.me%25252Flineit%25252Fshare%25253Furl%25253Dhttps%2525253A%2525252F%2525252Fmorimachi.enshu-lifehack.com%2525252Flife%2525252Fwork-life%2525252Fsubsidies%2525252F%252526text%25253D%252525E9%2525259D%25252599%252525E5%252525B2%252525A1%252525E7%2525259C%2525258C%252525E5%25252591%252525A8%252525E6%25252599%252525BA%252525E9%25252583%252525A1%252525E6%252525A3%252525AE%252525E7%25252594%252525BA%252525E3%25252581%252525AE%252525E6%252525A3%252525AE%252525E7%25252594%252525BA%252525E3%25252581%252525AE%252525E8%252525A3%2525259C%252525E5%2525258A%252525A9%252525E9%25252587%25252591%252525E3%25252581%252525AF%252525E3%25252580%25252581%252525E6%2525258B%25252585%252525E5%252525BD%25252593%252525E8%252525AA%252525B2%252525E3%25252581%25252594%252525E3%25252581%252525A8%252525E3%25252581%252525AB%252525E5%25252588%25252586%252525E3%25252581%2525258B%252525E3%25252582%2525258C%252525E3%25252582%2525258B%252525E3%25252581%2525259F%252525E3%25252582%25252581%252525E5%252525AF%252525BE%252525E8%252525B1%252525A1%252525E5%25252588%252525B6%252525E5%252525BA%252525A6%252525E3%25252582%25252592%252525E5%25252580%2525258B%252525E5%25252588%252525A5%252525E3%25252581%252525AB%252525E7%252525A2%252525BA%252525E8%252525AA%2525258D%252525E3%25252581%25252599%252525E3%25252582%2525258B%252525E3%25252580%25252581%252525E3%25252581%25252593%252525E3%25252581%25252593%252525E8%252525A6%2525258B%252525E3%25252582%2525258B%252525E3%25252581%252525A8%252525E6%25252597%252525A9%252525E3%25252581%25252584%252525E3%25252582%25252588%26scope%3Dopenid%2520profile%2520friends%2520groups%2520timeline.post%2520message.write&loginChannelId=1446101138&loginState=NXI5bDnkzDaODn1dhbkg9r,1,/life/work-life/subsidies/
https://social-plugins.line.me/lineit/share?url=https%3A%2F%2Fmorimachi.enshu-lifehack.com%2Flife%2Fwork-life%2Ftax%2F&text=%E9%9D%99%E5%B2%A1%E7%9C%8C%E5%91%A8%E6%99%BA%E9%83%A1%E6%A3%AE%E7%94%BA%E3%81%AE%E6%A3%AE%E7%94%BA%E3%81%AE%E7%A8%8E%E9%87%91%E6%89%8B%E7%B6%9A%E3%81%8D%E3%81%AF%E3%80%81%E7%A8%8E%E7%9B%AE%E3%81%94%E3%81%A8%E3%81%AB%E7%A8%8E%E5%8B%99%E8%AA%B2%E3%81%AE%E5%90%84%E4%BF%82%E3%81%A7%E7%A2%BA%E8%AA%8D%E3%81%99%E3%82%8B%E3%80%81%E3%81%93%E3%81%93%E8%A6%8B%E3%82%8B%E3%81%A8%E6%97%A9%E3%81%84%E3%82%88,200,https://access.line.me/oauth2/v2.1/login?returnUri=%2Foauth2%2Fv2.1%2Fauthorize%2Fconsent%3Fresponse_type%3Dcode%26client_id%3D1446101138%26state%3Db5c9e1b63641321c85733dd0a6654a%26redirect_uri%3Dhttps%253A%252F%252Fsocial-plugins.line.me%252Flineit%252FloginCallback%253FreturnUrl%253Dhttps%25253A%25252F%25252Fsocial-plugins.line.me%25252Flineit%25252Fshare%25253Furl%25253Dhttps%2525253A%2525252F%2525252Fmorimachi.enshu-lifehack.com%2525252Flife%2525252Fwork-life%2525252Ftax%2525252F%252526text%25253D%252525E9%2525259D%25252599%252525E5%252525B2%252525A1%252525E7%2525259C%2525258C%252525E5%25252591%252525A8%252525E6%25252599%252525BA%252525E9%25252583%252525A1%252525E6%252525A3%252525AE%252525E7%25252594%252525BA%252525E3%25252581%252525AE%252525E6%252525A3%252525AE%252525E7%25252594%252525BA%252525E3%25252581%252525AE%252525E7%252525A8%2525258E%252525E9%25252587%25252591%252525E6%25252589%2525258B%252525E7%252525B6%2525259A%252525E3%25252581%2525258D%252525E3%25252581%252525AF%252525E3%25252580%25252581%252525E7%252525A8%2525258E%252525E7%2525259B%252525AE%252525E3%25252581%25252594%252525E3%25252581%252525A8%252525E3%25252581%252525AB%252525E7%252525A8%2525258E%252525E5%2525258B%25252599%252525E8%252525AA%252525B2%252525E3%25252581%252525AE%252525E5%25252590%25252584%252525E4%252525BF%25252582%252525E3%25252581%252525A7%252525E7%252525A2%252525BA%252525E8%252525AA%2525258D%252525E3%25252581%25252599%252525E3%25252582%2525258B%252525E3%25252580%25252581%252525E3%25252581%25252593%252525E3%25252581%25252593%252525E8%252525A6%2525258B%252525E3%25252582%2525258B%252525E3%25252581%252525A8%252525E6%25252597%252525A9%252525E3%25252581%25252584%252525E3%25252582%25252588%26scope%3Dopenid%2520profile%2520friends%2520groups%2520timeline.post%2520message.write&loginChannelId=1446101138&loginState=s205q1MjAzsc3WkaIiRZY0,1,/life/work-life/tax/
https://social-plugins.line.me/lineit/share?url=https%3A%2F%2Fmorimachi.enshu-lifehack.com%2Flife%2Fwork-life%2Ftax-certificates%2F&text=%E9%9D%99%E5%B2%A1%E7%9C%8C%E5%91%A8%E6%99%BA%E9%83%A1%E6%A3%AE%E7%94%BA%E3%81%AE%E6%A3%AE%E7%94%BA%E3%81%AE%E7%A8%8E%E5%8B%99%E8%A8%BC%E6%98%8E%E6%9B%B8%EF%BC%88%E6%89%80%E5%BE%97%E3%83%BB%E8%AA%B2%E7%A8%8E%E3%83%BB%E7%B4%8D%E7%A8%8E%E8%A8%BC%E6%98%8E%E6%9B%B8%E7%AD%89%EF%BC%89%E3%81%AF%E3%80%81%E7%AA%93%E5%8F%A3%E3%83%BB%E9%83%B5%E9%80%81%E3%83%BB%E5%A7%94%E4%BB%BB%E7%8A%B6%E3%81%A7%E7%94%B3%E8%AB%8B%E3%81%A7%E3%81%8D%E3%82%8B%E3%80%81%E3%81%93%E3%81%93%E8%A6%8B%E3%82%8B%E3%81%A8%E6%97%A9%E3%81%84%E3%82%88,200,https://access.line.me/oauth2/v2.1/login?returnUri=%2Foauth2%2Fv2.1%2Fauthorize%2Fconsent%3Fresponse_type%3Dcode%26client_id%3D1446101138%26state%3Dca7ca0bf0d16b401f030fe9a6bcd4b%26redirect_uri%3Dhttps%253A%252F%252Fsocial-plugins.line.me%252Flineit%252FloginCallback%253FreturnUrl%253Dhttps%25253A%25252F%25252Fsocial-plugins.line.me%25252Flineit%25252Fshare%25253Furl%25253Dhttps%2525253A%2525252F%2525252Fmorimachi.enshu-lifehack.com%2525252Flife%2525252Fwork-life%2525252Ftax-certificates%2525252F%252526text%25253D%252525E9%2525259D%25252599%252525E5%252525B2%252525A1%252525E7%2525259C%2525258C%252525E5%25252591%252525A8%252525E6%25252599%252525BA%252525E9%25252583%252525A1%252525E6%252525A3%252525AE%252525E7%25252594%252525BA%252525E3%25252581%252525AE%252525E6%252525A3%252525AE%252525E7%25252594%252525BA%252525E3%25252581%252525AE%252525E7%252525A8%2525258E%252525E5%2525258B%25252599%252525E8%252525A8%252525BC%252525E6%25252598%2525258E%252525E6%2525259B%252525B8%252525EF%252525BC%25252588%252525E6%25252589%25252580%252525E5%252525BE%25252597%252525E3%25252583%252525BB%252525E8%252525AA%252525B2%252525E7%252525A8%2525258E%252525E3%25252583%252525BB%252525E7%252525B4%2525258D%252525E7%252525A8%2525258E%252525E8%252525A8%252525BC%252525E6%25252598%2525258E%252525E6%2525259B%252525B8%252525E7%252525AD%25252589%252525EF%252525BC%25252589%252525E3%25252581%252525AF%252525E3%25252580%25252581%252525E7%252525AA%25252593%252525E5%2525258F%252525A3%252525E3%25252583%252525BB%252525E9%25252583%252525B5%252525E9%25252580%25252581%252525E3%25252583%252525BB%252525E5%252525A7%25252594%252525E4%252525BB%252525BB%252525E7%2525258A%252525B6%252525E3%25252581%252525A7%252525E7%25252594%252525B3%252525E8%252525AB%2525258B%252525E3%25252581%252525A7%252525E3%25252581%2525258D%252525E3%25252582%2525258B%252525E3%25252580%25252581%252525E3%25252581%25252593%252525E3%25252581%25252593%252525E8%252525A6%2525258B%252525E3%25252582%2525258B%252525E3%25252581%252525A8%252525E6%25252597%252525A9%252525E3%25252581%25252584%252525E3%25252582%25252588%26scope%3Dopenid%2520profile%2520friends%2520groups%2520timeline.post%2520message.write&loginChannelId=1446101138&loginState=jMZyCjMVhAzNwj9RIwFt5A,1,/life/work-life/tax-certificates/
http://www.okunijinja.or.jp,200,https://okunijinja.or.jp/,1,/shrine/shrines/s4410001/
http://mikurakinejinjya.hamazo.tv/,200,https://mikurakinejinjya.hamazo.tv/,1,/shrine/shrines/s4410008/
