url,title,h1,category,new_hub,new_hub_label,intent,primary_keyword,official_source,verified_at,action,merge_target,priority,owner,status,section,slug,page_type,department,audience,description,tel,official_source_count,canonical,has_faq_jsonld,has_breadcrumb_jsonld,exposes_raw_keys,bytes
/about/author/,執筆者について｜大石浩之（宅地建物取引士） | 静岡県森町ライフハック,執筆者について,about,,,運営者と編集方針を確認する,森町ライフハック 運営者,,2026-08-04,keep,,P1,大石浩之,作業中,about,author,detail,,,森町ライフハックの記事を書いている大石浩之（宅地建物取引士）のプロフィールです。富士ヶ丘サービス株式会社（静岡県磐田市見付）の宅建業免許・資格・対応範囲を明記しています。,0538-31-3308,0,https://morimachi.enshu-lifehack.com/about/author/,False,True,False,11546
/about/related-sites/,関連サイト一覧 | 静岡県森町ライフハック,関連サイト一覧,about,,,運営者と編集方針を確認する,森町ライフハック 運営者,,2026-08-05,keep,,P1,大石浩之,作業中,about,related-sites,detail,,,静岡県周智郡森町の森町ライフハックと、同じ運営者による関連サイトの一覧です。森町の相談窓口、遠州ライフハックの各市町版、個人制作のサイトに分けて掲載しています。,,0,https://morimachi.enshu-lifehack.com/about/related-sites/,False,True,False,9188
/agriculture/corn/,静岡県森町のとうもろこし栽培と甘々娘の基礎知識 | 森町ライフハック,森町のとうもろこし栽培と甘々娘の基礎知識,agriculture,,,,,https://www.town.morimachi.shizuoka.jp/gyosei/machinososhiki/norinseisakuka/noseigakari/index.html,2026-08-09,keep,,P3,大石浩之,作業中,agriculture,corn,detail,,,静岡県森町のとうもろこしを、品種名と産地名を混同せず、栽培、旬、保存、食べ方を一つの順序で理解するための実用ガイド。公式資料、現地確認、注意点、FAQ、次に読むページを整理しました。,,2,https://morimachi.enshu-lifehack.com/agriculture/corn/,True,True,False,29332
/agriculture/farm-road-property-check/,静岡県森町の農道を不動産調査で確認する｜公道との違い | 森町ライフハック,森町の農道を不動産調査で確認する｜公道との違い,agriculture,,,,,https://www.town.morimachi.shizuoka.jp/gyosei/machinososhiki/norinseisakuka/nochikanrikakari/index.html,,keep,,P3,大石浩之,作業中,agriculture,farm-road-property-check,detail,,,静岡県周智郡森町の農道を不動産調査で確認する。対象条件、必要資料、森町の公式窓口、確認する順番を分かりやすく整理します。実行前の注意点と家族へ残す記録も案内します。,,2,https://morimachi.enshu-lifehack.com/agriculture/farm-road-property-check/,True,True,False,37472
/agriculture/farmland-family/,静岡県森町の農地を持つ家族の確認ガイド | 森町ライフハック,森町の農地を持つ家族の確認ガイド,agriculture,,,,,https://www.town.morimachi.shizuoka.jp/gyosei/machinososhiki/norinseisakuka/noseigakari/index.html,2026-08-09,keep,,P3,大石浩之,作業中,agriculture,farmland-family,detail,,,静岡県森町の農地を、耕作、貸借、相続、遊休化の前に、地番、権利、利用状況、相談先をそろえるための実用ガイド。公式資料、現地確認、注意点、FAQ、次に読むページを整理しました。,,2,https://morimachi.enshu-lifehack.com/agriculture/farmland-family/,True,True,False,29297
/agriculture/farmland-lease-check/,静岡県森町で農地を貸し借りする前の確認｜耕作目的と手続き | 森町ライフハック,森町で農地を貸し借りする前の確認｜耕作目的と手続き,agriculture,,,,,https://www.town.morimachi.shizuoka.jp/gyosei/machinososhiki/norinseisakuka/nochikanrikakari/index.html,,keep,,P3,大石浩之,作業中,agriculture,farmland-lease-check,detail,,,静岡県周智郡森町で農地を貸し借りする前の確認。対象条件、必要資料、森町の公式窓口、確認する順番を分かりやすく整理します。実行前の注意点と家族へ残す記録も案内します。,,2,https://morimachi.enshu-lifehack.com/agriculture/farmland-lease-check/,True,True,False,36889
/agriculture/farmland-ledger-map/,静岡県森町の農地台帳と地図を確認する｜所有地整理の入口 | 森町ライフハック,森町の農地台帳と地図を確認する｜所有地整理の入口,agriculture,,,,,https://www.town.morimachi.shizuoka.jp/gyosei/machinososhiki/norinseisakuka/nochikanrikakari/index.html,,keep,,P3,大石浩之,作業中,agriculture,farmland-ledger-map,detail,,,静岡県周智郡森町の農地台帳と地図を確認する。対象条件、必要資料、森町の公式窓口、確認する順番を分かりやすく整理します。実行前の注意点と家族へ残す記録も案内します。,,2,https://morimachi.enshu-lifehack.com/agriculture/farmland-ledger-map/,True,True,False,36811
/agriculture/forest-boundary-check/,静岡県森町の山林境界を家族で確認する｜地番・図面・現地 | 森町ライフハック,森町の山林境界を家族で確認する｜地番・図面・現地,agriculture,,,,,https://www.town.morimachi.shizuoka.jp/gyosei/sangyo_shigoto/noringyo/index.html,,keep,,P3,大石浩之,作業中,agriculture,forest-boundary-check,detail,,,静岡県周智郡森町の山林境界を家族で確認する。対象条件、必要資料、森町の公式窓口、確認する順番を分かりやすく整理します。実行前の注意点と家族へ残す記録も案内します。,,2,https://morimachi.enshu-lifehack.com/agriculture/forest-boundary-check/,True,True,False,37044
/agriculture/forest-management-consultation/,静岡県森町の森林整備相談｜所有者が準備する情報 | 森町ライフハック,森町の森林整備相談｜所有者が準備する情報,agriculture,,,,,https://www.town.morimachi.shizuoka.jp/material/files/group/8/01_R7_morimachishinrinseibikeikaku.pdf,,keep,,P3,大石浩之,作業中,agriculture,forest-management-consultation,detail,,,静岡県周智郡森町の森林整備相談。対象条件、必要資料、森町の公式窓口、確認する順番を分かりやすく整理します。実行前の注意点と家族へ残す記録も案内します。,,3,https://morimachi.enshu-lifehack.com/agriculture/forest-management-consultation/,True,True,False,30615
/agriculture/forest-owner-notification/,静岡県森町の森林所有者届出｜相続・売買後の確認 | 森町ライフハック,森町の森林所有者届出｜相続・売買後の確認,agriculture,,,,,https://www.town.morimachi.shizuoka.jp/gyosei/sangyo_shigoto/noringyo/1307.html,,keep,,P3,大石浩之,作業中,agriculture,forest-owner-notification,detail,,,静岡県周智郡森町の森林所有者届出。対象条件、必要資料、森町の公式窓口、確認する順番を分かりやすく整理します。実行前の注意点と家族へ残す記録も案内します。,,2,https://morimachi.enshu-lifehack.com/agriculture/forest-owner-notification/,True,True,False,35069
/agriculture/,静岡県森町の農業・茶・森林｜状況から読む記事を選ぶ | 森町ライフハック,森町の農業・茶・森林｜どの記事から読むか,agriculture,,,,,,,keep,,P3,大石浩之,作業中,agriculture,index,hub,,,農産物、茶畑、農道、農地、森林の確認記事を、現地と公的資料から選べます。,,0,https://morimachi.enshu-lifehack.com/agriculture/,False,True,False,9174
/agriculture/new-tea-label-guide/,静岡県森町の新茶表示を確かめる｜産地・製造者・販売者の見方 | 森町ライフハック,森町の新茶表示を確かめる｜産地・製造者・販売者の見方,agriculture,,,,,https://www.town.morimachi.shizuoka.jp/gyosei/choseijoho/chochonoheya/6755.html,,keep,,P3,大石浩之,作業中,agriculture,new-tea-label-guide,detail,,,静岡県周智郡森町の新茶表示を確かめる。対象条件、必要資料、森町の公式窓口、確認する順番を分かりやすく整理します。実行前の注意点と家族へ残す記録も案内します。,,3,https://morimachi.enshu-lifehack.com/agriculture/new-tea-label-guide/,True,True,False,30119
/agriculture/overview/,静岡県森町の農業完全ガイド｜茶・米・野菜・果物 | 森町ライフハック,森町の農業完全ガイド｜茶・米・野菜・果物,agriculture,,,,,https://www.town.morimachi.shizuoka.jp/gyosei/machinososhiki/norinseisakuka/noseigakari/index.html,2026-08-09,keep,,P3,大石浩之,作業中,agriculture,overview,detail,,,静岡県森町の農業を、森町の農業を品目、季節、地形、担い手、直売の流れで俯瞰するための実用ガイド。公式資料、現地確認、注意点、FAQ、次に読むページを整理しました。,,2,https://morimachi.enshu-lifehack.com/agriculture/overview/,True,True,False,29019
/agriculture/products-calendar/,静岡県森町の農産物カレンダー｜春夏秋冬の味覚 | 森町ライフハック,森町の農産物カレンダー｜春夏秋冬の味覚,agriculture,,,,,https://www.town.morimachi.shizuoka.jp/gyosei/machinososhiki/norinseisakuka/noseigakari/index.html,2026-08-09,keep,,P3,大石浩之,作業中,agriculture,products-calendar,detail,,,静岡県森町の農産物カレンダーを、季節ごとの主な農産物を、探し始める時期と確認先が分かる形で整理するための実用ガイド。公式資料、現地確認、注意点、FAQ、次に読むページを整理しました。,,2,https://morimachi.enshu-lifehack.com/agriculture/products-calendar/,True,True,False,28873
/agriculture/tea/,静岡県森町のお茶と茶畑｜歴史・産地・一年の仕事 | 森町ライフハック,森町のお茶と茶畑｜歴史・産地・一年の仕事,agriculture,,,,,https://www.town.morimachi.shizuoka.jp/gyosei/machinososhiki/norinseisakuka/noseigakari/index.html,2026-08-09,keep,,P3,大石浩之,作業中,agriculture,tea,detail,,,静岡県森町のお茶を、茶畑の景観だけでなく、栽培の季節、製茶、流通、地域史までをつなぐための実用ガイド。公式資料、現地確認、注意点、FAQ、次に読むページを整理しました。,,2,https://morimachi.enshu-lifehack.com/agriculture/tea/,True,True,False,29164
/agriculture/tea-fields-topography/,静岡県森町の茶畑と地形｜山間・平地で何を確認するか | 森町ライフハック,森町の茶畑と地形｜山間・平地で何を確認するか,agriculture,,,,,https://www.town.morimachi.shizuoka.jp/gyosei/sangyo_shigoto/noringyo/index.html,,keep,,P3,大石浩之,作業中,agriculture,tea-fields-topography,detail,,,静岡県周智郡森町の茶畑と地形。対象条件、必要資料、森町の公式窓口、確認する順番を分かりやすく整理します。実行前の注意点と家族へ残す記録も案内します。,,2,https://morimachi.enshu-lifehack.com/agriculture/tea-fields-topography/,True,True,False,36585
/agriculture/unused-farmland-family-check/,静岡県森町の遊休農地を家族で整理する｜現況・名義・管理 | 森町ライフハック,森町の遊休農地を家族で整理する｜現況・名義・管理,agriculture,,,,,https://www.town.morimachi.shizuoka.jp/gyosei/machinososhiki/norinseisakuka/nochikanrikakari/index.html,,keep,,P3,大石浩之,作業中,agriculture,unused-farmland-family-check,detail,,,静岡県周智郡森町の遊休農地を家族で整理する。対象条件、必要資料、森町の公式窓口、確認する順番を分かりやすく整理します。実行前の注意点と家族へ残す記録も案内します。,,2,https://morimachi.enshu-lifehack.com/agriculture/unused-farmland-family-check/,True,True,False,29984
/blog/20260703-six-districts/,静岡県森町を「六つの地区」から見ると、暮らしの輪郭が分かる | 森町ライフハック,森町を「六つの地区」から見ると、暮らしの輪郭が分かる,blog,,,森町の暮らしの読み物を読む,森町 ブログ,https://www.town.morimachi.shizuoka.jp/gyosei/machinososhiki/morimachiyakuba/hikkoshi_shinseikatsu/index.html,2026-08-05,keep,,P3,大石浩之,作業中,blog,20260703-six-districts,detail,,,静岡県周智郡森町は三倉、天方、森、一宮、園田、飯田の六つの地区に分かれます。町名だけでは見えにくい、移動・近所づきあい・暮らしの違いをどう確かめるか考えます。,,2,https://morimachi.enshu-lifehack.com/blog/20260703-six-districts/,False,True,False,29827
/blog/20260704-festival-and-life/,森の祭りは、観光情報だけでなく「地域の暮らし」として読みたい | 静岡県森町ライフハック,森の祭りは、観光情報だけでなく「地域の暮らし」として読みたい,blog,,,森町の暮らしの読み物を読む,森町 ブログ,https://www.town.morimachi.shizuoka.jp/gyosei/machinososhiki/teijusuishinka/ijukoryugakari/2/izyusankouzyohou/2119.html,2026-08-05,keep,,P3,大石浩之,作業中,blog,20260704-festival-and-life,detail,,,静岡県周智郡森町には屋台の曳き廻しや三社に伝わる舞楽があります。見る側の楽しさと、地域が受け継ぐ時間の両方から祭りを考えます。,,3,https://morimachi.enshu-lifehack.com/blog/20260704-festival-and-life/,False,True,False,30047
/blog/20260705-test-daily-travel/,静岡県森町への移住前、家より先に「一日の移動」を試してみる | 森町ライフハック,森町への移住前、家より先に「一日の移動」を試してみる,blog,,,森町の暮らしの読み物を読む,森町 ブログ,https://www.town.morimachi.shizuoka.jp/ijyu/index.html,2026-08-05,keep,,P3,大石浩之,作業中,blog,20260705-test-daily-travel,detail,,,静岡県周智郡森町への移住を考えるときは、景色や物件だけでなく通勤、買い物、通院、送迎の動線確認が欠かせません。下見で試したい順番を整理します。,,2,https://morimachi.enshu-lifehack.com/blog/20260705-test-daily-travel/,False,True,False,29384
/blog/20260706-moving-in-order/,静岡県森町への転入届は、オンライン予約だけで終わらない | 森町ライフハック,森町への転入届は、オンライン予約だけで終わらない,blog,,,森町の暮らしの読み物を読む,森町 ブログ,https://www.town.morimachi.shizuoka.jp/gyosei/machinososhiki/juminseikatsuka/juminkakari/2/3/2901.html,2026-08-05,keep,,P3,大石浩之,作業中,blog,20260706-moving-in-order,detail,,,静岡県周智郡森町への転入届は住み始めてから14日以内です。マイナポータルを利用しても窓口手続きが必要になる点と、当日の順番を整理します。,,3,https://morimachi.enshu-lifehack.com/blog/20260706-moving-in-order/,False,True,False,29789
/blog/20260707-vacant-house-bank-owner/,静岡県森町の空き家バンクは、登録すれば町が売ってくれる制度ではない | 森町ライフハック,森町の空き家バンクは、登録すれば町が売ってくれる制度ではない,blog,,,森町の暮らしの読み物を読む,森町 ブログ,https://www.town.morimachi.shizuoka.jp/gyosei/machinososhiki/teijusuishinka/ijukoryugakari/2/2/379.html,2026-08-05,keep,,P3,大石浩之,作業中,blog,20260707-vacant-house-bank-owner,detail,,,静岡県周智郡森町の空き家・空き地バンクは物件情報を届ける仕組みです。所有者が登録前に確かめたい登記、家財、管理状態、契約の役割分担を整理します。,,2,https://morimachi.enshu-lifehack.com/blog/20260707-vacant-house-bank-owner/,False,True,False,30003
/blog/20260708-shrine-architecture/,静岡県森町の神社は、名前だけでなく建物の年代から見ても面白い | 森町ライフハック,森町の神社は、名前だけでなく建物の年代から見ても面白い,blog,,,森町の暮らしの読み物を読む,森町 ブログ,https://www.town.morimachi.shizuoka.jp/gyosei/machinososhiki/shakaikyoikuka/bunkashinkogakari/2/776.html,2026-08-05,keep,,P3,大石浩之,作業中,blog,20260708-shrine-architecture,detail,,,静岡県周智郡森町には小國神社、天宮神社、山名神社だけでなく各地区に多くの神社があります。公式の町史資料から、社殿を傷めずに歴史を読む入口を紹介します。,,3,https://morimachi.enshu-lifehack.com/blog/20260708-shrine-architecture/,False,True,False,29782
/blog/20260709-farmland-inheritance/,田んぼや畑を相続したら、登記だけで終わりではない | 静岡県森町ライフハック,田んぼや畑を相続したら、登記だけで終わりではない,blog,,,森町の暮らしの読み物を読む,森町 ブログ,https://www.town.morimachi.shizuoka.jp/gyosei/sangyo_shigoto/noringyo/index.html,2026-08-05,keep,,P3,大石浩之,作業中,blog,20260709-farmland-inheritance,detail,,,静岡県周智郡森町で農地を相続した場合は、相続登記とは別に農業委員会への届出確認が必要です。耕作できない場合も含め、最初の相談順を整理します。,,2,https://morimachi.enshu-lifehack.com/blog/20260709-farmland-inheritance/,False,True,False,29698
/blog/20260710-center-and-outskirts/,静岡県森町の中心部だけ見て、町全体を知ったつもりにならない | 森町ライフハック,森町の中心部だけ見て、町全体を知ったつもりにならない,blog,,,森町の暮らしの読み物を読む,森町 ブログ,https://www.town.morimachi.shizuoka.jp/gyosei/machinososhiki/seisakukikakuka/seisakukikakugakari/4/422.html,2026-08-05,keep,,P3,大石浩之,作業中,blog,20260710-center-and-outskirts,detail,,,役場や文化会館のある中心部と、山あいを含む各地区では移動条件が違います。静岡県周智郡森町で暮らす場所を比べるときの見方を整理します。,,2,https://morimachi.enshu-lifehack.com/blog/20260710-center-and-outskirts/,False,True,False,29379
/blog/20260711-three-bugaku/,静岡県森町の三社に伝わる舞楽は、三つの舞をひと括りにしない方が面白い | 森町ライフハック,森町の三社に伝わる舞楽は、三つの舞をひと括りにしない方が面白い,blog,,,森町の暮らしの読み物を読む,森町 ブログ,https://www.town.morimachi.shizuoka.jp/gyosei/machinososhiki/shakaikyoikuka/bunkashinkogakari/1/1096.html,2026-08-05,keep,,P3,大石浩之,作業中,blog,20260711-three-bugaku,detail,,,小國神社、天宮神社、山名神社に伝わる舞は国の重要無形民俗文化財です。それぞれの成り立ちと見方の違いを町史資料からたどります。,,2,https://morimachi.enshu-lifehack.com/blog/20260711-three-bugaku/,False,True,False,29757
/blog/20260712-vacant-house-bank-buyer/,空き家バンクで静岡県森町へ移住するとき、価格より先に確認したいこと | 森町ライフハック,空き家バンクで森町へ移住するとき、価格より先に確認したいこと,blog,,,森町の暮らしの読み物を読む,森町 ブログ,https://www.town.morimachi.shizuoka.jp/gyosei/machinososhiki/teijusuishinka/ijukoryugakari/2/2/379.html,2026-08-05,keep,,P3,大石浩之,作業中,blog,20260712-vacant-house-bank-buyer,detail,,,空き家バンクの物件は一軒ごとに水道、下水、家財、修繕、農地の条件が違います。内覧前後に確認したい項目を整理します。,,3,https://morimachi.enshu-lifehack.com/blog/20260712-vacant-house-bank-buyer/,False,True,False,29917
/blog/20260713-resident-certificate/,静岡県森町の住民票は、窓口へ行く前に「何を載せるか」を決める | 森町ライフハック,森町の住民票は、窓口へ行く前に「何を載せるか」を決める,blog,,,森町の暮らしの読み物を読む,森町 ブログ,https://www.town.morimachi.shizuoka.jp/gyosei/machinososhiki/juminseikatsuka/juminkakari/2/4826.html,2026-08-05,keep,,P3,大石浩之,作業中,blog,20260713-resident-certificate,detail,,,住民票は提出先によって世帯主・続柄、本籍、マイナンバーなど必要な記載が違います。受取方法より先に確認したいことを整理します。,,3,https://morimachi.enshu-lifehack.com/blog/20260713-resident-certificate/,False,True,False,29731
/blog/20260714-clean-parents-house/,実家の片付けは、捨て始める前に「残す理由」を分ける | 静岡県森町ライフハック,実家の片付けは、捨て始める前に「残す理由」を分ける,blog,,,森町の暮らしの読み物を読む,森町 ブログ,https://www.town.morimachi.shizuoka.jp/gyosei/machinososhiki/teijusuishinka/sumaishiengakari/2/2222.html,2026-08-05,keep,,P3,大石浩之,作業中,blog,20260714-clean-parents-house,detail,,,静岡県周智郡森町で親の家を片付けるときは、ごみ分別だけでなく相続、空き家管理、売却資料の保全が関わります。失くして困る物から整理します。,,3,https://morimachi.enshu-lifehack.com/blog/20260714-clean-parents-house/,False,True,False,29844
/blog/20260715-oguni-amemiya-bugaku/,小國神社と天宮神社の十二段舞楽、演目の外側にも目を向ける | 静岡県森町ライフハック,小國神社と天宮神社の十二段舞楽、演目の外側にも目を向ける,blog,,,森町の暮らしの読み物を読む,森町 ブログ,https://www.town.morimachi.shizuoka.jp/gyosei/machinososhiki/shakaikyoikuka/bunkashinkogakari/2/782.html,2026-08-05,keep,,P3,大石浩之,作業中,blog,20260715-oguni-amemiya-bugaku,detail,,,静岡県周智郡森町の十二段舞楽は、舞だけでなく練習場所や浜垢離など周辺の営みも含めて受け継がれています。町史資料から見どころを整理します。,,3,https://morimachi.enshu-lifehack.com/blog/20260715-oguni-amemiya-bugaku/,False,True,False,29706
/blog/20260716-mori-tea-history/,静岡県森町のお茶完全ガイド｜産地・味・歴史 | 森町ライフハック,森町のお茶完全ガイド｜産地・味・歴史,blog,,,森町の暮らしの読み物を読む,森町 ブログ,https://www.town.morimachi.shizuoka.jp/gyosei/machinososhiki/shakaikyoikuka/bunkashinkogakari/rekishi/5783.html,2026-08-05,keep,,P3,大石浩之,作業中,blog,20260716-mori-tea-history,detail,,,静岡県森町が刊行した『遠州森の茶業史』を入口に、茶の生産・流通と町の歩み、茶畑を受け継ぐ家族が農地・境界・管理を確認する順序を整理します。歴史への敬意と現在の暮らしを分けて考えます。,,3,https://morimachi.enshu-lifehack.com/blog/20260716-mori-tea-history/,True,True,False,34664
/blog/20260717-mikura-amagata-travel/,三倉・天方で暮らすなら、距離より「移動の代替」を見る | 静岡県森町ライフハック,三倉・天方で暮らすなら、距離より「移動の代替」を見る,blog,,,森町の暮らしの読み物を読む,森町 ブログ,https://www.town.morimachi.shizuoka.jp/gyosei/machinososhiki/seisakukikakuka/seisakukikakugakari/4/422.html,2026-08-05,keep,,P3,大石浩之,作業中,blog,20260717-mikura-amagata-travel,detail,,,静岡県周智郡森町の山あいを含む地域で暮らすときは、自家用車だけでなく、通院や買い物の代替手段を確認する必要があります。考え方を整理します。,,2,https://morimachi.enshu-lifehack.com/blog/20260717-mikura-amagata-travel/,False,True,False,29430
/blog/20260718-yamana-dance/,山名神社祇園祭のお舞に、応仁の乱以前の面影が残る | 静岡県森町ライフハック,山名神社祇園祭のお舞に、応仁の乱以前の面影が残る,blog,,,森町の暮らしの読み物を読む,森町 ブログ,https://www.town.morimachi.shizuoka.jp/gyosei/machinososhiki/shakaikyoikuka/bunkashinkogakari/2/783.html,2026-08-05,keep,,P3,大石浩之,作業中,blog,20260718-yamana-dance,detail,,,静岡県周智郡森町飯田の山名神社に伝わるお舞は、十二段舞楽とは異なる風流舞の系統です。八段の演目と地域で伝わった背景を町史から読みます。,,3,https://morimachi.enshu-lifehack.com/blog/20260718-yamana-dance/,False,True,False,29371
/blog/20260719-population-by-district/,人口データは、静岡県森町の地区を比べるための入口であって結論ではない | 森町ライフハック,人口データは、森町の地区を比べるための入口であって結論ではない,blog,,,森町の暮らしの読み物を読む,森町 ブログ,https://www.town.morimachi.shizuoka.jp/material/files/group/7/r5chiikifukushikeikaku.pdf,2026-08-05,keep,,P3,大石浩之,作業中,blog,20260719-population-by-district,detail,,,静岡県周智郡森町の六地区は人口規模が異なります。公表資料の時点を確かめ、数字だけで地域の将来や暮らしやすさを決めない読み方を考えます。,,3,https://morimachi.enshu-lifehack.com/blog/20260719-population-by-district/,False,True,False,30203
/blog/20260720-care-first-consultation/,親の介護が始まったら、施設探しより先に相談先を一つ決める | 静岡県森町ライフハック,親の介護が始まったら、施設探しより先に相談先を一つ決める,blog,,,森町の暮らしの読み物を読む,森町 ブログ,https://www.town.morimachi.shizuoka.jp/gyosei/machinososhiki/hokenfukushika/chiikihokatsushiencenterkakari/index.html,2026-08-05,keep,,P3,大石浩之,作業中,blog,20260720-care-first-consultation,detail,,,介護は家族だけで制度を調べ切ろうとすると疲れます。静岡県周智郡森町の地域包括支援センターを入口に、困りごとを整理する順番を考えます。,,3,https://morimachi.enshu-lifehack.com/blog/20260720-care-first-consultation/,False,True,False,29949
/blog/20260721-inherited-home-deduction/,"相続した実家を売る前に、3,000万円控除の確認書を調べる | 静岡県森町ライフハック","相続した実家を売る前に、3,000万円控除の確認書を調べる",blog,,,森町の暮らしの読み物を読む,森町 ブログ,https://www.town.morimachi.shizuoka.jp/gyosei/machinososhiki/zeimuka/shisanzeigakari/1/kaoku/543.html,2026-08-05,keep,,P3,大石浩之,作業中,blog,20260721-inherited-home-deduction,detail,,,被相続人が住んでいた家を売る場合、要件を満たせば譲渡所得の特例対象になる可能性があります。契約前に確認したい役場書類を整理します。,,3,https://morimachi.enshu-lifehack.com/blog/20260721-inherited-home-deduction/,False,True,False,29967
/blog/20260722-temple-architecture/,静岡県森町の寺院は、宗派の数から地域史が見えてくる | 森町ライフハック,森町の寺院は、宗派の数から地域史が見えてくる,blog,,,森町の暮らしの読み物を読む,森町 ブログ,https://www.town.morimachi.shizuoka.jp/gyosei/machinososhiki/shakaikyoikuka/bunkashinkogakari/2/774.html,2026-08-05,keep,,P3,大石浩之,作業中,blog,20260722-temple-architecture,detail,,,静岡県周智郡森町の町史資料では曹洞宗寺院が多く、最古級の本堂や文化財の山門も紹介されています。寺院を一覧と建築の両方から見る方法を考えます。,,3,https://morimachi.enshu-lifehack.com/blog/20260722-temple-architecture/,False,True,False,29303
/blog/20260723-farmland-conversion/,農地を駐車場や宅地にしたい——先に工事を始めてはいけない | 静岡県森町ライフハック,農地を駐車場や宅地にしたい——先に工事を始めてはいけない,blog,,,森町の暮らしの読み物を読む,森町 ブログ,https://www.town.morimachi.shizuoka.jp/gyosei/sangyo_shigoto/noringyo/6758.html,2026-08-05,keep,,P3,大石浩之,作業中,blog,20260723-farmland-conversion,detail,,,静岡県周智郡森町で農地を宅地や駐車場などへ変える場合は、農地転用の許可確認が必要です。4条・5条の違いと相談の順番を整理します。,,2,https://morimachi.enshu-lifehack.com/blog/20260723-farmland-conversion/,False,True,False,29574
/blog/20260724-three-eastern-districts/,一宮・園田・飯田を、地図の近さだけで同じ暮らしと考えない | 静岡県森町ライフハック,一宮・園田・飯田を、地図の近さだけで同じ暮らしと考えない,blog,,,森町の暮らしの読み物を読む,森町 ブログ,https://www.town.morimachi.shizuoka.jp/gyosei/machinososhiki/morimachiyakuba/hikkoshi_shinseikatsu/index.html,2026-08-05,keep,,P3,大石浩之,作業中,blog,20260724-three-eastern-districts,detail,,,静岡県周智郡森町の六地区のうち一宮、園田、飯田にもそれぞれの生活動線があります。物件比較で地区名と実際の行き先を重ねる方法を考えます。,,2,https://morimachi.enshu-lifehack.com/blog/20260724-three-eastern-districts/,False,True,False,29139
/blog/20260725-supporting-festivals/,祭礼を残すのは、当日の人出だけではない | 静岡県森町ライフハック,祭礼を残すのは、当日の人出だけではない,blog,,,森町の暮らしの読み物を読む,森町 ブログ,https://www.town.morimachi.shizuoka.jp/gyosei/machinososhiki/teijusuishinka/ijukoryugakari/2/izyusankouzyohou/2119.html,2026-08-05,keep,,P3,大石浩之,作業中,blog,20260725-supporting-festivals,detail,,,静岡県周智郡森町の祭りや舞楽は、準備、練習、片付けを担う人によって続いています。訪れる側と住む側が無理なく支える方法を考えます。,,3,https://morimachi.enshu-lifehack.com/blog/20260725-supporting-festivals/,False,True,False,29844
/blog/20260726-dual-location/,静岡県森町の二地域居住——移住か現状維持かの二択をやめる | 森町ライフハック,森町の二地域居住——移住か現状維持かの二択をやめる,blog,,,森町の暮らしの読み物を読む,森町 ブログ,https://www.town.morimachi.shizuoka.jp/gyosei/machinososhiki/teijusuishinka/ijukoryugakari/6727.html,2026-08-05,keep,,P3,大石浩之,作業中,blog,20260726-dual-location,detail,,,静岡県周智郡森町は二地域居住を、観光と完全移住の中間にある暮らし方として案内しています。家を買う前に試せる関わり方を考えます。,,3,https://morimachi.enshu-lifehack.com/blog/20260726-dual-location/,False,True,False,30092
/blog/20260727-bereavement-order/,家族が亡くなった後の手続きは、期限と窓口を一枚にまとめる | 静岡県森町ライフハック,家族が亡くなった後の手続きは、期限と窓口を一枚にまとめる,blog,,,森町の暮らしの読み物を読む,森町 ブログ,https://www.town.morimachi.shizuoka.jp/gyosei/lifeevent/okuyami/1830.html,2026-08-05,keep,,P3,大石浩之,作業中,blog,20260727-bereavement-order,detail,,,死亡後は役場、年金、保険、相続、家の管理などが重なります。静岡県周智郡森町の案内を入口に、家族が抱え込まない整理方法を考えます。,,3,https://morimachi.enshu-lifehack.com/blog/20260727-bereavement-order/,False,True,False,29717
/blog/20260728-before-selling-house/,静岡県森町で家を売る前に、価格より境界・接道・名義を確認する | 森町ライフハック,森町で家を売る前に、価格より境界・接道・名義を確認する,blog,,,森町の暮らしの読み物を読む,森町 ブログ,https://www.town.morimachi.shizuoka.jp/material/files/group/10/cyekkurisuto.pdf,2026-08-05,keep,,P3,大石浩之,作業中,blog,20260728-before-selling-house,detail,,,売却査定の金額は、物件情報が正しくそろって初めて比較できます。静岡県周智郡森町の空き家バンク確認票から、先に整理したい項目を読み解きます。,,3,https://morimachi.enshu-lifehack.com/blog/20260728-before-selling-house/,False,True,False,29746
/blog/20260729-suzuki-tozaburo/,鈴木藤三郎——静岡県森町から製糖業を変えた発明家 | 森町ライフハック,鈴木藤三郎——森町から製糖業を変えた発明家,blog,,,森町の暮らしの読み物を読む,森町 ブログ,https://www.town.morimachi.shizuoka.jp/gyosei/machinososhiki/shakaikyoikuka/bunkashinkogakari/rekishi/morimatinoijin/5583.html,2026-08-05,keep,,P3,大石浩之,作業中,blog,20260729-suzuki-tozaburo,detail,,,静岡県周智郡森町本町出身の鈴木藤三郎は、氷砂糖の製法を発明し、精製糖事業や台湾製糖に関わりました。その歩みから地域の産業を見る視点を考えます。,,3,https://morimachi.enshu-lifehack.com/blog/20260729-suzuki-tozaburo/,False,True,False,29216
/blog/20260730-forest-inheritance/,山林を相続したら、場所が分からなくても90日届出を確認する | 静岡県森町ライフハック,山林を相続したら、場所が分からなくても90日届出を確認する,blog,,,森町の暮らしの読み物を読む,森町 ブログ,https://www.town.morimachi.shizuoka.jp/gyosei/sangyo_shigoto/noringyo/1307.html,2026-08-05,keep,,P3,大石浩之,作業中,blog,20260730-forest-inheritance,detail,,,静岡県周智郡森町で森林の土地を相続・売買で取得した場合、対象となる民有林では所有者届出が必要です。地番と現地が一致しないときの確認順を整理します。,,3,https://morimachi.enshu-lifehack.com/blog/20260730-forest-inheritance/,False,True,False,30060
/blog/20260731-home-location-check/,静岡県森町の住所選びは、地区名より通勤・買い物・災害地図を重ねる | 森町ライフハック,森町の住所選びは、地区名より通勤・買い物・災害地図を重ねる,blog,,,森町の暮らしの読み物を読む,森町 ブログ,https://www.town.morimachi.shizuoka.jp/gyosei/bosai_anzen/bosai/hazardmap/1255.html,2026-08-21,keep,,P3,大石浩之,作業中,blog,20260731-home-location-check,detail,,,住む場所を比べるときは、便利さと安全を別々に見ず、一日の移動とハザードマップを同じ地図に重ねることが大切です。,,3,https://morimachi.enshu-lifehack.com/blog/20260731-home-location-check/,False,True,False,30762
/blog/20260801-event-traffic-manners/,静岡県森町の祭りへ行く前に、駐車場と交通案内を確認する | 森町ライフハック,森町の祭りへ行く前に、駐車場と交通案内を確認する,blog,,,森町の暮らしの読み物を読む,森町 ブログ,https://www.town.morimachi.shizuoka.jp/gyosei/machinososhiki/sangyoseisakuka/sangyoshinkokakari/2/index.html,2026-08-05,keep,,P3,大石浩之,作業中,blog,20260801-event-traffic-manners,detail,,,祭りや催しの日は普段と道路の使われ方が変わります。地域の暮らしを妨げず楽しむために、出発前に見る情報を整理します。,,2,https://morimachi.enshu-lifehack.com/blog/20260801-event-traffic-manners/,False,True,False,29107
/blog/20260802-parenting-migration/,子育て移住は、支援制度の数より「困った日の相談先」で比べる | 静岡県森町ライフハック,子育て移住は、支援制度の数より「困った日の相談先」で比べる,blog,,,森町の暮らしの読み物を読む,森町 ブログ,https://www.town.morimachi.shizuoka.jp/gyosei/machinososhiki/kenkokodomoka/kodomokateikakari/1/837.html,2026-08-05,keep,,P3,大石浩之,作業中,blog,20260802-parenting-migration,detail,,,静岡県周智郡森町への子育て移住を考えるなら、手当だけでなく、相談、遊び場、保育、学校、送迎を一日の流れで確認することが大切です。,,3,https://morimachi.enshu-lifehack.com/blog/20260802-parenting-migration/,False,True,False,29824
/blog/20260803-mynumber-support/,マイナンバーカード申請は、出張申請を使える場合がある | 静岡県森町ライフハック,マイナンバーカード申請は、出張申請を使える場合がある,blog,,,森町の暮らしの読み物を読む,森町 ブログ,https://www.town.morimachi.shizuoka.jp/gyosei/machinososhiki/juminseikatsuka/juminkakari/1/5169.html,2026-08-05,keep,,P3,大石浩之,作業中,blog,20260803-mynumber-support,detail,,,静岡県周智郡森町では事業所や地域団体などを対象に出張申請の案内があります。窓口へ行きにくい人が確認したい条件と受取方法を整理します。,,3,https://morimachi.enshu-lifehack.com/blog/20260803-mynumber-support/,False,True,False,29838
/blog/20260804-gomi-bunbetsu-kaitei/,静岡県森町のごみ分別ルール、いま実際どうなっているのか | 森町ライフハック,森町のごみ分別ルール、いま実際どうなっているのか,blog,,,森町の暮らしの読み物を読む,森町 ブログ,https://www.town.morimachi.shizuoka.jp/gyosei/machinososhiki/juminseikatsuka/seikatsukankyokakari/1/1/692.html,2026-08-05,keep,,P3,大石浩之,作業中,blog,20260804-gomi-bunbetsu-kaitei,detail,,,静岡県周智郡森町のごみ分別は、手元の古い表や人づての記憶だけで判断せず、町公式の分別表、収集カレンダー、品目検索を組み合わせて確認することが大切です。迷ったときの順番を生活者の目線で整理します。,,3,https://morimachi.enshu-lifehack.com/blog/20260804-gomi-bunbetsu-kaitei/,False,True,False,30444
/blog/20260805-bugaku-shaji-rinchi/,静岡県森町・国指定の舞楽が三件ある町で、社寺の隣に土地を持つということ | 森町ライフハック,国指定の舞楽が三件ある町で、社寺の隣に土地を持つということ,blog,,,森町の暮らしの読み物を読む,森町 ブログ,https://www.town.morimachi.shizuoka.jp/gyosei/machinososhiki/shakaikyoikuka/bunkashinkogakari/1/1096.html,2026-08-05,keep,,P3,大石浩之,作業中,blog,20260805-bugaku-shaji-rinchi,detail,,,静岡県周智郡森町では、小國神社・天宮神社・山名神社の舞楽が昭和57年1月14日に国の重要無形民俗文化財となりました。社寺の隣に土地や実家を持つ人が、埋蔵文化財の照会、景観条例の届出、土地利用事業の承認をどの順番で確認すればよいかを、町公式ページの記載から整理しました。,,10,https://morimachi.enshu-lifehack.com/blog/20260805-bugaku-shaji-rinchi/,False,True,False,37088
/blog/20260805-cultural-assets/,友田家住宅、次郎柿原木、三つの舞楽——静岡県森町の文化財を暮らしにつなぐ | 森町ライフハック,友田家住宅、次郎柿原木、三つの舞楽——森町の文化財を暮らしにつなぐ,blog,,,森町の暮らしの読み物を読む,森町 ブログ,https://www.town.morimachi.shizuoka.jp/gyosei/machinososhiki/shakaikyoikuka/bunkashinkogakari/1/1096.html,2026-08-05,keep,,P3,大石浩之,作業中,blog,20260805-cultural-assets,detail,,,静岡県周智郡森町の文化財は有名寺社だけではありません。住宅、果樹、祭礼、街並みを一つの一覧で見ると、地域の暮らしが文化として残る意味が見えてきます。,,2,https://morimachi.enshu-lifehack.com/blog/20260805-cultural-assets/,False,True,False,30956
/blog/20260806-cadastral-survey-boundary/,静岡県森町・畑と山の境界は、現地に立つ前に地籍調査の成果で確かめられる | 森町ライフハック,畑と山の境界は、現地に立つ前に地籍調査の成果で確かめられる,blog,,,森町の暮らしの読み物を読む,森町 ブログ,https://www.town.morimachi.shizuoka.jp/gyosei/machinososhiki/kensetsuka/yochikakari/1/3830.html,2026-08-21,keep,,P3,大石浩之,作業中,blog,20260806-cadastral-survey-boundary,detail,,,静岡県周智郡森町で畑と山林の境が分からなくなった方へ。町の地籍調査の成果（座標面積計算書・多角点配点図）は建設課用地係で閲覧・交付を申請でき、コピー代は1枚10円。実施済み地区、分筆後は反映されないこと、町は杭を復元しないことまで、現地に立つ前に確かめる順番を整理しました。,,3,https://morimachi.enshu-lifehack.com/blog/20260806-cadastral-survey-boundary/,False,True,False,41825
/blog/20260806-electric-fence-subsidy/,静岡県森町・使っていない畑ほど獣の通り道になる。電気柵補助を夏のうちに確かめる | 森町ライフハック,使っていない畑ほど、獣の通り道になる——森町の電気柵補助を夏のうちに確かめる,blog,,,森町の暮らしの読み物を読む,森町 ブログ,https://www.town.morimachi.shizuoka.jp/gyosei/machinososhiki/norinseisakuka/rinseikakari/3/5293.html,2026-08-06,keep,,P3,大石浩之,作業中,blog,20260806-electric-fence-subsidy,detail,,,静岡県周智郡森町で畑を使わなくなった方へ。町の有害鳥獣被害防止対策事業費補助金（電気柵等）は補助対象経費の3分の2・最高6万円で、購入後の申請はできません。町の鳥獣被害防止計画に載る被害額と捕獲計画もあわせて、夏のうちに確かめる順番を整理しました。,,7,https://morimachi.enshu-lifehack.com/blog/20260806-electric-fence-subsidy/,False,True,False,40916
/blog/20260806-tea-garden-conditions/,静岡県森町・茶園を引き継いだら、摘採より先に「続ける条件」を数える | 森町ライフハック,森町で茶園を引き継いだら、摘採より先に「続ける条件」を数える,blog,,,森町の暮らしの読み物を読む,森町 ブログ,https://www.town.morimachi.shizuoka.jp/gyosei/sangyo_shigoto/noringyo/6756.html,2026-08-06,keep,,P3,大石浩之,作業中,blog,20260806-tea-garden-conditions,detail,,,静岡県周智郡森町で茶園を相続した方へ。摘む・摘まないを決める前に、相続の届出（10か月以内）、地域計画の目標地図、農地法第3条の許可要件、転用の申請締切（毎月25日）といった「続ける条件」を、町公式ページの記載から数える順番に整理しました。,,7,https://morimachi.enshu-lifehack.com/blog/20260806-tea-garden-conditions/,False,True,False,41508
/blog/20260807-obon-three-days-walk/,静岡県森町・お盆に実家へ戻る三日間で、親の生活圏を一緒に歩いて確かめる | 森町ライフハック,お盆に実家へ戻る三日間で、親の生活圏を一緒に歩いて確かめる,blog,,,森町の暮らしの読み物を読む,森町 ブログ,https://www.town.morimachi.shizuoka.jp/gyosei/machinososhiki/hokenfukushika/chiikihokatsushiencenterkakari/2/3999.html,2026-08-07,keep,,P3,大石浩之,作業中,blog,20260807-obon-three-days-walk,detail,,,静岡県周智郡森町の実家へお盆に帰る三日間で、片付けや相続の話を切り出す前にできることがあります。森町地域包括支援センターの受付は月曜から金曜の8時30分から17時15分、公立森町病院の救急受診は休日6時から22時で深夜は原則受け付けられません。ハザードマップは6地区ごとに分かれています。親の生活圏を一緒に歩いて確かめる三日間の組み立てを整理しました。,,6,https://morimachi.enshu-lifehack.com/blog/20260807-obon-three-days-walk/,False,True,False,42070
/blog/20260807-smart-ic-livability/,静岡県森町・「遠州森町スマートICが近い」は、暮らしやすさと同じ意味ではない | 森町ライフハック,「遠州森町スマートICが近い」は、暮らしやすさと同じ意味ではない,blog,,,森町の暮らしの読み物を読む,森町 ブログ,https://www.town.morimachi.shizuoka.jp/gyosei/machinososhiki/kensetsuka/kanrigakari/2/414.html,2026-08-07,keep,,P3,大石浩之,作業中,blog,20260807-smart-ic-livability,detail,,,"静岡県周智郡森町の遠州森町スマートICは平成26年3月29日15時に開通したETC専用の24時間フル方向IC。役場までは車で約8分（約3.6km）です。ただしICへの近さが測っているのは「町の外へ出る速さ」であって、買い物・通院・通学・移動手段の選択肢とは別の指標です。土地利用事業（1,000平方メートル以上）や開発許可の要件まで含めて、立地の見方を整理しました。",,7,https://morimachi.enshu-lifehack.com/blog/20260807-smart-ic-livability/,False,True,False,43170
/blog/20260807-tenhama-station-frequency/,静岡県森町・「天浜線の駅が近い」は、本数と接続を見てから使う言葉 | 森町ライフハック,「天浜線の駅が近い」は、本数と接続を見てから使う言葉,blog,,,森町の暮らしの読み物を読む,森町 ブログ,https://www.town.morimachi.shizuoka.jp/gyosei/kurashi_tetsuzuki/kokyokotsu/1582.html,2026-08-07,keep,,P3,大石浩之,作業中,blog,20260807-tenhama-station-frequency,detail,,,静岡県周智郡森町には天竜浜名湖線の駅が戸綿・遠州森・森町病院前・円田・遠江一宮の5つあります。2026年3月14日改正の公式時刻表では遠州森駅の掛川方面が28本、遠江一宮駅と森町病院前駅は26本で、10時台に上りが1本もない駅もあります。遠州森駅から掛川駅までは23分から29分、運賃530円。駅までの徒歩分数ではなく、本数と接続で立地を確かめる手順を整理しました。,,5,https://morimachi.enshu-lifehack.com/blog/20260807-tenhama-station-frequency/,False,True,False,40305
/blog/20260807-water-supply-routes/,静岡県森町・同じ森町でも、蛇口に水が届く経路は一つではない | 森町ライフハック,同じ森町でも、蛇口に水が届く経路は一つではない,blog,,,森町の暮らしの読み物を読む,森町 ブログ,https://www.town.morimachi.shizuoka.jp/gyosei/machinososhiki/jogesuidoka/josuidokanrigakari/1/1/667.html,2026-08-07,keep,,P3,大石浩之,作業中,blog,20260807-water-supply-routes,detail,,,"静岡県周智郡森町の水道は、上水道と公営簡易水道で条例が分かれ、検針月も地区で二系統に分かれています。上水道料金は令和5年4月1日以降の表で口径13ミリなら基本水量8立方メートル・基本料金1,100円。貯水槽を経由する建物では管理義務が設置者に生じます。家を買う・引き継ぐ前に、その家の水がどの経路で来ているかを確かめる順番を整理しました。",,8,https://morimachi.enshu-lifehack.com/blog/20260807-water-supply-routes/,False,True,False,42464
/blog/20260808-hanabi-river-area/,静岡県森町・森町納涼花火大会の会場は「川の中」——太田川河川敷が一年の大半で何であるか | 森町ライフハック,森町納涼花火大会の会場は「川の中」——太田川河川敷が一年の大半で何であるか,blog,,,森町の暮らしの読み物を読む,森町 ブログ,https://www.town.morimachi.shizuoka.jp/gyosei/machinososhiki/sangyoseisakuka/kankoshinkokakari/7/1085.html,2026-08-08,keep,,P3,大石浩之,作業中,blog,20260808-hanabi-river-area,detail,,,静岡県周智郡森町の納涼花火大会は太田川親水公園で開かれます。主催の森町商工会は令和8年8月15日（土）午後7時30分から8時30分、小雨決行・荒天中止で延期なしと案内しています。会場である河川敷は、一年の大半は川が水を流すための土地です。森町防災ハザードマップの河川氾濫区域、静岡県が令和7年3月31日に指定した太田川の洪水浸水想定区域図、河川法の占用許可から、川沿いの土地の見方を整理しました。,,5,https://morimachi.enshu-lifehack.com/blog/20260808-hanabi-river-area/,False,True,False,42659
/blog/20260808-yatai-storage-ownership/,静岡県森町・屋台や太鼓をしまう建物は、誰の名義で、どの土地に建っているか | 森町ライフハック,屋台や太鼓をしまう建物は、誰の名義で、どの土地に建っているか,blog,,,森町の暮らしの読み物を読む,森町 ブログ,https://www.town.morimachi.shizuoka.jp/gyosei/machinososhiki/shakaikyoikuka/bunkashinkogakari/2/781.html,2026-08-08,keep,,P3,大石浩之,作業中,blog,20260808-yatai-storage-ownership,detail,,,静岡県周智郡森町の森の祭りで引き出される屋台や、囃子の太鼓・笛・鉦は、一年の大半を建物の中で過ごします。その建物の名義と敷地は誰のものか。森町の固定資産税は家屋の所有者を「登記簿または家屋課税台帳に登録されている人」とし、町は未登記家屋所有者異動届出書の様式。,,6,https://morimachi.enshu-lifehack.com/blog/20260808-yatai-storage-ownership/,False,True,False,45611
/blog/20260809-akiya-august-afternoon-viewing/,静岡県森町・空き家の下見は、涼しい日ではなく八月の午後に一度入っておく | 森町ライフハック,空き家の下見は、涼しい日ではなく八月の午後に一度入っておく,blog,,,森町の暮らしの読み物を読む,森町 ブログ,https://www.town.morimachi.shizuoka.jp/gyosei/machinososhiki/teijusuishinka/ijukoryugakari/2/2/379.html,2026-08-09,keep,,P3,大石浩之,作業中,blog,20260809-akiya-august-afternoon-viewing,detail,,,静岡県周智郡森町の空き家・空き地バンクで物件を見学するには、利用申込書（様式第8号）と同意書（様式第2号）を定住推進課へ出します。優先交渉権は先着順で、前の人の結果が出るまで次の人は交渉できません。入れる回数が限られるからこそ、涼しい日ではなく八月の午後に一度入っておく意味があります。暑さ指数の区分と、家の熱・風・湿気・西日を確かめる順番を整理しました。,,4,https://morimachi.enshu-lifehack.com/blog/20260809-akiya-august-afternoon-viewing/,False,True,False,39384
/blog/20260809-nothing-special-sunday/,静岡県森町・移住を決める前に、「何もない日曜日」を家族で一日過ごしてみる | 森町ライフハック,移住を決める前に、「何もない日曜日」を家族で一日過ごしてみる,blog,,,森町の暮らしの読み物を読む,森町 ブログ,https://www.town.morimachi.shizuoka.jp/gyosei/kanko_bunka/bunka/1159.html,2026-08-09,keep,,P3,大石浩之,作業中,blog,20260809-nothing-special-sunday,detail,,,静岡県周智郡森町へ移住を考える方は、たいてい祭りやイベントのある日に町へ来ます。けれど住んでからの日曜の大半は、何もない日曜日です。森町立図書館は月曜休館で日曜は9時から17時、歴史民俗資料館は月曜・火曜休館で入館無料、森町総合体育館は火曜休館でトレーニング室は当日券300円。休館日がばらけている町の一日を、予定を入れずに歩いて確かめる順番を整理しました。,,6,https://morimachi.enshu-lifehack.com/blog/20260809-nothing-special-sunday/,False,True,False,38348
/blog/20260809-tencomori-three-conditions/,静岡県森町・移住パンフレット「TENCOMORI」は、読む前に自分の条件を三つ決めておく | 森町ライフハック,移住パンフレット「TENCOMORI」は、読む前に自分の条件を三つ決めておく,blog,,,森町の暮らしの読み物を読む,森町 ブログ,https://www.town.morimachi.shizuoka.jp/gyosei/kurashi_tetsuzuki/ijuteiju/1583.html,2026-08-09,keep,,P3,大石浩之,作業中,blog,20260809-tencomori-three-conditions,detail,,,静岡県周智郡森町の移住促進パンフレット「TENCOMORI」は、定住推進課がつくった移住者インタビュー中心の冊子です。ただ、先に自分の条件を決めずに読むと、他人の答えを眺めるだけで終わります。森町公式の「移住定住手続き」に載る移住までのステップは、なぜ移住するのか、誰と移住するのか、何を優先するのか、の三つから始まります。この三つを紙に書いてから読むための順番を整理しました。,,6,https://morimachi.enshu-lifehack.com/blog/20260809-tencomori-three-conditions/,False,True,False,37649
/blog/20260810-consultation-reservation-split/,静岡県森町・森町の相談窓口は「予約が要るもの」と「要らないもの」で動き方が変わる | 森町ライフハック,森町の相談窓口は「予約が要るもの」と「要らないもの」で動き方が変わる,blog,,,森町の暮らしの読み物を読む,森町 ブログ,https://www.town.morimachi.shizuoka.jp/gyosei/machinososhiki/juminseikatsuka/juminkakari/3/567.html,2026-08-10,keep,,P3,大石浩之,作業中,blog,20260810-consultation-reservation-split,detail,,,静岡県周智郡森町の相談窓口は、予約が要るものと要らないもので準備がまったく違います。無料法律相談は年3回で先着6名の予約制、年金相談は毎月第2水曜で要予約。人権相談と行政相談は日程が決まっていて予約の記載がなく、健康相談や地域包括支援センターは随時です。年に数回しかない相談から逆算する順番を整理しました。,,8,https://morimachi.enshu-lifehack.com/blog/20260810-consultation-reservation-split/,False,True,False,43963
/blog/20260810-obon-week-town-hall-hours/,静岡県森町・森町役場が19時まで開くのは水曜だけ——祝日で飛び石になるお盆週の窓口をどう使うか | 森町ライフハック,森町役場が19時まで開くのは水曜だけ——祝日で飛び石になるお盆週の窓口をどう使うか,blog,,,森町の暮らしの読み物を読む,森町 ブログ,https://www.town.morimachi.shizuoka.jp/gyosei/machinososhiki/juminseikatsuka/juminkakari/581.html,2026-08-10,keep,,P3,大石浩之,作業中,blog,20260810-obon-week-town-hall-hours,detail,,,静岡県周智郡森町役場の開庁は月曜から金曜の8時30分から17時15分まで。19時まで延びるのは毎週水曜の時間外窓口だけで、祝日は実施されません。2026年8月11日は山の日で閉庁、12日の水曜は19時まで。お盆週の窓口が飛び石になる一週間を、証明書のコンビニ交付も含めてどう割り振るかを整理しました。,,7,https://morimachi.enshu-lifehack.com/blog/20260810-obon-week-town-hall-hours/,False,True,False,41639
/blog/20260810-proxy-certificates-for-parents/,静岡県森町・実家の証明書を、子が代わりに取る——委任状と本人確認書類を帰省前にそろえる | 森町ライフハック,実家の証明書を、子が代わりに取る——委任状と本人確認書類を帰省前にそろえる,blog,,,森町の暮らしの読み物を読む,森町 ブログ,https://www.town.morimachi.shizuoka.jp/gyosei/machinososhiki/juminseikatsuka/juminkakari/2/2_1/2913.html,2026-08-10,keep,,P3,大石浩之,作業中,blog,20260810-proxy-certificates-for-parents,detail,,,静岡県周智郡森町で親の証明書を子が代わりに取るとき、委任状が要るかどうかは書類ごとに違います。戸籍謄本は直系の親族なら委任状を省略でき、住民票は別世帯なら委任状が必要。評価証明書や所得課税証明書は町外に住む子だと住民票上同一世帯でも委任状が要ります。帰省前にそろえる書類と順番を整理しました。,,8,https://morimachi.enshu-lifehack.com/blog/20260810-proxy-certificates-for-parents/,False,True,False,43738
/blog/20260811-akiya-plan-ten-years/,静岡県森町・町は10年計画で空き家を見ている——第2期空家等対策計画から実家の位置を確かめる | 森町ライフハック,町は10年計画で空き家を見ている——第2期空家等対策計画から実家の位置を確かめる,blog,,,森町の暮らしの読み物を読む,森町 ブログ,https://www.town.morimachi.shizuoka.jp/gyosei/machinososhiki/teijusuishinka/sumaishiengakari/2/2222.html,2026-08-11,keep,,P3,大石浩之,作業中,blog,20260811-akiya-plan-ten-years,detail,,,"静岡県周智郡森町は令和5年11月に第2期森町空家等対策計画を定め、令和14年度末までの10年間で空き家対策を進めています。令和4年度の実態調査では空き家候補592戸、建物総数7,321戸に対し8.1％。管理良好213戸、要適正管理286戸、管理不全93戸という分類と14の調査項目から、実家がどこに位置するかを確かめます。",,4,https://morimachi.enshu-lifehack.com/blog/20260811-akiya-plan-ten-years/,False,True,False,44787
/blog/20260811-nayosecho-all-parcels/,静岡県森町・親の土地は課税明細だけでは数え切れない——名寄帳を相続人が取り、実家の筆をすべて並べる | 森町ライフハック,親の土地は課税明細だけでは数え切れない——名寄帳を相続人が取り、実家の筆をすべて並べる,blog,,,森町の暮らしの読み物を読む,森町 ブログ,https://www.town.morimachi.shizuoka.jp/gyosei/kurashi_tetsuzuki/zeikin/shomeisho/1374.html,2026-08-11,keep,,P3,大石浩之,作業中,blog,20260811-nayosecho-all-parcels,detail,,,静岡県周智郡森町の公式ページによれば、すべての固定資産の課税標準額の合計が免税点未満（土地30万円・家屋20万円）の場合は納税通知書が送付されません。通知書が来ない土地は課税明細書にも載りません。名寄帳の閲覧は1納税義務者につき300円。相続人が実家の筆をすべて並べる順番を整理しました。,,7,https://morimachi.enshu-lifehack.com/blog/20260811-nayosecho-all-parcels/,False,True,False,53783
/blog/20260811-obon-clean-center-days/,静岡県森町・実家の家財を運び出す前に、中遠クリーンセンターの受入日を見る——お盆週の持ち込み段取り | 森町ライフハック,実家の家財を運び出す前に、中遠クリーンセンターの受入日を見る——お盆週の持ち込み段取り,blog,,,森町の暮らしの読み物を読む,森町 ブログ,https://www.town.morimachi.shizuoka.jp/gyosei/machinososhiki/juminseikatsuka/seikatsukankyokakari/1/1/4363.html,2026-08-11,keep,,P3,大石浩之,作業中,blog,20260811-obon-clean-center-days,detail,,,中遠クリーンセンターの受入は平日午前9時から正午と午後1時から午後5時、土曜は午前のみ。休業日は日曜・祝日・年末年始です。8月11日は山の日にあたるため祝日で、持ち込めません。手数料は10キログラム未満80円、10キログラム以上は10キログラムにつき163円。お盆週に実家の家財を運び出す段取りを整理しました。,,6,https://morimachi.enshu-lifehack.com/blog/20260811-obon-clean-center-days/,False,True,False,50715
/blog/20260811-souzoku-houki-three-months/,静岡県森町・実家を「継がない」と決めるなら3か月——相続放棄しても消えない管理の責任 | 森町ライフハック,実家を「継がない」と決めるなら3か月——相続放棄しても消えない管理の責任,blog,,,森町の暮らしの読み物を読む,森町 ブログ,https://www.town.morimachi.shizuoka.jp/gyosei/machinososhiki/teijusuishinka/ijukoryugakari/2/2/380.html,2026-08-11,keep,,P3,大石浩之,作業中,blog,20260811-souzoku-houki-three-months,detail,,,静岡県周智郡森町の実家を相続しないと決めるなら、家庭裁判所への申述は「自己のために相続の開始があったことを知った時から3か月以内」です。申述先は掛川支部。ただし民法第940条により、放棄の時に現に占有していた財産には保存義務が残ります。3か月で何を決め、何が残るのかを整理しました。,,3,https://morimachi.enshu-lifehack.com/blog/20260811-souzoku-houki-three-months/,False,True,False,51157
/blog/20260811-water-shutoff-joining-fee/,静岡県森町・誰も住まない実家の水道は、止めると再開に加入金がかかる——森町に休止制度はない | 森町ライフハック,誰も住まない実家の水道は、止めると再開に加入金がかかる——森町に休止制度はない,blog,,,森町の暮らしの読み物を読む,森町 ブログ,https://www.town.morimachi.shizuoka.jp/gyosei/machinososhiki/jogesuidoka/josuidokanrigakari/1/1/668.html,2026-08-11,keep,,P3,大石浩之,作業中,blog,20260811-water-shutoff-joining-fee,detail,,,"静岡県周智郡森町の公式ページは「森町ではいわゆる休止制度はございません」と明記しています。廃止すると再度使うときは新規扱いとなり、加入金は口径13ミリで38,500円。一方で届出をしないと使用水量0でも基本料金がかかり続けます。誰も住まない実家の水道を止めるか続けるかを、金額と手順から整理しました。",,5,https://morimachi.enshu-lifehack.com/blog/20260811-water-shutoff-joining-fee/,False,True,False,49903
/blog/20260812-amenomiya-nagi-garden-tree/,天宮神社のナギは県の天然記念物、実家の庭の大木は誰も守ってくれない——お盆に木を一度見ておく | 静岡県森町ライフハック,天宮神社のナギは県の天然記念物、実家の庭の大木は誰も守ってくれない——お盆に木を一度見ておく,blog,,,森町の暮らしの読み物を読む,森町 ブログ,https://www.town.morimachi.shizuoka.jp/gyosei/machinososhiki/shakaikyoikuka/bunkashinkogakari/2/1091.html,2026-08-12,keep,,P3,大石浩之,作業中,blog,20260812-amenomiya-nagi-garden-tree,detail,,,静岡県周智郡森町天宮576の天宮神社のナギは、昭和29年1月30日に静岡県指定の天然記念物になりました。員数は一本、目通り5.0メートル、森町公式は高さ約18メートルとしています。指定された木には制度が付きますが、実家の庭の大木には何も付きません。民法233条・717条と森町の補助から、お盆に庭の木を見ておく順番を整理しました。,,5,https://morimachi.enshu-lifehack.com/blog/20260812-amenomiya-nagi-garden-tree/,False,True,False,50144
/blog/20260812-ishimatsu-grave-rebuilt/,森の石松の墓は何度も建て直されてきた——大洞院の門前から、訪ねる人がいなくなった墓のことを考える | 静岡県森町ライフハック,森の石松の墓は何度も建て直されてきた——大洞院の門前から、訪ねる人がいなくなった墓のことを考える,blog,,,森町の暮らしの読み物を読む,森町 ブログ,https://www.town.morimachi.shizuoka.jp/gyosei/machinososhiki/shakaikyoikuka/bunkashinkogakari/2/779.html,2026-08-12,keep,,P3,大石浩之,作業中,blog,20260812-ishimatsu-grave-rebuilt,detail,,,静岡県周智郡森町橘の大洞院にある森の石松の墓は、削ってお守りにする人が絶えず、いまの墓石は三代目です。訪ねる人が多すぎる墓がある一方で、実家の墓は訪ねる人がいなくなっていきます。改葬は市町村長の許可が要り、無縁墳墓の改葬には官報と立札で一年間の公告が必要です。お盆に墓の前で確かめる順番を整理しました。,,5,https://morimachi.enshu-lifehack.com/blog/20260812-ishimatsu-grave-rebuilt/,False,True,False,48159
/blog/20260812-tomodake-kayabuki-value-cost/,国の重要文化財になった民家は、昭和の修理で茅葺きに戻された——友田家住宅から実家の「古さ」を値打ちと費用に分けて見る | 静岡県森町ライフハック,国の重要文化財になった民家は、昭和の修理で茅葺きに戻された——友田家住宅から実家の「古さ」を値打ちと費用に分けて見る,blog,,,森町の暮らしの読み物を読む,森町 ブログ,https://www.town.morimachi.shizuoka.jp/gyosei/machinososhiki/shakaikyoikuka/bunkashinkogakari/2/775.html,2026-08-12,keep,,P3,大石浩之,作業中,blog,20260812-tomodake-kayabuki-value-cost,detail,,,静岡県周智郡森町亀久保の友田家住宅は、昭和48年6月2日に国の重要文化財に指定された民家です。昭和58年1月から15か月をかけた半解体修理で茅葺きに戻され、平成8年度に葺き替えが行われました。実家の「古さ」を値打ちと費用に分けて見る順番を、森町の耐震・除却・空き家の補助制度と併せて整理しました。,,6,https://morimachi.enshu-lifehack.com/blog/20260812-tomodake-kayabuki-value-cost/,False,True,False,49717
/blog/20260813-august-grass-mowing/,八月の草は、刈っても月内にもう一度伸びる——実家の畑と空き地を誰にいくらで頼むか | 静岡県森町ライフハック,八月の草は、刈っても月内にもう一度伸びる——実家の畑と空き地を誰にいくらで頼むか,blog,,,森町の暮らしの読み物を読む,森町 ブログ,https://www.town.morimachi.shizuoka.jp/gyosei/kurashi_tetsuzuki/gomi_risaikuru/gomi/4364.html,2026-08-13,keep,,P3,大石浩之,作業中,blog,20260813-august-grass-mowing,detail,,,草刈りの費用は「刈る費用」と「捨てる費用」に分かれます。静岡県周智郡森町公式によれば、中遠クリーンセンターの搬入手数料は10キログラム未満80円、10キログラム以上は10キログラムにつき163円。刈草・剪定枝は袋井市宇刈のリサイクルセンターでも受け入れています。農地法は毎年一回の利用状況調査を定め、空家法は立木竹の伐採を勧告の対象にしています。お盆に決める順番を整理しました。,,6,https://morimachi.enshu-lifehack.com/blog/20260813-august-grass-mowing/,False,True,False,50976
/blog/20260813-kokko-kizoku-forest/,山を国に引き取ってもらう道はあるか——相続土地国庫帰属制度を、森町の山林で考える | 静岡県森町ライフハック,山を国に引き取ってもらう道はあるか——相続土地国庫帰属制度を、森町の山林で考える,blog,,,森町の暮らしの読み物を読む,森町 ブログ,https://www.town.morimachi.shizuoka.jp/gyosei/machinososhiki/norinseisakuka/rinseikakari/2/889.html,2026-08-13,keep,,P3,大石浩之,作業中,blog,20260813-kokko-kizoku-forest,detail,,,"相続土地国庫帰属制度は令和5年4月27日に始まりました。審査手数料は土地一筆当たり14,000円、森林の負担金は面積に応じて算定され、12,000平方メートルなら383,000円です。ただし境界が明らかでない土地は申請の段階で却下されます。静岡県周智郡森町の林野面積9,676ヘクタールを前に、実家の山をどう見るかを整理しました。",,6,https://morimachi.enshu-lifehack.com/blog/20260813-kokko-kizoku-forest/,False,True,False,54950
/blog/20260813-tanbo-lease-contract/,親が近所に貸している田んぼに、契約書はあるか——お盆に確かめる農地の貸し借り | 静岡県森町ライフハック,親が近所に貸している田んぼに、契約書はあるか——お盆に確かめる農地の貸し借り,blog,,,森町の暮らしの読み物を読む,森町 ブログ,https://www.town.morimachi.shizuoka.jp/gyosei/machinososhiki/norinseisakuka/nochikanrikakari/3461.html,2026-08-13,keep,,P3,大石浩之,作業中,blog,20260813-tanbo-lease-contract,detail,,,"農地法第21条は、農地の賃貸借契約について当事者が書面で存続期間・借賃等の額・支払条件を明らかにしなければならないと定めています。静岡県周智郡森町公式によれば、令和7年1月から12月に設定された田の賃借料は10アール当たり平均11,500円、172筆分。口約束のままの貸し借りを、お盆に確かめる順番を整理しました。",,7,https://morimachi.enshu-lifehack.com/blog/20260813-tanbo-lease-contract/,False,True,False,51843
/blog/20260814-bridge-pavement-tunnel-plans/,実家へ渡る橋は、いつ誰が直すのか——橋梁・舗装・トンネルの長寿命化修繕計画から立地の先を読む | 静岡県森町ライフハック,実家へ渡る橋は、いつ誰が直すのか——橋梁・舗装・トンネルの長寿命化修繕計画から立地の先を読む,blog,,,森町の暮らしの読み物を読む,森町 ブログ,https://www.town.morimachi.shizuoka.jp/gyosei/choseijoho/machinokeikaku_torikumi/3805.html,2026-08-14,keep,,P3,大石浩之,作業中,blog,20260814-bridge-pavement-tunnel-plans,detail,,,静岡県周智郡森町公式の長寿命化修繕計画によれば、町が管理する橋長2メートル以上の橋は284橋で、そのうち迂回路のない橋が24橋あります。町道は910路線376.5キロメートル、舗装率83.2パーセントで、修繕が必要なMCI4.0以下の路線が全体の48.4パーセントです。町が管理するトンネルは町道一宮豊岡線の黒立トンネル1本だけで、迂回路は約5キロメートル、所要時間10分です。実家の立地を、道の先まで読む手順を整理しました。,,8,https://morimachi.enshu-lifehack.com/blog/20260814-bridge-pavement-tunnel-plans/,False,True,False,59901
/blog/20260814-license-return-district-feet/,親が車を返した日、その地区に残る足は何か——森町営バスと、一宮・園田だけの地域タクシー | 静岡県森町ライフハック,親が車を返した日、その地区に残る足は何か——森町営バスと、一宮・園田だけの地域タクシー,blog,,,森町の暮らしの読み物を読む,森町 ブログ,https://www.town.morimachi.shizuoka.jp/gyosei/machinososhiki/seisakukikakuka/seisakukikakugakari/4/418.html,2026-08-21,keep,,P3,大石浩之,作業中,blog,20260814-license-return-district-feet,detail,,,"静岡県周智郡森町の公共交通は、地区によって形が違います。町公式によれば町営バスは大河内線と吉川線の2路線で運賃は大人200円、大河内線は8月13日から15日が運休です。一宮地区と園田地区には令和7年10月1日から本格運行の地域タクシーがあり、1台500円、平日8時30分から15時30分の運行です。75歳以上または65歳以上で運転経歴証明書を持つ町民には年3,000円を上限とする利用券の助成があります。",,8,https://morimachi.enshu-lifehack.com/blog/20260814-license-return-district-feet/,False,True,False,58864
/blog/20260815-children-roles-in-district/,囃子とお舞の役は子どもに回る——子が減った地区で、転入世帯が受ける役をどう決めるか | 静岡県森町ライフハック,囃子とお舞の役は子どもに回る——子が減った地区で、転入世帯が受ける役をどう決めるか,blog,,,森町の暮らしの読み物を読む,森町 ブログ,https://www.town.morimachi.shizuoka.jp/gyosei/machinososhiki/shakaikyoikuka/bunkashinkogakari/2/783.html,2026-08-15,keep,,P3,大石浩之,作業中,blog,20260815-children-roles-in-district,detail,,,"静岡県周智郡森町公式「37 山名神社祇園祭のお舞」は、舞人を「小学校から中学校くらいまでの男子で、優填の役は古来村松氏の世襲であった」と記します。令和8年7月17日に認定された森町文化財保存活用地域計画は、山名神社天王祭舞楽保存会の活動を「指導者と募集参加の小学生による舞楽の保存・継承」、小國神社古式舞楽保存会の活動を「小学生が舞楽を習得するための合宿を実施」とし、課題として民俗芸能等の担い手不足を挙げています。森町の世帯数は平成5年1月の5,406から2026年8月の6,763へ増え、人口は21,511人から16,422人へ減りました。転入世帯が役をどう受けるかを整理しました。",,10,https://morimachi.enshu-lifehack.com/blog/20260815-children-roles-in-district/,False,True,False,55477
/blog/20260815-kasanboko-first-bon/,カサンボコは新盆の家で唱えられる——迎える側が用意するものと、実家が新盆になった年の段取り | 静岡県森町ライフハック,カサンボコは新盆の家で唱えられる——迎える側が用意するものと、実家が新盆になった年の段取り,blog,,,森町の暮らしの読み物を読む,森町 ブログ,https://www.town.morimachi.shizuoka.jp/gyosei/machinososhiki/shakaikyoikuka/bunkashinkogakari/2/781.html,2026-08-15,keep,,P3,大石浩之,作業中,blog,20260815-kasanboko-first-bon,detail,,,静岡県周智郡森町公式「39 森の祭・かさんぼこ」によれば、カサンボコは8月のお盆に子供たちが新盆の家で念仏を唱えて供養する行事で、赤い布を垂らした大きな唐傘が先頭に立ち、提灯と太鼓を乗せた盆車が続きます。令和8年7月17日に認定された森町文化財保存活用地域計画は、かさんぼこを未指定の歴史文化資産に位置づけ、「かさんぼこを行う町内会は減少しています」としたうえで、現在は一宮地区の大久保、園田地区の円田、飯田地区の中飯田と下飯田で行われているとしています。迎える側が用意するものと、実家が新盆になった年の段取りを整理しました。,,8,https://morimachi.enshu-lifehack.com/blog/20260815-kasanboko-first-bon/,False,True,False,58475
/blog/20260815-mori-matsuri-district-choice/,十一月の森の祭りは、八月に当番と寄付が動き出す——空き家のまま地区に残るか抜けるかの判断 | 静岡県森町ライフハック,十一月の森の祭りは、八月に当番と寄付が動き出す——空き家のまま地区に残るか抜けるかの判断,blog,,,森町の暮らしの読み物を読む,森町 ブログ,https://www.town.morimachi.shizuoka.jp/gyosei/machinososhiki/shakaikyoikuka/bunkashinkogakari/2/781.html,2026-08-15,keep,,P3,大石浩之,作業中,blog,20260815-mori-matsuri-district-choice,detail,,,"静岡県周智郡森町公式によれば、森の祭りは11月1日から3日間、昼はお神輿が三島神社と金守神社の間をお渡りし、夜は14台の二輪屋台が狭い道を曳き廻されます。森町文化財保存活用地域計画は「地域の人々の結びつきが弱くなり、祭り等の伝統行事の継続が難しくなってきています」と記し、城下の町並については所有者の転出等に伴い空き家や解体による空き地が目立つとしています。第2期森町空家等対策計画によれば、令和4年度の実態調査で空き家候補は592戸、建物総数7,321戸に対し8.1パーセント。空き家のまま地区に残るか抜けるかを、公表資料から順に整理しました。",,9,https://morimachi.enshu-lifehack.com/blog/20260815-mori-matsuri-district-choice/,False,True,False,57994
/blog/20260816-marriage-new-life-subsidy/,森町で新生活を始める年は、八月から動くと間に合う——結婚新生活支援補助金は七月一日受付開始、締切は二月二十六日 | 静岡県森町ライフハック,森町で新生活を始める年は、八月から動くと間に合う——結婚新生活支援補助金は七月一日受付開始、締切は二月二十六日,blog,,,森町の暮らしの読み物を読む,森町 ブログ,https://www.town.morimachi.shizuoka.jp/gyosei/machinososhiki/teijusuishinka/ijukoryugakari/2/izyusankouzyohou/4392.html,2026-08-16,keep,,P3,大石浩之,作業中,blog,20260816-marriage-new-life-subsidy,detail,,,静岡県周智郡森町公式の結婚新生活支援補助金は、令和8年1月1日から令和9年3月31日までに婚姻届が受理された夫婦を対象とし、申請期間は令和8年7月1日から令和9年2月26日まで、上限は婚姻時に夫婦ともに29歳以下で60万円、39歳以下で30万円（補助率10分の10）とされています。夫婦の合計所得500万円未満、住宅が森町内で申請時に夫婦ともに住民登録、静岡県が指定する講座等の要件、町税の滞納がないことなどが条件で、郵送・ファックス・E-mailは受け付けず窓口への直接提出のみ、予算の上限に達した場合は受付を終了することがあると記されています。八月から動く順番を整理しました。,,7,https://morimachi.enshu-lifehack.com/blog/20260816-marriage-new-life-subsidy/,False,True,False,53864
/blog/20260816-moving-in-timing-for-children/,九月に転入するか、四月に合わせるか——森町の小中学校と放課後児童クラブから、子連れ移住の入り時期を逆算する | 静岡県森町ライフハック,九月に転入するか、四月に合わせるか——森町の小中学校と放課後児童クラブから、子連れ移住の入り時期を逆算する,blog,,,森町の暮らしの読み物を読む,森町 ブログ,https://www.town.morimachi.shizuoka.jp/gyosei/kosodate_kyoiku/houkagozidou/6930.html,2026-08-16,keep,,P3,大石浩之,作業中,blog,20260816-moving-in-timing-for-children,detail,,,"静岡県周智郡森町公式によれば、令和9年度の放課後児童クラブの利用申込期間は令和8年9月14日から10月16日まで、令和9年度の保育所等入所の申込期間も同じ令和8年9月14日から10月16日までです。保育所等の入所決定は2月上旬までとされ、入所申込の対象は「町内に住民票がある方」と記されています。放課後児童クラブは飯田・宮園・森の3か所で、通年利用は月額5,500円（8月は8,250円）、令和8年4月1日から利用料が改定されました。町立幼稚園の入園申込みも同じ9月中旬から10月中旬です。子連れで森町へ移る年の、入り時期の逆算を整理しました。",,13,https://morimachi.enshu-lifehack.com/blog/20260816-moving-in-timing-for-children/,False,True,False,65405
/blog/20260817-august-insurance-care-papers/,八月一日で、親の医療と介護の紙は入れ替わっている——資格確認書と介護保険負担割合証を帰省後に確かめる | 静岡県森町ライフハック,八月一日で、親の医療と介護の紙は入れ替わっている——資格確認書と介護保険負担割合証を帰省後に確かめる,blog,,,森町の暮らしの読み物を読む,森町 ブログ,https://www.town.morimachi.shizuoka.jp/gyosei/kenko_fukushi/kokuminkenkohoken_kokikoreishairyoseido/2173.html,2026-08-17,keep,,P3,大石浩之,作業中,blog,20260817-august-insurance-care-papers,detail,,,静岡県後期高齢者医療広域連合は、2026年（令和8年）7月31日をもって資格確認書を年次更新し、それまで使われていた橙色の資格確認書は7月31日で有効期限切れになると公表しています。2026年8月1日の年次更新からは、対象者に応じて「資格確認書」または「資格情報のお知らせ」が交付され、令和8年8月1日から令和9年7月31日までは藤色の資格確認書です。静岡県周智郡森町公式の国民健康保険のページによれば、マイナ保険証を持たない人には申請不要で資格確認書が交付され、資格情報のお知らせだけでは受診できません。森町公式の介護保険負担限度額認定のページは2026年8月1日に更新され、令和8年8月1日からの利用者負担段階が示されています。帰省の後に確かめる順番を整理しました。,,8,https://morimachi.enshu-lifehack.com/blog/20260817-august-insurance-care-papers/,False,True,False,65185
/blog/20260817-heir-representative-tax-notice/,実家の固定資産税の通知は、誰の家に届くのか——相続人代表者指定届を、お盆で集まった後の一週間で出す | 静岡県森町ライフハック,実家の固定資産税の通知は、誰の家に届くのか——相続人代表者指定届を、お盆で集まった後の一週間で出す,blog,,,森町の暮らしの読み物を読む,森町 ブログ,https://www.town.morimachi.shizuoka.jp/gyosei/machinososhiki/zeimuka/shisanzeigakari/1/koteitosikeizenpan/534.html,2026-08-17,keep,,P3,大石浩之,作業中,blog,20260817-heir-representative-tax-notice,detail,,,静岡県周智郡森町公式の固定資産税のページによれば、納税義務者は毎年1月1日（賦課期日）現在で土地・家屋・償却資産を所有している人で、税額は課税標準額×1.4パーセントです。共有名義の場合は持ち分の多い者、町内に在住する者、世帯主、物件所在地にいる者、登記順位が1番の者という順で代表者が決められると記されています。森町公式の申請書様式のページには「相続人代表者指定届」がPDFとWordと記入例つきで掲載されており、税務課資産税係（0538-85-6309）が担当です。令和8年度の固定資産税・都市計画税の納期限は1期6月1日、2期6月30日、3期11月2日、4期3月1日。お盆で家族がそろった後の一週間に何をするかを、公表資料から整理しました。,,5,https://morimachi.enshu-lifehack.com/blog/20260817-heir-representative-tax-notice/,False,True,False,52600
/blog/20260817-ichinomiya-bugaku-document-history/,遠江一宮の舞楽を文書・祭礼図・神仏習合の記録から追う | 静岡県森町ライフハック,遠江一宮の舞楽を文書・祭礼図・神仏習合の記録から追う,blog,,,森町の暮らしの読み物を読む,森町 ブログ,https://www.town.morimachi.shizuoka.jp/gyosei/machinososhiki/shakaikyoikuka/bunkashinkogakari/2/785.html,2026-08-17,keep,,P3,大石浩之,作業中,blog,20260817-ichinomiya-bugaku-document-history,detail,,,静岡県周智郡森町公式の図説森町史を基に、一宮舞楽指南書、面等請取証、祭礼図、修正会記録から小國・天宮両社の舞楽を読みます。日程案内とは異なる史料編です。,,5,https://morimachi.enshu-lifehack.com/blog/20260817-ichinomiya-bugaku-document-history/,True,True,False,31829
/blog/20260817-morimachi-ancient-place-name-source-map/,律令期の周智郡を郷名・寺院・神社史料から読む | 森町ライフハック,律令期の周智郡を郷名・寺院・神社史料から読む,blog,,,森町の暮らしの読み物を読む,森町 ブログ,https://www.town.morimachi.shizuoka.jp/gyosei/kanko_bunka/bunka/zusetsumorichoushi/1757.html,,keep,,P3,大石浩之,作業中,blog,20260817-morimachi-ancient-place-name-source-map,detail,,,静岡県周智郡森町公式資料を基に、史料名、表記、推定地、出土物、年代、確定と推定の別を地図カードへ結ぶための古代地名史料地図を作る実務記事です。,,3,https://morimachi.enshu-lifehack.com/blog/20260817-morimachi-ancient-place-name-source-map/,True,True,False,44103
/blog/20260817-morimachi-buddhist-statue-index/,森町の仏像・神像を材質・像高・年代・伝来地で索引化する | 静岡県森町ライフハック,森町の仏像・神像を材質・像高・年代・伝来地で索引化する,blog,,,森町の暮らしの読み物を読む,森町 ブログ,https://www.town.morimachi.shizuoka.jp/gyosei/machinososhiki/shakaikyoikuka/bunkashinkogakari/2/1098.html,2026-08-17,keep,,P3,大石浩之,作業中,blog,20260817-morimachi-buddhist-statue-index,detail,,,静岡県周智郡森町公式『森町の彫刻』を、仏像・神像一体ごとの材質、像高、年代、指定、伝来地、所蔵先へ分解。寺院案内とは異なる文化財索引の作り方を整理します。,,2,https://morimachi.enshu-lifehack.com/blog/20260817-morimachi-buddhist-statue-index/,True,True,False,26281
/blog/20260817-morimachi-castle-site-ledger/,静岡県森町の城郭を地形・年代・遺構・典拠で読む城館台帳 | 森町ライフハック,森町の城郭を地形・年代・遺構・典拠で読む城館台帳,blog,,,森町の暮らしの読み物を読む,森町 ブログ,https://www.town.morimachi.shizuoka.jp/gyosei/machinososhiki/shakaikyoikuka/bunkashinkogakari/2/802.html,2026-08-17,keep,,P3,大石浩之,作業中,blog,20260817-morimachi-castle-site-ledger,detail,,,静岡県周智郡森町公式『17 森町の城郭』と認定文化財保存活用地域計画を基に、城名、立地、時期、遺構・出土、典拠、公開確認を固定欄で整理します。,,3,https://morimachi.enshu-lifehack.com/blog/20260817-morimachi-castle-site-ledger/,True,True,False,26480
/blog/20260817-morimachi-craft-calligraphy-document-index/,森町の工芸品・書跡・古文書を材質・年代・銘文・所蔵先で引く文化資料索引 | 静岡県森町ライフハック,森町の工芸品・書跡・古文書を材質・年代・銘文・所蔵先で引く文化資料索引,blog,,,森町の暮らしの読み物を読む,森町 ブログ,https://www.town.morimachi.shizuoka.jp/gyosei/machinososhiki/shakaikyoikuka/bunkashinkogakari/2/773.html,2026-08-17,keep,,P3,大石浩之,作業中,blog,20260817-morimachi-craft-calligraphy-document-index,detail,,,静岡県周智郡森町公式の工芸品・書跡・古文書を、資料名、種別、材質・形態、年代、銘文・作者、所蔵先、公開確認へ分解。文化財現物を横断検索する索引です。,,2,https://morimachi.enshu-lifehack.com/blog/20260817-morimachi-craft-calligraphy-document-index/,True,True,False,25911
/blog/20260817-morimachi-daily-life-material-ledger/,静岡県森町の衣食住資料を用途・季節・場所で整理する生活資料台帳 | 森町ライフハック,森町の衣食住資料を用途・季節・場所で整理する生活資料台帳,blog,,,森町の暮らしの読み物を読む,森町 ブログ,https://www.town.morimachi.shizuoka.jp/gyosei/kanko_bunka/bunka/zusetsumorichoushi/1723.html,,keep,,P3,大石浩之,作業中,blog,20260817-morimachi-daily-life-material-ledger,detail,,,静岡県周智郡森町公式資料を基に、衣類、食事、屋敷、道具、季節、行事、写真時点を混ぜずに一資料一行で残すための衣食住資料台帳を作る実務記事です。,,3,https://morimachi.enshu-lifehack.com/blog/20260817-morimachi-daily-life-material-ledger/,True,True,False,44952
/blog/20260817-morimachi-designated-sites-verification-ledger/,静岡県森町の史跡・名勝・天然記念物を指定区分と確認日で整理する | 森町ライフハック,森町の史跡・名勝・天然記念物を指定区分と確認日で整理する,blog,,,森町の暮らしの読み物を読む,森町 ブログ,https://www.town.morimachi.shizuoka.jp/gyosei/kanko_bunka/bunka/zusetsumorichoushi/1714.html,,keep,,P3,大石浩之,作業中,blog,20260817-morimachi-designated-sites-verification-ledger,detail,,,静岡県周智郡森町公式資料を基に、指定区分、対象物、指定年、資料写真の時点、現存確認、公開条件を分けるための指定文化財確認台帳を作る実務記事です。,,3,https://morimachi.enshu-lifehack.com/blog/20260817-morimachi-designated-sites-verification-ledger/,True,True,False,45585
/blog/20260817-morimachi-early-modern-land-tax-ledger/,森地域の検地帳を村名・年・記載方式・年貢区分で読む | 静岡県森町ライフハック,森地域の検地帳を村名・年・記載方式・年貢区分で読む,blog,,,森町の暮らしの読み物を読む,森町 ブログ,https://www.town.morimachi.shizuoka.jp/gyosei/kanko_bunka/bunka/zusetsumorichoushi/1744.html,,keep,,P3,大石浩之,作業中,blog,20260817-morimachi-early-modern-land-tax-ledger,detail,,,静岡県周智郡森町公式資料を基に、検地年、村名、帳面名、役人、所蔵、石高・永高、米納・銭納、写本か原本かを分けるための検地年貢史料台帳を作る実務記事です。,,3,https://morimachi.enshu-lifehack.com/blog/20260817-morimachi-early-modern-land-tax-ledger/,True,True,False,44916
/blog/20260817-morimachi-folk-house-record/,静岡県森町の民家を建築年代・間取り・改変根拠で読む資料台帳 | 森町ライフハック,森町の民家を建築年代・間取り・改変根拠で読む資料台帳,blog,,,森町の暮らしの読み物を読む,森町 ブログ,https://www.town.morimachi.shizuoka.jp/gyosei/machinososhiki/shakaikyoikuka/bunkashinkogakari/2/775.html,,keep,,P3,大石浩之,作業中,blog,20260817-morimachi-folk-house-record,detail,,,友田家、大石家、藤江家など静岡県周智郡森町公式の民家資料を、建築・移動・再建・増築・修理、外観・内部・間取図、現存・公開確認に分ける文化資料台帳です。,,3,https://morimachi.enshu-lifehack.com/blog/20260817-morimachi-folk-house-record/,True,True,False,24684
/blog/20260817-morimachi-geology-outcrop-source-ledger/,静岡県森町の地層・断層・化石地点を資料時点付きで整理する | 森町ライフハック,森町の地層・断層・化石地点を資料時点付きで整理する,blog,,,森町の暮らしの読み物を読む,森町 ブログ,https://www.town.morimachi.shizuoka.jp/gyosei/kanko_bunka/bunka/zusetsumorichoushi/1762.html,,keep,,P3,大石浩之,作業中,blog,20260817-morimachi-geology-outcrop-source-ledger,detail,,,静岡県周智郡森町公式資料を基に、地層名、岩質、地形、観察記録、資料時点、立入可否、防災判断との境界を分けるための地質露頭資料台帳を作る実務記事です。,,3,https://morimachi.enshu-lifehack.com/blog/20260817-morimachi-geology-outcrop-source-ledger/,True,True,False,44787
/blog/20260817-morimachi-jomon-material-exchange-ledger/,静岡県森町の縄文資料を石材産地・土器文様・補修痕で読む | 森町ライフハック,森町の縄文資料を石材産地・土器文様・補修痕で読む,blog,,,森町の暮らしの読み物を読む,森町 ブログ,https://www.town.morimachi.shizuoka.jp/gyosei/kanko_bunka/bunka/zusetsumorichoushi/1761.html,,keep,,P3,大石浩之,作業中,blog,20260817-morimachi-jomon-material-exchange-ledger,detail,,,静岡県周智郡森町公式資料を基に、遺跡、時期、素材、産地、文様、補修、貯蔵、火山灰、所蔵を資料単位で結ぶための縄文資料交流台帳を作る実務記事です。,,3,https://morimachi.enshu-lifehack.com/blog/20260817-morimachi-jomon-material-exchange-ledger/,True,True,False,45225
/blog/20260817-morimachi-livelihood-seasonal-calendar/,静岡県森町の米・茶・林業・炭焼きの作業時期を資料から並べる | 森町ライフハック,森町の米・茶・林業・炭焼きの作業時期を資料から並べる,blog,,,森町の暮らしの読み物を読む,森町 ブログ,https://www.town.morimachi.shizuoka.jp/gyosei/kanko_bunka/bunka/zusetsumorichoushi/1722.html,,keep,,P3,大石浩之,作業中,blog,20260817-morimachi-livelihood-seasonal-calendar,detail,,,静岡県周智郡森町公式資料を基に、作物や山仕事ごとに開始月、道具、共同作業、加工、販売、撮影時点を並べるための生業季節暦を作る実務記事です。,,3,https://morimachi.enshu-lifehack.com/blog/20260817-morimachi-livelihood-seasonal-calendar/,True,True,False,43686
/blog/20260817-morimachi-old-route-faith-marker-ledger/,静岡県森町の旧道・水運・信仰地点を道標と史料で結ぶ | 森町ライフハック,森町の旧道・水運・信仰地点を道標と史料で結ぶ,blog,,,森町の暮らしの読み物を読む,森町 ブログ,https://www.town.morimachi.shizuoka.jp/gyosei/kanko_bunka/bunka/zusetsumorichoushi/1725.html,,keep,,P3,大石浩之,作業中,blog,20260817-morimachi-old-route-faith-marker-ledger,detail,,,静岡県周智郡森町公式資料を基に、道の別名、分岐、運搬物、水運、道標、祭日、史料時点、現在の通行可否を分けるための旧道信仰地点台帳を作る実務記事です。,,3,https://morimachi.enshu-lifehack.com/blog/20260817-morimachi-old-route-faith-marker-ledger/,True,True,False,44907
/blog/20260817-morimachi-painting-provenance-index/,静岡県森町の絵画を画題・材質・年代・所蔵先で引く資料索引 | 森町ライフハック,森町の絵画を画題・材質・年代・所蔵先で引く資料索引,blog,,,森町の暮らしの読み物を読む,森町 ブログ,https://www.town.morimachi.shizuoka.jp/gyosei/kanko_bunka/bunka/zusetsumorichoushi/1716.html,,keep,,P3,大石浩之,作業中,blog,20260817-morimachi-painting-provenance-index,detail,,,静岡県周智郡森町公式資料を基に、作品名、画題、材質、寸法、年代根拠、修理、所蔵、公開確認を作品単位で結ぶための絵画来歴索引を作る実務記事です。,,3,https://morimachi.enshu-lifehack.com/blog/20260817-morimachi-painting-provenance-index/,True,True,False,44376
/blog/20260817-morimachi-plant-habitat-source-ledger/,静岡県森町の植物記録を標高・林相・湿地・確認地点で整理する | 森町ライフハック,森町の植物記録を標高・林相・湿地・確認地点で整理する,blog,,,森町の暮らしの読み物を読む,森町 ブログ,https://www.town.morimachi.shizuoka.jp/gyosei/kanko_bunka/bunka/zusetsumorichoushi/1763.html,,keep,,P3,大石浩之,作業中,blog,20260817-morimachi-plant-habitat-source-ledger,detail,,,静岡県周智郡森町公式資料を基に、種名、標高帯、林相、湿度、確認地点、資料時点、採取禁止、現在確認を分けるための植物生育地資料台帳を作る実務記事です。,,3,https://morimachi.enshu-lifehack.com/blog/20260817-morimachi-plant-habitat-source-ledger/,True,True,False,45795
/blog/20260817-morimachi-prewar-school-lineage-table/,周智農林学校と静岡県森町高等女学校の校名・目的・年代をつなぐ | 森町ライフハック,周智農林学校と森町高等女学校の校名・目的・年代をつなぐ,blog,,,森町の暮らしの読み物を読む,森町 ブログ,https://www.town.morimachi.shizuoka.jp/gyosei/kanko_bunka/bunka/zusetsumorichoushi/1735.html,,keep,,P3,大石浩之,作業中,blog,20260817-morimachi-prewar-school-lineage-table,detail,,,静岡県周智郡森町公式資料を基に、校名、設置者、創立年、教育目的、対象地域、改称、写真時点を別欄にして系譜を結ぶための学校沿革対照表を作る実務記事です。,,3,https://morimachi.enshu-lifehack.com/blog/20260817-morimachi-prewar-school-lineage-table/,True,True,False,45135
/blog/20260817-morimachi-showa-depression-source-ledger/,昭和不況期の静岡県森町を銀行・土木・副業資料で読む | 森町ライフハック,昭和不況期の森町を銀行・土木・副業資料で読む,blog,,,森町の暮らしの読み物を読む,森町 ブログ,https://www.town.morimachi.shizuoka.jp/gyosei/kanko_bunka/bunka/zusetsumorichoushi/1732.html,,keep,,P3,大石浩之,作業中,blog,20260817-morimachi-showa-depression-source-ledger,detail,,,静岡県周智郡森町公式資料を基に、出来事、年、資料名、産業への影響、救済事業、所蔵、写真時点を一件ずつ分けるための昭和不況資料台帳を作る実務記事です。,,3,https://morimachi.enshu-lifehack.com/blog/20260817-morimachi-showa-depression-source-ledger/,True,True,False,45420
/blog/20260817-morimachi-tumuli-distribution/,静岡県森町の古墳分布から六地区の古代地形を読む｜古墳・横穴地図 | 森町ライフハック,森町の古墳分布から六地区の古代地形を読む,blog,,,森町の暮らしの読み物を読む,森町 ブログ,https://www.town.morimachi.shizuoka.jp/gyosei/kanko_bunka/bunka/zusetsumorichoushi/1759.html,2026-08-17,keep,,P3,大石浩之,作業中,blog,20260817-morimachi-tumuli-distribution,detail,,,静岡県周智郡森町公式『図説森町史』を基に、六地区の古墳・横穴を年代、形、出土品、公開確認状況で整理。古代の丘陵と平野の使い分けを読み、土地確認にもつなげます。,,4,https://morimachi.enshu-lifehack.com/blog/20260817-morimachi-tumuli-distribution/,True,True,False,31602
/blog/20260817-morimachi-wartime-material-source-cards/,戦時期の静岡県森町を配給・動員・遺品・統計の資料カードで読む | 森町ライフハック,戦時期の森町を配給・動員・遺品・統計の資料カードで読む,blog,,,森町の暮らしの読み物を読む,森町 ブログ,https://www.town.morimachi.shizuoka.jp/gyosei/kanko_bunka/bunka/zusetsumorichoushi/1733.html,,keep,,P3,大石浩之,作業中,blog,20260817-morimachi-wartime-material-source-cards,detail,,,静岡県周智郡森町公式資料を基に、資料名、年代、対象者、所蔵、写真説明、統計母数、確認できる範囲をカードごとに区切るための戦時資料カードを作る実務記事です。,,3,https://morimachi.enshu-lifehack.com/blog/20260817-morimachi-wartime-material-source-cards/,True,True,False,45756
/blog/20260817-morimachi-wildlife-habitat-source-ledger/,静岡県森町の野生動物記録を水系・環境・確認時点で整理する | 森町ライフハック,森町の野生動物記録を水系・環境・確認時点で整理する,blog,,,森町の暮らしの読み物を読む,森町 ブログ,https://www.town.morimachi.shizuoka.jp/gyosei/kanko_bunka/bunka/zusetsumorichoushi/1760.html,,keep,,P3,大石浩之,作業中,blog,20260817-morimachi-wildlife-habitat-source-ledger,detail,,,静岡県周智郡森町公式資料を基に、種名、分類、水系・環境、確認地点、資料時点、現在確認、保護上の注意を分けるための野生動物生息資料台帳を作る実務記事です。,,3,https://morimachi.enshu-lifehack.com/blog/20260817-morimachi-wildlife-habitat-source-ledger/,True,True,False,45276
/blog/20260817-morimachi-yayoi-settlement-burial-index/,静岡県森町の弥生遺跡を住居・墓・出土品で引く考古索引 | 森町ライフハック,森町の弥生遺跡を住居・墓・出土品で引く考古索引,blog,,,森町の暮らしの読み物を読む,森町 ブログ,https://www.town.morimachi.shizuoka.jp/gyosei/kanko_bunka/bunka/zusetsumorichoushi/1758.html,,keep,,P3,大石浩之,作業中,blog,20260817-morimachi-yayoi-settlement-burial-index,detail,,,静岡県周智郡森町公式資料を基に、遺跡名、地形、住居数、同時期推定、墓形式、出土品、調査時点を一件ずつ分けるための弥生遺跡索引を作る実務記事です。,,3,https://morimachi.enshu-lifehack.com/blog/20260817-morimachi-yayoi-settlement-burial-index/,True,True,False,44259
/blog/20260817-temple-building-age-ledger/,森町の寺院建築年代台帳｜建立年・建物・宗派・典拠を地図化する | 静岡県森町ライフハック,森町の寺院建築年代台帳｜建立年・建物・宗派・典拠を地図化する,blog,,,森町の暮らしの読み物を読む,森町 ブログ,https://www.town.morimachi.shizuoka.jp/gyosei/machinososhiki/shakaikyoikuka/bunkashinkogakari/2/774.html,2026-08-17,keep,,P3,大石浩之,作業中,blog,20260817-temple-building-age-ledger,detail,,,静岡県周智郡森町公式の寺院建築一覧を、寺院名簿ではなく建物単位の年代台帳として読み直します。建立年、建物名、地区、宗派、棟札・墨書・寺伝などの典拠を分け、現地確認へつなぐ方法を整理します。,,3,https://morimachi.enshu-lifehack.com/blog/20260817-temple-building-age-ledger/,True,True,False,30125
/blog/20260818-demolition-countdown-january/,実家を解体すると決めるなら、1月1日から逆算する——費用、滅失登記、更地になった後の税 | 静岡県森町ライフハック,実家を解体すると決めるなら、1月1日から逆算する——費用、滅失登記、更地になった後の税,blog,,,森町の暮らしの読み物を読む,森町 ブログ,https://www.town.morimachi.shizuoka.jp/gyosei/machinososhiki/teijusuishinka/sumaishiengakari/1/5989.html,2026-08-18,keep,,P3,大石浩之,作業中,blog,20260818-demolition-countdown-january,detail,,,"静岡県周智郡森町公式によれば、木造住宅の除却助成事業は昭和56年5月31日以前に建築された木造住宅などを対象に、除却事業費×23パーセント（上限400,000円）を補助します。必ず工事着手前に補助申請が必要で、交付決定前に着手すると補助が受けられず、支払いは事後払い、予算がなくなり次第受付終了です。総務省によれば固定資産税の賦課期日は1月1日、小規模住宅用地（200平方メートル以下）は価格の6分の1。不動産登記法第57条は建物の滅失から1月以内の滅失登記を義務づけ、第164条第1項は10万円以下の過料を定めています。国土交通省によれば床面積80平方メートル以上の解体は着手7日前までに届出。解体を決める前に数える日付を整理しました。",,5,https://morimachi.enshu-lifehack.com/blog/20260818-demolition-countdown-january/,False,True,False,51304
/blog/20260818-morimachi-akiba-ko-document-route-ledger/,静岡県森町の秋葉講を講組織・代参・道標・火防札で読む | 森町ライフハック,森町の秋葉講を講組織・代参・道標・火防札で読む,blog,,,森町の暮らしの読み物を読む,森町 ブログ,https://www.town.morimachi.shizuoka.jp/gyosei/kanko_bunka/bunka/zusetsumorichoushi/1738.html,2026-08-18,keep,,P3,大石浩之,作業中,blog,20260818-morimachi-akiba-ko-document-route-ledger,detail,,,静岡県周智郡森町公式資料を基に、信仰内容、講の運営、代参経路、遺物の所在を混同せず残すための秋葉講史料経路台帳を作る実務記事です。,,3,https://morimachi.enshu-lifehack.com/blog/20260818-morimachi-akiba-ko-document-route-ledger/,True,True,False,33741
/blog/20260818-morimachi-amagata-michishige-source-timeline/,静岡県国人領主天方道芬を城・合戦・文書の時系列で読む | 森町ライフハック,国人領主天方道芬を城・合戦・文書の時系列で読む,blog,,,森町の暮らしの読み物を読む,森町 ブログ,https://www.town.morimachi.shizuoka.jp/gyosei/kanko_bunka/bunka/zusetsumorichoushi/1748.html,2026-08-18,keep,,P3,大石浩之,作業中,blog,20260818-morimachi-amagata-michishige-source-timeline,detail,,,静岡県周智郡森町公式資料を基に、人物表記、城、合戦、主従関係、記録時点を分けるための天方道芬史料年表を作る実務記事です。,,3,https://morimachi.enshu-lifehack.com/blog/20260818-morimachi-amagata-michishige-source-timeline/,True,True,False,32083
/blog/20260818-morimachi-caster-inscription-genealogy/,静岡県森町の鋳物師を銘文・製作年・奉納先でつなぐ | 森町ライフハック,森町の鋳物師を銘文・製作年・奉納先でつなぐ,blog,,,森町の暮らしの読み物を読む,森町 ブログ,https://www.town.morimachi.shizuoka.jp/gyosei/kanko_bunka/bunka/zusetsumorichoushi/1742.html,2026-08-18,keep,,P3,大石浩之,作業中,blog,20260818-morimachi-caster-inscription-genealogy,detail,,,静岡県周智郡森町公式資料を基に、作者名、銘文、制作物、奉納先、年代根拠を結び直すための鋳物師銘文系譜表を作る実務記事です。,,3,https://morimachi.enshu-lifehack.com/blog/20260818-morimachi-caster-inscription-genealogy/,True,True,False,33646
/blog/20260818-morimachi-daitoin-six-lineages-table/,静岡県大洞院六派を開山・寺院・移転・系譜で整理する | 森町ライフハック,大洞院六派を開山・寺院・移転・系譜で整理する,blog,,,森町の暮らしの読み物を読む,森町 ブログ,https://www.town.morimachi.shizuoka.jp/gyosei/kanko_bunka/bunka/zusetsumorichoushi/1751.html,2026-08-18,keep,,P3,大石浩之,作業中,blog,20260818-morimachi-daitoin-six-lineages-table,detail,,,静岡県周智郡森町公式資料を基に、開山、派名、中心寺院、移転、伝承の確度を結ぶための大洞院六派系譜表を作る実務記事です。,,3,https://morimachi.enshu-lifehack.com/blog/20260818-morimachi-daitoin-six-lineages-table/,True,True,False,33853
/blog/20260818-morimachi-early-modern-industry-product-ledger/,静岡県近世森町の産業を産物・職人・市・輸送先で整理する | 森町ライフハック,近世森町の産業を産物・職人・市・輸送先で整理する,blog,,,森町の暮らしの読み物を読む,森町 ブログ,https://www.town.morimachi.shizuoka.jp/gyosei/kanko_bunka/bunka/zusetsumorichoushi/1740.html,2026-08-18,keep,,P3,大石浩之,作業中,blog,20260818-morimachi-early-modern-industry-product-ledger,detail,,,静岡県周智郡森町公式資料を基に、産物、製造者、取引場所、運搬先を史料単位で整理するための近世産業産物台帳を作る実務記事です。,,3,https://morimachi.enshu-lifehack.com/blog/20260818-morimachi-early-modern-industry-product-ledger/,True,True,False,36055
/blog/20260818-morimachi-early-modern-religion-source-map/,静岡県近世森町の寺社と信仰を宗派・講・祭礼史料で読む | 森町ライフハック,近世森町の寺社と信仰を宗派・講・祭礼史料で読む,blog,,,森町の暮らしの読み物を読む,森町 ブログ,https://www.town.morimachi.shizuoka.jp/gyosei/kanko_bunka/bunka/zusetsumorichoushi/1741.html,2026-08-18,keep,,P3,大石浩之,作業中,blog,20260818-morimachi-early-modern-religion-source-map,detail,,,静岡県周智郡森町公式資料を基に、寺社、宗派、講、祭礼、史料の時点を別欄で確認するための近世宗教史料地図を作る実務記事です。,,3,https://morimachi.enshu-lifehack.com/blog/20260818-morimachi-early-modern-religion-source-map/,True,True,False,36348
/blog/20260818-morimachi-early-modern-scholarship-bibliography/,静岡県近世森の学芸を人物・著作・寺子屋・所蔵先で引く | 森町ライフハック,近世森の学芸を人物・著作・寺子屋・所蔵先で引く,blog,,,森町の暮らしの読み物を読む,森町 ブログ,https://www.town.morimachi.shizuoka.jp/gyosei/kanko_bunka/bunka/zusetsumorichoushi/1739.html,2026-08-18,keep,,P3,大石浩之,作業中,blog,20260818-morimachi-early-modern-scholarship-bibliography,detail,,,静岡県周智郡森町公式資料を基に、人物名、著作、教育の場、資料所蔵を一件ずつ結ぶための近世学芸書誌カードを作る実務記事です。,,3,https://morimachi.enshu-lifehack.com/blog/20260818-morimachi-early-modern-scholarship-bibliography/,True,True,False,30871
/blog/20260818-morimachi-hotoku-honposha-source-ledger/,静岡県森町の報徳報本社を設立年・所属社・史料で整理する | 森町ライフハック,森町の報徳報本社を設立年・所属社・史料で整理する,blog,,,森町の暮らしの読み物を読む,森町 ブログ,https://www.town.morimachi.shizuoka.jp/gyosei/kanko_bunka/bunka/zusetsumorichoushi/1737.html,2026-08-18,keep,,P3,大石浩之,作業中,blog,20260818-morimachi-hotoku-honposha-source-ledger,detail,,,静岡県周智郡森町公式資料を基に、人物、結社、所属社数、所蔵史料を確認時点付きで分けるための報徳報本社史料台帳を作る実務記事です。,,3,https://morimachi.enshu-lifehack.com/blog/20260818-morimachi-hotoku-honposha-source-ledger/,True,True,False,30627
/blog/20260818-morimachi-iida-manor-kyoto-landscape-map/,静岡県飯田荘の都うつしを川・寺社・荘園区分で照合する | 森町ライフハック,飯田荘の都うつしを川・寺社・荘園区分で照合する,blog,,,森町の暮らしの読み物を読む,森町 ブログ,https://www.town.morimachi.shizuoka.jp/gyosei/kanko_bunka/bunka/zusetsumorichoushi/1755.html,2026-08-18,keep,,P3,大石浩之,作業中,blog,20260818-morimachi-iida-manor-kyoto-landscape-map,detail,,,静岡県周智郡森町公式資料を基に、太田川、寺社配置、三郷、経塚、都との対応を史料表現のまま整理するための飯田荘景観対照図を作る実務記事です。,,3,https://morimachi.enshu-lifehack.com/blog/20260818-morimachi-iida-manor-kyoto-landscape-map/,True,True,False,34943
/blog/20260818-morimachi-kamakura-landholder-source-map/,静岡県鎌倉時代の森町を荘園・地頭・寺社史料で読む | 森町ライフハック,鎌倉時代の森町を荘園・地頭・寺社史料で読む,blog,,,森町の暮らしの読み物を読む,森町 ブログ,https://www.town.morimachi.shizuoka.jp/gyosei/kanko_bunka/bunka/zusetsumorichoushi/1752.html,2026-08-18,keep,,P3,大石浩之,作業中,blog,20260818-morimachi-kamakura-landholder-source-map,detail,,,静岡県周智郡森町公式資料を基に、荘園名、地頭、寺社、文書、推定範囲を現代地番と分けるための鎌倉所領史料地図を作る実務記事です。,,3,https://morimachi.enshu-lifehack.com/blog/20260818-morimachi-kamakura-landholder-source-map/,True,True,False,35542
/blog/20260818-morimachi-meiji-school-administration-crosswalk/,静岡県明治初期の森町を学校所在地と行政区分の変遷で読む | 森町ライフハック,明治初期の森町を学校所在地と行政区分の変遷で読む,blog,,,森町の暮らしの読み物を読む,森町 ブログ,https://www.town.morimachi.shizuoka.jp/gyosei/kanko_bunka/bunka/zusetsumorichoushi/1736.html,2026-08-18,keep,,P3,大石浩之,作業中,blog,20260818-morimachi-meiji-school-administration-crosswalk,detail,,,静岡県周智郡森町公式資料を基に、学校の開設場所と町村制後の行政区分を別列でつなぐための明治学校行政対照表を作る実務記事です。,,3,https://morimachi.enshu-lifehack.com/blog/20260818-morimachi-meiji-school-administration-crosswalk/,True,True,False,29984
/blog/20260818-morimachi-postwar-town-development-timeline/,静岡県戦後の森町を合併・学校・公共施設の年代でたどる | 森町ライフハック,戦後の森町を合併・学校・公共施設の年代でたどる,blog,,,森町の暮らしの読み物を読む,森町 ブログ,https://www.town.morimachi.shizuoka.jp/gyosei/kanko_bunka/bunka/zusetsumorichoushi/1730.html,2026-08-18,keep,,P3,大石浩之,作業中,blog,20260818-morimachi-postwar-town-development-timeline,detail,,,静岡県周智郡森町公式資料を基に、町村合併、学校、役場、文化施設の出来事を年代別に分けるための戦後町域形成年表を作る実務記事です。,,3,https://morimachi.enshu-lifehack.com/blog/20260818-morimachi-postwar-town-development-timeline/,True,True,False,34043
/blog/20260818-morimachi-tano-sutra-volume-ledger/,静岡県田能天王社大般若経を巻数・書写年・寄進者・法会で読む | 森町ライフハック,田能天王社大般若経を巻数・書写年・寄進者・法会で読む,blog,,,森町の暮らしの読み物を読む,森町 ブログ,https://www.town.morimachi.shizuoka.jp/gyosei/kanko_bunka/bunka/zusetsumorichoushi/1753.html,2026-08-18,keep,,P3,大石浩之,作業中,blog,20260818-morimachi-tano-sutra-volume-ledger,detail,,,静岡県周智郡森町公式資料を基に、経巻、書写年、記名、所蔵、法会、指定区分を分けて残すための田能大般若経巻別台帳を作る実務記事です。,,3,https://morimachi.enshu-lifehack.com/blog/20260818-morimachi-tano-sutra-volume-ledger/,True,True,False,34236
/blog/20260818-morimachi-tsuchiya-eight-villages-record-index/,静岡県旗本土屋氏の八か村支配を村名・役職・文書で引く | 森町ライフハック,旗本土屋氏の八か村支配を村名・役職・文書で引く,blog,,,森町の暮らしの読み物を読む,森町 ブログ,https://www.town.morimachi.shizuoka.jp/gyosei/kanko_bunka/bunka/zusetsumorichoushi/1745.html,2026-08-18,keep,,P3,大石浩之,作業中,blog,20260818-morimachi-tsuchiya-eight-villages-record-index,detail,,,静岡県周智郡森町公式資料を基に、支配村、役職、年次、文書名、所蔵を一行ずつ整理するための土屋氏八か村文書索引を作る実務記事です。,,3,https://morimachi.enshu-lifehack.com/blog/20260818-morimachi-tsuchiya-eight-villages-record-index/,True,True,False,34943
/blog/20260818-morimachi-village-map-land-use-crosscheck/,静岡県森町の近世村絵図を道・川・屋敷・耕地記号で照合する | 森町ライフハック,森町の近世村絵図を道・川・屋敷・耕地記号で照合する,blog,,,森町の暮らしの読み物を読む,森町 ブログ,https://www.town.morimachi.shizuoka.jp/gyosei/kanko_bunka/bunka/zusetsumorichoushi/1743.html,2026-08-18,keep,,P3,大石浩之,作業中,blog,20260818-morimachi-village-map-land-use-crosscheck,detail,,,静岡県周智郡森町公式資料を基に、絵図の記号、方角、道、水路、屋敷、耕地を現在地と断定せず読むための村絵図土地利用対照票を作る実務記事です。,,3,https://morimachi.enshu-lifehack.com/blog/20260818-morimachi-village-map-land-use-crosscheck/,True,True,False,33977
/blog/20260818-morimachi-yamauchi-clan-land-record-timeline/,静岡県豊臣系大名山内氏と森町域の所領記録を年代で追う | 森町ライフハック,豊臣系大名山内氏と森町域の所領記録を年代で追う,blog,,,森町の暮らしの読み物を読む,森町 ブログ,https://www.town.morimachi.shizuoka.jp/gyosei/kanko_bunka/bunka/zusetsumorichoushi/1746.html,2026-08-18,keep,,P3,大石浩之,作業中,blog,20260818-morimachi-yamauchi-clan-land-record-timeline,detail,,,静岡県周智郡森町公式資料を基に、人物、所領、戦い、移動、後世伝承を資料別に並べるための山内氏所領記録年表を作る実務記事です。,,3,https://morimachi.enshu-lifehack.com/blog/20260818-morimachi-yamauchi-clan-land-record-timeline/,True,True,False,32232
/blog/20260818-nationwide-property-record-certificate/,親名義の土地は、町外にもあるかもしれない——2026年2月に始まった所有不動産記録証明制度で、全国分を一枚にする | 静岡県森町ライフハック,親名義の土地は、町外にもあるかもしれない——2026年2月に始まった所有不動産記録証明制度で、全国分を一枚にする,blog,,,森町の暮らしの読み物を読む,森町 ブログ,https://www.town.morimachi.shizuoka.jp/gyosei/sangyo_shigoto/noringyo/1307.html,2026-08-18,keep,,P3,大石浩之,作業中,blog,20260818-nationwide-property-record-certificate,detail,,,"法務省によれば、所有不動産記録証明制度は令和8年2月2日から始まりました。所有権の登記名義人本人と、相続人その他の一般承継人が請求でき、全ての法務局・地方法務局で受け付け、書面請求とオンライン請求があります。手数料は検索条件1件につき1通あたり書面1,600円、オンライン郵送交付1,500円、オンライン窓口交付1,470円で、計算は検索条件件数×請求通数×単価です。ただし法務省は「検索結果として抽出される不動産の網羅性には限界がある」と明記しています。静岡県周智郡森町公式の森林の土地の所有者届出は所有者となった日から90日以内、農地の相続の届出は相続発生後10カ月以内。見つけた後に何が動くのかを、公表資料から整理しました。",,4,https://morimachi.enshu-lifehack.com/blog/20260818-nationwide-property-record-certificate/,False,True,False,47986
/blog/20260818-ten-year-limit-special-benefit/,実家の話が今年もまとまらなかった家へ——特別受益と寄与分は、相続開始から10年で言えなくなる | 静岡県森町ライフハック,実家の話が今年もまとまらなかった家へ——特別受益と寄与分は、相続開始から10年で言えなくなる,blog,,,森町の暮らしの読み物を読む,森町 ブログ,https://www.town.morimachi.shizuoka.jp/gyosei/machinososhiki/juminseikatsuka/juminkakari/3/567.html,2026-08-18,keep,,P3,大石浩之,作業中,blog,20260818-ten-year-limit-special-benefit,detail,,,法務省の資料によれば、相続開始（被相続人の死亡）時から10年を経過した後にする遺産分割は、具体的相続分ではなく法定相続分（又は指定相続分）によるとされ、新民法904条の3として令和5年4月1日から施行されています。例外は、10年経過前に相続人が家庭裁判所に遺産分割請求をしたときなど。10年経過後でも相続人全員が合意すれば具体的相続分による分割は可能です。裁判所によれば遺産分割調停の費用は被相続人1人につき収入印紙1200円分と連絡用の郵便切手。静岡県周智郡森町公式の無料法律相談は年3回で先着6名、次は10月22日です。今年もまとまらなかった家が、いま数えるべき日付を整理しました。,,2,https://morimachi.enshu-lifehack.com/blog/20260818-ten-year-limit-special-benefit/,False,True,False,50571
/blog/20260819-cultural-assets-regional-plan/,森町文化財保存活用地域計画、2026年7月認定で何が変わる | 静岡県森町ライフハック,森町文化財保存活用地域計画、2026年7月認定で何が変わる,blog,,,森町の暮らしの読み物を読む,森町 ブログ,https://www.town.morimachi.shizuoka.jp/gyosei/kanko_bunka/bunka/6544.html,2026-08-19,keep,,P3,大石浩之,作業中,blog,20260819-cultural-assets-regional-plan,detail,,,文化庁によれば「森町文化財保存活用地域計画」は令和8年7月17日に認定され、同日時点の認定は全国253自治体、静岡県内は16市町です。認定で変わるのは所有者の義務ではなく町の側の権限で、文化財保護法第183条の5により森町教育委員会が登録文化財を文部科学大臣へ提案でき、第184条の2により重要文化財の現状変更の許可などの事務を町が行える道が開き、第192条の2により文化財保存活用支援団体を指定できます。社寺や古い家屋を持つ方が、この認定をどう使えるかを整理しました。,,3,https://morimachi.enshu-lifehack.com/blog/20260819-cultural-assets-regional-plan/,False,True,False,44943
/blog/20260819-morimachi-advanced-equipment-plan-file/,静岡県森町の先端設備等導入計画を認定・設備取得・税務資料で管理する | 森町ライフハック,森町の先端設備等導入計画を認定・設備取得・税務資料で管理する,blog,,,森町の暮らしの読み物を読む,森町 ブログ,https://www.town.morimachi.shizuoka.jp/gyosei/sangyo_shigoto/kigyoshien/2994.html,2026-08-19,keep,,P3,大石浩之,作業中,blog,20260819-morimachi-advanced-equipment-plan-file,detail,,,静岡県周智郡森町の公式資料を基に、先端設備等導入計画を認定・設備取得・税務資料で管理するための先端設備導入認定ファイルを作る実務ガイドです。対象条件、期限、書類、確認先を事実と未確認事項に分けます。,,2,https://morimachi.enshu-lifehack.com/blog/20260819-morimachi-advanced-equipment-plan-file/,True,True,False,39649
/blog/20260819-morimachi-farmer-pension-eligibility-sheet/,静岡県森町の農業者年金を年齢・従事日数・国民年金区分で確認する | 森町ライフハック,森町の農業者年金を年齢・従事日数・国民年金区分で確認する,blog,,,森町の暮らしの読み物を読む,森町 ブログ,https://www.town.morimachi.shizuoka.jp/gyosei/kurashi_tetsuzuki/nenkin_kenkohoken/kokuminnenkin/1282.html,2026-08-19,keep,,P3,大石浩之,作業中,blog,20260819-morimachi-farmer-pension-eligibility-sheet,detail,,,静岡県周智郡森町の公式資料を基に、農業者年金を年齢・従事日数・国民年金区分で確認するための農業者年金加入確認票を作る実務ガイドです。対象条件、期限、書類、確認先を事実と未確認事項に分けます。,,2,https://morimachi.enshu-lifehack.com/blog/20260819-morimachi-farmer-pension-eligibility-sheet/,True,True,False,38567
/blog/20260819-morimachi-fertility-preservation-aid-file/,静岡県森町の妊孕性温存治療費助成を治療区分・県制度・申請期限で整理する | 森町ライフハック,森町の妊孕性温存治療費助成を治療区分・県制度・申請期限で整理する,blog,,,森町の暮らしの読み物を読む,森町 ブログ,https://www.town.morimachi.shizuoka.jp/gyosei/machinososhiki/kenkokodomoka/kenkozukurikakari/4/3233.html,2026-08-19,keep,,P3,大石浩之,作業中,blog,20260819-morimachi-fertility-preservation-aid-file,detail,,,静岡県周智郡森町の公式資料を基に、妊孕性温存治療費助成を治療区分・県制度・申請期限で整理するための妊孕性温存助成申請票を作る実務ガイドです。対象条件、期限、書類、確認先を事実と未確認事項に分けます。,,2,https://morimachi.enshu-lifehack.com/blog/20260819-morimachi-fertility-preservation-aid-file/,True,True,False,39655
/blog/20260819-morimachi-fire-alarm-ten-year-check/,静岡県森町の住宅用火災警報器を設置年・交換目安・取付支援で点検する | 森町ライフハック,森町の住宅用火災警報器を設置年・交換目安・取付支援で点検する,blog,,,森町の暮らしの読み物を読む,森町 ブログ,https://www.town.morimachi.shizuoka.jp/gyosei/bosai_anzen/syoubou/3983.html,2026-08-19,keep,,P3,大石浩之,作業中,blog,20260819-morimachi-fire-alarm-ten-year-check,detail,,,静岡県周智郡森町の公式資料を基に、住宅用火災警報器を設置年・交換目安・取付支援で点検するための火災警報器十年点検表を作る実務ガイドです。対象条件、期限、書類、確認先を事実と未確認事項に分けます。,,2,https://morimachi.enshu-lifehack.com/blog/20260819-morimachi-fire-alarm-ten-year-check/,True,True,False,39049
/blog/20260819-morimachi-lifesaving-course-plan/,静岡県森町から受ける令和8年度救命講習を種類・日程・復習資料で選ぶ | 森町ライフハック,森町から受ける令和8年度救命講習を種類・日程・復習資料で選ぶ,blog,,,森町の暮らしの読み物を読む,森町 ブログ,https://www.town.morimachi.shizuoka.jp/gyosei/bosai_anzen/kyukyu/3811.html,2026-08-19,keep,,P3,大石浩之,作業中,blog,20260819-morimachi-lifesaving-course-plan,detail,,,静岡県周智郡森町の公式資料を基に、森町から受ける令和8年度救命講習を種類・日程・復習資料で選ぶための救命講習受講計画票を作る実務ガイドです。対象条件、期限、書類、確認先を事実と未確認事項に分けます。,,2,https://morimachi.enshu-lifehack.com/blog/20260819-morimachi-lifesaving-course-plan/,True,True,False,38755
/blog/20260819-morimachi-passport-application-receipt-calendar/,静岡県森町のパスポート申請を受付日・受取可能日・本人受取で管理する | 森町ライフハック,森町のパスポート申請を受付日・受取可能日・本人受取で管理する,blog,,,森町の暮らしの読み物を読む,森町 ブログ,https://www.town.morimachi.shizuoka.jp/gyosei/kurashi_tetsuzuki/passport/1145.html,2026-08-19,keep,,P3,大石浩之,作業中,blog,20260819-morimachi-passport-application-receipt-calendar,detail,,,静岡県周智郡森町の公式資料を基に、パスポート申請を受付日・受取可能日・本人受取で管理するための旅券申請受取カレンダーを作る実務ガイドです。対象条件、期限、書類、確認先を事実と未確認事項に分けます。,,2,https://morimachi.enshu-lifehack.com/blog/20260819-morimachi-passport-application-receipt-calendar/,True,True,False,39651
/blog/20260819-morimachi-radio-receiver-care-ledger/,静岡県森町の同報無線戸別受信機を貸与・電池・転居で管理する | 森町ライフハック,森町の同報無線戸別受信機を貸与・電池・転居で管理する,blog,,,森町の暮らしの読み物を読む,森町 ブログ,https://www.town.morimachi.shizuoka.jp/gyosei/bosai_anzen/anzen_anshin/2667.html,2026-08-19,keep,,P3,大石浩之,作業中,blog,20260819-morimachi-radio-receiver-care-ledger,detail,,,静岡県周智郡森町の公式資料を基に、同報無線戸別受信機を貸与・電池・転居で管理するための戸別受信機管理票を作る実務ガイドです。対象条件、期限、書類、確認先を事実と未確認事項に分けます。,,2,https://morimachi.enshu-lifehack.com/blog/20260819-morimachi-radio-receiver-care-ledger/,True,True,False,37850
/blog/20260819-morimachi-sewer-contractor-designation-file/,静岡県森町の排水設備指定工事店申請を新規・継続・変更書類で整理する | 森町ライフハック,森町の排水設備指定工事店申請を新規・継続・変更書類で整理する,blog,,,森町の暮らしの読み物を読む,森町 ブログ,https://www.town.morimachi.shizuoka.jp/gyosei/kurashi_tetsuzuki/jogesuido/gesuido/1243.html,2026-08-19,keep,,P3,大石浩之,作業中,blog,20260819-morimachi-sewer-contractor-designation-file,detail,,,静岡県周智郡森町の公式資料を基に、排水設備指定工事店申請を新規・継続・変更書類で整理するための指定工事店申請ファイルを作る実務ガイドです。対象条件、期限、書類、確認先を事実と未確認事項に分けます。,,2,https://morimachi.enshu-lifehack.com/blog/20260819-morimachi-sewer-contractor-designation-file/,True,True,False,39113
/blog/20260819-morimachi-shingles-vaccine-choice-sheet/,静岡県森町の令和8年度帯状疱疹ワクチンを対象年齢・種類・接種間隔で選ぶ | 森町ライフハック,森町の令和8年度帯状疱疹ワクチンを対象年齢・種類・接種間隔で選ぶ,blog,,,森町の暮らしの読み物を読む,森町 ブログ,https://www.town.morimachi.shizuoka.jp/gyosei/kenko_fukushi/kenkoukanri_kansennshou/5941.html,2026-08-19,keep,,P3,大石浩之,作業中,blog,20260819-morimachi-shingles-vaccine-choice-sheet,detail,,,静岡県周智郡森町の公式資料を基に、令和8年度帯状疱疹ワクチンを対象年齢・種類・接種間隔で選ぶための帯状疱疹接種選択票を作る実務ガイドです。対象条件、期限、書類、確認先を事実と未確認事項に分けます。,,2,https://morimachi.enshu-lifehack.com/blog/20260819-morimachi-shingles-vaccine-choice-sheet/,True,True,False,39277
/blog/20260819-morimachi-young-cancer-home-care-claim/,静岡県森町の小児・若年がん在宅療養助成を利用前申請・月別請求で管理する | 森町ライフハック,森町の小児・若年がん在宅療養助成を利用前申請・月別請求で管理する,blog,,,森町の暮らしの読み物を読む,森町 ブログ,https://www.town.morimachi.shizuoka.jp/gyosei/machinososhiki/kenkokodomoka/kenkozukurikakari/4/3237.html,2026-08-19,keep,,P3,大石浩之,作業中,blog,20260819-morimachi-young-cancer-home-care-claim,detail,,,静岡県周智郡森町の公式資料を基に、小児・若年がん在宅療養助成を利用前申請・月別請求で管理するための在宅療養助成月別ファイルを作る実務ガイドです。対象条件、期限、書類、確認先を事実と未確認事項に分けます。,,2,https://morimachi.enshu-lifehack.com/blog/20260819-morimachi-young-cancer-home-care-claim/,True,True,False,39756
/blog/20260819-wooden-house-renovation-confirmation/,木造住宅の大規模リフォーム、2025年4月から確認申請が要る | 静岡県森町ライフハック,木造住宅の大規模リフォーム、2025年4月から確認申請が要る,blog,,,森町の暮らしの読み物を読む,森町 ブログ,https://www.town.morimachi.shizuoka.jp/gyosei/choseijoho/machinokeikaku_torikumi/5806.html,2026-08-19,keep,,P3,大石浩之,作業中,blog,20260819-wooden-house-renovation-confirmation,detail,,,国土交通省によれば、建築確認・検査の対象となる建築物の規模等の見直しは2025年（令和7年）4月1日に施行され、旧4号建築物から新2号建築物に移る2階建ての木造一戸建て住宅等で大規模の修繕または大規模の模様替を行う場合、新たに建築確認等の手続きが必要になりました。新2号は階数2以上または延べ面積200平方メートル超、新3号は平家かつ200平方メートル以下です。建築基準法第2条第14号の「大規模の修繕」は主要構造部の一種以上について行う過半の修繕を指します。静岡県周智郡森町の実家を直して住み継ぐか迷っている方に向けて、見積りを頼む前に確かめる順番を整理しました。,,4,https://morimachi.enshu-lifehack.com/blog/20260819-wooden-house-renovation-confirmation/,False,True,False,52310
/blog/20260820-morimachi-7119-call-note/,静岡県森町で#7119へ電話するとき｜症状・時刻・服薬を30秒で伝えるメモ | 森町ライフハック,森町で#7119へ電話するとき｜症状・時刻・服薬を30秒で伝えるメモ,blog,,,森町の暮らしの読み物を読む,森町 ブログ,https://www.town.morimachi.shizuoka.jp/gyosei/bosai_anzen/kyukyu/5695.html,2026-08-20,keep,,P3,大石浩之,作業中,blog,20260820-morimachi-7119-call-note,detail,,,静岡県森町の公式資料を基に、救急相談30秒メモを作り、条件・日付・手元資料・確認先を分けて判断する実務ガイドです。,,2,https://morimachi.enshu-lifehack.com/blog/20260820-morimachi-7119-call-note/,True,True,False,25769
/blog/20260820-morimachi-bairitsu-rosenka/,森町の畑と山に路線価はない——倍率方式で土地の値段を見る | 静岡県森町ライフハック,森町の畑と山に路線価はない——倍率方式で土地の値段を見る,blog,,,森町の暮らしの読み物を読む,森町 ブログ,https://www.town.morimachi.shizuoka.jp/gyosei/machinososhiki/zeimuka/chominzeigakari/1/6/733.html,2026-08-20,keep,,P3,大石浩之,作業中,blog,20260820-morimachi-bairitsu-rosenka,detail,,,国税庁は令和8年分の路線価等を2026年7月1日に公開しました。静岡県で路線価図が定められているのは26市区町村で、周智郡森町は含まれていません。森町は倍率地域で、令和8年分の倍率表に22の大字ごとの倍率が載っています。宅地は1.0から1.2、山林は0.6から4.3。固定資産税評価額に倍率を掛ける手順を整理しました。,,2,https://morimachi.enshu-lifehack.com/blog/20260820-morimachi-bairitsu-rosenka/,False,True,False,45627
/blog/20260820-morimachi-bicycle-helmet-subsidy-file/,静岡県森町の自転車ヘルメット補助｜安全認証・町内購入・領収書を買う前に確認する | 森町ライフハック,森町の自転車ヘルメット補助｜安全認証・町内購入・領収書を買う前に確認する,blog,,,森町の暮らしの読み物を読む,森町 ブログ,https://www.town.morimachi.shizuoka.jp/gyosei/bosai_anzen/kotsuanzen/5465.html,2026-08-20,keep,,P3,大石浩之,作業中,blog,20260820-morimachi-bicycle-helmet-subsidy-file,detail,,,静岡県森町の公式資料を基に、ヘルメット購入・申請票を作り、条件・日付・手元資料・確認先を分けて判断する実務ガイドです。,,2,https://morimachi.enshu-lifehack.com/blog/20260820-morimachi-bicycle-helmet-subsidy-file/,True,True,False,26507
/blog/20260820-morimachi-crime-victim-consultation-note/,静岡県森町の犯罪被害者等総合相談｜話す範囲と希望支援を相談記録に分ける | 森町ライフハック,森町の犯罪被害者等総合相談｜話す範囲と希望支援を相談記録に分ける,blog,,,森町の暮らしの読み物を読む,森町 ブログ,https://www.town.morimachi.shizuoka.jp/gyosei/bosai_anzen/bohan/1436.html,2026-08-20,keep,,P3,大石浩之,作業中,blog,20260820-morimachi-crime-victim-consultation-note,detail,,,静岡県森町の公式資料を基に、犯罪被害相談記録を作り、条件・日付・手元資料・確認先を分けて判断する実務ガイドです。,,2,https://morimachi.enshu-lifehack.com/blog/20260820-morimachi-crime-victim-consultation-note/,True,True,False,26428
/blog/20260820-morimachi-disaster-vehicle-registration-sheet/,静岡県森町から確認する災害対応車両登録｜車両・サービス・派遣条件を平時に整理する | 森町ライフハック,森町から確認する災害対応車両登録｜車両・サービス・派遣条件を平時に整理する,blog,,,森町の暮らしの読み物を読む,森町 ブログ,https://www.town.morimachi.shizuoka.jp/gyosei/bosai_anzen/bosai/6777.html,2026-08-20,keep,,P3,大石浩之,作業中,blog,20260820-morimachi-disaster-vehicle-registration-sheet,detail,,,静岡県森町の公式資料を基に、災害対応車両登録確認票を作り、条件・日付・手元資料・確認先を分けて判断する実務ガイドです。,,2,https://morimachi.enshu-lifehack.com/blog/20260820-morimachi-disaster-vehicle-registration-sheet/,True,True,False,27056
/blog/20260820-morimachi-light-vehicle-tax-reduction-file/,静岡県森町の軽自動車税減免｜手帳・車両・運転者・利用目的を申請前に照合する | 森町ライフハック,森町の軽自動車税減免｜手帳・車両・運転者・利用目的を申請前に照合する,blog,,,森町の暮らしの読み物を読む,森町 ブログ,https://www.town.morimachi.shizuoka.jp/gyosei/kurashi_tetsuzuki/zeikin/keijidoshazei/5295.html,2026-08-20,keep,,P3,大石浩之,作業中,blog,20260820-morimachi-light-vehicle-tax-reduction-file,detail,,,静岡県森町の公式資料を基に、軽自動車税減免照合票を作り、条件・日付・手元資料・確認先を分けて判断する実務ガイドです。,,2,https://morimachi.enshu-lifehack.com/blog/20260820-morimachi-light-vehicle-tax-reduction-file/,True,True,False,27347
/blog/20260820-morimachi-mynumber-emergency-prep/,静岡県森町のマイナ救急｜救急隊へ渡すカードと同意範囲を家族で準備する | 森町ライフハック,森町のマイナ救急｜救急隊へ渡すカードと同意範囲を家族で準備する,blog,,,森町の暮らしの読み物を読む,森町 ブログ,https://www.town.morimachi.shizuoka.jp/gyosei/bosai_anzen/kyukyu/6376.html,2026-08-20,keep,,P3,大石浩之,作業中,blog,20260820-morimachi-mynumber-emergency-prep,detail,,,静岡県森町の公式資料を基に、マイナ救急準備票を作り、条件・日付・手元資料・確認先を分けて判断する実務ガイドです。,,2,https://morimachi.enshu-lifehack.com/blog/20260820-morimachi-mynumber-emergency-prep/,True,True,False,26325
/blog/20260820-morimachi-pneumococcal-vaccine-calendar/,静岡県森町の令和8年度高齢者肺炎球菌接種｜65歳の期限と町外接種を一枚で管理する | 森町ライフハック,森町の令和8年度高齢者肺炎球菌接種｜65歳の期限と町外接種を一枚で管理する,blog,,,森町の暮らしの読み物を読む,森町 ブログ,https://www.town.morimachi.shizuoka.jp/gyosei/kenko_fukushi/kenkoukanri_kansennshou/5438.html,2026-08-20,keep,,P3,大石浩之,作業中,blog,20260820-morimachi-pneumococcal-vaccine-calendar,detail,,,静岡県森町の公式資料を基に、肺炎球菌接種カレンダーを作り、条件・日付・手元資料・確認先を分けて判断する実務ガイドです。,,2,https://morimachi.enshu-lifehack.com/blog/20260820-morimachi-pneumococcal-vaccine-calendar/,True,True,False,27110
/blog/20260820-morimachi-pollution-complaint-evidence-note/,静岡県森町の公害苦情相談｜騒音・振動・悪臭・水質を日時と場所で記録する | 森町ライフハック,森町の公害苦情相談｜騒音・振動・悪臭・水質を日時と場所で記録する,blog,,,森町の暮らしの読み物を読む,森町 ブログ,https://www.town.morimachi.shizuoka.jp/gyosei/3549.html,2026-08-20,keep,,P3,大石浩之,作業中,blog,20260820-morimachi-pollution-complaint-evidence-note,detail,,,静岡県森町の公式資料を基に、公害苦情事実記録を作り、条件・日付・手元資料・確認先を分けて判断する実務ガイドです。,,2,https://morimachi.enshu-lifehack.com/blog/20260820-morimachi-pollution-complaint-evidence-note/,True,True,False,26652
/blog/20260820-morimachi-resident-tax-2026-family-income-sheet/,静岡県森町の令和8年度住民税改正｜家族の給与収入と扶養判定を一枚で確認する | 森町ライフハック,森町の令和8年度住民税改正｜家族の給与収入と扶養判定を一枚で確認する,blog,,,森町の暮らしの読み物を読む,森町 ブログ,https://www.town.morimachi.shizuoka.jp/gyosei/kurashi_tetsuzuki/zeikin/kojinchokemminzei/6382.html,2026-08-20,keep,,P3,大石浩之,作業中,blog,20260820-morimachi-resident-tax-2026-family-income-sheet,detail,,,静岡県森町の公式資料を基に、家族収入・扶養判定表を作り、条件・日付・手元資料・確認先を分けて判断する実務ガイドです。,,2,https://morimachi.enshu-lifehack.com/blog/20260820-morimachi-resident-tax-2026-family-income-sheet/,True,True,False,27621
/blog/20260820-morimachi-sandbag-station-plan/,静岡県森町の土のうステーション｜20袋を作る前に運搬・配置・処分まで決める | 森町ライフハック,森町の土のうステーション｜20袋を作る前に運搬・配置・処分まで決める,blog,,,森町の暮らしの読み物を読む,森町 ブログ,https://www.town.morimachi.shizuoka.jp/gyosei/bosai_anzen/bosai/5464.html,2026-08-20,keep,,P3,大石浩之,作業中,blog,20260820-morimachi-sandbag-station-plan,detail,,,静岡県森町の公式資料を基に、土のう作製・配置計画を作り、条件・日付・手元資料・確認先を分けて判断する実務ガイドです。,,2,https://morimachi.enshu-lifehack.com/blog/20260820-morimachi-sandbag-station-plan/,True,True,False,26453
/blog/20260820-sanchi-kofukin-suiden/,森町の田んぼで米以外を作る前に、産地交付金の条件を見る | 静岡県森町ライフハック,森町の田んぼで米以外を作る前に、産地交付金の条件を見る,blog,,,森町の暮らしの読み物を読む,森町 ブログ,https://www.town.morimachi.shizuoka.jp/gyosei/machinososhiki/norinseisakuka/noseigakari/2/6890.html,2026-08-20,keep,,P3,大石浩之,作業中,blog,20260820-sanchi-kofukin-suiden,detail,,,"静岡県周智郡森町農業再生協議会の令和8年度水田収益力強化ビジョン（2026年7月17日公表）によれば、森町の産地交付金は16の使途に分かれ、単価は10アール当たり16,000円から1,000円まで開きがあります。対象作物はWCS用稲、麦・大豆・飼料用米、スイートコーン、レタスに限られます。転作を決める前に確かめる順番を整理しました。",,3,https://morimachi.enshu-lifehack.com/blog/20260820-sanchi-kofukin-suiden/,False,True,False,45000
/blog/20260820-tractor-seatbelt-2027/,トラクターのシートベルト義務化、2027年1月製造分から | 静岡県森町ライフハック,トラクターのシートベルト義務化、2027年1月製造分から,blog,,,森町の暮らしの読み物を読む,森町 ブログ,https://www.town.morimachi.shizuoka.jp/gyosei/machinososhiki/norinseisakuka/noseigakari/4/6888.html,2026-08-20,keep,,P3,大石浩之,作業中,blog,20260820-tractor-seatbelt-2027,detail,,,国土交通省は令和7年6月17日に道路運送車両の保安基準等を改正し、農耕トラクタの運転者席に座席ベルトを備えることとしました。適用は新型車・継続生産車とも令和9年（2027年）1月1日。農林水産省によれば、同日以降に製造された乗用型トラクタで道路を走行する際はシートベルト着用が義務となり、違反は点数1点です。静岡県周智郡森町の実家の畑を手入れしている方に向けて、今日確かめる順番を整理しました。,,2,https://morimachi.enshu-lifehack.com/blog/20260820-tractor-seatbelt-2027/,False,True,False,45946
/blog/20260821-akihabus-fare-revision/,森町のバス運賃が17年ぶり改定｜秋葉線の値上げと親の通院の足 | 静岡県森町ライフハック,森町のバス運賃が17年ぶり改定｜秋葉線の値上げと親の通院の足,blog,,,森町の暮らしの読み物を読む,森町 ブログ,https://www.town.morimachi.shizuoka.jp/material/files/group/29/20250401_daiyakaisei.pdf,2026-08-21,keep,,P3,大石浩之,作業中,blog,20260821-akihabus-fare-revision,detail,,,"上がったのは民間の秋葉バスサービスで、静岡県周智郡森町営バスの大人200円は据え置きです。秋葉バス公式によれば2026年5月1日に平均17.2％の改定を実施し、袋井駅前〜遠州森町は590円から710円になりました。往復240円増、週1回の通院なら年12,480円増です。親が乗る区間名から確かめる順番を整理しました。",,4,https://morimachi.enshu-lifehack.com/blog/20260821-akihabus-fare-revision/,False,True,False,44138
/blog/20260821-morimachi-moritsuchi-permit/,森町の盛土は許可制｜2025年5月から静岡県全域が規制区域に | 静岡県森町ライフハック,森町の盛土は許可制｜2025年5月から静岡県全域が規制区域に,blog,,,森町の暮らしの読み物を読む,森町 ブログ,https://www.town.morimachi.shizuoka.jp/gyosei/machinososhiki/kensetsuka/toshikeikakukakari/2/749.html,2026-08-21,keep,,P3,大石浩之,作業中,blog,20260821-morimachi-moritsuchi-permit,detail,,,静岡県は2025年5月26日、静岡市・浜松市を除く県内全域を盛土規制法の規制区域に指定しました。森町も全域が対象です。盛土で高さ1m超の崖が生じる、盛土が高さ2m超になる、盛土か切土の面積が500平方メートル超になる。どれか一つでも当たれば県知事の許可が要ります。申請手数料と、森町側の土地利用事業の承認まで含めて順番を整理しました。,,3,https://morimachi.enshu-lifehack.com/blog/20260821-morimachi-moritsuchi-permit/,False,True,False,55708
/blog/20260821-ota-river-hazard-map/,森町のハザードマップ｜太田川の想定最大規模で実家の床の高さを見る | 静岡県森町ライフハック,森町のハザードマップ｜太田川の想定最大規模で実家の床の高さを見る,blog,,,森町の暮らしの読み物を読む,森町 ブログ,https://www.town.morimachi.shizuoka.jp/gyosei/bosai_anzen/bosai/hazardmap/1255.html,2026-08-21,keep,,P3,大石浩之,作業中,blog,20260821-ota-river-hazard-map,detail,,,静岡県は2025年3月31日、太田川など森町に関わる8河川を水防法第14条第2項で指定しました。ただし2026年8月21日時点で区域図が公開されているのは太田川と小薮川の2河川だけです。太田川の図は浸水深を0.3m未満から5.0〜10.0mまで6段階で示しますが、100m間隔の計算で堤防の破堤は考慮されていません。実家の床の高さを確かめる順番を整理しました。,,2,https://morimachi.enshu-lifehack.com/blog/20260821-ota-river-hazard-map/,False,True,False,50767
/blog/20260822-festival-stall-permit-notification/,"祭りの模擬店は届出か許可か｜森町の出店と16,100円 | 静岡県森町ライフハック","祭りの模擬店は届出か許可か｜森町の出店と16,100円",blog,,,森町の暮らしの読み物を読む,森町 ブログ,https://www.town.morimachi.shizuoka.jp/gyosei/machinososhiki/sangyoseisakuka/sangyoshinkokakari/2/6999.html,2026-08-22,keep,,P3,大石浩之,作業中,blog,20260822-festival-stall-permit-notification,detail,,,"焼きそば・たこ焼き・かき氷は飲食店営業（露店）の許可、わた菓子・焼き芋・ポップコーンは届出で足ります。静岡県公式によれば露店の許可手数料は2026年4月1日の申請分から16,100円。森町の窓口は磐田市見付の西部保健所衛生薬務課（0538-37-2245）です。出す品名から線を引く順番を整理しました。",,2,https://morimachi.enshu-lifehack.com/blog/20260822-festival-stall-permit-notification/,False,True,False,46083
/blog/20260822-morimachi-furusato-tax-use/,森町のふるさと納税4.1億円｜祭りと文化財に届く道 | 静岡県森町ライフハック,森町のふるさと納税4.1億円｜祭りと文化財に届く道,blog,,,森町の暮らしの読み物を読む,森町 ブログ,https://www.town.morimachi.shizuoka.jp/gyosei/machinososhiki/seisakukikakuka/seisakukikakugakari/6/2872.html,2026-08-22,keep,,P3,大石浩之,作業中,blog,20260822-morimachi-furusato-tax-use,detail,,,"静岡県周智郡森町公式によれば令和6年度の受入は3,425件・4億1,442万円。使い道は4区分から選べ、祭りと文化財に一番近い遠州の小京都まちづくり事業には401件・3,436万円が寄せられました。ただし当年度に充当されたのは2事業・699万円で、5年分の充当事業一覧に祭りや社寺の名前は出てきません。地区の会計担当が今日から確かめられる順番を整理しました。",,5,https://morimachi.enshu-lifehack.com/blog/20260822-morimachi-furusato-tax-use/,False,True,False,40163
/blog/20260822-shizuoka-isan-akiba-kaido-morimachi/,しずおか遺産「秋葉信仰と街道」｜森町の案内は誰が担うか | 静岡県森町ライフハック,しずおか遺産「秋葉信仰と街道」｜森町の案内は誰が担うか,blog,,,森町の暮らしの読み物を読む,森町 ブログ,https://www.town.morimachi.shizuoka.jp/gyosei/machinososhiki/shakaikyoikuka/bunkashinkogakari/2/791.html,2026-08-22,keep,,P3,大石浩之,作業中,blog,20260822-shizuoka-isan-akiba-kaido-morimachi,detail,,,静岡県公式によれば「秋葉信仰と街道」は令和4年度認定のしずおか遺産で、森町は9市町の一つ。構成文化財48件のうち城下の鞘堂と三倉のまちなみが森町分です。ただし県が2026年8月に公告した令和8年度の2件（紹介動画100万円・モデルツアー50万円）は、どちらも伊豆地域が対象。森町公式が挙げる秋葉山常夜灯の残る20地区と、灯明を担う人の話を整理しました。,,2,https://morimachi.enshu-lifehack.com/blog/20260822-shizuoka-isan-akiba-kaido-morimachi/,False,True,False,46725
/blog/20260823-koko-tsugaku-shugaku-shienkin/,森町から高校へ通う｜2026年4月の授業料支援と通学の実費 | 静岡県森町ライフハック,森町から高校へ通う｜2026年4月の授業料支援と通学の実費,blog,,,森町の暮らしの読み物を読む,森町 ブログ,https://www.town.morimachi.shizuoka.jp/gyosei/machinososhiki/kenkokodomoka/kodomokateikakari/2/5296.html,2026-08-23,keep,,P3,大石浩之,作業中,blog,20260823-koko-tsugaku-shugaku-shienkin,detail,,,"文部科学省によれば、高等学校等就学支援金は令和8年4月1日から所得制限がなくなり、支給上限額は公立118,800円・私立457,200円になりました。一方で静岡県公立の入学料5,650円と入学検定料2,200円は対象外です。遠州森駅から掛川駅までの通学定期は1か月13,290円、袋井駅前までのバスは片道710円。森町から高校へ通うときに実際に出ていく額を、月いくらまで割り戻して整理しました。",,2,https://morimachi.enshu-lifehack.com/blog/20260823-koko-tsugaku-shugaku-shienkin/,False,True,False,43530
/blog/20260823-kokusei-chosa-sokuho-morimachi/,森町の人口、国勢調査の速報値で見る｜2025年10月1日現在 | 静岡県森町ライフハック,森町の人口、国勢調査の速報値で見る｜2025年10月1日現在,blog,,,森町の暮らしの読み物を読む,森町 ブログ,https://www.town.morimachi.shizuoka.jp/gyosei/machinososhiki/juminseikatsuka/juminkakari/4/569.html,2026-08-23,keep,,P3,大石浩之,作業中,blog,20260823-kokusei-chosa-sokuho-morimachi,detail,,,"静岡県公式によれば、令和7年国勢調査の速報値で森町の人口は15,945人（男7,971人・女7,974人）、世帯数は6,095世帯です。令和2年からは1,512人・8.66％の減少で、県内35市町のうち減少率の大きいほうから9番目。世帯数も147世帯・2.36％減りました。住民基本台帳の16,422人との差、1世帯あたり人員2.62人まで割り戻して、移住先として森町の規模と減り方を確かめる順番を整理しました。",,3,https://morimachi.enshu-lifehack.com/blog/20260823-kokusei-chosa-sokuho-morimachi/,False,True,False,38103
/blog/20260823-tokutei-kyoju-plan-coordinator/,森町特定居住促進計画｜二地域居住コーディネーターを置く年 | 静岡県森町ライフハック,森町特定居住促進計画｜二地域居住コーディネーターを置く年,blog,,,森町の暮らしの読み物を読む,森町 ブログ,https://www.town.morimachi.shizuoka.jp/gyosei/machinososhiki/teijusuishinka/ijukoryugakari/6727.html,2026-08-23,keep,,P3,大石浩之,作業中,blog,20260823-tokutei-kyoju-plan-coordinator,detail,,,静岡県周智郡森町公式によれば、森町特定居住促進計画は令和8年3月31日策定、計画期間は令和7年度から令和11年度までです。森地区、問詰・鍛治島地区、亀久保・大河内地区の3区域を特定居住促進区域に指定し、拠点施設6件を位置づけています。令和8年度からは二地域居住コーディネーターを配置し、デュアルスクールの受入目標は1組。森町に実家や土地があり、住まずに関わり続ける形を探している家族が、今日から確かめられる順番を整理しました。,,4,https://morimachi.enshu-lifehack.com/blog/20260823-tokutei-kyoju-plan-coordinator/,False,True,False,42771
/blog/,静岡県森町ブログ｜暮らし・空き家・交通・文化を一次情報で解説,📝 ブログ,blog,,,森町の暮らしの読み物を読む,森町 ブログ,,,keep,,P3,大石浩之,作業中,blog,index,hub,,,静岡県周智郡森町（遠州森町）の暮らし・手続き・空き家・寺社について、公表情報を確認しながら書いています。,,0,https://morimachi.enshu-lifehack.com/blog/,False,True,False,107911
/business/corporate-town-tax/,静岡県森町で法人の設立届・初回申告・納付・異動届を一件管理する | 森町ライフハック,森町で法人の設立届・初回申告・納付・異動届を一件管理する,business,,,,,https://www.town.morimachi.shizuoka.jp/gyosei/machinososhiki/zeimuka/chominzeigakari/1/2/734.html,,keep,,P3,大石浩之,作業中,business,corporate-town-tax,detail,,,静岡県周智郡森町で法人の設立届・初回申告・納付・異動届を一件管理する。対象条件、必要資料、森町の公式窓口、確認する順番を分かりやすく整理します。実行前の注意点と家族へ残す記録も案内します。,,5,https://morimachi.enshu-lifehack.com/business/corporate-town-tax/,True,True,False,33723
/business/farm-stand-business-check/,静岡県森町で農産物直売所を始める前に | 森町ライフハック,森町で農産物直売所を始める前に,business,,,,,https://www.town.morimachi.shizuoka.jp/gyosei/machinososhiki/sangyoseisakuka/sangyoshinkokakari/index.html,,keep,,P3,大石浩之,作業中,business,farm-stand-business-check,detail,,,静岡県周智郡森町で農産物直売所を始める前に。対象条件、必要資料、森町の公式窓口、確認する順番を分かりやすく整理します。実行前の注意点と家族へ残す記録も案内します。,,2,https://morimachi.enshu-lifehack.com/business/farm-stand-business-check/,True,True,False,37117
/business/food-business-health-center/,静岡県森町で飲食店を始める前の保健所相談 | 森町ライフハック,森町で飲食店を始める前の保健所相談,business,,,,,https://www.town.morimachi.shizuoka.jp/gyosei/machinososhiki/sangyoseisakuka/sangyoshinkokakari/index.html,,keep,,P3,大石浩之,作業中,business,food-business-health-center,detail,,,静岡県周智郡森町で飲食店を始める前の保健所相談。対象条件、必要資料、森町の公式窓口、確認する順番を分かりやすく整理します。実行前の注意点と家族へ残す記録も案内します。,,2,https://morimachi.enshu-lifehack.com/business/food-business-health-center/,True,True,False,37368
/business/home-based-business-use/,静岡県森町の自宅で事業を始める前の用途確認 | 森町ライフハック,森町の自宅で事業を始める前の用途確認,business,,,,,https://www.town.morimachi.shizuoka.jp/gyosei/machinososhiki/sangyoseisakuka/sangyoshinkokakari/index.html,,keep,,P3,大石浩之,作業中,business,home-based-business-use,detail,,,静岡県周智郡森町の自宅で事業を始める前の用途確認。対象条件、必要資料、森町の公式窓口、確認する順番を分かりやすく整理します。実行前の注意点と家族へ残す記録も案内します。,,2,https://morimachi.enshu-lifehack.com/business/home-based-business-use/,True,True,False,37320
/business/,静岡県森町で事業を始める｜状況から読む記事を選ぶ | 森町ライフハック,森町で事業を始める｜どの記事から読むか,business,,,,,,,keep,,P3,大石浩之,作業中,business,index,hub,,,開業場所、許認可、税、空き店舗、事業承継など、事業開始前の確認記事を選べます。,,0,https://morimachi.enshu-lifehack.com/business/,False,True,False,9411
/business/industrial-site-check/,静岡県森町で工場・事業所用地を検討する前に | 森町ライフハック,森町で工場・事業所用地を検討する前に,business,,,,,https://www.town.morimachi.shizuoka.jp/gyosei/machinososhiki/sangyoseisakuka/sangyoshinkokakari/index.html,,keep,,P3,大石浩之,作業中,business,industrial-site-check,detail,,,静岡県周智郡森町で工場・事業所用地を検討する前に。対象条件、必要資料、森町の公式窓口、確認する順番を分かりやすく整理します。実行前の注意点と家族へ残す記録も案内します。,,2,https://morimachi.enshu-lifehack.com/business/industrial-site-check/,True,True,False,37358
/business/outdoor-advertising-check/,静岡県森町で屋外広告物を設置する前に | 森町ライフハック,森町で屋外広告物を設置する前に,business,,,,,https://www.town.morimachi.shizuoka.jp/gyosei/choseijoho/machinokeikaku_torikumi/4720.html,,keep,,P3,大石浩之,作業中,business,outdoor-advertising-check,detail,,,静岡県周智郡森町で屋外広告物を設置する前に。対象条件、必要資料、森町の公式窓口、確認する順番を分かりやすく整理します。実行前の注意点と家族へ残す記録も案内します。,,2,https://morimachi.enshu-lifehack.com/business/outdoor-advertising-check/,True,True,False,35006
/business/public-procurement-entry/,静岡県森町の入札参加資格を事業者が確認する | 森町ライフハック,森町の入札参加資格を事業者が確認する,business,,,,,https://www.town.morimachi.shizuoka.jp/gyosei/machinososhiki/zaiseika/keiyakukanzaikakari/2/5794.html,,keep,,P3,大石浩之,作業中,business,public-procurement-entry,detail,,,静岡県周智郡森町の入札参加資格を事業者が確認する。対象条件、必要資料、森町の公式窓口、確認する順番を分かりやすく整理します。実行前の注意点と家族へ残す記録も案内します。,,3,https://morimachi.enshu-lifehack.com/business/public-procurement-entry/,True,True,False,35095
/business/shop-business-succession/,静岡県森町の店舗を事業承継するとき建物資料も引き継ぐ | 森町ライフハック,森町の店舗を事業承継するとき建物資料も引き継ぐ,business,,,,,https://www.town.morimachi.shizuoka.jp/gyosei/machinososhiki/sangyoseisakuka/sangyoshinkokakari/index.html,,keep,,P3,大石浩之,作業中,business,shop-business-succession,detail,,,静岡県周智郡森町の店舗を事業承継するとき建物資料も引き継ぐ。対象条件、必要資料、森町の公式窓口、確認する順番を分かりやすく整理します。実行前の注意点と家族へ残す記録も案内します。,,2,https://morimachi.enshu-lifehack.com/business/shop-business-succession/,True,True,False,37688
/business/small-business-consultation-map/,静岡県森町の小規模事業者が相談先を選ぶ方法 | 森町ライフハック,森町の小規模事業者が相談先を選ぶ方法,business,,,,,https://www.town.morimachi.shizuoka.jp/gyosei/machinososhiki/sangyoseisakuka/sangyoshinkokakari/index.html,,keep,,P3,大石浩之,作業中,business,small-business-consultation-map,detail,,,静岡県周智郡森町の小規模事業者が相談先を選ぶ方法。対象条件、必要資料、森町の公式窓口、確認する順番を分かりやすく整理します。実行前の注意点と家族へ残す記録も案内します。,,2,https://morimachi.enshu-lifehack.com/business/small-business-consultation-map/,True,True,False,37360
/business/vacant-shop-lease-check/,静岡県森町の空き店舗を借りる前に確認する設備と契約 | 森町ライフハック,森町の空き店舗を借りる前に確認する設備と契約,business,,,,,https://www.town.morimachi.shizuoka.jp/gyosei/machinososhiki/sangyoseisakuka/sangyoshinkokakari/index.html,,keep,,P3,大石浩之,作業中,business,vacant-shop-lease-check,detail,,,静岡県周智郡森町の空き店舗を借りる前に確認する設備と契約。対象条件、必要資料、森町の公式窓口、確認する順番を分かりやすく整理します。実行前の注意点と家族へ残す記録も案内します。,,2,https://morimachi.enshu-lifehack.com/business/vacant-shop-lease-check/,True,True,False,37620
/checklist/baby/,子どもが生まれた | チェックリスト | 静岡県森町ライフハック,👶 子どもが生まれた,checklist,procedures,手続きしたい,状況別のやることを順番に確認する,森町 やることリスト,,,keep,,P1,大石浩之,作業中,checklist,baby,detail,,,出生届から児童手当、乳幼児健診、予防接種、保育園まで。届出の期限があるものから順に確認できます。,,0,https://morimachi.enshu-lifehack.com/checklist/baby/,False,True,False,11124
/checklist/job-change/,転職した・退職した | チェックリスト | 静岡県森町ライフハック,💴 転職した・退職した,checklist,procedures,手続きしたい,状況別のやることを順番に確認する,森町 やることリスト,,,keep,,P1,大石浩之,作業中,checklist,job-change,detail,,,退職後は健康保険・年金・住民税の手続きが同時に発生します。放置すると未納になるものから順に確認できます。,,0,https://morimachi.enshu-lifehack.com/checklist/job-change/,False,True,False,10721
/checklist/married/,結婚した | チェックリスト | 静岡県森町ライフハック,💍 結婚した,checklist,procedures,手続きしたい,状況別のやることを順番に確認する,森町 やることリスト,,,keep,,P1,大石浩之,作業中,checklist,married,detail,,,婚姻届のあとに続く、住所・氏名・保険・税の手続きをまとめました。静岡県周智郡森町では結婚新生活支援補助金の対象になる場合もあります。,,0,https://morimachi.enshu-lifehack.com/checklist/married/,False,True,False,11108
/checklist/moved-in/,静岡県森町に引っ越してきた | チェックリスト | 森町ライフハック,🏡 森町に引っ越してきた,checklist,procedures,手続きしたい,状況別のやることを順番に確認する,森町 やることリスト,,,keep,,P1,大石浩之,作業中,checklist,moved-in,detail,,,転入届からマイナンバー、水道、ごみ、通学区域まで。静岡県周智郡森町に引っ越してきたあとにやることを、順番にチェックできます。,,0,https://morimachi.enshu-lifehack.com/checklist/moved-in/,False,True,False,12008
/culture/designation-guide/,静岡県森町の文化財指定を読み解く｜国・県・町指定の違い | 森町ライフハック,森町の文化財指定を読み解く｜国・県・町指定の違い,culture,,,,,https://www.town.morimachi.shizuoka.jp/gyosei/machinososhiki/shakaikyoikuka/bunkashinkogakari/rekishi/index.html,,keep,,P3,大石浩之,作業中,culture,designation-guide,detail,,,静岡県周智郡森町の文化財指定を読み解く。対象条件、必要資料、森町の公式窓口、確認する順番を分かりやすく整理します。実行前の注意点と家族へ残す記録も案内します。,,2,https://morimachi.enshu-lifehack.com/culture/designation-guide/,True,True,False,35852
/culture/festival-recording/,静岡県森町の祭礼を記録する方法｜公式資料・写真・家族メモ | 森町ライフハック,森町の祭礼を記録する方法｜公式資料・写真・家族メモ,culture,,,,,https://www.town.morimachi.shizuoka.jp/gyosei/machinososhiki/shakaikyoikuka/bunkashinkogakari/2/781.html,,keep,,P3,大石浩之,作業中,culture,festival-recording,detail,,,静岡県周智郡森町の祭礼を記録する方法。対象条件、必要資料、森町の公式窓口、確認する順番を分かりやすく整理します。実行前の注意点と家族へ残す記録も案内します。,,2,https://morimachi.enshu-lifehack.com/culture/festival-recording/,True,True,False,36894
/culture/,静岡県森町の文化を調べる｜状況から読む記事を選ぶ | 森町ライフハック,森町の文化を調べる｜どの記事から読むか,culture,,,,,,,keep,,P3,大石浩之,作業中,culture,index,hub,,,文化財、祭り、地域史を、資料の読み方と記録の残し方から探せます。,,0,https://morimachi.enshu-lifehack.com/culture/,False,True,False,7888
/culture/local-history-research/,静岡県森町の歴史資料を調べる入口｜図書館・資料館・町公式 | 森町ライフハック,森町の歴史資料を調べる入口｜図書館・資料館・町公式,culture,,,,,https://www.town.morimachi.shizuoka.jp/gyosei/machinososhiki/shakaikyoikuka/bunkashinkogakari/rekishi/index.html,,keep,,P3,大石浩之,作業中,culture,local-history-research,detail,,,静岡県周智郡森町の歴史資料を調べる入口。対象条件、必要資料、森町の公式窓口、確認する順番を分かりやすく整理します。実行前の注意点と家族へ残す記録も案内します。,,2,https://morimachi.enshu-lifehack.com/culture/local-history-research/,True,True,False,36954
/culture/local-history-timeline/,静岡県森町の地域史年表を作る｜家族の土地記録と重ねる方法 | 森町ライフハック,森町の地域史年表を作る｜家族の土地記録と重ねる方法,culture,,,,,https://www.town.morimachi.shizuoka.jp/gyosei/machinososhiki/shakaikyoikuka/bunkashinkogakari/rekishi/index.html,,keep,,P3,大石浩之,作業中,culture,local-history-timeline,detail,,,静岡県周智郡森町の地域史年表を作る。対象条件、必要資料、森町の公式窓口、確認する順番を分かりやすく整理します。実行前の注意点と家族へ残す記録も案内します。,,2,https://morimachi.enshu-lifehack.com/culture/local-history-timeline/,True,True,False,36754
/culture/water-cultural-landscape/,静岡県森町の水と文化を歩く｜太田川・町並み・社寺 | 森町ライフハック,森町の水と文化を歩く｜太田川・町並み・社寺,culture,,,,,https://www.town.morimachi.shizuoka.jp/gyosei/machinososhiki/shakaikyoikuka/bunkashinkogakari/rekishi/index.html,,keep,,P3,大石浩之,作業中,culture,water-cultural-landscape,detail,,,静岡県周智郡森町の水と文化を歩く。対象条件、必要資料、森町の公式窓口、確認する順番を分かりやすく整理します。実行前の注意点と家族へ残す記録も案内します。,,2,https://morimachi.enshu-lifehack.com/culture/water-cultural-landscape/,True,True,False,36749
/discover/acty-mori-camping-cottages/,静岡県森町・アクティ森周辺のキャンプとコテージ｜吉川沿いで泊まる準備,静岡県森町・アクティ森周辺のキャンプとコテージ｜吉川沿いで泊まる準備,discover,,,,,https://www.town.morimachi.shizuoka.jp/gyosei/machinososhiki/sangyoseisakuka/kankoshinkokakari/2/5685.html,,keep,,P3,大石浩之,作業中,discover,acty-mori-camping-cottages,detail,,,静岡県森町のアクティ森周辺で宿泊する人へ、コテージ・アクティと吉川キャンプ場の所在地・設備・運営の違い、予約、BBQ、火、ごみ、夜間、川と天候、買い出し、家族利用、キャンセル確認を案内します。,,3,https://morimachi.enshu-lifehack.com/discover/acty-mori-camping-cottages/,False,True,False,36426
/discover/acty-mori-complete-guide/,静岡県森町・アクティ森総合ガイド｜陶芸、自然体験、食事を一日へ組み立てる,静岡県森町・アクティ森総合ガイド｜陶芸、自然体験、食事を一日へ組み立てる,discover,,,,,https://www.town.morimachi.shizuoka.jp/gyosei/kanko_bunka/kanko/1772.html,,keep,,P3,大石浩之,作業中,discover,acty-mori-complete-guide,detail,,,静岡県森町のアクティ森を初めて訪れる人へ、陶芸などの創作体験、アウトドア、森のレストラン、森のよんな市と山里の市、予約確認、雨天時の代案を公式情報から整理します。,,2,https://morimachi.enshu-lifehack.com/discover/acty-mori-complete-guide/,False,True,False,38414
/discover/acty-mori-pottery-experience/,静岡県森町・アクティ森の陶芸体験ガイド｜手ひねり・電動ろくろ・絵付けの選び方,静岡県森町・アクティ森の陶芸体験ガイド｜手ひねり・電動ろくろ・絵付けの選び方,discover,,,,,https://www.town.morimachi.shizuoka.jp/gyosei/kanko_bunka/kanko/1772.html,,keep,,P3,大石浩之,作業中,discover,acty-mori-pottery-experience,detail,,,静岡県森町のアクティ森で陶芸体験を検討する人へ、手ひねり・電動ろくろ・絵付けの選び分け、予約時の確認事項、服装、子連れ、雨天、制作後の受取・発送、満席時の代案を公式情報に基づいて案内します。,,3,https://morimachi.enshu-lifehack.com/discover/acty-mori-pottery-experience/,False,True,False,35394
/discover/acty-mori-restaurant-lunch/,静岡県森町・アクティ森のレストランとランチ｜体験予約に遅れない昼食計画,静岡県森町・アクティ森のレストランとランチ｜体験予約に遅れない昼食計画,discover,,,,,https://www.town.morimachi.shizuoka.jp/gyosei/kanko_bunka/kanko/1772.html,,keep,,P3,大石浩之,作業中,discover,acty-mori-restaurant-lunch,detail,,,静岡県森町のアクティ森でランチを計画する人へ、森のレストランと物販施設の役割差、体験予約との接続、営業時間・席・メニュー・アレルギーの当日確認、混雑・休館時の町内代案を案内します。,,3,https://morimachi.enshu-lifehack.com/discover/acty-mori-restaurant-lunch/,False,True,False,34531
/discover/acty-mori-river-play-summer/,静岡県森町・アクティ森の川遊びと夏休みガイド｜吉川の安全確認と着替え準備,静岡県森町・アクティ森の川遊びと夏休みガイド｜吉川の安全確認と着替え準備,discover,,,,,https://www.town.morimachi.shizuoka.jp/gyosei/kanko_bunka/kanko/1772.html,,keep,,P3,大石浩之,作業中,discover,acty-mori-river-play-summer,detail,,,静岡県森町のアクティ森で川遊びを考える家族へ、施設内体験と吉川の自然河川の違い、水位・天候・中止確認、靴と着替え、日陰、子どもの年齢差、鮎つかみ取りの当年確認、遊べない日の代案を案内します。,,4,https://morimachi.enshu-lifehack.com/discover/acty-mori-river-play-summer/,False,True,False,35231
/discover/buying-land/,静岡県森町で土地を買う前の確認｜接道・農地・上下水道・災害リスクを順に調べる,静岡県森町で土地を買う前の確認｜接道・農地・上下水道・災害リスクを順に調べる,discover,,,,,https://www.town.morimachi.shizuoka.jp/gyosei/choseijoho/machinokeikaku_torikumi/5806.html,,keep,,P3,大石浩之,作業中,discover,buying-land,detail,,,静岡県周智郡森町で土地購入を検討する人へ、登記、境界、接道、農地、都市計画、上下水道、造成、ハザード、生活圏を一次情報と専門家で確かめる順序を解説します。,,5,https://morimachi.enshu-lifehack.com/discover/buying-land/,False,True,False,31274
/discover/buying-used-homes-morimachi/,静岡県森町で中古住宅・古民家を買う前の確認ガイド,静岡県森町で中古住宅・古民家を買う前の確認ガイド,discover,,,,,https://www.town.morimachi.shizuoka.jp/gyosei/machinososhiki/teijusuishinka/ijukoryugakari/2/2/379.html,,keep,,P3,大石浩之,作業中,discover,buying-used-homes-morimachi,detail,,,静岡県森町で中古住宅・古民家を買う前の実務ガイド。空き家バンクと購入判断を分け、建物状況調査、耐震、雨漏り、境界・接道、上下水道、改修見積、残置物、契約前書類の確認順を解説します。,,5,https://morimachi.enshu-lifehack.com/discover/buying-used-homes-morimachi/,False,True,False,37322
/discover/cafes/,静岡県森町のカフェ案内｜お茶と甘味、町歩きの休憩場所を選ぶ,静岡県森町のカフェ案内｜お茶と甘味、町歩きの休憩場所を選ぶ,discover,,,,,https://www.town.morimachi.shizuoka.jp/gyosei/kanko_bunka/kanko/1691.html,,keep,,P3,大石浩之,作業中,discover,cafes,detail,,,静岡県周智郡森町でカフェや茶店を探す人へ、太田茶店、フジヤ・茶風詩、森町茶商組合の公式情報を入口に、お茶・甘味・町並み・駐車・天浜線の動線を整理。営業や価格は訪問日に公式経路で確認する実用案内です。,,2,https://morimachi.enshu-lifehack.com/discover/cafes/,False,True,False,31094
/discover/convenience-stores/,静岡県森町のコンビニ・ATM・24時間設備｜山間部へ行く前の確認ガイド,静岡県森町のコンビニ・ATM・24時間設備｜山間部へ行く前の確認ガイド,discover,,,,,https://www.town.morimachi.shizuoka.jp/gyosei/kurashi_tetsuzuki/index.html,,keep,,P3,大石浩之,作業中,discover,convenience-stores,detail,,,静岡県周智郡森町でコンビニやATMを探す人へ、店舗ごとの営業時間、食料、トイレ、宅配、郵便、充電の確認方法と、遠州森町PA上下線の設備差、山間部へ入る前の準備、休止時の代案を整理します。,,4,https://morimachi.enshu-lifehack.com/discover/convenience-stores/,False,True,False,32630
/discover/daitoin-autumn-ishimatsu/,静岡県森町・大洞院の紅葉と森の石松｜参拝・墓所・山道の歩き方,静岡県森町・大洞院の紅葉と森の石松｜参拝・墓所・山道の歩き方,discover,,,,,https://www.town.morimachi.shizuoka.jp/gyosei/machinososhiki/sangyoseisakuka/kankoshinkokakari/1/6495.html,,keep,,P3,大石浩之,作業中,discover,daitoin-autumn-ishimatsu,detail,,,静岡県森町の大洞院で、当年の紅葉を確認しながら寺院参拝と森の石松の墓所を分けて訪ねる方法、駐車、山道、雨と落葉、撮影、混雑時の代案を案内します。,,4,https://morimachi.enshu-lifehack.com/discover/daitoin-autumn-ishimatsu/,False,True,False,29494
/discover/enshu-mori-station/,静岡県森町・遠州森駅案内｜天浜線から町歩き・バス・小國神社・アクティ森へ,静岡県森町・遠州森駅案内｜天浜線から町歩き・バス・小國神社・アクティ森へ,discover,,,,,https://www.town.morimachi.shizuoka.jp/gyosei/kurashi_tetsuzuki/kokyokotsu/1431.html,,keep,,P3,大石浩之,作業中,discover,enshu-mori-station,detail,,,天浜線の遠州森駅で、駅設備、時刻・運賃、待ち時間、町なか徒歩、町営バス・タクシー、小國神社・アクティ森への接続を複数の公式情報から整理します。,,4,https://morimachi.enshu-lifehack.com/discover/enshu-mori-station/,False,True,False,29637
/discover/enshu-mori-tea-guide/,静岡県森町で遠州森の茶を買う｜煎茶・深蒸し茶・ティーバッグの選び方,静岡県森町で遠州森の茶を買う｜煎茶・深蒸し茶・ティーバッグの選び方,discover,,,,,https://www.town.morimachi.shizuoka.jp/gyosei/machinososhiki/sangyoseisakuka/kankoshinkokakari/2/601.html,,keep,,P3,大石浩之,作業中,discover,enshu-mori-tea-guide,detail,,,静岡県森町で遠州森の茶を買う人へ、煎茶・深蒸し茶・ティーバッグを急須の有無や飲む量で選び、太田茶店、茶商組合、森の茶本舗などの確認事項、保存、贈答、車なしの購入動線を案内します。,,3,https://morimachi.enshu-lifehack.com/discover/enshu-mori-tea-guide/,False,True,False,40521
/discover/enshu-mori-to-oguni/,静岡県森町・遠州森駅から小國神社へ車なしで行く｜バス接続と帰路の決め方,静岡県森町・遠州森駅から小國神社へ車なしで行く｜バス接続と帰路の決め方,discover,,,,,https://www.town.morimachi.shizuoka.jp/gyosei/kurashi_tetsuzuki/kokyokotsu/1431.html,,keep,,P3,大石浩之,作業中,discover,enshu-mori-to-oguni,detail,,,遠州森駅から小國神社へ車なしで向かうため、天浜線と小國神社開運線の接続、運行日、帰り便、待ち時間、タクシー代案、紅葉・初詣時の確認を整理します。,,2,https://morimachi.enshu-lifehack.com/discover/enshu-mori-to-oguni/,False,True,False,29489
/discover/enshu-morimachi-pa-down/,静岡県森町・遠州森町PA下り徹底案内｜名古屋方面の食事・補給・一般道からの使い方,静岡県森町・遠州森町PA下り徹底案内｜名古屋方面の食事・補給・一般道からの使い方,discover,,,,,https://www.town.morimachi.shizuoka.jp/gyosei/machinososhiki/kensetsuka/kanrigakari/2/414.html,,keep,,P3,大石浩之,作業中,discover,enshu-morimachi-pa-down,detail,,,遠州静岡県周智郡森町PA下りを名古屋方面への休憩拠点として整理。フードコート、コンビニ、家族向け設備、ぷらっとパーク、スマートIC、森町へ寄る判断を公式情報から解説します。,,2,https://morimachi.enshu-lifehack.com/discover/enshu-morimachi-pa-down/,False,True,False,29371
/discover/enshu-morimachi-pa-up/,静岡県森町・遠州森町PA上り完全案内｜東京方面の休憩・一般道入口・町内への寄り道,静岡県森町・遠州森町PA上り完全案内｜東京方面の休憩・一般道入口・町内への寄り道,discover,,,,,https://www.town.morimachi.shizuoka.jp/gyosei/machinososhiki/kensetsuka/kanrigakari/2/414.html,,keep,,P3,大石浩之,作業中,discover,enshu-morimachi-pa-up,detail,,,静岡県周智郡森町の遠州森町PA上りを、東京方面という向き、休憩設備、店舗確認、ぷらっとパーク、スマートIC、町内へ寄る判断まで一次情報から整理します。,,2,https://morimachi.enshu-lifehack.com/discover/enshu-morimachi-pa-up/,False,True,False,29677
/discover/enshu-morimachi-smart-ic/,静岡県森町・遠州森町スマートIC利用法｜ETC・一旦停止・PAを先に使う順番,静岡県森町・遠州森町スマートIC利用法｜ETC・一旦停止・PAを先に使う順番,discover,,,,,https://www.town.morimachi.shizuoka.jp/gyosei/machinososhiki/kensetsuka/kanrigakari/2/414.html,,keep,,P3,大石浩之,作業中,discover,enshu-morimachi-smart-ic,detail,,,遠州静岡県周智郡森町スマートICのETC条件、一旦停止、東京・名古屋方面、PAとぷらっとパークの違い、流入後の注意、小國神社・アクティ森への行先判断を公式情報で整理します。,,3,https://morimachi.enshu-lifehack.com/discover/enshu-morimachi-smart-ic/,False,True,False,29939
/discover/fireflies-conservation/,静岡県森町のホタル観賞時期とマナー｜光・駐車・立入を保全から考える,静岡県森町のホタル観賞時期とマナー｜光・駐車・立入を保全から考える,discover,,,,,https://www.town.morimachi.shizuoka.jp/gyosei/kanko_bunka/bunka/zusetsumorichoushi/1760.html,,keep,,P3,大石浩之,作業中,discover,fireflies-conservation,detail,,,静岡県周智郡森町でホタル観賞を考える人へ、当年の発生・公開・立入可否の確認順、夜間の交通と駐車、ライト・撮影・子連れのマナー、雨風や見られない時の代案を保全優先で整理します。,,4,https://morimachi.enshu-lifehack.com/discover/fireflies-conservation/,False,True,False,31072
/discover/fuel-ev-charging/,静岡県森町のガソリンスタンド・EV充電確認｜山間部へ入る前の補給手順,静岡県森町のガソリンスタンド・EV充電確認｜山間部へ入る前の補給手順,discover,,,,,https://www.town.morimachi.shizuoka.jp/gyosei/kanko_bunka/kanko/index.html,,keep,,P3,大石浩之,作業中,discover,fuel-ev-charging,detail,,,静岡県周智郡森町で給油やEV充電を探す人へ、遠州森町PA上り・下りとスマートICの位置関係、当日営業・油種・充電器稼働・決済の確認順、山間部で使えない時の代案を公式情報から整理します。,,4,https://morimachi.enshu-lifehack.com/discover/fuel-ev-charging/,False,True,False,33948
/discover/furusato-tax/,静岡県森町のふるさと納税｜返礼品・ワンストップ特例・寄付後の確認手順,静岡県森町のふるさと納税｜返礼品・ワンストップ特例・寄付後の確認手順,discover,,,,,https://www.town.morimachi.shizuoka.jp/gyosei/kurashi_tetsuzuki/furusatonozei/1230.html,,keep,,P3,大石浩之,作業中,discover,furusato-tax,detail,,,静岡県周智郡森町へのふるさと納税について、公式申込入口、偽サイト回避、返礼品配送、受領証、ワンストップ特例、確定申告、住所変更を整理します。,,3,https://morimachi.enshu-lifehack.com/discover/furusato-tax/,False,True,False,31471
/discover/garbage-recycling-morimachi/,静岡県森町のごみ分別・収集日・粗大ごみを転入後に確認する方法,静岡県森町のごみ分別・収集日・粗大ごみを転入後に確認する方法,discover,,,,,https://www.town.morimachi.shizuoka.jp/gyosei/machinososhiki/juminseikatsuka/seikatsukankyokakari/1/1/692.html,,keep,,P3,大石浩之,作業中,discover,garbage-recycling-morimachi,detail,,,静岡県森町のごみ分別と収集日を転入後に確認する実務ガイド。地区名、町内会・集合住宅、集積所、当年度カレンダーの確認順から、指定袋、燃やせるごみ、資源・埋立、粗大、家電、事業ごみ、災害時まで整理します。,,7,https://morimachi.enshu-lifehack.com/discover/garbage-recycling-morimachi/,False,True,False,34791
/discover/gokurakuji-hydrangeas/,静岡県森町・極楽寺のあじさい｜開花・拝観・雨の日の歩き方,静岡県森町・極楽寺のあじさい｜開花・拝観・雨の日の歩き方,discover,,,,,https://www.town.morimachi.shizuoka.jp/gyosei/kanko_bunka/kanko/6861.html,,keep,,P3,大石浩之,作業中,discover,gokurakuji-hydrangeas,detail,,,静岡県森町の極楽寺あじさい園について、当年の開花、開園、拝観料金、駐車を確かめる方法と、雨の日の坂道、撮影・参拝マナー、公共交通や混雑時の代案を案内します。,,4,https://morimachi.enshu-lifehack.com/discover/gokurakuji-hydrangeas/,False,True,False,29436
/discover/gourmet-day-trip/,静岡県森町のグルメ日帰りモデルコース｜茶・和菓子・食事を一日に詰めすぎない,静岡県森町のグルメ日帰りモデルコース｜茶・和菓子・食事を一日に詰めすぎない,discover,,,,,https://www.town.morimachi.shizuoka.jp/gyosei/kanko_bunka/kanko/index.html,,keep,,P3,大石浩之,作業中,discover,gourmet-day-trip,detail,,,静岡県森町のグルメ日帰り旅を、町なかの和食と茶・和菓子、小國神社とことまち横丁、アクティ森の三案から選び、予約、保冷、運転、車なしの条件まで案内します。,,5,https://morimachi.enshu-lifehack.com/discover/gourmet-day-trip/,False,True,False,34755
/discover/guide-annual-parenting-information-review/,静岡県森町の子育て情報を年度替わりに見直す｜年齢・住所・保育・学校の更新表,静岡県森町の子育て情報を年度替わりに見直す｜年齢・住所・保育・学校の更新表,discover,,,,,https://www.town.morimachi.shizuoka.jp/morikko/,,keep,,P3,大石浩之,作業中,discover,guide-annual-parenting-information-review,detail,,,静岡県周智郡森町で新年度を迎える家庭向けに、子どもの年齢と住所、保育・学校、手当、健診・予防接種、相談先、家族連絡先を公式情報から見直す手順を整理します。,,4,https://morimachi.enshu-lifehack.com/discover/guide-annual-parenting-information-review/,False,True,False,43971
/discover/guide-annual-school-cost-planning/,静岡県森町の年間学校費を計画｜用品・給食・行事・就学援助を整理,静岡県森町の年間学校費を計画｜用品・給食・行事・就学援助を整理,discover,,,,,https://www.town.morimachi.shizuoka.jp/morikko/sodachi/4787.html,,keep,,P3,大石浩之,作業中,discover,guide-annual-school-cost-planning,detail,,,静岡県周智郡森町の小中学校でかかる費用を、学校納付、用品、給食、交通、行事、部活動に分け、年間の支払月と実績、就学援助の確認方法を整理します。,,4,https://morimachi.enshu-lifehack.com/discover/guide-annual-school-cost-planning/,False,True,False,32627
/discover/guide-bicycle-safety-rules/,静岡県森町の自転車交通ルール｜ヘルメット・保険・夜間走行を確認,静岡県森町の自転車交通ルール｜ヘルメット・保険・夜間走行を確認,discover,,,,,https://www.town.morimachi.shizuoka.jp/gyosei/bosai_anzen/kotsuanzen/index.html,,keep,,P3,大石浩之,作業中,discover,guide-bicycle-safety-rules,detail,,,静岡県森町で自転車に乗る前に、ヘルメット、保険、車道と歩道、交差点、夜間灯火、子どもの見守り、山間部の経路判断、車体点検を一次情報に沿って整理します。,,3,https://morimachi.enshu-lifehack.com/discover/guide-bicycle-safety-rules/,False,True,False,37412
/discover/guide-child-allowance-change-notification/,静岡県森町の児童手当変更届｜住所・口座・家族状況・受給者を分けて確認,静岡県森町の児童手当変更届｜住所・口座・家族状況・受給者を分けて確認,discover,,,,,https://www.town.morimachi.shizuoka.jp/gyosei/machinososhiki/kenkokodomoka/kodomokateikakari/3/472.html,,keep,,P3,大石浩之,作業中,discover,guide-child-allowance-change-notification,detail,,,静岡県周智郡森町で児童手当を受給中に住所、振込口座、養育する子ども、配偶者、公務員勤務などが変わったときの届出を、変更内容別に一次情報から整理します。,,3,https://morimachi.enshu-lifehack.com/discover/guide-child-allowance-change-notification/,False,True,False,41852
/discover/guide-child-dental-checkups/,静岡県森町の幼児歯科健診｜年齢別の日程・持ち物とフッ化物利用,静岡県森町の幼児歯科健診｜年齢別の日程・持ち物とフッ化物利用,discover,,,,,https://www.town.morimachi.shizuoka.jp/morikko/sodachi/4793.html,,keep,,P3,大石浩之,作業中,discover,guide-child-dental-checkups,detail,,,静岡県周智郡森町の幼児歯科健診を、1歳児相談、1歳6か月児・2歳児・2歳6か月児・3歳児の案内別に整理。持ち物、歯みがき、フッ化物利用、欠席・転入時の相談、痛みがある場合の受診を解説します。,,3,https://morimachi.enshu-lifehack.com/discover/guide-child-dental-checkups/,False,True,False,44679
/discover/guide-child-vaccination-record-transfer/,静岡県森町へ転入した子どもの予防接種｜記録確認と予診票の受け取り方,静岡県森町へ転入した子どもの予防接種｜記録確認と予診票の受け取り方,discover,,,,,https://www.town.morimachi.shizuoka.jp/morikko/sodachi/4813.html,,keep,,P3,大石浩之,作業中,discover,guide-child-vaccination-record-transfer,detail,,,静岡県周智郡森町へ子どもと転入した家庭向けに、母子健康手帳と接種済記録の準備、森町用予診票の受け取り、未接種分や接種間隔の確認、任意接種の扱いを一次情報に沿って整理します。,,3,https://morimachi.enshu-lifehack.com/discover/guide-child-vaccination-record-transfer/,False,True,False,44996
/discover/guide-childcare-employment-certificate/,静岡県森町の保育所申込みと就労証明書｜勤務先依頼から提出まで,静岡県森町の保育所申込みと就労証明書｜勤務先依頼から提出まで,discover,,,,,https://www.town.morimachi.shizuoka.jp/gyosei/kosodate_kyoiku/hoikuen_yochiento/hoikuen/6286.html,,keep,,P3,大石浩之,作業中,discover,guide-childcare-employment-certificate,detail,,,静岡県周智郡森町の保育所等入所申込みで使う就労証明書について、年度別様式、勤務先への依頼、就労実績・予定、育休復職、自営業の追加書類、訂正方法、提出期限を一次情報から整理します。,,3,https://morimachi.enshu-lifehack.com/discover/guide-childcare-employment-certificate/,False,True,False,46269
/discover/guide-childcare-fees/,静岡県森町の保育料｜無償化・副食費・市町村民税の確認方法,静岡県森町の保育料｜無償化・副食費・市町村民税の確認方法,discover,,,,,https://www.town.morimachi.shizuoka.jp/gyosei/machinososhiki/kenkokodomoka/yochienhoikuenkakari/1/6133.html,,keep,,P3,大石浩之,作業中,discover,guide-childcare-fees,detail,,,静岡県周智郡森町の保育料について、4月1日時点の年齢、認定区分、市町村民税、きょうだい軽減、無償化を整理。副食費、給食費、教材費、延長保育料など別途生じる費用と算定の切替時期も解説します。,,4,https://morimachi.enshu-lifehack.com/discover/guide-childcare-fees/,False,True,False,43607
/discover/guide-childcare-transfer-in/,静岡県森町へ転入する子どもの保育手続き｜退園・申込み・利用調整,静岡県森町へ転入する子どもの保育手続き｜退園・申込み・利用調整,discover,,,,,https://www.town.morimachi.shizuoka.jp/gyosei/machinososhiki/kenkokodomoka/yochienhoikuenkakari/1/6133.html,,keep,,P3,大石浩之,作業中,discover,guide-childcare-transfer-in,detail,,,静岡県周智郡森町へ未就学児と転入する家庭向けに、転入前相談、現園の退園、住民異動、森町の保育所等申込み、就労証明、利用調整を整理。入所未決定時の保育の空白と代替策も解説します。,,5,https://morimachi.enshu-lifehack.com/discover/guide-childcare-transfer-in/,False,True,False,41413
/discover/guide-commute-cost-record/,静岡県森町の通勤通学費｜定期・回数券・送迎を一か月実測する,静岡県森町の通勤通学費｜定期・回数券・送迎を一か月実測する,discover,,,,,https://www.town.morimachi.shizuoka.jp/gyosei/kurashi_tetsuzuki/kokyokotsu/index.html,,keep,,P3,大石浩之,作業中,discover,guide-commute-cost-record,detail,,,静岡県森町からの通勤・通学費を、定期券、回数券、都度払い、家族送迎の燃料・時間、駐車、運休時の代案に分け、一か月の実測記録から比較する方法を解説します。,,3,https://morimachi.enshu-lifehack.com/discover/guide-commute-cost-record/,False,True,False,30757
/discover/guide-divorce-notification-checklist/,静岡県森町の離婚届を出す前に確認｜戸籍・住所・子どもの手続きを分ける,静岡県森町の離婚届を出す前に確認｜戸籍・住所・子どもの手続きを分ける,discover,,,,,https://www.town.morimachi.shizuoka.jp/gyosei/machinososhiki/juminseikatsuka/juminkakari/2/2/2922.html,,keep,,P3,大石浩之,作業中,discover,guide-divorce-notification-checklist,detail,,,静岡県周智郡森町で離婚届を出す前に、協議・裁判離婚の違い、届出先、本人確認、親権、氏、住所、子どもの戸籍・手当・保険・学校を分けて確認する実務ガイドです。,,4,https://morimachi.enshu-lifehack.com/discover/guide-divorce-notification-checklist/,False,True,False,30563
/discover/guide-drivers-license-return-mobility/,静岡県森町で運転免許を自主返納する前後｜移動手段を先に試す,静岡県森町で運転免許を自主返納する前後｜移動手段を先に試す,discover,,,,,https://www.town.morimachi.shizuoka.jp/gyosei/machinososhiki/kikikanrika/kikikanrikakari/3/2438.html,,keep,,P3,大石浩之,作業中,discover,guide-drivers-license-return-mobility,detail,,,静岡県森町で運転免許を自主返納する前後に、運転経歴証明書、町営バス、地域タクシー、家族送迎を分け、通院・買い物の移動を試行して確かめる方法を解説します。,,5,https://morimachi.enshu-lifehack.com/discover/guide-drivers-license-return-mobility/,False,True,False,37119
/discover/guide-earthquake-furniture-securing/,静岡県森町の地震対策で家具転倒を防ぐ｜固定場所・申請・避難動線,静岡県森町の地震対策で家具転倒を防ぐ｜固定場所・申請・避難動線,discover,,,,,https://www.town.morimachi.shizuoka.jp/gyosei/bosai_anzen/bosai/1125.html,,keep,,P3,大石浩之,作業中,discover,guide-earthquake-furniture-securing,detail,,,静岡県周智郡森町で家具転倒を防ぐ人へ、町の家具固定事業の対象・費用・申請、5台の選び方、寝室と避難動線、賃貸住宅の確認を一次情報から解説します。,,3,https://morimachi.enshu-lifehack.com/discover/guide-earthquake-furniture-securing/,False,True,False,32120
/discover/guide-elementary-school-enrollment-notice/,静岡県森町の小学校入学通知｜届かない・転居・指定校の確認手順,静岡県森町の小学校入学通知｜届かない・転居・指定校の確認手順,discover,,,,,https://www.town.morimachi.shizuoka.jp/gyosei/machinososhiki/morimachiyakuba/nyuen_nyugaku/index.html,,keep,,P3,大石浩之,作業中,discover,guide-elementary-school-enrollment-notice,detail,,,静岡県周智郡森町の小学校入学通知書について、発送時期、住所と指定校の確認、転居予定、通知が届かない場合、指定校変更の申立て、子どもの就学相談を一次情報から順序立てて整理します。,,2,https://morimachi.enshu-lifehack.com/discover/guide-elementary-school-enrollment-notice/,False,True,False,36081
/discover/guide-emergency-toilet-preparation/,静岡県森町の災害用トイレ備蓄｜必要数・使い方・使用後の保管,静岡県森町の災害用トイレ備蓄｜必要数・使い方・使用後の保管,discover,,,,,https://www.town.morimachi.shizuoka.jp/morikko/kenko/4814.html,,keep,,P3,大石浩之,作業中,discover,guide-emergency-toilet-preparation,detail,,,静岡県周智郡森町で災害用トイレを備える人へ、1人週35回分の計算、断水直後の判断、便袋の使い方、使用後の保管、乳幼児や高齢者への配慮を一次情報から解説します。,,2,https://morimachi.enshu-lifehack.com/discover/guide-emergency-toilet-preparation/,False,True,False,34261
/discover/guide-evacuation-by-car-risks/,静岡県森町で車避難を考える前に｜徒歩原則・道路寸断・要配慮者,静岡県森町で車避難を考える前に｜徒歩原則・道路寸断・要配慮者,discover,,,,,https://www.town.morimachi.shizuoka.jp/gyosei/machinososhiki/kikikanrika/kikikanrikakari/4/854.html,,keep,,P3,大石浩之,作業中,discover,guide-evacuation-by-car-risks,detail,,,静岡県周智郡森町で車避難を安易に選ばないために、徒歩原則、山間部の道路寸断、冠水・渋滞、要配慮者の例外確認、出発中止条件と徒歩・早期移動の代案を一次情報から解説します。,,4,https://morimachi.enshu-lifehack.com/discover/guide-evacuation-by-car-risks/,False,True,False,35148
/discover/guide-family-annotated-hazard-map/,静岡県森町のハザードマップを家族用に書き込む｜避難先・別経路・判断時刻,静岡県森町のハザードマップを家族用に書き込む｜避難先・別経路・判断時刻,discover,,,,,https://www.town.morimachi.shizuoka.jp/gyosei/machinososhiki/kikikanrika/kikikanrikakari/4/854.html,,keep,,P3,大石浩之,作業中,discover,guide-family-annotated-hazard-map,detail,,,静岡県周智郡森町の地区別ハザードマップへ、自宅、災害別の避難先、通らない場所、別経路、家族の連絡方法を書き込む手順を、現地確認と更新方法まで具体的に解説します。,,4,https://morimachi.enshu-lifehack.com/discover/guide-family-annotated-hazard-map/,False,True,False,36721
/discover/guide-family-disaster-communication-plan/,静岡県森町の家族防災連絡計画｜集合場所・171・遠方連絡先の決め方,静岡県森町の家族防災連絡計画｜集合場所・171・遠方連絡先の決め方,discover,,,,,https://www.town.morimachi.shizuoka.jp/gyosei/bosai_anzen/bosai/1129.html,,keep,,P3,大石浩之,作業中,discover,guide-family-disaster-communication-plan,detail,,,静岡県周智郡森町で、家族が離れている時の集合場所、171・web171、遠方の中継連絡先を決める手順を解説。地区別ハザードマップを使った訓練まで具体化します。,,4,https://morimachi.enshu-lifehack.com/discover/guide-family-disaster-communication-plan/,False,True,False,37553
/discover/guide-family-internet-rules-for-children/,静岡県森町で子どものインターネット利用ルールを家族で作る｜時間・課金・写真・相談の決め方,静岡県森町で子どものインターネット利用ルールを家族で作る｜時間・課金・写真・相談の決め方,discover,,,,,https://www.town.morimachi.shizuoka.jp/gyosei/kosodate_kyoiku/kyoiku_gakko/6120.html,,keep,,P3,大石浩之,作業中,discover,guide-family-internet-rules-for-children,detail,,,静岡県周智郡森町の家庭向けに、子どものネット利用を時間、場所、課金、個人情報、写真、相談、見直しに分け、監視や一律禁止に偏らない約束の作り方を一次情報とともに解説します。,,3,https://morimachi.enshu-lifehack.com/discover/guide-family-internet-rules-for-children/,False,True,False,52631
/discover/guide-family-medication-information-record/,静岡県森町のお薬手帳と医療情報｜家族で安全に共有する服薬記録,静岡県森町のお薬手帳と医療情報｜家族で安全に共有する服薬記録,discover,,,,,https://www.town.morimachi.shizuoka.jp/gyosei/machinososhiki/kenkokodomoka/kenkozukurikakari/2/6429.html,,keep,,P3,大石浩之,作業中,discover,guide-family-medication-information-record,detail,,,静岡県周智郡森町で、お薬手帳を一冊にまとめ、処方薬・市販薬・健康食品、アレルギー、副作用歴、通院先、緊急連絡先を家族で安全に共有する方法を、町・病院・国の一次情報から整理します。,,4,https://morimachi.enshu-lifehack.com/discover/guide-family-medication-information-record/,False,True,False,38662
/discover/guide-family-register-address-history/,静岡県森町の戸籍の附票｜住所履歴が途切れる理由と請求方法,静岡県森町の戸籍の附票｜住所履歴が途切れる理由と請求方法,discover,,,,,https://www.town.morimachi.shizuoka.jp/gyosei/machinososhiki/juminseikatsuka/juminkakari/2/2_1/2913.html,,keep,,P3,大石浩之,作業中,discover,guide-family-register-address-history,detail,,,静岡県周智郡森町で戸籍の附票を請求する前に、住民票との違い、転籍・改製による住所履歴の切れ目、登記住所のつなぎ方、窓口・郵送請求を整理します。,,5,https://morimachi.enshu-lifehack.com/discover/guide-family-register-address-history/,False,True,False,34819
/discover/guide-family-register-name-furigana/,静岡県森町の戸籍フリガナを確認する｜通知・期限後の変更・氏と名の違い,静岡県森町の戸籍フリガナを確認する｜通知・期限後の変更・氏と名の違い,discover,,,,,https://www.town.morimachi.shizuoka.jp/gyosei/machinososhiki/juminseikatsuka/juminkakari/2/2/2893.html,,keep,,P3,大石浩之,作業中,discover,guide-family-register-name-furigana,detail,,,静岡県周智郡森町の戸籍フリガナについて、2025年施行後の通知、届出不要だった場合、初回期限終了後の確認と変更、氏・名で異なる届出人を一次情報から整理します。,,3,https://morimachi.enshu-lifehack.com/discover/guide-family-register-name-furigana/,False,True,False,38044
/discover/guide-family-register-nonacceptance-request/,静岡県森町の戸籍届不受理申出｜対象・本人確認・取下げを整理,静岡県森町の戸籍届不受理申出｜対象・本人確認・取下げを整理,discover,,,,,https://www.town.morimachi.shizuoka.jp/gyosei/machinososhiki/juminseikatsuka/juminkakari/2/2/2893.html,,keep,,P3,大石浩之,作業中,discover,guide-family-register-nonacceptance-request,detail,,,静岡県周智郡森町で戸籍届の不受理申出を考える人へ、対象となる婚姻・協議離婚等、本人出頭、本人確認、取下げ、DV時の安全確保を一次情報で整理します。,,3,https://morimachi.enshu-lifehack.com/discover/guide-family-register-nonacceptance-request/,False,True,False,36609
/discover/guide-family-register-wide-area-issuance/,静岡県森町の戸籍証明書広域交付｜取れる戸籍と請求条件を確認,静岡県森町の戸籍証明書広域交付｜取れる戸籍と請求条件を確認,discover,,,,,https://www.town.morimachi.shizuoka.jp/gyosei/machinososhiki/juminseikatsuka/juminkakari/2/2_1/5291.html,,keep,,P3,大石浩之,作業中,discover,guide-family-register-wide-area-issuance,detail,,,静岡県周智郡森町で戸籍証明書の広域交付を利用する前に、請求できる親族、対象証明、顔写真付き本人確認、代理・郵送不可、相続戸籍の代案を整理します。,,4,https://morimachi.enshu-lifehack.com/discover/guide-family-register-wide-area-issuance/,False,True,False,35189
/discover/guide-family-school-disaster-card/,静岡県森町の学校災害時・家庭カード｜迎え・引渡し・連絡不能を整理,静岡県森町の学校災害時・家庭カード｜迎え・引渡し・連絡不能を整理,discover,,,,,https://www.town.morimachi.shizuoka.jp/morikko/sodachi/4787.html,,keep,,P3,大石浩之,作業中,discover,guide-family-school-disaster-card,detail,,,静岡県周智郡森町で学校災害時の家庭カードを作るため、学校の引渡し手順を基準に、迎え担当、代替者、帰宅先、通信不能、きょうだい、更新日を整理します。,,6,https://morimachi.enshu-lifehack.com/discover/guide-family-school-disaster-card/,False,True,False,34509
/discover/guide-former-surname-on-resident-record/,静岡県森町で住民票に旧氏を併記する｜戸籍・印鑑登録・マイナンバーカード,静岡県森町で住民票に旧氏を併記する｜戸籍・印鑑登録・マイナンバーカード,discover,,,,,https://www.town.morimachi.shizuoka.jp/gyosei/machinososhiki/juminseikatsuka/juminkakari/2/2_1/2914.html,,keep,,P3,大石浩之,作業中,discover,guide-former-surname-on-resident-record,detail,,,静岡県周智郡森町で住民票に旧氏を併記する申出について、必要な戸籍のつながり、住民票、印鑑登録、マイナンバーカード、電子証明書への反映を一次情報から整理します。,,4,https://morimachi.enshu-lifehack.com/discover/guide-former-surname-on-resident-record/,False,True,False,40467
/discover/guide-health-check-result-recordkeeping/,静岡県森町の健診結果を保管・比較する方法｜受診勧奨と年度記録の整理,静岡県森町の健診結果を保管・比較する方法｜受診勧奨と年度記録の整理,discover,,,,,https://www.town.morimachi.shizuoka.jp/gyosei/kenko_fukushi/otonanokenko_kenshin_sodan_kenkozukuri/1489.html,,keep,,P3,大石浩之,作業中,discover,guide-health-check-result-recordkeeping,detail,,,静岡県周智郡森町で受けた健診結果を、紙と電子データで安全に保管し、検査条件や単位をそろえて年度比較する方法を解説。受診勧奨、精密検査、マイナポータル、家族共有まで一次情報で整理します。,,3,https://morimachi.enshu-lifehack.com/discover/guide-health-check-result-recordkeeping/,False,True,False,37898
/discover/guide-hepatitis-virus-screening/,"静岡県森町の肝炎ウイルス検診｜B型・C型の対象、1,100円、陽性後の受診","静岡県森町の肝炎ウイルス検診｜B型・C型の対象、1,100円、陽性後の受診",discover,,,,,https://www.town.morimachi.shizuoka.jp/material/files/group/27/reiwa8nendomorimachikenkousinsanogoannai.pdf,,keep,,P3,大石浩之,作業中,discover,guide-hepatitis-virus-screening,detail,,,"静岡県周智郡森町の肝炎ウイルス検診について、B型・C型の血液検査、未受検者という対象条件、1,100円の費用、申込みと実施場所、陽性後の精密検査・県助成を2026年度の一次情報から整理します。",,3,https://morimachi.enshu-lifehack.com/discover/guide-hepatitis-virus-screening/,False,True,False,36000
/discover/guide-home-drainage-before-heavy-rain/,静岡県森町の大雨前に排水を確認｜雨どい・側溝・敷地勾配の点検,静岡県森町の大雨前に排水を確認｜雨どい・側溝・敷地勾配の点検,discover,,,,,https://www.town.morimachi.shizuoka.jp/gyosei/machinososhiki/kikikanrika/kikikanrikakari/4/1060.html,,keep,,P3,大石浩之,作業中,discover,guide-home-drainage-before-heavy-rain,detail,,,静岡県周智郡森町で大雨へ備える家庭向けに、雨どい・宅地内ます・道路側溝の点検、安全な清掃、土のう、雨天後の記録と家族で行う確認順を一次情報から解説します。,,4,https://morimachi.enshu-lifehack.com/discover/guide-home-drainage-before-heavy-rain/,False,True,False,32927
/discover/guide-home-fire-alarm-inspection/,静岡県森町の住宅用火災警報器点検｜年2回の作動確認と10年交換,静岡県森町の住宅用火災警報器点検｜年2回の作動確認と10年交換,discover,,,,,https://www.town.morimachi.shizuoka.jp/gyosei/bosai_anzen/syoubou/3984.html,,keep,,P3,大石浩之,作業中,discover,guide-home-fire-alarm-inspection,detail,,,静岡県周智郡森町の住宅用火災警報器を点検する人へ、年2回の作動確認、設置日調査、10年交換、音が鳴らない時、実家の記録方法を一次情報から解説します。,,3,https://morimachi.enshu-lifehack.com/discover/guide-home-fire-alarm-inspection/,False,True,False,32932
/discover/guide-household-emergency-stockpile/,静岡県森町の家庭備蓄｜水・食料・常備薬を家族人数から考える,静岡県森町の家庭備蓄｜水・食料・常備薬を家族人数から考える,discover,,,,,https://www.town.morimachi.shizuoka.jp/gyosei/kurashi_tetsuzuki/jogesuido/josuido/2225.html,,keep,,P3,大石浩之,作業中,discover,guide-household-emergency-stockpile,detail,,,静岡県森町で家庭備蓄を始める人へ、1人1日3リットルの飲料水と7日分の食料を基準に、乳幼児・高齢者・アレルギー・常備薬・携帯トイレまで、置き場所とローリングストックの実行順を案内します。,,4,https://morimachi.enshu-lifehack.com/discover/guide-household-emergency-stockpile/,False,True,False,30739
/discover/guide-household-head-change-notification/,静岡県森町の世帯主変更届｜世帯分離との違いと国保の確認順,静岡県森町の世帯主変更届｜世帯分離との違いと国保の確認順,discover,,,,,https://www.town.morimachi.shizuoka.jp/gyosei/machinososhiki/juminseikatsuka/juminkakari/2/2/2893.html,,keep,,P3,大石浩之,作業中,discover,guide-household-head-change-notification,detail,,,静岡県周智郡森町で世帯主変更届を出す前に、世帯分離・合併との違い、本人確認、代理届出、国民健康保険税の通知を一次情報に沿って整理し、提出後までの確認順を案内します。,,5,https://morimachi.enshu-lifehack.com/discover/guide-household-head-change-notification/,False,True,False,38130
/discover/guide-in-town-move-school-checklist/,静岡県森町で町内転居するときの学校確認｜転校・学区・住所変更の順番,静岡県森町で町内転居するときの学校確認｜転校・学区・住所変更の順番,discover,,,,,https://www.town.morimachi.shizuoka.jp/gyosei/machinososhiki/morimachiyakuba/hikkoshi_shinseikatsu/index.html,,keep,,P3,大石浩之,作業中,discover,guide-in-town-move-school-checklist,detail,,,静岡県周智郡森町内で転居する家庭向けに、転居届、住所に基づく指定校、転校の有無、学校への連絡、通学経路の下見を一次情報と実行順で整理します。,,7,https://morimachi.enshu-lifehack.com/discover/guide-in-town-move-school-checklist/,False,True,False,38172
/discover/guide-infant-checkup-preparation/,静岡県森町の乳幼児健診準備｜日程・問診票・持ち物・欠席時の連絡,静岡県森町の乳幼児健診準備｜日程・問診票・持ち物・欠席時の連絡,discover,,,,,https://www.town.morimachi.shizuoka.jp/morikko/sodachi/4793.html,,keep,,P3,大石浩之,作業中,discover,guide-infant-checkup-preparation,detail,,,静岡県周智郡森町の乳幼児健診について、案内の読み方、個別・集団健診の日程、問診票と持ち物、成長記録、欠席・転入時の連絡、症状がある場合の別相談を一次情報で整理します。,,3,https://morimachi.enshu-lifehack.com/discover/guide-infant-checkup-preparation/,False,True,False,37265
/discover/guide-landslide-alert-actions/,静岡県森町で土砂災害の危険が高まったら｜区域・キキクル・避難順,静岡県森町で土砂災害の危険が高まったら｜区域・キキクル・避難順,discover,,,,,https://www.town.morimachi.shizuoka.jp/gyosei/machinososhiki/kikikanrika/kikikanrikakari/4/854.html,,keep,,P3,大石浩之,作業中,discover,guide-landslide-alert-actions,detail,,,静岡県周智郡森町の土砂災害避難ガイド。2026年の新しい気象情報、土砂キキクル、ハザード区域、高齢者等避難、避難が遅れた時の安全確保を解説します。,,4,https://morimachi.enshu-lifehack.com/discover/guide-landslide-alert-actions/,False,True,False,31605
/discover/guide-late-elderly-medical-system/,静岡県森町の後期高齢者医療制度｜75歳の切替・2026年度保険料・窓口負担,静岡県森町の後期高齢者医療制度｜75歳の切替・2026年度保険料・窓口負担,discover,,,,,https://www.town.morimachi.shizuoka.jp/gyosei/machinososhiki/juminseikatsuka/kokuhonenkinkakari/2/koukikoureishairyouseido/1062.html,,keep,,P3,大石浩之,作業中,discover,guide-late-elderly-medical-system,detail,,,静岡県周智郡森町の後期高齢者医療制度について、75歳の加入日、資格確認書、2026年度保険料、1・2・3割の窓口負担、障害認定、転居・死亡時の届出を最新の一次情報から整理します。,,3,https://morimachi.enshu-lifehack.com/discover/guide-late-elderly-medical-system/,False,True,False,36120
/discover/guide-leaving-national-health-insurance/,静岡県森町で国民健康保険をやめる手続き｜就職・扶養入り後の届出,静岡県森町で国民健康保険をやめる手続き｜就職・扶養入り後の届出,discover,,,,,https://www.town.morimachi.shizuoka.jp/gyosei/machinososhiki/juminseikatsuka/kokuhonenkinkakari/2/1/528.html,,keep,,P3,大石浩之,作業中,discover,guide-leaving-national-health-insurance,detail,,,静岡県周智郡森町で国民健康保険をやめる際の届出を解説。社会保険加入日、必要書類、保険税の精算、資格喪失後の受診、手続きが遅れた場合の対応を一次情報から整理します。,,6,https://morimachi.enshu-lifehack.com/discover/guide-leaving-national-health-insurance/,False,True,False,35289
/discover/guide-library-local-history-research/,静岡県森町の森町立図書館で郷土資料を探す｜地名・家・地域史の調べ方,静岡県森町の森町立図書館で郷土資料を探す｜地名・家・地域史の調べ方,discover,,,,,https://www.town.morimachi.shizuoka.jp/gyosei/machinososhiki/toshokan/916.html,,keep,,P3,大石浩之,作業中,discover,guide-library-local-history-research,detail,,,静岡県周智郡森町の地名、家、集落、建物、祭礼を調べる人向けに、森町立図書館の郷土資料、目録、新聞、行政資料を探し、出典を残して司書へ相談する方法を解説します。,,7,https://morimachi.enshu-lifehack.com/discover/guide-library-local-history-research/,False,True,False,47335
/discover/guide-library-research-for-children/,静岡県森町で子どもの調べ学習｜図書館・出典・要約の進め方,静岡県森町で子どもの調べ学習｜図書館・出典・要約の進め方,discover,,,,,https://www.town.morimachi.shizuoka.jp/gyosei/machinososhiki/bunkakaikan/bunka/909.html,,keep,,P3,大石浩之,作業中,discover,guide-library-research-for-children,detail,,,静岡県森町で子どもの調べ学習を進めるときに、問いの絞り方、森町立図書館の蔵書検索、複数資料の比較、出典、引用と要約、司書への相談を親子で実行する方法を解説します。,,4,https://morimachi.enshu-lifehack.com/discover/guide-library-research-for-children/,False,True,False,36712
/discover/guide-lost-seal-registration-card/,静岡県森町で印鑑登録証を紛失｜亡失届・廃止・再登録の順序,静岡県森町で印鑑登録証を紛失｜亡失届・廃止・再登録の順序,discover,,,,,https://www.town.morimachi.shizuoka.jp/gyosei/machinososhiki/juminseikatsuka/juminkakari/2/1/565.html,,keep,,P3,大石浩之,作業中,discover,guide-lost-seal-registration-card,detail,,,静岡県周智郡森町で印鑑登録証や登録印を紛失したとき、電話の仮受付、亡失届・廃止、再登録、代理人手続、印鑑証明書が急ぎで必要な場合の確認順を整理します。,,7,https://morimachi.enshu-lifehack.com/discover/guide-lost-seal-registration-card/,False,True,False,34380
/discover/guide-maternal-child-health-handbook-lost/,静岡県森町で母子健康手帳を紛失｜再交付と健診・予防接種記録の確認,静岡県森町で母子健康手帳を紛失｜再交付と健診・予防接種記録の確認,discover,,,,,https://www.town.morimachi.shizuoka.jp/morikko/ninshin_shussan/4811.html,,keep,,P3,大石浩之,作業中,discover,guide-maternal-child-health-handbook-lost,detail,,,静岡県周智郡森町で母子健康手帳を紛失・汚損した場合の探し方、再交付相談、本人確認、健診・予防接種記録の照会、受診予定への対応、旧手帳が見つかった後の扱いを整理します。,,4,https://morimachi.enshu-lifehack.com/discover/guide-maternal-child-health-handbook-lost/,False,True,False,36000
/discover/guide-medical-expense-tax-deduction/,静岡県森町の医療費控除｜通知・領収書・通院交通費の整理方法,静岡県森町の医療費控除｜通知・領収書・通院交通費の整理方法,discover,,,,,https://www.town.morimachi.shizuoka.jp/gyosei/machinososhiki/zeimuka/chominzeigakari/1/5/723.html,,keep,,P3,大石浩之,作業中,discover,guide-medical-expense-tax-deduction,detail,,,静岡県周智郡森町で医療費控除を申告する前に、医療費通知、領収書、家族分、補てん金、通院交通費を整理する手順を解説。通常控除とセルフメディケーション税制の選択、町の申告相談も一次情報で確認します。,,4,https://morimachi.enshu-lifehack.com/discover/guide-medical-expense-tax-deduction/,False,True,False,41343
/discover/guide-medical-visit-public-transit-plan/,静岡県森町から公共交通で通院｜受付・薬局・帰り便まで組む,静岡県森町から公共交通で通院｜受付・薬局・帰り便まで組む,discover,,,,,https://www.town.morimachi.shizuoka.jp/gyosei/kurashi_tetsuzuki/kokyokotsu/index.html,,keep,,P3,大石浩之,作業中,discover,guide-medical-visit-public-transit-plan,detail,,,静岡県森町から公共交通で通院する人へ、予約時刻と受付余白、往路・帰り便、受診延長、会計・薬局、体調悪化時の連絡、タクシー・家族送迎の代案を整理します。,,4,https://morimachi.enshu-lifehack.com/discover/guide-medical-visit-public-transit-plan/,False,True,False,31004
/discover/guide-mental-disability-certificate/,静岡県森町の精神障害者保健福祉手帳｜新規申請・診断書・2年更新,静岡県森町の精神障害者保健福祉手帳｜新規申請・診断書・2年更新,discover,,,,,https://www.town.morimachi.shizuoka.jp/gyosei/kenko_fukushi/shogaishashien/1136.html,,keep,,P3,大石浩之,作業中,discover,guide-mental-disability-certificate,detail,,,静岡県周智郡森町の精神障害者保健福祉手帳について、新規申請の診断書・障害年金証書という二つの経路、写真と本人確認、県の審査、2年ごとの更新、住所変更・再交付を一次情報で整理します。,,3,https://morimachi.enshu-lifehack.com/discover/guide-mental-disability-certificate/,False,True,False,37148
/discover/guide-moving-notification-by-proxy/,静岡県森町で住所異動届を代理人が出すには｜転入・転出・転居と委任状を分けて確認,静岡県森町で住所異動届を代理人が出すには｜転入・転出・転居と委任状を分けて確認,discover,,,,,https://www.town.morimachi.shizuoka.jp/gyosei/machinososhiki/juminseikatsuka/juminkakari/2/3/2901.html,,keep,,P3,大石浩之,作業中,discover,guide-moving-notification-by-proxy,detail,,,静岡県周智郡森町で代理人が住所異動届を出す場合に、転入・転出・転居ごとの委任状、本人確認、マイナンバーカード、電子証明書、関連手続の違いを案内します。,,4,https://morimachi.enshu-lifehack.com/discover/guide-moving-notification-by-proxy/,False,True,False,36296
/discover/guide-multiple-disaster-information-channels/,静岡県森町の防災情報を複数経路で受け取る｜メール・LINE・戸別受信機,静岡県森町の防災情報を複数経路で受け取る｜メール・LINE・戸別受信機,discover,,,,,https://www.town.morimachi.shizuoka.jp/gyosei/bosai_anzen/bosai/1577.html,,keep,,P3,大石浩之,作業中,discover,guide-multiple-disaster-information-channels,detail,,,静岡県周智郡森町の防災情報受信ガイド。森町防災メール、公式LINE、戸別受信機、町サイト、気象庁、ラジオを組み合わせ、停電・圏外時にも備えます。,,5,https://morimachi.enshu-lifehack.com/discover/guide-multiple-disaster-information-channels/,False,True,False,31167
/discover/guide-municipal-tax-refund/,静岡県森町で町税を納め過ぎたとき｜還付通知・充当・口座・受取時期,静岡県森町で町税を納め過ぎたとき｜還付通知・充当・口座・受取時期,discover,,,,,https://www.town.morimachi.shizuoka.jp/gyosei/machinososhiki/zeimuka/nozeigakari/1/761.html,,keep,,P3,大石浩之,作業中,discover,guide-municipal-tax-refund,detail,,,静岡県周智郡森町で町税を二重納付した、または減額後に納め過ぎとなった人向けに、還付通知、未納税への充当、振込口座、受取時期、詐欺の確認順を解説します。,,5,https://morimachi.enshu-lifehack.com/discover/guide-municipal-tax-refund/,False,True,False,37960
/discover/guide-my-number-card-lost/,静岡県森町でマイナンバーカードを紛失したとき｜一時停止・警察届出・再交付の順番,静岡県森町でマイナンバーカードを紛失したとき｜一時停止・警察届出・再交付の順番,discover,,,,,https://www.town.morimachi.shizuoka.jp/gyosei/choseijoho/chochonoheya/6755.html,,keep,,P3,大石浩之,作業中,discover,guide-my-number-card-lost,detail,,,静岡県周智郡森町でマイナンバーカードを紛失した人へ、24時間の一時停止、警察の受理番号、森町役場での廃止・再交付、発見時の停止解除までを公式情報に沿って案内します。,,3,https://morimachi.enshu-lifehack.com/discover/guide-my-number-card-lost/,False,True,False,38907
/discover/guide-my-number-card-name-address-change/,静岡県森町でマイナンバーカードの氏名・住所を変更する｜券面追記と電子証明書の確認,静岡県森町でマイナンバーカードの氏名・住所を変更する｜券面追記と電子証明書の確認,discover,,,,,https://www.town.morimachi.shizuoka.jp/gyosei/machinososhiki/juminseikatsuka/juminkakari/2/3/2901.html,,keep,,P3,大石浩之,作業中,discover,guide-my-number-card-name-address-change,detail,,,静岡県周智郡森町で引越しや婚姻後にマイナンバーカードを変更する人へ、住民票届出、券面追記、署名用電子証明書の再発行、暗証番号、期限を案内します。,,3,https://morimachi.enshu-lifehack.com/discover/guide-my-number-card-name-address-change/,False,True,False,34656
/discover/guide-my-number-card-overseas-move/,静岡県森町から国外転出するときのマイナンバーカード｜継続利用・電子証明書・帰国後,静岡県森町から国外転出するときのマイナンバーカード｜継続利用・電子証明書・帰国後,discover,,,,,https://www.town.morimachi.shizuoka.jp/gyosei/machinososhiki/juminseikatsuka/juminkakari/2/3/2902.html,,keep,,P3,大石浩之,作業中,discover,guide-my-number-card-overseas-move,detail,,,静岡県周智郡森町から海外へ転出する人へ、国外転出届とカード継続利用の違い、転出予定日前の窓口手続、電子証明書、在外公館、帰国後の確認を案内します。,,3,https://morimachi.enshu-lifehack.com/discover/guide-my-number-card-overseas-move/,False,True,False,37883
/discover/guide-my-number-electronic-certificate-renewal/,静岡県森町でマイナンバーカードの電子証明書を更新する｜期限・暗証番号・代理人の確認順,静岡県森町でマイナンバーカードの電子証明書を更新する｜期限・暗証番号・代理人の確認順,discover,,,,,https://www.town.morimachi.shizuoka.jp/gyosei/choseijoho/chochonoheya/6755.html,,keep,,P3,大石浩之,作業中,discover,guide-my-number-electronic-certificate-renewal,detail,,,静岡県周智郡森町でマイナンバーカードの電子証明書を更新する人へ、カード本体との期限の違い、2種類の暗証番号、本人・代理人の持ち物、更新後のコンビニ交付までを公式情報に沿って案内します。,,4,https://morimachi.enshu-lifehack.com/discover/guide-my-number-electronic-certificate-renewal/,False,True,False,39966
/discover/guide-my-number-pin-reset/,静岡県森町でマイナンバーカードの暗証番号を再設定する｜ロック回数と窓口・コンビニ手順,静岡県森町でマイナンバーカードの暗証番号を再設定する｜ロック回数と窓口・コンビニ手順,discover,,,,,https://www.town.morimachi.shizuoka.jp/gyosei/machinososhiki/juminseikatsuka/juminkakari/2/4826.html,,keep,,P3,大石浩之,作業中,discover,guide-my-number-pin-reset,detail,,,静岡県周智郡森町でマイナンバーカードの暗証番号を忘れた人へ、四桁と署名用英数字の違い、ロック回数、森町役場での再設定、条件付きのコンビニ初期化を案内します。,,3,https://morimachi.enshu-lifehack.com/discover/guide-my-number-pin-reset/,False,True,False,37178
/discover/guide-national-health-insurance-childbirth-lump-sum/,静岡県森町の出産育児一時金｜50万円・直接支払・差額申請を整理,静岡県森町の出産育児一時金｜50万円・直接支払・差額申請を整理,discover,,,,,https://www.town.morimachi.shizuoka.jp/gyosei/machinososhiki/juminseikatsuka/kokuhonenkinkakari/2/1/528.html,,keep,,P3,大石浩之,作業中,discover,guide-national-health-insurance-childbirth-lump-sum,detail,,,静岡県周智郡森町の国民健康保険で受ける出産育児一時金について、50万円と48万8千円の違い、直接支払制度、差額申請、退職後や流産・死産時の確認点を2026年8月時点の一次情報から整理します。,,4,https://morimachi.enshu-lifehack.com/discover/guide-national-health-insurance-childbirth-lump-sum/,False,True,False,35926
/discover/guide-national-health-insurance-eligibility-document/,静岡県森町の国民健康保険「資格確認書」ガイド｜資格情報のお知らせとの違いと受診方法,静岡県森町の国民健康保険「資格確認書」ガイド｜資格情報のお知らせとの違いと受診方法,discover,,,,,https://www.town.morimachi.shizuoka.jp/gyosei/machinososhiki/juminseikatsuka/kokuhonenkinkakari/2/1/528.html,,keep,,P3,大石浩之,作業中,discover,guide-national-health-insurance-eligibility-document,detail,,,静岡県周智郡森町の国民健康保険で使う資格確認書について、資格情報のお知らせとの違い、交付対象、医療機関での提示方法、紛失・機器障害時の備えを2026年8月時点の一次情報から整理します。,,3,https://morimachi.enshu-lifehack.com/discover/guide-national-health-insurance-eligibility-document/,False,True,False,36897
/discover/guide-national-health-insurance-funeral-benefit/,静岡県森町の国民健康保険「葬祭費」｜5万円の申請者・期限・必要書類を整理,静岡県森町の国民健康保険「葬祭費」｜5万円の申請者・期限・必要書類を整理,discover,,,,,https://www.town.morimachi.shizuoka.jp/gyosei/machinososhiki/juminseikatsuka/kokuhonenkinkakari/2/1/528.html,,keep,,P3,大石浩之,作業中,discover,guide-national-health-insurance-funeral-benefit,detail,,,静岡県周智郡森町の国民健康保険で支給される葬祭費5万円について、申請できる人、時効、必要書類の確認方法、死亡届や後期高齢者医療との違いを2026年8月時点の一次情報から整理します。,,3,https://morimachi.enshu-lifehack.com/discover/guide-national-health-insurance-funeral-benefit/,False,True,False,36139
/discover/guide-national-health-insurance-high-cost-medical/,静岡県森町の国民健康保険・高額療養費｜申請案内が届くまでと確認手順,静岡県森町の国民健康保険・高額療養費｜申請案内が届くまでと確認手順,discover,,,,,https://www.town.morimachi.shizuoka.jp/gyosei/machinososhiki/juminseikatsuka/kokuhonenkinkakari/2/1/528.html,,keep,,P3,大石浩之,作業中,discover,guide-national-health-insurance-high-cost-medical,detail,,,静岡県周智郡森町の国民健康保険における高額療養費を解説。暦月ごとの計算、申請案内、マイナ保険証、世帯合算、家族が残す医療費記録を一次情報から整理します。,,2,https://morimachi.enshu-lifehack.com/discover/guide-national-health-insurance-high-cost-medical/,False,True,False,35962
/discover/guide-national-health-insurance-medical-expense-reimbursement/,静岡県森町の国民健康保険・療養費｜全額立替と治療用装具の申請,静岡県森町の国民健康保険・療養費｜全額立替と治療用装具の申請,discover,,,,,https://www.town.morimachi.shizuoka.jp/gyosei/machinososhiki/juminseikatsuka/kokuhonenkinkakari/2/1/528.html,,keep,,P3,大石浩之,作業中,discover,guide-national-health-insurance-medical-expense-reimbursement,detail,,,静岡県周智郡森町の国民健康保険で療養費を申請する手順を解説。医療費の全額立替、治療用装具、施術、海外受診を分け、必要書類と支給決定までの記録を整理します。,,3,https://morimachi.enshu-lifehack.com/discover/guide-national-health-insurance-medical-expense-reimbursement/,False,True,False,32942
/discover/guide-national-health-insurance-payment-limit/,静岡県森町の国民健康保険｜入院前に確認する窓口負担の限度額,静岡県森町の国民健康保険｜入院前に確認する窓口負担の限度額,discover,,,,,https://www.town.morimachi.shizuoka.jp/gyosei/machinososhiki/juminseikatsuka/kokuhonenkinkakari/2/1/528.html,,keep,,P3,大石浩之,作業中,discover,guide-national-health-insurance-payment-limit,detail,,,静岡県周智郡森町で入院や高額治療を予定する人向けに、マイナ保険証、資格確認書、窓口負担の限度額、対象外となる食事・室料、月またぎの注意を一次情報から案内します。,,2,https://morimachi.enshu-lifehack.com/discover/guide-national-health-insurance-payment-limit/,False,True,False,34071
/discover/guide-national-health-insurance-prenatal-postnatal-reduction/,静岡県森町の産前産後「国民健康保険税免除」｜4か月・多胎6か月と届出方法,静岡県森町の産前産後「国民健康保険税免除」｜4か月・多胎6か月と届出方法,discover,,,,,https://www.town.morimachi.shizuoka.jp/gyosei/machinososhiki/juminseikatsuka/kokuhonenkinkakari/2/1/5235.html,,keep,,P3,大石浩之,作業中,discover,guide-national-health-insurance-prenatal-postnatal-reduction,detail,,,静岡県周智郡森町の産前産後期間における国民健康保険税免除について、単胎4か月・多胎6か月の数え方、所得割・均等割、必要書類、転入や流産・死産時の届出を2026年8月時点の一次情報から整理します。,,4,https://morimachi.enshu-lifehack.com/discover/guide-national-health-insurance-prenatal-postnatal-reduction/,False,True,False,35339
/discover/guide-national-health-insurance-third-party-injury/,静岡県森町の国民健康保険｜交通事故など第三者行為の届出,静岡県森町の国民健康保険｜交通事故など第三者行為の届出,discover,,,,,https://www.town.morimachi.shizuoka.jp/gyosei/machinososhiki/juminseikatsuka/kokuhonenkinkakari/2/1/528.html,,keep,,P3,大石浩之,作業中,discover,guide-national-health-insurance-third-party-injury,detail,,,静岡県周智郡森町で交通事故などにより国民健康保険を使う場合の届出を解説。警察、受診先、国保年金係への連絡、傷病届の必要書類、示談前の確認を一次情報から整理します。,,4,https://morimachi.enshu-lifehack.com/discover/guide-national-health-insurance-third-party-injury/,False,True,False,34797
/discover/guide-neighborhood-disaster-contact-notes/,静岡県森町の近所の防災連絡メモ｜助け合う範囲と個人情報を分ける,静岡県森町の近所の防災連絡メモ｜助け合う範囲と個人情報を分ける,discover,,,,,https://www.town.morimachi.shizuoka.jp/gyosei/bosai_anzen/bosai/1129.html,,keep,,P3,大石浩之,作業中,discover,guide-neighborhood-disaster-contact-notes,detail,,,静岡県周智郡森町で近所の防災連絡メモを作る際に、助け合える範囲、本人同意と個人情報、自治会・自主防災会、要配慮者支援、連絡不能時の行動を一次情報に沿って整理します。,,4,https://morimachi.enshu-lifehack.com/discover/guide-neighborhood-disaster-contact-notes/,False,True,False,36791
/discover/guide-newborn-health-insurance-enrollment/,静岡県森町で赤ちゃんの健康保険加入｜国保・勤務先・こども医療費助成の順序,静岡県森町で赤ちゃんの健康保険加入｜国保・勤務先・こども医療費助成の順序,discover,,,,,https://www.town.morimachi.shizuoka.jp/morikko/ninshin_shussan/morikko_20_1.html,,keep,,P3,大石浩之,作業中,discover,guide-newborn-health-insurance-enrollment,detail,,,静岡県周智郡森町で出生した赤ちゃんの健康保険加入について、出生届との違い、森町国保と勤務先保険の窓口、資格確認資料、こども医療費助成の申請順を一次情報で整理します。,,6,https://morimachi.enshu-lifehack.com/discover/guide-newborn-health-insurance-enrollment/,False,True,False,39490
/discover/guide-newborn-home-visit/,静岡県森町の赤ちゃん訪問｜出生通知・連絡時期・相談内容と里帰り時の対応,静岡県森町の赤ちゃん訪問｜出生通知・連絡時期・相談内容と里帰り時の対応,discover,,,,,https://www.town.morimachi.shizuoka.jp/morikko/ninshin_shussan/morikko_20_1.html,,keep,,P3,大石浩之,作業中,discover,guide-newborn-home-visit,detail,,,静岡県周智郡森町の赤ちゃん訪問について、新生児出生通知、訪問時期、保健師・助産師への相談、不在や里帰り時の日程調整、急な症状の相談先を一次情報で整理します。,,6,https://morimachi.enshu-lifehack.com/discover/guide-newborn-home-visit/,False,True,False,39753
/discover/guide-nursery-enrollment-changes/,静岡県森町の保育所変更届｜住所・勤務先・育休・退園の手続き,静岡県森町の保育所変更届｜住所・勤務先・育休・退園の手続き,discover,,,,,https://www.town.morimachi.shizuoka.jp/gyosei/machinososhiki/kenkokodomoka/yochienhoikuenkakari/1/6133.html,,keep,,P3,大石浩之,作業中,discover,guide-nursery-enrollment-changes,detail,,,静岡県周智郡森町で保育所等の申込み後・入所後に変更が生じた家庭向けに、住所、勤務先、就労時間、育休・復職、世帯、認定時間、退園・転園の連絡先と提出書類を整理します。,,4,https://morimachi.enshu-lifehack.com/discover/guide-nursery-enrollment-changes/,False,True,False,36732
/discover/guide-nursery-preference-planning/,静岡県森町の保育園希望順位｜送迎・通勤・災害時まで比較する方法,静岡県森町の保育園希望順位｜送迎・通勤・災害時まで比較する方法,discover,,,,,https://www.town.morimachi.shizuoka.jp/gyosei/kosodate_kyoiku/hoikuen_yochiento/hoikuen/4624.html,,keep,,P3,大石浩之,作業中,discover,guide-nursery-preference-planning,detail,,,静岡県周智郡森町で保育所等の希望順位を決める家庭向けに、送迎者、通勤動線、開所時間、対象年齢、きょうだい、災害時の迎え、見学項目を整理。園ランキングにせず利用調整へ備える方法を解説します。,,5,https://morimachi.enshu-lifehack.com/discover/guide-nursery-preference-planning/,False,True,False,39480
/discover/guide-pet-evacuation-preparation/,静岡県森町のペット同行避難準備｜同室とは限らない避難所確認と持出品,静岡県森町のペット同行避難準備｜同室とは限らない避難所確認と持出品,discover,,,,,https://www.town.morimachi.shizuoka.jp/gyosei/bosai_anzen/bosai/1129.html,,keep,,P3,大石浩之,作業中,discover,guide-pet-evacuation-preparation,detail,,,静岡県周智郡森町で犬や猫と避難する家庭向けに、同行避難と同室飼育の違い、避難所への確認事項、ケージ練習、7日分を見据えた備蓄、迷子対策、代替預け先を一次情報から整理します。,,5,https://morimachi.enshu-lifehack.com/discover/guide-pet-evacuation-preparation/,False,True,False,36145
/discover/guide-post-earthquake-home-safety-record/,静岡県森町で地震後に自宅へ戻る前に｜安全確保・写真記録・公的確認,静岡県森町で地震後に自宅へ戻る前に｜安全確保・写真記録・公的確認,discover,,,,,https://www.town.morimachi.shizuoka.jp/gyosei/bosai_anzen/bosai/1129.html,,keep,,P3,大石浩之,作業中,discover,guide-post-earthquake-home-safety-record,detail,,,静岡県周智郡森町で地震後に自宅へ戻る前の安全確保、外観と周辺道路の写真記録、応急危険度判定、罹災証明、電気・ガスの注意点を、専門判断を妨げない順序で解説します。,,4,https://morimachi.enshu-lifehack.com/discover/guide-post-earthquake-home-safety-record/,False,True,False,36799
/discover/guide-postnatal-health-checkups/,静岡県森町の産婦健康診査｜受診票・2週間と1か月・県外受診の手続,静岡県森町の産婦健康診査｜受診票・2週間と1か月・県外受診の手続,discover,,,,,https://www.town.morimachi.shizuoka.jp/gyosei/kosodate_kyoiku/ninshin_shussan/1457.html,,keep,,P3,大石浩之,作業中,discover,guide-postnatal-health-checkups,detail,,,静岡県周智郡森町の産婦健康診査について、2週間・1か月の受診時期、受診票、助成上限、県外や里帰り先での受診、転入時の確認、産後相談との違いを一次情報で整理します。,,4,https://morimachi.enshu-lifehack.com/discover/guide-postnatal-health-checkups/,False,True,False,37753
/discover/guide-power-outage-home-preparation/,静岡県森町の停電対策｜冷蔵庫・照明・通信と復電時の安全確認,静岡県森町の停電対策｜冷蔵庫・照明・通信と復電時の安全確認,discover,,,,,https://www.town.morimachi.shizuoka.jp/gyosei/machinososhiki/kikikanrika/kikikanrikakari/shoubou/6618.html,,keep,,P3,大石浩之,作業中,discover,guide-power-outage-home-preparation,detail,,,静岡県周智郡森町で停電に備える実用ガイド。照明・通信・冷蔵庫・医療機器の優先順位、感震ブレーカー、復電時の通電火災防止を一次情報から解説します。,,4,https://morimachi.enshu-lifehack.com/discover/guide-power-outage-home-preparation/,False,True,False,35803
/discover/guide-pregnancy-family-information-sharing/,静岡県森町で妊娠情報を家族共有する｜健診予定・緊急連絡・パートナーの役割,静岡県森町で妊娠情報を家族共有する｜健診予定・緊急連絡・パートナーの役割,discover,,,,,https://www.town.morimachi.shizuoka.jp/morikko/ninshin_shussan/4811.html,,keep,,P3,大石浩之,作業中,discover,guide-pregnancy-family-information-sharing,detail,,,静岡県周智郡森町で妊娠中の家族向けに、健診予定、緊急連絡、家事・移動、父親・パートナーの手続、母子保健情報を本人同意とプライバシーに配慮して整理します。,,3,https://morimachi.enshu-lifehack.com/discover/guide-pregnancy-family-information-sharing/,False,True,False,40042
/discover/guide-pregnancy-transfer-in-checklist/,静岡県森町へ妊娠中に転入｜母子健康手帳と妊婦健診受診票の切替チェックリスト,静岡県森町へ妊娠中に転入｜母子健康手帳と妊婦健診受診票の切替チェックリスト,discover,,,,,https://www.town.morimachi.shizuoka.jp/morikko/ninshin_shussan/4811.html,,keep,,P3,大石浩之,作業中,discover,guide-pregnancy-transfer-in-checklist,detail,,,静岡県周智郡森町へ妊娠中に転入する人向けに、母子健康手帳の継続使用、妊婦健診受診票の差し替え、受診済回数、多胎・県外受診、次回予約までを一次情報で整理します。,,6,https://morimachi.enshu-lifehack.com/discover/guide-pregnancy-transfer-in-checklist/,False,True,False,41811
/discover/guide-prenatal-health-checkups/,静岡県森町の妊婦健康診査｜受診票・県外受診・転入・多胎の手続,静岡県森町の妊婦健康診査｜受診票・県外受診・転入・多胎の手続,discover,,,,,https://www.town.morimachi.shizuoka.jp/morikko/ninshin_shussan/4805.html,,keep,,P3,大石浩之,作業中,discover,guide-prenatal-health-checkups,detail,,,静岡県周智郡森町の妊婦健康診査について、母子健康手帳交付時の受診票16回分、多胎妊婦の追加5回分、県外・里帰り受診の費用助成、転入時の受診票交付を一次情報から整理します。,,5,https://morimachi.enshu-lifehack.com/discover/guide-prenatal-health-checkups/,False,True,False,39651
/discover/guide-property-tax-house-demolition-notice/,静岡県森町で家屋を取り壊した後の手続｜滅失登記・固定資産税・土地特例,静岡県森町で家屋を取り壊した後の手続｜滅失登記・固定資産税・土地特例,discover,,,,,https://www.town.morimachi.shizuoka.jp/gyosei/machinososhiki/zeimuka/shisanzeigakari/1/faq/1053.html,,keep,,P3,大石浩之,作業中,discover,guide-property-tax-house-demolition-notice,detail,,,静岡県周智郡森町で家屋を解体した後に必要な建物滅失登記と町への取り壊し届、1月1日の課税基準、未登記家屋、土地の住宅用地特例を一次情報から整理します。,,4,https://morimachi.enshu-lifehack.com/discover/guide-property-tax-house-demolition-notice/,False,True,False,37524
/discover/guide-public-transport-lost-property/,静岡県森町の電車・バスで忘れ物｜運行者・カード停止・警察への連絡順,静岡県森町の電車・バスで忘れ物｜運行者・カード停止・警察への連絡順,discover,,,,,https://www.town.morimachi.shizuoka.jp/gyosei/machinososhiki/seisakukikakuka/seisakukikakugakari/4/420.html,,keep,,P3,大石浩之,作業中,discover,guide-public-transport-lost-property,detail,,,静岡県周智郡森町の天浜線、秋葉バス、町営バスで忘れ物をしたとき、便・座席の伝え方、カード停止、運行者と警察への連絡、本人確認を一次情報から整理します。,,3,https://morimachi.enshu-lifehack.com/discover/guide-public-transport-lost-property/,False,True,False,41870
/discover/guide-reading-school-management-information/,静岡県森町の学校運営情報を保護者が読む｜学校だより・年間計画・学校評価の整理法,静岡県森町の学校運営情報を保護者が読む｜学校だより・年間計画・学校評価の整理法,discover,,,,,https://www.town.morimachi.shizuoka.jp/gyosei/machinososhiki/gakkokyoikuka/index.html,,keep,,P3,大石浩之,作業中,discover,guide-reading-school-management-information,detail,,,静岡県周智郡森町の保護者向けに、学校だより、年間計画、学校評価、学校運営協議会、行事変更を読み分け、家庭の確認記録へ落とす方法を一次情報に沿って解説します。,,3,https://morimachi.enshu-lifehack.com/discover/guide-reading-school-management-information/,False,True,False,49684
/discover/guide-resident-record-code-confirmation/,静岡県森町で住民票コードを確認する｜マイナンバーとの違いと記載入り住民票の請求,静岡県森町で住民票コードを確認する｜マイナンバーとの違いと記載入り住民票の請求,discover,,,,,https://www.town.morimachi.shizuoka.jp/gyosei/machinososhiki/juminseikatsuka/juminkakari/2/2_1/2914.html,,keep,,P3,大石浩之,作業中,discover,guide-resident-record-code-confirmation,detail,,,静岡県周智郡森町で住民票コードが必要になった人に向け、マイナンバーとの違い、窓口・郵送で記載入り住民票を請求する方法、代理受取とコンビニ交付の注意を案内します。,,3,https://morimachi.enshu-lifehack.com/discover/guide-resident-record-code-confirmation/,False,True,False,34587
/discover/guide-resident-record-items-certificate/,静岡県森町の住民票記載事項証明書｜指定様式と必要項目を確認,静岡県森町の住民票記載事項証明書｜指定様式と必要項目を確認,discover,,,,,https://www.town.morimachi.shizuoka.jp/gyosei/machinososhiki/juminseikatsuka/juminkakari/2/2_1/2914.html,,keep,,P3,大石浩之,作業中,discover,guide-resident-record-items-certificate,detail,,,静岡県周智郡森町で住民票記載事項証明書を取る前に、住民票の写しとの違い、勤務先等の指定様式、必要な表示、本人確認、代理・郵送請求の進め方を整理します。,,5,https://morimachi.enshu-lifehack.com/discover/guide-resident-record-items-certificate/,False,True,False,33414
/discover/guide-return-to-work-childcare-documents/,静岡県森町で育休から復職する保育手続き｜就労証明・ならし保育,静岡県森町で育休から復職する保育手続き｜就労証明・ならし保育,discover,,,,,https://www.town.morimachi.shizuoka.jp/gyosei/machinososhiki/kenkokodomoka/yochienhoikuenkakari/1/6133.html,,keep,,P3,大石浩之,作業中,discover,guide-return-to-work-childcare-documents,detail,,,静岡県周智郡森町で育児休業から復職する家庭向けに、育休終了日、復職日、入所可能月、就労証明書、ならし保育、短時間勤務、変更届、家族送迎を一つの時間軸で整理します。,,3,https://morimachi.enshu-lifehack.com/discover/guide-return-to-work-childcare-documents/,False,True,False,36155
/discover/guide-road-occupancy-use-permits/,静岡県森町の道路占用・道路使用｜町道と県道、警察への申請を整理,静岡県森町の道路占用・道路使用｜町道と県道、警察への申請を整理,discover,,,,,https://www.town.morimachi.shizuoka.jp/gyosei/machinososhiki/kensetsuka/kanrigakari/2467.html,,keep,,P3,大石浩之,作業中,discover,guide-road-occupancy-use-permits,detail,,,静岡県森町で工事、看板、足場、催事に道路を使う前に、道路占用と道路使用の違い、町道・県道の管理者、両方の許可が関係する場合の相談順、図面や日程の整え方を一次情報に沿って解説します。,,2,https://morimachi.enshu-lifehack.com/discover/guide-road-occupancy-use-permits/,False,True,False,37057
/discover/guide-roadwork-traffic-restriction-check/,静岡県森町の道路工事・通行止め情報｜町道・県道・国道・高速を分ける,静岡県森町の道路工事・通行止め情報｜町道・県道・国道・高速を分ける,discover,,,,,https://www.town.morimachi.shizuoka.jp/gyosei/machinososhiki/kensetsuka/kanrigakari/2467.html,,keep,,P3,大石浩之,作業中,discover,guide-roadwork-traffic-restriction-check,detail,,,静岡県周智郡森町の道路工事・通行止めを、町道・県道・国道・新東名の管理者別に確認し、工事予告と災害規制、地図地点、迂回、出発直前の再確認を整理します。,,3,https://morimachi.enshu-lifehack.com/discover/guide-roadwork-traffic-restriction-check/,False,True,False,38210
/discover/guide-school-allergy-information-preparation/,静岡県森町の学校へアレルギー情報を伝える｜管理指導表・給食・緊急薬,静岡県森町の学校へアレルギー情報を伝える｜管理指導表・給食・緊急薬,discover,,,,,https://www.town.morimachi.shizuoka.jp/gyosei/machinososhiki/morimachiyakuba/nyuen_nyugaku/index.html,,keep,,P3,大石浩之,作業中,discover,guide-school-allergy-information-preparation,detail,,,静岡県周智郡森町の学校へアレルギー情報を伝える家庭向けに、診断内容、学校生活管理指導表、給食、授業・行事、緊急薬、年度更新の確認順を整理します。,,3,https://morimachi.enshu-lifehack.com/discover/guide-school-allergy-information-preparation/,False,True,False,37598
/discover/guide-school-choice-research-notes/,静岡県森町から進学先を調べる家庭の情報整理｜学校公式・費用・通学を同じ表で確認,静岡県森町から進学先を調べる家庭の情報整理｜学校公式・費用・通学を同じ表で確認,discover,,,,,https://www.town.morimachi.shizuoka.jp/gyosei/machinososhiki/gakkokyoikuka/index.html,,keep,,P3,大石浩之,作業中,discover,guide-school-choice-research-notes,detail,,,静岡県周智郡森町から進学先を調べる家庭向けに、学校公式、学科・教育課程、費用、通学、説明会、本人希望、出願年度を同じ根拠欄で整理する方法を解説します。,,4,https://morimachi.enshu-lifehack.com/discover/guide-school-choice-research-notes/,False,True,False,48004
/discover/guide-school-commute-burden-record/,静岡県森町の通学負担を記録｜時間・天候・荷物・体調の見える化,静岡県森町の通学負担を記録｜時間・天候・荷物・体調の見える化,discover,,,,,https://www.town.morimachi.shizuoka.jp/morikko/sodachi/4787.html,,keep,,P3,大石浩之,作業中,discover,guide-school-commute-burden-record,detail,,,静岡県周智郡森町で子どもの通学負担を把握するため、所要時間、待ち時間、天候、荷物、体調、送迎を別々に記録し、学校へ相談する資料の作り方を整理します。,,4,https://morimachi.enshu-lifehack.com/discover/guide-school-commute-burden-record/,False,True,False,32340
/discover/guide-school-family-communications/,静岡県森町の学校・家庭連絡を整理｜紙・配信・欠席・緊急時の確認表,静岡県森町の学校・家庭連絡を整理｜紙・配信・欠席・緊急時の確認表,discover,,,,,https://www.town.morimachi.shizuoka.jp/morikko/sodachi/4787.html,,keep,,P3,大石浩之,作業中,discover,guide-school-family-communications,detail,,,静岡県周智郡森町の学校と家庭の連絡を、紙の配布物、学校配信、欠席連絡、緊急連絡先、きょうだい別管理、保管期限、連絡不能時に分けて整理します。,,4,https://morimachi.enshu-lifehack.com/discover/guide-school-family-communications/,False,True,False,35164
/discover/guide-school-health-information-handover/,静岡県森町で入学前に健康情報を学校へ伝える｜健診・薬・緊急時の整理,静岡県森町で入学前に健康情報を学校へ伝える｜健診・薬・緊急時の整理,discover,,,,,https://www.town.morimachi.shizuoka.jp/gyosei/machinososhiki/morimachiyakuba/nyuen_nyugaku/index.html,,keep,,P3,大石浩之,作業中,discover,guide-school-health-information-handover,detail,,,静岡県周智郡森町で入学前に子どもの健康情報を学校へ引き継ぐため、就学時健診、日常の配慮、緊急時、薬、個人情報、面談の確認事項を一次情報に沿って整理します。,,4,https://morimachi.enshu-lifehack.com/discover/guide-school-health-information-handover/,False,True,False,36142
/discover/guide-school-lunch-home-planning/,静岡県森町の学校給食だよりを家庭で活用する｜献立・体調・アレルギーの確認法,静岡県森町の学校給食だよりを家庭で活用する｜献立・体調・アレルギーの確認法,discover,,,,,https://www.town.morimachi.shizuoka.jp/gyosei/machinososhiki/gakkokyoikuka/index.html,,keep,,P3,大石浩之,作業中,discover,guide-school-lunch-home-planning,detail,,,静岡県周智郡森町の家庭向けに、学校給食の献立表、食材、アレルギー、夕食の重複、欠食日、体調記録を分け、給食だよりを学校相談へつなぐ方法を解説します。,,4,https://morimachi.enshu-lifehack.com/discover/guide-school-lunch-home-planning/,False,True,False,48954
/discover/guide-school-meeting-preparation/,静岡県森町の学校面談を準備｜事実・希望・子どもの意向を整理,静岡県森町の学校面談を準備｜事実・希望・子どもの意向を整理,discover,,,,,https://www.town.morimachi.shizuoka.jp/morikko/sodachi/4787.html,,keep,,P3,大石浩之,作業中,discover,guide-school-meeting-preparation,detail,,,静岡県周智郡森町の学校面談に備え、観察した事実、家庭の解釈、希望を分け、時系列、子どもの意向、持参資料、面談後の確認、緊急相談を整理します。,,3,https://morimachi.enshu-lifehack.com/discover/guide-school-meeting-preparation/,False,True,False,33372
/discover/guide-school-route-family-walk/,静岡県森町の通学路を親子で歩く｜交差点・雨天・待合せの確認表,静岡県森町の通学路を親子で歩く｜交差点・雨天・待合せの確認表,discover,,,,,https://www.town.morimachi.shizuoka.jp/gyosei/bosai_anzen/kotsuanzen/4342.html,,keep,,P3,大石浩之,作業中,discover,guide-school-route-family-walk,detail,,,静岡県周智郡森町で小学校の通学路を親子で下見するときに、交差点、見通し、雨天、時間帯、待合せ場所、危険を感じた地点の学校への伝え方を具体的に整理します。,,3,https://morimachi.enshu-lifehack.com/discover/guide-school-route-family-walk/,False,True,False,39093
/discover/guide-shelter-at-home-readiness/,静岡県森町で在宅避難を選ぶ前に｜自宅の安全・7日備蓄・支援情報,静岡県森町で在宅避難を選ぶ前に｜自宅の安全・7日備蓄・支援情報,discover,,,,,https://www.town.morimachi.shizuoka.jp/gyosei/machinososhiki/kikikanrika/kikikanrikakari/4/854.html,,keep,,P3,大石浩之,作業中,discover,guide-shelter-at-home-readiness,detail,,,静岡県周智郡森町で在宅避難を選ぶために、自宅と周辺の安全確認、7日を見据えた水・食料・携帯トイレ、停電対策、支援情報の受け取り方、退避へ切り替える条件を解説します。,,5,https://morimachi.enshu-lifehack.com/discover/guide-shelter-at-home-readiness/,False,True,False,37251
/discover/guide-special-needs-education-consultation/,静岡県森町の特別支援教育・就学相談｜本人の意向と必要な支援の整理,静岡県森町の特別支援教育・就学相談｜本人の意向と必要な支援の整理,discover,,,,,https://www.town.morimachi.shizuoka.jp/gyosei/machinososhiki/morimachiyakuba/nyuen_nyugaku/index.html,,keep,,P3,大石浩之,作業中,discover,guide-special-needs-education-consultation,detail,,,静岡県周智郡森町で特別支援教育や就学を相談する家庭向けに、就学前と在学中の入口、学びの場の違い、本人・保護者の意向、見学、相談記録の作り方を整理します。,,3,https://morimachi.enshu-lifehack.com/discover/guide-special-needs-education-consultation/,False,True,False,36220
/discover/guide-specific-health-guidance/,静岡県森町の特定保健指導｜案内が届いた後の参加方法と3か月の行動計画,静岡県森町の特定保健指導｜案内が届いた後の参加方法と3か月の行動計画,discover,,,,,https://www.town.morimachi.shizuoka.jp/gyosei/machinososhiki/juminseikatsuka/kokuhonenkinkakari/2/1/5697.html,,keep,,P3,大石浩之,作業中,discover,guide-specific-health-guidance,detail,,,静岡県周智郡森町の特定保健指導について、特定健診との違い、対象者の選定、動機付け支援・積極的支援、服薬中や受診勧奨時の対応、初回面接から3か月後の評価まで一次情報で整理します。,,3,https://morimachi.enshu-lifehack.com/discover/guide-specific-health-guidance/,False,True,False,36947
/discover/guide-station-family-pickup-plan/,静岡県森町の駅で家族を送迎｜遅延・待合せ・雨夜の帰路を決める,静岡県森町の駅で家族を送迎｜遅延・待合せ・雨夜の帰路を決める,discover,,,,,https://www.town.morimachi.shizuoka.jp/gyosei/kurashi_tetsuzuki/kokyokotsu/index.html,,keep,,P3,大石浩之,作業中,discover,guide-station-family-pickup-plan,detail,,,静岡県森町の駅で家族を送迎する人へ、列車時刻と遅延、待合せ地点、停車・駐車、歩行者、連絡不能、雨夜、迎えが成立しない場合の帰路を具体的に整理します。,,3,https://morimachi.enshu-lifehack.com/discover/guide-station-family-pickup-plan/,False,True,False,30433
/discover/guide-student-commute-route-trial/,静岡県森町から高校へ通う前に｜朝夕・雨・部活動後を実測,静岡県森町から高校へ通う前に｜朝夕・雨・部活動後を実測,discover,,,,,https://www.town.morimachi.shizuoka.jp/gyosei/machinososhiki/seisakukikakuka/seisakukikakugakari/4/418.html,,keep,,P3,大石浩之,作業中,discover,guide-student-commute-route-trial,detail,,,静岡県森町から高校等へ通う前に、朝夕の駅・バス停、乗継、遅延、定期券、雨天、部活動後、家族送迎、緊急帰路を実際の時間帯で確かめる方法を解説します。,,4,https://morimachi.enshu-lifehack.com/discover/guide-student-commute-route-trial/,False,True,False,37174
/discover/guide-transfer-registered-domicile/,静岡県森町の転籍届を出す前に確認｜本籍の表示と戸籍請求の変化を整理,静岡県森町の転籍届を出す前に確認｜本籍の表示と戸籍請求の変化を整理,discover,,,,,https://www.town.morimachi.shizuoka.jp/gyosei/machinososhiki/juminseikatsuka/juminkakari/2/2/2893.html,,keep,,P3,大石浩之,作業中,discover,guide-transfer-registered-domicile,detail,,,静岡県周智郡森町で転籍届を検討する人へ、本籍と住所の違い、新本籍の表示、届出人、提出先、本人確認、転籍後の戸籍・除籍・附票の請求先を整理します。,,4,https://morimachi.enshu-lifehack.com/discover/guide-transfer-registered-domicile/,False,True,False,30633
/discover/guide-transit-service-status-check/,静岡県森町の電車・バス運行情報｜天浜線・秋葉バス・町営バスの確認順,静岡県森町の電車・バス運行情報｜天浜線・秋葉バス・町営バスの確認順,discover,,,,,https://www.town.morimachi.shizuoka.jp/gyosei/machinososhiki/seisakukikakuka/seisakukikakugakari/4/420.html,,keep,,P3,大石浩之,作業中,discover,guide-transit-service-status-check,detail,,,静岡県周智郡森町で天浜線、秋葉バス、町営バスを使う日に、平常時刻表と当日運行情報を分け、遅延・運休時の帰路と家族・勤務先への連絡を整理します。,,3,https://morimachi.enshu-lifehack.com/discover/guide-transit-service-status-check/,False,True,False,39555
/discover/guide-two-digital-certificates/,静岡県森町でマイナンバーカードの2種類の電子証明書を見分ける｜用途・暗証番号・失効,静岡県森町でマイナンバーカードの2種類の電子証明書を見分ける｜用途・暗証番号・失効,discover,,,,,https://www.town.morimachi.shizuoka.jp/gyosei/machinososhiki/juminseikatsuka/juminkakari/2/4826.html,,keep,,P3,大石浩之,作業中,discover,guide-two-digital-certificates,detail,,,静岡県周智郡森町で使う署名用・利用者証明用電子証明書について、用途、暗証番号、ロック回数、住所・氏名変更時の失効、有効期限と町窓口の確認順を案内します。,,3,https://morimachi.enshu-lifehack.com/discover/guide-two-digital-certificates/,False,True,False,35372
/discover/guide-typhoon-home-check/,静岡県森町で台風前に家を点検｜飛散物・窓・停電・避難の順番,静岡県森町で台風前に家を点検｜飛散物・窓・停電・避難の順番,discover,,,,,https://www.town.morimachi.shizuoka.jp/gyosei/machinososhiki/kikikanrika/kikikanrikakari/4/1060.html,,keep,,P3,大石浩之,作業中,discover,guide-typhoon-home-check,detail,,,静岡県周智郡森町の台風前住宅点検ガイド。飛散物、窓・雨戸、雨どい、停電・断水、家財移動、作業終了時刻、通過後の被害記録を一次情報から解説します。,,4,https://morimachi.enshu-lifehack.com/discover/guide-typhoon-home-check/,False,True,False,33797
/discover/guide-visitor-disaster-readiness/,静岡県森町の訪問中に災害が起きたら｜現在地・交通途絶・宿泊の備え,静岡県森町の訪問中に災害が起きたら｜現在地・交通途絶・宿泊の備え,discover,,,,,https://www.town.morimachi.shizuoka.jp/gyosei/bosai_anzen/bosai/1129.html,,keep,,P3,大石浩之,作業中,discover,guide-visitor-disaster-readiness,detail,,,静岡県周智郡森町を観光・仕事・帰省で訪問中に災害が起きた場合の現在地確認、一時避難、道路・鉄道の運休確認、家族連絡、帰宅できない夜の宿泊代案を一次情報に沿って具体化します。,,5,https://morimachi.enshu-lifehack.com/discover/guide-visitor-disaster-readiness/,False,True,False,38103
/discover/guide-walk-to-bus-stop-check/,静岡県森町のバス停まで歩く｜往復・雨天・夜道を実測する,静岡県森町のバス停まで歩く｜往復・雨天・夜道を実測する,discover,,,,,https://www.town.morimachi.shizuoka.jp/gyosei/kurashi_tetsuzuki/kokyokotsu/index.html,,keep,,P3,大石浩之,作業中,discover,guide-walk-to-bus-stop-check,detail,,,静岡県森町で自宅からバス停まで歩く人へ、徒歩時間、横断、見通し、照明、待ち場所を往路・帰路・雨天で実測し、乗り遅れ時の代案まで確認する方法を解説します。,,4,https://morimachi.enshu-lifehack.com/discover/guide-walk-to-bus-stop-check/,False,True,False,30349
/discover/guide-wildfire-prevention-reporting/,静岡県森町の山火事予防と119番｜火入れ・たき火・煙発見時の行動,静岡県森町の山火事予防と119番｜火入れ・たき火・煙発見時の行動,discover,,,,,https://www.town.morimachi.shizuoka.jp/gyosei/machinososhiki/juminseikatsuka/seikatsukankyokakari/1/1/1063.html,,keep,,P3,大石浩之,作業中,discover,guide-wildfire-prevention-reporting,detail,,,静岡県周智郡森町で山火事を防ぐための火入れ・たき火の事前確認、乾燥・強風時の中止、煙や炎を見た際の119番通報、山中の場所説明、安全な退避を一次情報から具体化します。,,4,https://morimachi.enshu-lifehack.com/discover/guide-wildfire-prevention-reporting/,False,True,False,37254
/discover/,静岡県森町を深く知る200ガイド｜検索・8分類対応,静岡県森町の実用ガイド,discover,,,,,,,keep,,P3,大石浩之,作業中,discover,index,hub,,,静岡県周智郡森町の観光、食、交通、子育て、健康、防災、行政手続、住まいを検索と8分類から探せる200本の長文ガイドです。600の固有キーワードを一次情報と判断順に沿って解説します。,,0,https://morimachi.enshu-lifehack.com/discover/,False,True,False,391135
/discover/inherited-property/,静岡県森町の相続不動産・実家を承継した後の確認｜名義・管理・活用を整理する,静岡県森町の相続不動産・実家を承継した後の確認｜名義・管理・活用を整理する,discover,,,,,https://www.town.morimachi.shizuoka.jp/gyosei/machinososhiki/zeimuka/shisanzeigakari/1/faq/1051.html,,keep,,P3,大石浩之,作業中,discover,inherited-property,detail,,,静岡県周智郡森町の実家、土地、農地を相続した人へ、生活上の手続と不動産整理を分け、登記、税資料、境界、管理、売却・賃貸・保有の確認順を解説します。,,4,https://morimachi.enshu-lifehack.com/discover/inherited-property/,False,True,False,31499
/discover/koshoji-bellflowers/,静岡県森町・香勝寺のききょう｜開花確認と夏の庭園散策ガイド,静岡県森町・香勝寺のききょう｜開花確認と夏の庭園散策ガイド,discover,,,,,https://www.town.morimachi.shizuoka.jp/gyosei/machinososhiki/sangyoseisakuka/kankoshinkokakari/2/6789.html,,keep,,P3,大石浩之,作業中,discover,koshoji-bellflowers,detail,,,静岡県森町の香勝寺ききょう園について、当年の開花・拝観・料金・駐車、下段から上段の歩き方、夏の暑さや虫、撮影、公共交通と花巡りを案内します。,,3,https://morimachi.enshu-lifehack.com/discover/koshoji-bellflowers/,False,True,False,30055
/discover/kotomachi-access-parking/,静岡県森町・ことまち横丁の駐車場とアクセス｜参拝と買い物を迷わずつなぐ,静岡県森町・ことまち横丁の駐車場とアクセス｜参拝と買い物を迷わずつなぐ,discover,,,,,https://www.town.morimachi.shizuoka.jp/gyosei/machinososhiki/kensetsuka/kanrigakari/2/414.html,,keep,,P3,大石浩之,作業中,discover,kotomachi-access-parking,detail,,,静岡県森町の小國ことまち横丁へ向かう人に、約700台表記と小國神社駐車場の関係、スマートIC、開運線バス、参拝との徒歩動線、繁忙期誘導、帰路、満車時の代案を案内します。,,3,https://morimachi.enshu-lifehack.com/discover/kotomachi-access-parking/,False,True,False,33802
/discover/kotomachi-tea-packing/,静岡県森町・ことまち横丁のお茶詰め放題｜茶種と保存から選ぶ買い方,静岡県森町・ことまち横丁のお茶詰め放題｜茶種と保存から選ぶ買い方,discover,,,,,https://www.town.morimachi.shizuoka.jp/gyosei/kanko_bunka/kanko/index.html,,keep,,P3,大石浩之,作業中,discover,kotomachi-tea-packing,detail,,,静岡県森町・ことまち横丁のお茶詰め放題を、煎茶・くき茶・ティーバッグの違い、実演待ち、袋と保存、飲み切る量、発送、休止時の密封品、参拝前後の順から案内します。,,4,https://morimachi.enshu-lifehack.com/discover/kotomachi-tea-packing/,False,True,False,34467
/discover/kotomachi-with-kids/,静岡県森町・ことまち横丁を子連れで楽しむ｜食事量と休憩から組む家族案内,静岡県森町・ことまち横丁を子連れで楽しむ｜食事量と休憩から組む家族案内,discover,,,,,https://www.town.morimachi.shizuoka.jp/gyosei/kanko_bunka/kanko/index.html,,keep,,P3,大石浩之,作業中,discover,kotomachi-with-kids,detail,,,静岡県森町のことまち横丁を子連れで訪れる家族へ、年齢別の食事量、休憩、トイレ・授乳確認、ベビーカー、アレルギー質問、雨天や混雑時の撤退順を案内します。,,3,https://morimachi.enshu-lifehack.com/discover/kotomachi-with-kids/,False,True,False,35356
/discover/kotomachi-yokocho-complete-guide/,静岡県森町・ことまち横丁総合ガイド｜食べ歩き、お茶、小國神社参拝を一度に楽しむ,静岡県森町・ことまち横丁総合ガイド｜食べ歩き、お茶、小國神社参拝を一度に楽しむ,discover,,,,,https://www.town.morimachi.shizuoka.jp/gyosei/kanko_bunka/kanko/1691.html,,keep,,P3,大石浩之,作業中,discover,kotomachi-yokocho-complete-guide,detail,,,静岡県森町のことまち横丁を初めて訪れる人へ、店舗の選び方、食べ歩き、名物のお茶詰め放題、小國神社参拝との徒歩動線、駐車場、混雑時の代案を公式情報に基づいて案内します。,,2,https://morimachi.enshu-lifehack.com/discover/kotomachi-yokocho-complete-guide/,False,True,False,35500
/discover/kotomachi-yokocho-food-walk/,静岡県森町・ことまち横丁の食べ歩きガイド｜食事、甘味、お茶土産の選び方,静岡県森町・ことまち横丁の食べ歩きガイド｜食事、甘味、お茶土産の選び方,discover,,,,,https://www.town.morimachi.shizuoka.jp/gyosei/kanko_bunka/kanko/1691.html,,keep,,P3,大石浩之,作業中,discover,kotomachi-yokocho-food-walk,detail,,,静岡県森町のことまち横丁で食べ歩きをする人へ、食事・甘味・持ち帰り・お茶詰め放題の選び分け、予算の決め方、保冷、売り切れ時の代案、小國神社参拝前後の動線を公式情報に基づいて案内します。,,2,https://morimachi.enshu-lifehack.com/discover/kotomachi-yokocho-food-walk/,False,True,False,37865
/discover/little-kyoto-history-walk/,静岡県森町・遠州の小京都を歩く歴史散策｜遠州森駅から秋葉街道の町並みへ,静岡県森町・遠州の小京都を歩く歴史散策｜遠州森駅から秋葉街道の町並みへ,discover,,,,,https://www.town.morimachi.shizuoka.jp/gyosei/machinososhiki/sangyoseisakuka/kankoshinkokakari/2/601.html,,keep,,P3,大石浩之,作業中,discover,little-kyoto-history-walk,detail,,,静岡県森町の「遠州の小京都」を、呼称の由来、秋葉街道、本町の連子格子・鎧羽目、文化財から読み解きます。遠州森駅発の徒歩計画、道路横断、私有地、撮影、雨天、短縮方法も案内します。,,7,https://morimachi.enshu-lifehack.com/discover/little-kyoto-history-walk/,False,True,False,38377
/discover/lunch-with-kids/,静岡県森町の子連れランチ｜年齢・席・移動から選ぶ家族の確認表,静岡県森町の子連れランチ｜年齢・席・移動から選ぶ家族の確認表,discover,,,,,https://www.town.morimachi.shizuoka.jp/gyosei/kanko_bunka/kanko/1691.html,,keep,,P3,大石浩之,作業中,discover,lunch-with-kids,detail,,,静岡県森町で子どもと昼食を取る家族へ、年齢別の席、離乳食、アレルギー、ベビーカー、トイレ、駐車から店内までの動線、昼寝、満席時の代案を公式情報と店舗確認から組み立てます。,,2,https://morimachi.enshu-lifehack.com/discover/lunch-with-kids/,False,True,False,28213
/discover/mori-festival/,静岡県森町・森のまつり見学ガイド｜屋台・交通規制・帰路の考え方,静岡県森町・森のまつり見学ガイド｜屋台・交通規制・帰路の考え方,discover,,,,,https://www.town.morimachi.shizuoka.jp/gyosei/machinososhiki/shakaikyoikuka/bunkashinkogakari/2/781.html,,keep,,P3,大石浩之,作業中,discover,mori-festival,detail,,,静岡県森町の森のまつりを見学するため、当年の日程と屋台運行、見学マナー、撮影、交通規制、駐車、天浜線、子連れ、雨天変更、帰路まで丁寧に整理します。,,4,https://morimachi.enshu-lifehack.com/discover/mori-festival/,False,True,False,30508
/discover/mori-local-bus/,静岡県森町の町営バス・予約便利用法｜大河内線・吉川線を乗り違えない確認順,静岡県森町の町営バス・予約便利用法｜大河内線・吉川線を乗り違えない確認順,discover,,,,,https://www.town.morimachi.shizuoka.jp/gyosei/kurashi_tetsuzuki/kokyokotsu/1431.html,,keep,,P3,大石浩之,作業中,discover,mori-local-bus,detail,,,静岡県周智郡森町営バスの大河内線・吉川線と予約便を、最新版時刻表、運行日、予約期限、停留所、遠州森駅・アクティ森接続、帰路、乗れない日の代案まで整理します。,,3,https://morimachi.enshu-lifehack.com/discover/mori-local-bus/,False,True,False,29458
/discover/morimachi-accommodation-guide/,静岡県森町の宿泊施設・キャンプ・周辺宿｜旅程から選ぶ泊まり方,静岡県森町の宿泊施設・キャンプ・周辺宿｜旅程から選ぶ泊まり方,discover,,,,,https://www.town.morimachi.shizuoka.jp/gyosei/kanko_bunka/kanko/index.html,,keep,,P3,大石浩之,作業中,discover,morimachi-accommodation-guide,detail,,,静岡県森町の宿泊を、町内宿、コテージ、キャンプ、周辺市ホテルに分け、予約、食事、風呂、門限、車・公共交通、子連れ、連泊、満室時の代案から案内します。,,4,https://morimachi.enshu-lifehack.com/discover/morimachi-accommodation-guide/,False,True,False,31453
/discover/morimachi-autumn-leaves-townwide-guide/,静岡県森町の紅葉スポット比較｜小國神社・大洞院を町全体で選ぶ,静岡県森町の紅葉スポット比較｜小國神社・大洞院を町全体で選ぶ,discover,,,,,https://www.town.morimachi.shizuoka.jp/gyosei/machinososhiki/sangyoseisakuka/kankoshinkokakari/1/4472.html,,keep,,P3,大石浩之,作業中,discover,morimachi-autumn-leaves-townwide-guide,detail,,,静岡県森町の紅葉を、小國神社と大洞院を中心に、撮影日付き色づき情報、地点差、参拝、移動、混雑、撮影、雨天、見頃前後の代案まで丁寧に比較します。,,3,https://morimachi.enshu-lifehack.com/discover/morimachi-autumn-leaves-townwide-guide/,False,True,False,32246
/discover/morimachi-bear-wildlife/,静岡県森町の熊・野生動物出没情報｜目撃日時と場所を確認して入山判断,静岡県森町の熊・野生動物出没情報｜目撃日時と場所を確認して入山判断,discover,,,,,https://www.town.morimachi.shizuoka.jp/gyosei/machinososhiki/norinseisakuka/rinseikakari/3/index.html,,keep,,P3,大石浩之,作業中,discover,morimachi-bear-wildlife,detail,,,静岡県森町の熊・野生動物情報を、更新時刻、目撃日時、場所、確認精度の順に読み、散策・キャンプ前の備え、食べ物や音、犬との行動、通報と中止判断を案内します。,,6,https://morimachi.enshu-lifehack.com/discover/morimachi-bear-wildlife/,False,True,False,30837
/discover/morimachi-breakfast-morning/,静岡県森町の朝ごはん・モーニングを観光前に確保する方法,静岡県森町の朝ごはん・モーニングを観光前に確保する方法,discover,,,,,https://www.town.morimachi.shizuoka.jp/gyosei/kanko_bunka/kanko/index.html,,keep,,P3,大石浩之,作業中,discover,morimachi-breakfast-morning,detail,,,静岡県森町の朝ごはんを観光開始前に確保する実務ガイド。町なか店舗の朝営業を推測せず、遠州森町PA、コンビニ、宿泊朝食、前日購入・持参を比較し、子連れ、アレルギー、保冷、ごみ、昼食配分まで整理します。,,2,https://morimachi.enshu-lifehack.com/discover/morimachi-breakfast-morning/,False,True,False,31366
/discover/morimachi-car-free-day-trip/,静岡県森町を車なしで日帰り観光｜遠州森駅から選ぶ3つのモデルコース,静岡県森町を車なしで日帰り観光｜遠州森駅から選ぶ3つのモデルコース,discover,,,,,https://www.town.morimachi.shizuoka.jp/gyosei/kanko_bunka/kanko/1691.html,,keep,,P3,大石浩之,作業中,discover,morimachi-car-free-day-trip,detail,,,静岡県森町を車なしで日帰りするため、遠州森駅の町歩き、小國神社、アクティ森から1〜2か所を選び、帰り便、雨天、運休、タクシー代案まで整理します。,,4,https://morimachi.enshu-lifehack.com/discover/morimachi-car-free-day-trip/,False,True,False,29700
/discover/morimachi-cherry-blossoms/,静岡県森町の桜名所と開花確認｜小國神社・太田川桜堤・戦国夢街道の選び方,静岡県森町の桜名所と開花確認｜小國神社・太田川桜堤・戦国夢街道の選び方,discover,,,,,https://www.town.morimachi.shizuoka.jp/gyosei/machinososhiki/sangyoseisakuka/kankoshinkokakari/1/6661.html,,keep,,P3,大石浩之,作業中,discover,morimachi-cherry-blossoms,detail,,,静岡県森町の小國神社、太田川桜堤、戦国夢街道を比較し、地点ごとの開花差、駐車・公共交通、宴会や撮影の確認、雨風や混雑時の代案まで丁寧に案内します。,,3,https://morimachi.enshu-lifehack.com/discover/morimachi-cherry-blossoms/,False,True,False,29549
/discover/morimachi-childcare-support/,静岡県森町の子育て支援・相談窓口｜妊娠から就学まで手続と連絡先を整理,静岡県森町の子育て支援・相談窓口｜妊娠から就学まで手続と連絡先を整理,discover,,,,,https://www.town.morimachi.shizuoka.jp/gyosei/machinososhiki/kenkokodomoka/kodomokateikakari/1/837.html,,keep,,P3,大石浩之,作業中,discover,morimachi-childcare-support,detail,,,静岡県森町の子育て支援を、妊娠届、出生後の手続、乳幼児健診、児童手当、転入、ひとり親、発達・就学相談の順に整理。通常相談と緊急連絡を分け、年度・所得・申請期限の確認方法も示します。,,15,https://morimachi.enshu-lifehack.com/discover/morimachi-childcare-support/,False,True,False,39578
/discover/morimachi-cultural-hall-events/,静岡県森町文化会館のイベント・公演を探す｜発売・当日券・帰路の確認手順,静岡県森町文化会館のイベント・公演を探す｜発売・当日券・帰路の確認手順,discover,,,,,https://www.town.morimachi.shizuoka.jp/bunka/index.html,,keep,,P3,大石浩之,作業中,discover,morimachi-cultural-hall-events,detail,,,静岡県森町文化会館ミキホールのイベント・公演を、公式イベント一覧、広報のホールガイド、主催者情報から探します。発売日、電話予約、当日券、年齢制限、開場、中止・払い戻し、座席・駐車・終演後交通も整理します。,,10,https://morimachi.enshu-lifehack.com/discover/morimachi-cultural-hall-events/,False,True,False,36906
/discover/morimachi-cultural-hall-guide/,静岡県森町文化会館ミキホールの座席・アクセス・駐車｜公演日の確認手順,静岡県森町文化会館ミキホールの座席・アクセス・駐車｜公演日の確認手順,discover,,,,,https://www.town.morimachi.shizuoka.jp/gyosei/kanko_bunka/bunka/1121.html,,keep,,P3,大石浩之,作業中,discover,morimachi-cultural-hall-guide,detail,,,静岡県森町文化会館ミキホールについて、大ホール・小ホール・研修室の区分、座席表、券面、開場時刻、共有駐車場を確認する方法を案内します。森町病院前駅、遠州森駅、車椅子席等の相談、終演後の帰路も整理します。,,11,https://morimachi.enshu-lifehack.com/discover/morimachi-cultural-hall-guide/,False,True,False,38077
/discover/morimachi-cultural-properties-guide/,静岡県森町の文化財を調べて訪ねる｜指定区分・公開可否・保存配慮の手引き,静岡県森町の文化財を調べて訪ねる｜指定区分・公開可否・保存配慮の手引き,discover,,,,,https://www.town.morimachi.shizuoka.jp/gyosei/machinososhiki/shakaikyoikuka/bunkashinkogakari/1/1096.html,,keep,,P3,大石浩之,作業中,discover,morimachi-cultural-properties-guide,detail,,,静岡県森町の文化財について、国・県・町指定と登録の違い、建築・民俗芸能・史跡・天然記念物・所蔵品の調べ方を整理します。公開可否、撮影、所有者、道、雨天・非公開時の代案も案内します。,,7,https://morimachi.enshu-lifehack.com/discover/morimachi-cultural-properties-guide/,False,True,False,38258
/discover/morimachi-cycling/,静岡県森町のサイクリング｜町なか・小國神社・アクティ森の走り方,静岡県森町のサイクリング｜町なか・小國神社・アクティ森の走り方,discover,,,,,https://www.town.morimachi.shizuoka.jp/gyosei/kanko_bunka/kanko/index.html,,keep,,P3,大石浩之,作業中,discover,morimachi-cycling,detail,,,静岡県森町のサイクリングを町なか、小國神社、アクティ森・山間部に分け、高低差、交通量、トンネル、補給、駐輪、輪行、天候、通行止め、撤退まで確認します。,,6,https://morimachi.enshu-lifehack.com/discover/morimachi-cycling/,False,True,False,31192
/discover/morimachi-day-trip-model-course/,静岡県森町の日帰り観光モデルコース｜初訪問・体験・町歩きから一案を選ぶ,静岡県森町の日帰り観光モデルコース｜初訪問・体験・町歩きから一案を選ぶ,discover,,,,,https://www.town.morimachi.shizuoka.jp/gyosei/kanko_bunka/kanko/index.html,,keep,,P3,大石浩之,作業中,discover,morimachi-day-trip-model-course,detail,,,静岡県森町の日帰り観光を、小國神社とことまち横丁、アクティ森、遠州森駅からの町歩きの三案に分け、半日・一日、食事、季節、車・車なし、雨天時の代案まで案内します。,,4,https://morimachi.enshu-lifehack.com/discover/morimachi-day-trip-model-course/,False,True,False,31620
/discover/morimachi-dentists/,静岡県森町の歯科・歯医者の探し方｜小児・訪問・休日急患を分けて確認,静岡県森町の歯科・歯医者の探し方｜小児・訪問・休日急患を分けて確認,discover,,,,,https://www.town.morimachi.shizuoka.jp/gyosei/machinososhiki/kenkokodomoka/kenkozukurikakari/3/834.html,,keep,,P3,大石浩之,作業中,discover,morimachi-dentists,detail,,,静岡県森町で歯科・歯医者を探す手順を、通常、小児、訪問、休日急患に分けて案内。町公式一覧、医療情報ネット、医院公式を照合し、予約時の質問、持参物、交通、受診できない時の代案を整理します。,,2,https://morimachi.enshu-lifehack.com/discover/morimachi-dentists/,False,True,False,35998
/discover/morimachi-dietary-needs-guide/,静岡県森町で食物アレルギーがある人の外食確認｜予約から緊急時まで,静岡県森町で食物アレルギーがある人の外食確認｜予約から緊急時まで,discover,,,,,https://www.town.morimachi.shizuoka.jp/gyosei/machinososhiki/juminseikatsuka/juminkakari/3/567.html,,keep,,P3,大石浩之,作業中,discover,morimachi-dietary-needs-guide,detail,,,静岡県森町で食物アレルギーがある人の外食を、原材料、調理器具、交差接触、予約時質問、当日再確認、持参食、緊急時連絡、対応不可時の代案から案内します。,,5,https://morimachi.enshu-lifehack.com/discover/morimachi-dietary-needs-guide/,False,True,False,32116
/discover/morimachi-dinner-guide/,静岡県森町の夜ごはん・ディナー｜予約と帰り方から選ぶ店探し,静岡県森町の夜ごはん・ディナー｜予約と帰り方から選ぶ店探し,discover,,,,,https://www.town.morimachi.shizuoka.jp/gyosei/kanko_bunka/kanko/index.html,,keep,,P3,大石浩之,作業中,discover,morimachi-dinner-guide,detail,,,静岡県森町で夜ごはんを探す人へ、昼情報を流用せず、予約と注文終了、飲酒時の代行・タクシー、子連れ、アレルギー、休業時の町外代案まで案内します。,,3,https://morimachi.enshu-lifehack.com/discover/morimachi-dinner-guide/,False,True,False,32660
/discover/morimachi-disaster-map/,静岡県森町の防災・ハザードマップの読み方｜洪水・土砂・地震を分けて備える,静岡県森町の防災・ハザードマップの読み方｜洪水・土砂・地震を分けて備える,discover,,,,,https://www.town.morimachi.shizuoka.jp/gyosei/bosai_anzen/bosai/1129.html,,keep,,P3,大石浩之,作業中,discover,morimachi-disaster-map,detail,,,静岡県森町のハザードマップを災害種別ごとに読み、住所検索、旅行先と経路、避難所の開設確認、豪雨時の移動中止、夜間・通信切れ、家族共有へつなげる方法を案内します。,,6,https://morimachi.enshu-lifehack.com/discover/morimachi-disaster-map/,False,True,False,29944
/discover/morimachi-drugstores-pharmacies-guide/,静岡県森町のドラッグストア・薬局｜日用品・市販薬・処方箋を分けて探す,静岡県森町のドラッグストア・薬局｜日用品・市販薬・処方箋を分けて探す,discover,,,,,https://www.town.morimachi.shizuoka.jp/gyosei/machinososhiki/kenkokodomoka/kenkozukurikakari/3/834.html,,keep,,P3,大石浩之,作業中,discover,morimachi-drugstores-pharmacies-guide,detail,,,静岡県森町のドラッグストアと薬局を、日用品、一般用医薬品、処方箋調剤に分け、営業時間、受付、在庫、休日、子ども、旅行、お薬手帳、交通、夜間の相談先まで案内します。,,4,https://morimachi.enshu-lifehack.com/discover/morimachi-drugstores-pharmacies-guide/,False,True,False,32365
/discover/morimachi-elementary-schools/,静岡県森町の小学校・通学区域確認ガイド｜転入・指定校変更・通学安全,静岡県森町の小学校・通学区域確認ガイド｜転入・指定校変更・通学安全,discover,,,,,https://www.town.morimachi.shizuoka.jp/morikko/sodachi/4787.html,,keep,,P3,大石浩之,作業中,discover,morimachi-elementary-schools,detail,,,静岡県森町の森・宮園・飯田の3小学校と通学区域の確認方法を案内。転入学通知、指定校変更基準、学校再編後の区域、スクールバス、通学路・避難経路を分け、引越し契約前からの相談順を整理します。,,10,https://morimachi.enshu-lifehack.com/discover/morimachi-elementary-schools/,False,True,False,37989
/discover/morimachi-events-calendar/,静岡県森町の年間イベントカレンダー｜花・祭り・初詣を当年情報で選ぶ,静岡県森町の年間イベントカレンダー｜花・祭り・初詣を当年情報で選ぶ,discover,,,,,https://www.town.morimachi.shizuoka.jp/gyosei/machinososhiki/sangyoseisakuka/kankoshinkokakari/2/6713.html,,keep,,P3,大石浩之,作業中,discover,morimachi-events-calendar,detail,,,静岡県森町の桜、季節の花、森のまつり、産業祭、初詣を目的別に整理し、当年の日程、交通規制、雨天対応、予約、混雑を公式情報で確かめる手順を案内します。,,5,https://morimachi.enshu-lifehack.com/discover/morimachi-events-calendar/,False,True,False,31268
/discover/morimachi-family-trip-guide/,静岡県森町の子連れ観光・家族旅行｜乳児・幼児・小学生別の組み立て方,静岡県森町の子連れ観光・家族旅行｜乳児・幼児・小学生別の組み立て方,discover,,,,,https://www.town.morimachi.shizuoka.jp/gyosei/kanko_bunka/kanko/index.html,,keep,,P3,大石浩之,作業中,discover,morimachi-family-trip-guide,detail,,,静岡県森町の子連れ観光を、乳児、幼児、小学生に分け、1〜2か所の訪問先、昼寝、食事、トイレ・授乳、ベビーカー、体験年齢、川・暑さ、雨天、途中撤退まで案内します。,,4,https://morimachi.enshu-lifehack.com/discover/morimachi-family-trip-guide/,False,True,False,31582
/discover/morimachi-farm-stands/,静岡県森町の農産物直売所ガイド｜とうもろこし・野菜・茶を旬で選ぶ,静岡県森町の農産物直売所ガイド｜とうもろこし・野菜・茶を旬で選ぶ,discover,,,,,https://www.town.morimachi.shizuoka.jp/gyosei/sangyo_shigoto/noringyo/2600.html,,keep,,P3,大石浩之,作業中,discover,morimachi-farm-stands,detail,,,静岡県森町の農産物直売所を訪れる人へ、通年施設と季節・個人販売の違い、とうもろこしMAP、朝の売り切れ、現金、保冷、車なし、複数店を回らない買い方、代案を案内します。,,3,https://morimachi.enshu-lifehack.com/discover/morimachi-farm-stands/,False,True,False,33777
/discover/morimachi-farmland-property-guide/,静岡県森町の農地売買・相続・転用｜相談前に地目・用水・進入路を確認,静岡県森町の農地売買・相続・転用｜相談前に地目・用水・進入路を確認,discover,,,,,https://www.town.morimachi.shizuoka.jp/gyosei/sangyo_shigoto/noringyo/5759.html,,keep,,P3,大石浩之,作業中,discover,morimachi-farmland-property-guide,detail,,,静岡県森町の農地について、登記地目と現況、耕作目的の売買・賃貸、相続届出、農地転用、農地付き空き家、用水、進入路、管理、相談の順を一次情報から案内します。,,5,https://morimachi.enshu-lifehack.com/discover/morimachi-farmland-property-guide/,False,True,False,37003
/discover/morimachi-fireworks/,静岡県森町の納涼花火大会を確認する｜開催判断・観覧・交通・帰路,静岡県森町の納涼花火大会を確認する｜開催判断・観覧・交通・帰路,discover,,,,,https://www.town.morimachi.shizuoka.jp/gyosei/bosai_anzen/bosai/1129.html,,keep,,P3,大石浩之,作業中,discover,morimachi-fireworks,detail,,,静岡県森町の納涼花火大会について、当年の開催、会場、観覧区域、駐車、公共交通、子連れ、音と煙、雨天中止・延期、帰路を公式情報で確認する方法を案内します。,,3,https://morimachi.enshu-lifehack.com/discover/morimachi-fireworks/,False,True,False,30726
/discover/morimachi-flower-calendar/,静岡県森町の花カレンダー｜季節の花めぐりを開花情報から選ぶ,静岡県森町の花カレンダー｜季節の花めぐりを開花情報から選ぶ,discover,,,,,https://www.town.morimachi.shizuoka.jp/gyosei/kanko_bunka/kanko/index.html,,keep,,P3,大石浩之,作業中,discover,morimachi-flower-calendar,detail,,,静岡県森町の花カレンダーを、春の桜、初夏の花菖蒲・あじさい、夏のききょう、秋の萩・紅葉で整理。固定見頃ではなく当年の開花、撮影日、開園、交通を確認し、花期外の代案を選ぶ年間INDEXです。,,3,https://morimachi.enshu-lifehack.com/discover/morimachi-flower-calendar/,False,True,False,31587
/discover/morimachi-hiking-walking/,静岡県森町のハイキング・ウォーキング｜町歩きと山道の選び方,静岡県森町のハイキング・ウォーキング｜町歩きと山道の選び方,discover,,,,,https://www.town.morimachi.shizuoka.jp/gyosei/kanko_bunka/kanko/index.html,,keep,,P3,大石浩之,作業中,discover,morimachi-hiking-walking,detail,,,静岡県森町の町歩き、歴史の散歩道、戦国夢街道、東海自然歩道を比較。距離・高低差・登山口・駐車・通行止め・天候・熊・装備・撤退まで確認します。,,6,https://morimachi.enshu-lifehack.com/discover/morimachi-hiking-walking/,False,True,False,30620
/discover/morimachi-history-folklore-museum/,静岡県森町の歴史民俗資料館・郷土資料の調べ方｜見学予約から図書館活用まで,静岡県森町の歴史民俗資料館・郷土資料の調べ方｜見学予約から図書館活用まで,discover,,,,,https://www.town.morimachi.shizuoka.jp/gyosei/kanko_bunka/bunka/1160.html,,keep,,P3,大石浩之,作業中,discover,morimachi-history-folklore-museum,detail,,,静岡県森町立歴史民俗資料館を訪ねる前に、開館・予約・展示・写真を確認し、農具や生活用具、古文書から調査質問を作る方法を案内します。子どもの自由研究、雨天、休館時の図書館・デジタル資料も扱います。,,8,https://morimachi.enshu-lifehack.com/discover/morimachi-history-folklore-museum/,False,True,False,39094
/discover/morimachi-hot-springs-day-bathing-guide/,静岡県森町の温泉・日帰り入浴を探す現実的な方法｜町内浴場と周辺市を分ける,静岡県森町の温泉・日帰り入浴を探す現実的な方法｜町内浴場と周辺市を分ける,discover,,,,,https://www.town.morimachi.shizuoka.jp/gyosei/choseijoho/machinogaiyo/machinoshisetsu/1157.html,,keep,,P3,大石浩之,作業中,discover,morimachi-hot-springs-day-bathing-guide,detail,,,静岡県森町で観光後に入浴したい人へ、町内の望月プラザもりの湯と周辺市の日帰り温泉を分け、距離、帰路、営業時間、子連れ、車なし、タオル、休館、体調まで案内します。,,3,https://morimachi.enshu-lifehack.com/discover/morimachi-hot-springs-day-bathing-guide/,False,True,False,32509
/discover/morimachi-junior-high-schools/,静岡県森町の中学校・通学区域確認ガイド｜転入・部活動後の帰路・防災,静岡県森町の中学校・通学区域確認ガイド｜転入・部活動後の帰路・防災,discover,,,,,https://www.town.morimachi.shizuoka.jp/morikko/sodachi/4787.html,,keep,,P3,大石浩之,作業中,discover,morimachi-junior-high-schools,detail,,,静岡県森町の森中学校・旭が丘中学校について、住所から通学区域を確認する方法、転入学通知、指定校変更、バス・自転車、部活動と地域クラブ後の帰路、再編・防災情報を整理します。,,10,https://morimachi.enshu-lifehack.com/discover/morimachi-junior-high-schools/,False,True,False,37640
/discover/morimachi-library-guide/,静岡県森町立図書館の利用ガイド｜町外利用・子ども・郷土資料・交通を確認,静岡県森町立図書館の利用ガイド｜町外利用・子ども・郷土資料・交通を確認,discover,,,,,https://www.town.morimachi.shizuoka.jp/gyosei/machinososhiki/toshokan/916.html,,keep,,P3,大石浩之,作業中,discover,morimachi-library-guide,detail,,,静岡県森町立図書館の開館・休館、町外者の館内利用と貸出条件、子ども・調べもの・郷土資料、設備、イベントを整理します。文化会館の駐車場、森町病院前駅・遠州森駅、雨天・休館時の代案も案内します。,,8,https://morimachi.enshu-lifehack.com/discover/morimachi-library-guide/,False,True,False,38372
/discover/morimachi-live-cameras-river-level/,静岡県森町のライブカメラ・河川水位の確認順｜太田川・雨・道路を読む,静岡県森町のライブカメラ・河川水位の確認順｜太田川・雨・道路を読む,discover,,,,,https://www.town.morimachi.shizuoka.jp/gyosei/bosai_anzen/bosai/1129.html,,keep,,P3,大石浩之,作業中,discover,morimachi-live-cameras-river-level,detail,,,静岡県森町の河川・道路ライブカメラと太田川水位を、映像時刻、地点、上流雨、警報、道路規制の順に確認し、旅行中止や通信切れへ備える方法を案内します。,,4,https://morimachi.enshu-lifehack.com/discover/morimachi-live-cameras-river-level/,False,True,False,30115
/discover/morimachi-lunch-complete-guide/,静岡県森町のランチ総合ガイド｜和食、季節料理、町なか散策を組み合わせる,静岡県森町のランチ総合ガイド｜和食、季節料理、町なか散策を組み合わせる,discover,,,,,https://www.town.morimachi.shizuoka.jp/gyosei/kanko_bunka/kanko/1691.html,,keep,,P3,大石浩之,作業中,discover,morimachi-lunch-complete-guide,detail,,,静岡県森町でランチを探す人へ、柏屋、魚伊などの和食・季節料理、予約確認、遠州森駅と町なかの回り方、子連れ・高齢者への確認事項、満席時の代案を公式情報から整理します。,,2,https://morimachi.enshu-lifehack.com/discover/morimachi-lunch-complete-guide/,False,True,False,38155
/discover/morimachi-medical-care-guide/,静岡県森町の病院・休日夜間の受診先確認｜緊急度と時刻で分ける,静岡県森町の病院・休日夜間の受診先確認｜緊急度と時刻で分ける,discover,,,,,https://www.town.morimachi.shizuoka.jp/gyosei/machinososhiki/kenkokodomoka/kenkozukurikakari/3/834.html,,keep,,P3,大石浩之,作業中,discover,morimachi-medical-care-guide,detail,,,静岡県森町の医療機関確認を、平日外来、休日当番、夜間救急、119番、#7119・#8000に分け、診療科、受付、持参物、交通、受入れ不可時の代案まで案内します。,,5,https://morimachi.enshu-lifehack.com/discover/morimachi-medical-care-guide/,False,True,False,32300
/discover/morimachi-moving-in-procedures/,静岡県森町へ転入・引越し｜期限・窓口・持参物の手続チェック,静岡県森町へ転入・引越し｜期限・窓口・持参物の手続チェック,discover,,,,,https://www.town.morimachi.shizuoka.jp/gyosei/machinososhiki/juminseikatsuka/juminkakari/2/3/2901.html,,keep,,P3,大石浩之,作業中,discover,morimachi-moving-in-procedures,detail,,,静岡県森町へ引越す人へ、旧住所地の転出、森町の転入、マイナンバー、国保・年金、子ども・学校、車、上下水道、ごみ、住所変更を時系列で案内します。,,6,https://morimachi.enshu-lifehack.com/discover/morimachi-moving-in-procedures/,False,True,False,39826
/discover/morimachi-nurseries/,静岡県森町の保育園・こども園入園ガイド｜年度申込・見学・送迎を準備,静岡県森町の保育園・こども園入園ガイド｜年度申込・見学・送迎を準備,discover,,,,,https://www.town.morimachi.shizuoka.jp/gyosei/machinososhiki/kenkokodomoka/yochienhoikuenkakari/1/4614.html,,keep,,P3,大石浩之,作業中,discover,morimachi-nurseries,detail,,,静岡県森町の保育園・こども園を、施設区分、対象年齢、保育時間、令和8年度申込、途中入園、保育料の確認方法で整理。見学、送迎、給食・アレルギー、転入、入れない場合の代案まで案内します。,,9,https://morimachi.enshu-lifehack.com/discover/morimachi-nurseries/,False,True,False,37719
/discover/morimachi-overnight-itinerary/,静岡県森町の1泊2日観光モデルコース｜宿と翌朝の移動から組み立てる,静岡県森町の1泊2日観光モデルコース｜宿と翌朝の移動から組み立てる,discover,,,,,https://www.town.morimachi.shizuoka.jp/gyosei/kanko_bunka/kanko/index.html,,keep,,P3,大石浩之,作業中,discover,morimachi-overnight-itinerary,detail,,,静岡県森町の1泊2日を、小國神社・ことまち横丁とアクティ森の王道型、町歩きと季節の花の滞在型に分け、宿泊、三食、交通、荷物、雨天、満室・運休時の代案まで案内します。,,4,https://morimachi.enshu-lifehack.com/discover/morimachi-overnight-itinerary/,False,True,False,31361
/discover/morimachi-postal-codes-addresses/,静岡県周智郡森町の郵便番号・住所を正確に確認する方法,静岡県周智郡森町の郵便番号・住所を正確に確認する方法,discover,,,,,https://www.town.morimachi.shizuoka.jp/gyosei/machinososhiki/juminseikatsuka/juminkakari/2/3/2901.html,,keep,,P3,大石浩之,作業中,discover,morimachi-postal-codes-addresses,detail,,,静岡県周智郡森町の郵便番号と住所を、日本郵便公式、森町の住民異動・町内会・防災情報で照合する方法を案内。同名の北海道森町、難読町域、番地・建物名、通販や緊急共有の誤入力対策を整理します。,,6,https://morimachi.enshu-lifehack.com/discover/morimachi-postal-codes-addresses/,False,True,False,35167
/discover/morimachi-rainy-day/,静岡県森町の雨の日観光｜陶芸・資料館・図書館を無理なく巡る,静岡県森町の雨の日観光｜陶芸・資料館・図書館を無理なく巡る,discover,,,,,https://www.town.morimachi.shizuoka.jp/gyosei/kanko_bunka/kanko/index.html,,keep,,P3,大石浩之,作業中,discover,morimachi-rainy-day,detail,,,静岡県森町の雨の日観光を、アクティ森の陶芸、歴史民俗資料館、図書館、文化会館から選択。開館・予約、車・公共交通、子連れ、濡れた路面、警報時の中止まで案内します。,,8,https://morimachi.enshu-lifehack.com/discover/morimachi-rainy-day/,False,True,False,31213
/discover/morimachi-ramen-guide/,静岡県森町のラーメン・中華そば｜営業と売切れを確認する食事案内,静岡県森町のラーメン・中華そば｜営業と売切れを確認する食事案内,discover,,,,,https://www.town.morimachi.shizuoka.jp/gyosei/kanko_bunka/kanko/index.html,,keep,,P3,大石浩之,作業中,discover,morimachi-ramen-guide,detail,,,静岡県森町でラーメンや中華そばを食べる人へ、営業・売切れ・駐車・注文、子連れ、アレルギー、量、観光前後、車なし、休業時のPA代案を案内します。,,3,https://morimachi.enshu-lifehack.com/discover/morimachi-ramen-guide/,False,True,False,32302
/discover/morimachi-real-estate-overview/,静岡県森町の不動産・家探しの入口｜賃貸・売買・空き家・土地を分けて確認,静岡県森町の不動産・家探しの入口｜賃貸・売買・空き家・土地を分けて確認,discover,,,,,https://www.town.morimachi.shizuoka.jp/gyosei/machinososhiki/teijusuishinka/ijukoryugakari/2/2/379.html,,keep,,P3,大石浩之,作業中,discover,morimachi-real-estate-overview,detail,,,静岡県森町で家を探す人へ、賃貸、売買、空き家バンク、土地、中古住宅の違いから、生活圏、道路、境界、上下水道、災害、登記、契約前確認、専門家相談まで順に案内します。,,6,https://morimachi.enshu-lifehack.com/discover/morimachi-real-estate-overview/,False,True,False,34429
/discover/morimachi-river-play-townwide/,静岡県森町の川遊び・水遊び場所を安全条件で比較｜宮川・吉川・管理体験,静岡県森町の川遊び・水遊び場所を安全条件で比較｜宮川・吉川・管理体験,discover,,,,,https://www.town.morimachi.shizuoka.jp/gyosei/kanko_bunka/kanko/1772.html,,keep,,P3,大石浩之,作業中,discover,morimachi-river-play-townwide,detail,,,静岡県森町の川遊び・水遊びを、アクティ森の管理体験、小國神社宮川、吉川周辺で比較。上流雨、水位、立入可否、靴、子どもの監督、撤退判断、雨天代案を安全条件から整理します。,,4,https://morimachi.enshu-lifehack.com/discover/morimachi-river-play-townwide/,False,True,False,31579
/discover/morimachi-selling-vacant-house-guide/,静岡県森町の空き家・実家を売却する前の整理｜名義・境界・家財の確認順,静岡県森町の空き家・実家を売却する前の整理｜名義・境界・家財の確認順,discover,,,,,https://www.town.morimachi.shizuoka.jp/gyosei/machinososhiki/teijusuishinka/ijukoryugakari/2/2/379.html,,keep,,P3,大石浩之,作業中,discover,morimachi-selling-vacant-house-guide,detail,,,静岡県森町の空き家や実家を売却する前に、登記名義、相続人、境界、接道、残置物、家財、建物状況、空き家バンクと一般売却、査定前資料、専門家への相談を順に整理します。,,4,https://morimachi.enshu-lifehack.com/discover/morimachi-selling-vacant-house-guide/,False,True,False,36279
/discover/morimachi-soba-washoku-guide/,静岡県森町のそば・和食ランチ｜そば粉販売と飲食店を分ける選び方,静岡県森町のそば・和食ランチ｜そば粉販売と飲食店を分ける選び方,discover,,,,,https://www.town.morimachi.shizuoka.jp/gyosei/kanko_bunka/kanko/index.html,,keep,,P3,大石浩之,作業中,discover,morimachi-soba-washoku-guide,detail,,,静岡県森町のそば・和食ランチを、そば粉販売と飲食提供を分け、営業、予約、売切れ、駐車、子連れ、アレルギー、量、町なか・山間動線から案内します。,,4,https://morimachi.enshu-lifehack.com/discover/morimachi-soba-washoku-guide/,False,True,False,31756
/discover/morimachi-souvenir-guide/,静岡県森町のお土産選び｜お茶・和菓子・農産物を持ち帰り条件で比べる,静岡県森町のお土産選び｜お茶・和菓子・農産物を持ち帰り条件で比べる,discover,,,,,https://www.town.morimachi.shizuoka.jp/gyosei/kanko_bunka/kanko/1691.html,,keep,,P3,大石浩之,作業中,discover,morimachi-souvenir-guide,detail,,,静岡県森町のお土産を選ぶ人へ、お茶・和菓子・旬の農産物を常温・要冷蔵、人数、予算、賞味期限で比べ、ことまち横丁、直売所、PA、遠州森駅周辺で無理なく買う方法を案内します。,,3,https://morimachi.enshu-lifehack.com/discover/morimachi-souvenir-guide/,False,True,False,37957
/discover/morimachi-supermarkets-grocery-guide/,静岡県森町のスーパー・食料品買い物｜地区と用途から選ぶ生活ガイド,静岡県森町のスーパー・食料品買い物｜地区と用途から選ぶ生活ガイド,discover,,,,,https://www.town.morimachi.shizuoka.jp/gyosei/kurashi_tetsuzuki/index.html,,keep,,P3,大石浩之,作業中,discover,morimachi-supermarkets-grocery-guide,detail,,,静岡県森町の食料品買い物を、町なか、睦実、北部・山間部への移動、生鮮、日用品、決済、車・バス、キャンプ・宿泊、災害時、閉店時の代案から案内します。,,4,https://morimachi.enshu-lifehack.com/discover/morimachi-supermarkets-grocery-guide/,False,True,False,31614
/discover/morimachi-takeout-guide/,静岡県森町のテイクアウト・弁当｜注文から保冷・ごみまでの持帰り案内,静岡県森町のテイクアウト・弁当｜注文から保冷・ごみまでの持帰り案内,discover,,,,,https://www.town.morimachi.shizuoka.jp/gyosei/kanko_bunka/kanko/index.html,,keep,,P3,大石浩之,作業中,discover,morimachi-takeout-guide,detail,,,静岡県森町でテイクアウトや弁当を探す人へ、事前注文、受取時刻、保冷、車内放置、公園で食べる可否、ごみ、子連れ、アレルギー、休業時の代案を案内します。,,4,https://morimachi.enshu-lifehack.com/discover/morimachi-takeout-guide/,False,True,False,33774
/discover/morimachi-taxi-booking-guide/,静岡県森町のタクシー予約と観光利用｜駅・神社・山間部の迎車確認,静岡県森町のタクシー予約と観光利用｜駅・神社・山間部の迎車確認,discover,,,,,https://www.town.morimachi.shizuoka.jp/gyosei/machinososhiki/seisakukikakuka/seisakukikakugakari/4/422.html,,keep,,P3,大石浩之,作業中,discover,morimachi-taxi-booking-guide,detail,,,静岡県森町でタクシーを予約する人へ、遠州森駅、小國神社、アクティ森、山間部、帰路の配車確認、迎車地点、荷物、繁忙期、夜間、配車不可時の代案を案内します。,,3,https://morimachi.enshu-lifehack.com/discover/morimachi-taxi-booking-guide/,False,True,False,32545
/discover/morimachi-travel-with-dogs/,静岡県森町を犬連れで観光する｜神社・横丁・アクティ森の確認法,静岡県森町を犬連れで観光する｜神社・横丁・アクティ森の確認法,discover,,,,,https://www.town.morimachi.shizuoka.jp/gyosei/kanko_bunka/kanko/index.html,,keep,,P3,大石浩之,作業中,discover,morimachi-travel-with-dogs,detail,,,静岡県森町の犬連れ観光を、施設ごとの同伴可否、境内・飲食・屋内・川・公園・キャンプに分けて確認。暑さ、車、排泄、リード、交代利用と代案も案内します。,,5,https://morimachi.enshu-lifehack.com/discover/morimachi-travel-with-dogs/,False,True,False,31570
/discover/morimachi-veterinary-care-guide/,静岡県森町の動物病院・犬猫の受診先確認｜予約から夜間の連絡順まで,静岡県森町の動物病院・犬猫の受診先確認｜予約から夜間の連絡順まで,discover,,,,,https://www.town.morimachi.shizuoka.jp/gyosei/machinososhiki/juminseikatsuka/seikatsukankyokakari/2/index.html,,keep,,P3,大石浩之,作業中,discover,morimachi-veterinary-care-guide,detail,,,静岡県森町で犬猫の動物病院を探す人へ、町内候補、周辺市の代案、予約、診療対象、持参物、移動、夜間緊急時の確認順と受診できない場合の対応まで丁寧に案内します。,,3,https://morimachi.enshu-lifehack.com/discover/morimachi-veterinary-care-guide/,False,True,False,32608
/discover/morimachi-wagashi-guide/,静岡県森町の和菓子めぐり｜栗蒸し羊羹・梅衣・季節菓子を買う順番,静岡県森町の和菓子めぐり｜栗蒸し羊羹・梅衣・季節菓子を買う順番,discover,,,,,https://www.town.morimachi.shizuoka.jp/gyosei/machinososhiki/sangyoseisakuka/kankoshinkokakari/2/601.html,,keep,,P3,大石浩之,作業中,discover,morimachi-wagashi-guide,detail,,,静岡県森町の和菓子めぐりを、栗蒸し羊羹・梅衣・最中などの商品差、予約、売り切れ、保存、贈答人数から組み立てます。福むら、栄正堂、月花園、村登屋の確認事項と車なしの町歩きも案内します。,,3,https://morimachi.enshu-lifehack.com/discover/morimachi-wagashi-guide/,False,True,False,38799
/discover/morimachi-weather-rain-radar/,静岡県森町の天気・雨雲レーダー確認法｜山間部・雷・川の予定まで判断,静岡県森町の天気・雨雲レーダー確認法｜山間部・雷・川の予定まで判断,discover,,,,,https://www.town.morimachi.shizuoka.jp/gyosei/bosai_anzen/bosai/1129.html,,keep,,P3,大石浩之,作業中,discover,morimachi-weather-rain-radar,detail,,,静岡県森町の天気を、予報、雨雲レーダー、警報・雷、河川水位、町の発表の順に確認。町なかと山間部の差、花めぐりや川遊び、公共交通の予定変更も案内します。,,4,https://morimachi.enshu-lifehack.com/discover/morimachi-weather-rain-radar/,False,True,False,30925
/discover/morimori-festival/,静岡県森町・もりもり2万人まつり＆農協祭｜出店・駐車・シャトル確認ガイド,静岡県森町・もりもり2万人まつり＆農協祭｜出店・駐車・シャトル確認ガイド,discover,,,,,https://www.town.morimachi.shizuoka.jp/gyosei/machinososhiki/sangyoseisakuka/sangyoshinkokakari/2/6233.html,,keep,,P3,大石浩之,作業中,discover,morimori-festival,detail,,,静岡県森町の産業祭について、森のまつりとの違い、当年の開催・出店・農産物・ステージ・駐車・シャトル、子連れ、現金、雨天、帰路まで丁寧に整理します。,,4,https://morimachi.enshu-lifehack.com/discover/morimori-festival/,False,True,False,30880
/discover/oguni-kotomachi-half-day/,静岡県森町・小國神社とことまち横丁の半日コース｜2〜4時間の組み方,静岡県森町・小國神社とことまち横丁の半日コース｜2〜4時間の組み方,discover,,,,,https://www.town.morimachi.shizuoka.jp/gyosei/kanko_bunka/kanko/index.html,,keep,,P3,大石浩之,作業中,discover,oguni-kotomachi-half-day,detail,,,静岡県森町の小國神社とことまち横丁を半日で巡る人へ、参拝・宮川・食事・御朱印の順、車とバス、季節の混雑、雨天や売切れ時の短縮方法を案内します。,,3,https://morimachi.enshu-lifehack.com/discover/oguni-kotomachi-half-day/,False,True,False,34078
/discover/oguni-shrine-access-parking/,静岡県森町・小國神社のアクセスと駐車場｜車と開運線で迷わない参拝準備,静岡県森町・小國神社のアクセスと駐車場｜車と開運線で迷わない参拝準備,discover,,,,,https://www.town.morimachi.shizuoka.jp/gyosei/kanko_bunka/kanko/index.html,,keep,,P3,大石浩之,作業中,discover,oguni-shrine-access-parking,detail,,,静岡県森町の小國神社へ向かう人に、遠州森町スマートICからの車移動、約700台の無料駐車場、繁忙期の誘導、天浜線と秋葉バス開運線、帰路の確認順を公式情報から案内します。,,3,https://morimachi.enshu-lifehack.com/discover/oguni-shrine-access-parking/,False,True,False,32932
/discover/oguni-shrine-autumn-leaves/,静岡県森町・小國神社の紅葉｜見頃・混雑・ライトアップを断定せずに計画する,静岡県森町・小國神社の紅葉｜見頃・混雑・ライトアップを断定せずに計画する,discover,,,,,https://www.town.morimachi.shizuoka.jp/material/files/group/4/honpen.pdf,,keep,,P3,大石浩之,作業中,discover,oguni-shrine-autumn-leaves,detail,,,小國神社の紅葉を、固定の見頃日や混雑しない時刻で断定せずに計画する実用案内。杜の四季、境内自然、静岡県周智郡森町の花めぐり、交通公式を使い、宮川沿い、駐車、公共交通、撮影、ことまち横丁まで確認順を整理します。,,3,https://morimachi.enshu-lifehack.com/discover/oguni-shrine-autumn-leaves/,False,True,False,31907
/discover/oguni-shrine-iris-garden/,静岡県森町・小國神社の花菖蒲園｜開花情報を確かめて歩く初夏の参拝,静岡県森町・小國神社の花菖蒲園｜開花情報を確かめて歩く初夏の参拝,discover,,,,,https://www.town.morimachi.shizuoka.jp/gyosei/machinososhiki/sangyoseisakuka/kankoshinkokakari/2/6787.html,,keep,,P3,大石浩之,作業中,discover,oguni-shrine-iris-garden,detail,,,静岡県森町の小國神社一宮花しょうぶ園について、当年の開園期間・見頃・料金の確かめ方、雨天の足元、駐車、参拝との回り方、子連れ・高齢者の準備を公式情報から整理します。,,3,https://morimachi.enshu-lifehack.com/discover/oguni-shrine-iris-garden/,False,True,False,32758
/discover/oguni-shrine-prayer-shichigosan/,静岡県森町・小國神社の祈祷と七五三｜受付から家族集合までの準備,静岡県森町・小國神社の祈祷と七五三｜受付から家族集合までの準備,discover,,,,,https://www.town.morimachi.shizuoka.jp/gyosei/kanko_bunka/kanko/index.html,,keep,,P3,大石浩之,作業中,discover,oguni-shrine-prayer-shichigosan,detail,,,静岡県森町の小國神社で祈祷、初宮詣、七五三詣を考える家族へ、予約・受付・初穂料・時間の最新確認、持参物、服装、集合、写真、休憩、混雑時の代案を公式情報から案内します。,,2,https://morimachi.enshu-lifehack.com/discover/oguni-shrine-prayer-shichigosan/,False,True,False,35403
/discover/oguni-shrine-river-walk/,静岡県森町・小國神社の宮川散策｜水位と足元を見て歩く神域の川辺,静岡県森町・小國神社の宮川散策｜水位と足元を見て歩く神域の川辺,discover,,,,,https://www.town.morimachi.shizuoka.jp/gyosei/machinososhiki/sangyoseisakuka/kankoshinkokakari/2/6713.html,,keep,,P3,大石浩之,作業中,discover,oguni-shrine-river-walk,detail,,,静岡県森町の小國神社を流れる宮川について、参拝地としての歩き方、水位・増水・滑りへの備え、子どもや犬との判断、靴と着替え、季節別の見どころ、撤退基準を公式情報から整理します。,,3,https://morimachi.enshu-lifehack.com/discover/oguni-shrine-river-walk/,False,True,False,34168
/discover/oguni-shrine-with-kids/,静岡県森町・小國神社を子連れで参拝｜年齢別の時間と休憩の組み方,静岡県森町・小國神社を子連れで参拝｜年齢別の時間と休憩の組み方,discover,,,,,https://www.town.morimachi.shizuoka.jp/gyosei/kanko_bunka/kanko/index.html,,keep,,P3,大石浩之,作業中,discover,oguni-shrine-with-kids,detail,,,静岡県森町の小國神社へ子どもと参拝する家族に、年齢別の時間枠、ベビーカーと段差の確認、トイレ・授乳・休憩、初宮詣・七五三、宮川、食事、混雑時の途中撤退を案内します。,,2,https://morimachi.enshu-lifehack.com/discover/oguni-shrine-with-kids/,False,True,False,36598
/discover/okuni-jinja-goshuin-guide/,静岡県森町・小國神社の御朱印ガイド｜参拝順、授与所、御朱印帳を確認する,静岡県森町・小國神社の御朱印ガイド｜参拝順、授与所、御朱印帳を確認する,discover,,,,,https://www.town.morimachi.shizuoka.jp/gyosei/kanko_bunka/kanko/1691.html,,keep,,P3,大石浩之,作業中,discover,okuni-jinja-goshuin-guide,detail,,,静岡県森町の小國神社で御朱印を受けたい人へ、参拝作法、境内の授与所確認、受付時間の問い合わせ、御朱印帳、限定頒布、初詣・祭事の混雑、公共交通と代案を公式情報から整理します。,,2,https://morimachi.enshu-lifehack.com/discover/okuni-jinja-goshuin-guide/,False,True,False,35897
/discover/parking-townwide/,静岡県森町の観光駐車場を目的地別に選ぶ｜満車・入口・帰路の確認ガイド,静岡県森町の観光駐車場を目的地別に選ぶ｜満車・入口・帰路の確認ガイド,discover,,,,,https://www.town.morimachi.shizuoka.jp/gyosei/kanko_bunka/kanko/index.html,,keep,,P3,大石浩之,作業中,discover,parking-townwide,detail,,,静岡県周智郡森町の観光駐車場を、遠州森駅・町なか、小國神社・ことまち横丁、アクティ森、文化会館、季節イベントに分け、当日の入口、料金、利用時間、満車時、帰路を確認する方法を整理します。,,5,https://morimachi.enshu-lifehack.com/discover/parking-townwide/,False,True,False,31360
/discover/pediatric-care/,静岡県森町の小児科・夜間小児相談｜平日・休日・深夜・119の確認順,静岡県森町の小児科・夜間小児相談｜平日・休日・深夜・119の確認順,discover,,,,,https://www.town.morimachi.shizuoka.jp/morikko/kenko/4804.html,,keep,,P3,大石浩之,作業中,discover,pediatric-care,detail,,,静岡県周智郡森町で子どもの急な体調不良に迷う保護者へ、平日の小児科、休日当番、夜間の#8000、公立森町病院への事前電話、医療情報ネット、119を混同しない確認手順を公式情報から整理します。,,2,https://morimachi.enshu-lifehack.com/discover/pediatric-care/,False,True,False,31641
/discover/relocation-support-morimachi/,静岡県森町の移住支援金・補助制度を年度別に確認する方法,静岡県森町の移住支援金・補助制度を年度別に確認する方法,discover,,,,,https://www.town.morimachi.shizuoka.jp/gyosei/machinososhiki/teijusuishinka/ijukoryugakari/2/izyusankouzyohou/2128.html,,keep,,P3,大石浩之,作業中,discover,relocation-support-morimachi,detail,,,静岡県森町の移住支援金・補助制度を年度別に調べる実務ガイド。対象者、起算日、申請前着手、予算、併用、期限を制度ごとに分け、転入・契約・着工・就業前に確認する表を示します。,,5,https://morimachi.enshu-lifehack.com/discover/relocation-support-morimachi/,False,True,False,34855
/discover/rengeji-bush-clover/,静岡県森町・蓮華寺の萩まつりと見頃｜開花と開催情報の確かめ方,静岡県森町・蓮華寺の萩まつりと見頃｜開花と開催情報の確かめ方,discover,,,,,https://www.town.morimachi.shizuoka.jp/gyosei/machinososhiki/sangyoseisakuka/kankoshinkokakari/2/6713.html,,keep,,P3,大石浩之,作業中,discover,rengeji-bush-clover,detail,,,静岡県森町の蓮華寺で萩を楽しむため、開花と萩まつりを分けて確認し、当年の催し、拝観、駐車、雨や暑さ、撮影、公共交通、中止時の代案を整理します。,,3,https://morimachi.enshu-lifehack.com/discover/rengeji-bush-clover/,False,True,False,29563
/discover/renting-homes/,静岡県森町で賃貸住宅・アパート・貸家を探す｜移動・費用・契約の確認手順,静岡県森町で賃貸住宅・アパート・貸家を探す｜移動・費用・契約の確認手順,discover,,,,,https://www.town.morimachi.shizuoka.jp/gyosei/machinososhiki/teijusuishinka/sumaishiengakari/4/412.html,,keep,,P3,大石浩之,作業中,discover,renting-homes,detail,,,静岡県周智郡森町で民間アパート、戸建貸家、町営住宅を探す人へ、募集確認、初期費用、駐車場、通勤通学、防災、内見、契約、周辺市の代案を整理します。,,4,https://morimachi.enshu-lifehack.com/discover/renting-homes/,False,True,False,30752
/discover/tenhama-morimachi-day-trip/,静岡県森町を天浜線で巡る一日｜遠州森駅・円田駅と三つの無理ない行程,静岡県森町を天浜線で巡る一日｜遠州森駅・円田駅と三つの無理ない行程,discover,,,,,https://www.town.morimachi.shizuoka.jp/gyosei/kanko_bunka/kanko/1691.html,,keep,,P3,大石浩之,作業中,discover,tenhama-morimachi-day-trip,detail,,,天浜線で静岡県周智郡森町を巡る一日を、遠州森駅と円田駅の使い分け、往復列車、町なか・小國神社・アクティ森の選択、イベント列車、雨天・乗り遅れ代案から整理します。,,3,https://morimachi.enshu-lifehack.com/discover/tenhama-morimachi-day-trip/,False,True,False,29965
/discover/tohtomi-sogo-high-school/,静岡県森町の県立遠江総合高等学校を調べる｜総合学科・学校生活・アクセス・入試の確認入口,静岡県森町の県立遠江総合高等学校を調べる｜総合学科・学校生活・アクセス・入試の確認入口,discover,,,,,https://www.town.morimachi.shizuoka.jp/gyosei/kurashi_tetsuzuki/kokyokotsu/index.html,,keep,,P3,大石浩之,作業中,discover,tohtomi-sogo-high-school,detail,,,静岡県周智郡森町の遠江総合高校について、総合学科と5系列の読み方、教育課程、学校説明会、年度別の入試資料、遠州森駅からの通学、帰路・災害時の確認順を公式情報から整理します。,,3,https://morimachi.enshu-lifehack.com/discover/tohtomi-sogo-high-school/,False,True,False,32908
/discover/vacant-house-care-morimachi/,静岡県森町の空き家・実家を売らずに管理する実務ガイド,静岡県森町の空き家・実家を売らずに管理する実務ガイド,discover,,,,,https://www.town.morimachi.shizuoka.jp/gyosei/machinososhiki/teijusuishinka/sumaishiengakari/2/2222.html,,keep,,P3,大石浩之,作業中,discover,vacant-house-care-morimachi,detail,,,静岡県森町の空き家・実家を売らずに管理する方法を、月次巡回、台風後点検、通風・通水、雨漏り、庭と越境、郵便、防犯、保険、写真台帳、遠方家族の分担、管理委託まで具体化します。,,3,https://morimachi.enshu-lifehack.com/discover/vacant-house-care-morimachi/,False,True,False,37222
/events/annual-calendar/,森町イベント年間カレンダー｜祭り・花・農産物 | 森町ライフハック,森町イベント年間カレンダー｜祭り・花・農産物,events,,,,,https://www.town.morimachi.shizuoka.jp/gyosei/kanko_bunka/index.html,2026-08-09,keep,,P3,大石浩之,作業中,events,annual-calendar,detail,,,静岡県森町の祭り、花、農産物、文化催事を春夏秋冬で整理。開催確定・例年・未発表を区別し、公式情報の確認順と交通の注意を案内します。桜、舞楽、花火、森のまつり、紅葉、初詣について、当年情報の見分け方と安全な参加準備が分かります。,,4,https://morimachi.enshu-lifehack.com/events/annual-calendar/,True,True,False,26124
/farmland/agricultural-zone-inquiry-record/,静岡県森町で農振農用地区域の照会結果を土地資料に残す | 森町ライフハック,森町で農振農用地区域の照会結果を土地資料に残す,farmland,,,,,https://www.town.morimachi.shizuoka.jp/gyosei/machinososhiki/norinseisakuka/nochikanrikakari/index.html,,keep,,P3,大石浩之,作業中,farmland,agricultural-zone-inquiry-record,detail,,,静岡県周智郡森町で農振農用地区域の照会結果を土地資料に残す。対象条件、必要資料、森町の公式窓口、確認する順番を分かりやすく整理します。実行前の注意点と家族へ残す記録も案内します。,,2,https://morimachi.enshu-lifehack.com/farmland/agricultural-zone-inquiry-record/,True,True,False,37205
/farmland/conversion-before-construction/,静岡県森町の農地転用手続き後、着工前に許可条件を読み直す | 森町ライフハック,森町の農地転用手続き後、着工前に許可条件を読み直す,farmland,,,,,https://www.town.morimachi.shizuoka.jp/gyosei/sangyo_shigoto/noringyo/6758.html,,keep,,P3,大石浩之,作業中,farmland,conversion-before-construction,detail,,,静岡県周智郡森町の農地転用手続き後、着工前に許可条件を読み直す。対象条件、必要資料、森町の公式窓口、確認する順番を分かりやすく整理します。実行前の注意点と家族へ残す記録も案内します。,,3,https://morimachi.enshu-lifehack.com/farmland/conversion-before-construction/,True,True,False,32973
/farmland/corporate-farmland-lease/,静岡県森町で法人が農地を借りる前に確認すること | 森町ライフハック,森町で法人が農地を借りる前に確認すること,farmland,,,,,https://www.town.morimachi.shizuoka.jp/gyosei/sangyo_shigoto/noringyo/5759.html,,keep,,P3,大石浩之,作業中,farmland,corporate-farmland-lease,detail,,,静岡県周智郡森町で法人が農地を借りる前に確認すること。対象条件、必要資料、森町の公式窓口、確認する順番を分かりやすく整理します。実行前の注意点と家族へ残す記録も案内します。,,2,https://morimachi.enshu-lifehack.com/farmland/corporate-farmland-lease/,True,True,False,31342
/farmland/electric-fence-site-layout/,静岡県森町で電気柵を買う前に安全配置図を作る｜道路・水路・注意表示・電源を一枚で確認 | 森町ライフハック,森町で電気柵を買う前に安全配置図を作る｜道路・水路・注意表示・電源を一枚で確認,farmland,,,,,https://www.town.morimachi.shizuoka.jp/gyosei/machinososhiki/norinseisakuka/rinseikakari/3/5293.html,,keep,,P3,大石浩之,作業中,farmland,electric-fence-site-layout,detail,,,静岡県周智郡森町で電気柵を買う前に安全配置図を作る。対象条件、必要資料、森町の公式窓口、確認する順番を分かりやすく整理します。実行前の注意点と家族へ残す記録も案内します。,,2,https://morimachi.enshu-lifehack.com/farmland/electric-fence-site-layout/,True,True,False,33322
/farmland/farm-drainage-damage/,静岡県森町の農地で用排水路が壊れたときの連絡順 | 森町ライフハック,森町の農地で用排水路が壊れたときの連絡順,farmland,,,,,https://www.town.morimachi.shizuoka.jp/gyosei/machinososhiki/norinseisakuka/nochikanrikakari/index.html,,keep,,P3,大石浩之,作業中,farmland,farm-drainage-damage,detail,,,静岡県周智郡森町の農地で用排水路が壊れたときの連絡順。対象条件、必要資料、森町の公式窓口、確認する順番を分かりやすく整理します。実行前の注意点と家族へ残す記録も案内します。,,2,https://morimachi.enshu-lifehack.com/farmland/farm-drainage-damage/,True,True,False,37236
/farmland/farm-residue-disposal/,静岡県森町の農地で剪定枝や稲わらを処理するとき | 森町ライフハック,森町の農地で剪定枝や稲わらを処理するとき,farmland,,,,,https://www.town.morimachi.shizuoka.jp/gyosei/machinososhiki/norinseisakuka/nochikanrikakari/index.html,,keep,,P3,大石浩之,作業中,farmland,farm-residue-disposal,detail,,,静岡県周智郡森町の農地で剪定枝や稲わらを処理するとき。対象条件、必要資料、森町の公式窓口、確認する順番を分かりやすく整理します。実行前の注意点と家族へ残す記録も案内します。,,2,https://morimachi.enshu-lifehack.com/farmland/farm-residue-disposal/,True,True,False,37289
/farmland/farm-storage-building/,静岡県森町の農地に農業用倉庫を建てる前に | 森町ライフハック,森町の農地に農業用倉庫を建てる前に,farmland,,,,,https://www.town.morimachi.shizuoka.jp/gyosei/machinososhiki/norinseisakuka/nochikanrikakari/index.html,,keep,,P3,大石浩之,作業中,farmland,farm-storage-building,detail,,,静岡県周智郡森町の農地に農業用倉庫を建てる前に。対象条件、必要資料、森町の公式窓口、確認する順番を分かりやすく整理します。実行前の注意点と家族へ残す記録も案内します。,,2,https://morimachi.enshu-lifehack.com/farmland/farm-storage-building/,True,True,False,37052
/farmland/farmland-application-calendar/,静岡県森町の令和8年度農業委員会カレンダー｜締切・発送・現地調査・総会の48日付 | 森町ライフハック,森町の令和8年度農業委員会カレンダー｜締切・発送・現地調査・総会の48日付,farmland,,,,,https://www.town.morimachi.shizuoka.jp/material/files/group/8/R8kaisainittei.pdf,,keep,,P3,大石浩之,作業中,farmland,farmland-application-calendar,detail,,,静岡県周智郡森町の令和8年度農業委員会カレンダー。対象条件、必要資料、森町の公式窓口、確認する順番を分かりやすく整理します。実行前の注意点と家族へ残す記録も案内します。,,3,https://morimachi.enshu-lifehack.com/farmland/farmland-application-calendar/,True,True,False,32663
/farmland/farmland-bank-preparation/,静岡県森町の農地を農地中間管理機構へ相談する前に | 森町ライフハック,森町の農地を農地中間管理機構へ相談する前に,farmland,,,,,https://www.town.morimachi.shizuoka.jp/gyosei/machinososhiki/norinseisakuka/nochikanrikakari/index.html,,keep,,P3,大石浩之,作業中,farmland,farmland-bank-preparation,detail,,,静岡県周智郡森町の農地を農地中間管理機構へ相談する前に。対象条件、必要資料、森町の公式窓口、確認する順番を分かりやすく整理します。実行前の注意点と家族へ残す記録も案内します。,,2,https://morimachi.enshu-lifehack.com/farmland/farmland-bank-preparation/,True,True,False,37268
/farmland/farmland-register-mismatch/,静岡県森町の農地台帳と現況が違うときの相談順 | 森町ライフハック,森町の農地台帳と現況が違うときの相談順,farmland,,,,,https://www.town.morimachi.shizuoka.jp/gyosei/machinososhiki/norinseisakuka/nochikanrikakari/index.html,,keep,,P3,大石浩之,作業中,farmland,farmland-register-mismatch,detail,,,静岡県周智郡森町の農地台帳と現況が違うときの相談順。対象条件、必要資料、森町の公式窓口、確認する順番を分かりやすく整理します。実行前の注意点と家族へ残す記録も案内します。,,2,https://morimachi.enshu-lifehack.com/farmland/farmland-register-mismatch/,True,True,False,37155
/farmland/,静岡県森町の農地｜状況から読む記事を選ぶ | 森町ライフハック,森町の農地｜どの記事から読むか,farmland,,,,,,,keep,,P3,大石浩之,作業中,farmland,index,hub,,,耕作、貸借、転用、水路、相続など、農地で最初に確かめる事項を選べます。,,0,https://morimachi.enshu-lifehack.com/farmland/,False,True,False,11466
/farmland/informal-farmland-cultivation/,静岡県森町の農地を親族以外が耕しているとき | 森町ライフハック,森町の農地を親族以外が耕しているとき,farmland,,,,,https://www.town.morimachi.shizuoka.jp/gyosei/machinososhiki/norinseisakuka/nochikanrikakari/index.html,,keep,,P3,大石浩之,作業中,farmland,informal-farmland-cultivation,detail,,,静岡県周智郡森町の農地を親族以外が耕しているとき。対象条件、必要資料、森町の公式窓口、確認する順番を分かりやすく整理します。実行前の注意点と家族へ残す記録も案内します。,,2,https://morimachi.enshu-lifehack.com/farmland/informal-farmland-cultivation/,True,True,False,37107
/farmland/inherited-parcel-list-check/,静岡県森町で農地を相続した後に地番一覧を農業委員会と照合する | 森町ライフハック,森町で農地を相続した後に地番一覧を農業委員会と照合する,farmland,,,,,https://www.town.morimachi.shizuoka.jp/gyosei/machinososhiki/norinseisakuka/nochikanrikakari/index.html,,keep,,P3,大石浩之,作業中,farmland,inherited-parcel-list-check,detail,,,静岡県周智郡森町で農地を相続した後に地番一覧を農業委員会と照合する。対象条件、必要資料、森町の公式窓口、確認する順番を分かりやすく整理します。実行前の注意点と家族へ残す記録も案内します。,,2,https://morimachi.enshu-lifehack.com/farmland/inherited-parcel-list-check/,True,True,False,37432
/farmland/paddy-water-route-map/,静岡県森町の田で用水・排水経路を現地図に残す方法 | 森町ライフハック,森町の田で用水・排水経路を現地図に残す方法,farmland,,,,,https://www.town.morimachi.shizuoka.jp/gyosei/machinososhiki/norinseisakuka/nochikanrikakari/index.html,,keep,,P3,大石浩之,作業中,farmland,paddy-water-route-map,detail,,,静岡県周智郡森町の田で用水・排水経路を現地図に残す方法。対象条件、必要資料、森町の公式窓口、確認する順番を分かりやすく整理します。実行前の注意点と家族へ残す記録も案内します。,,2,https://morimachi.enshu-lifehack.com/farmland/paddy-water-route-map/,True,True,False,37024
/farmland/regional-plan-farmland-map/,静岡県森町の地域計画・目標地図を一筆ごとの照合票へする｜所有者・耕作者・将来の担い手を分けて記録 | 森町ライフハック,森町の地域計画・目標地図を一筆ごとの照合票へする｜所有者・耕作者・将来の担い手を分けて記録,farmland,,,,,https://www.town.morimachi.shizuoka.jp/gyosei/sangyo_shigoto/noringyo/5800.html,,keep,,P3,大石浩之,作業中,farmland,regional-plan-farmland-map,detail,,,静岡県周智郡森町の地域計画・目標地図を一筆ごとの照合票へする。対象条件、必要資料、森町の公式窓口、確認する順番を分かりやすく整理します。実行前の注意点と家族へ残す記録も案内します。,,4,https://morimachi.enshu-lifehack.com/farmland/regional-plan-farmland-map/,True,True,False,33467
/farmland/unused-farmland-mowing-plan/,静岡県森町の耕作していない農地で草刈り計画を作る | 森町ライフハック,森町の耕作していない農地で草刈り計画を作る,farmland,,,,,https://www.town.morimachi.shizuoka.jp/gyosei/machinososhiki/norinseisakuka/nochikanrikakari/index.html,,keep,,P3,大石浩之,作業中,farmland,unused-farmland-mowing-plan,detail,,,静岡県周智郡森町の耕作していない農地で草刈り計画を作る。対象条件、必要資料、森町の公式窓口、確認する順番を分かりやすく整理します。実行前の注意点と家族へ残す記録も案内します。,,2,https://morimachi.enshu-lifehack.com/farmland/unused-farmland-mowing-plan/,True,True,False,37382
/food/kankanmusume/,静岡県森町の甘々娘完全ガイド｜特徴・旬・買い方 | 森町ライフハック,🌽 森町の甘々娘完全ガイド｜特徴・旬・買い方,food,,,,,https://www.town.morimachi.shizuoka.jp/gyosei/machinososhiki/teijusuishinka/ijukoryugakari/2/izyusankouzyohou/2119.html,2026-08-09,keep,,P3,大石浩之,作業中,food,kankanmusume,detail,,,静岡県森町で甘々娘を探す人向けに、販売者の見つけ方、当日の在庫確認、直売所のマナー、選び方、保冷、保存、食べ方を整理。時期・価格・営業時間は販売者の最新案内へ確認します。,,1,https://morimachi.enshu-lifehack.com/food/kankanmusume/,True,True,False,27016
/food/souvenirs/,静岡県森町のお土産選び｜お茶・農産物・菓子の確認ガイド | 森町ライフハック,森町のお土産選び｜お茶・農産物・菓子の確認ガイド,food,,,,,https://www.town.morimachi.shizuoka.jp/gyosei/sangyo_shigoto/noringyo/index.html,2026-08-09,keep,,P3,大石浩之,作業中,food,souvenirs,detail,,,静岡県森町のお土産を、渡す相手、保存条件、持ち運び時間、産地表示を確認して選ぶための実用ガイド。公式資料、現地確認、注意点、FAQ、次に読むページを整理しました。,,2,https://morimachi.enshu-lifehack.com/food/souvenirs/,True,True,False,29931
/forest/bamboo-forest-management/,静岡県森町の竹林が広がったときの管理相談 | 森町ライフハック,森町の竹林が広がったときの管理相談,forest,,,,,https://www.town.morimachi.shizuoka.jp/gyosei/sangyo_shigoto/noringyo/index.html,,keep,,P3,大石浩之,作業中,forest,bamboo-forest-management,detail,,,静岡県周智郡森町の竹林が広がったときの管理相談。対象条件、必要資料、森町の公式窓口、確認する順番を分かりやすく整理します。実行前の注意点と家族へ残す記録も案内します。,,2,https://morimachi.enshu-lifehack.com/forest/bamboo-forest-management/,True,True,False,37064
/forest/forest-access-road/,静岡県森町の山林へ入る道がないときに確認すること | 森町ライフハック,森町の山林へ入る道がないときに確認すること,forest,,,,,https://www.town.morimachi.shizuoka.jp/gyosei/sangyo_shigoto/noringyo/index.html,,keep,,P3,大石浩之,作業中,forest,forest-access-road,detail,,,静岡県周智郡森町の山林へ入る道がないときに確認すること。対象条件、必要資料、森町の公式窓口、確認する順番を分かりやすく整理します。実行前の注意点と家族へ残す記録も案内します。,,2,https://morimachi.enshu-lifehack.com/forest/forest-access-road/,True,True,False,37238
/forest/forest-boundary-records/,静岡県森町の山林で境界が分からないときの記録集め | 森町ライフハック,森町の山林で境界が分からないときの記録集め,forest,,,,,https://www.town.morimachi.shizuoka.jp/gyosei/sangyo_shigoto/noringyo/index.html,,keep,,P3,大石浩之,作業中,forest,forest-boundary-records,detail,,,静岡県周智郡森町の山林で境界が分からないときの記録集め。対象条件、必要資料、森町の公式窓口、確認する順番を分かりやすく整理します。実行前の注意点と家族へ残す記録も案内します。,,2,https://morimachi.enshu-lifehack.com/forest/forest-boundary-records/,True,True,False,37263
/forest/forest-felling-notice/,静岡県森町の伐採届と二つの完了報告を一件工程表でつなぐ | 森町ライフハック,森町の伐採届と二つの完了報告を一件工程表でつなぐ,forest,,,,,https://www.town.morimachi.shizuoka.jp/gyosei/sangyo_shigoto/noringyo/1250.html,,keep,,P3,大石浩之,作業中,forest,forest-felling-notice,detail,,,静岡県周智郡森町の伐採届と二つの完了報告を一件工程表でつなぐ。対象条件、必要資料、森町の公式窓口、確認する順番を分かりやすく整理します。実行前の注意点と家族へ残す記録も案内します。,,2,https://morimachi.enshu-lifehack.com/forest/forest-felling-notice/,True,True,False,32770
/forest/forest-landslide-risk/,静岡県森町の山林と土砂災害区域を重ねて確認する | 森町ライフハック,森町の山林と土砂災害区域を重ねて確認する,forest,,,,,https://www.town.morimachi.shizuoka.jp/gyosei/sangyo_shigoto/noringyo/index.html,,keep,,P3,大石浩之,作業中,forest,forest-landslide-risk,detail,,,静岡県周智郡森町の山林と土砂災害区域を重ねて確認する。対象条件、必要資料、森町の公式窓口、確認する順番を分かりやすく整理します。実行前の注意点と家族へ残す記録も案内します。,,2,https://morimachi.enshu-lifehack.com/forest/forest-landslide-risk/,True,True,False,37238
/forest/forest-reforestation-plan/,静岡県森町の山林で伐採後の造林計画を考える | 森町ライフハック,森町の山林で伐採後の造林計画を考える,forest,,,,,https://www.town.morimachi.shizuoka.jp/gyosei/sangyo_shigoto/noringyo/index.html,,keep,,P3,大石浩之,作業中,forest,forest-reforestation-plan,detail,,,静岡県周智郡森町の山林で伐採後の造林計画を考える。対象条件、必要資料、森町の公式窓口、確認する順番を分かりやすく整理します。実行前の注意点と家族へ残す記録も案内します。,,2,https://morimachi.enshu-lifehack.com/forest/forest-reforestation-plan/,True,True,False,37036
/forest/forest-register-map/,静岡県森町の森林簿と森林計画図を確認する方法 | 森町ライフハック,森町の森林簿と森林計画図を確認する方法,forest,,,,,https://www.town.morimachi.shizuoka.jp/gyosei/sangyo_shigoto/noringyo/index.html,,keep,,P3,大石浩之,作業中,forest,forest-register-map,detail,,,静岡県周智郡森町の森林簿と森林計画図を確認する方法。対象条件、必要資料、森町の公式窓口、確認する順番を分かりやすく整理します。実行前の注意点と家族へ残す記録も案内します。,,2,https://morimachi.enshu-lifehack.com/forest/forest-register-map/,True,True,False,37117
/forest/,静岡県森町の山林｜状況から読む記事を選ぶ | 森町ライフハック,森町の山林｜どの記事から読むか,forest,,,,,,,keep,,P3,大石浩之,作業中,forest,index,hub,,,境界、進入路、伐採、届出、災害リスク、家族への引継ぎを順に確認できます。,,0,https://morimachi.enshu-lifehack.com/forest/,False,True,False,9496
/forest/owner-notice-location-map/,静岡県森町の森林土地所有者届に添える位置図を準備する | 森町ライフハック,森町の森林土地所有者届に添える位置図を準備する,forest,,,,,https://www.town.morimachi.shizuoka.jp/gyosei/sangyo_shigoto/noringyo/1307.html,,keep,,P3,大石浩之,作業中,forest,owner-notice-location-map,detail,,,静岡県周智郡森町の森林土地所有者届に添える位置図を準備する。対象条件、必要資料、森町の公式窓口、確認する順番を分かりやすく整理します。実行前の注意点と家族へ残す記録も案内します。,,2,https://morimachi.enshu-lifehack.com/forest/owner-notice-location-map/,True,True,False,32588
/forest/roadside-dangerous-tree/,静岡県森町の道路沿い山林で危険木が気になるとき | 森町ライフハック,森町の道路沿い山林で危険木が気になるとき,forest,,,,,https://www.town.morimachi.shizuoka.jp/gyosei/sangyo_shigoto/noringyo/index.html,,keep,,P3,大石浩之,作業中,forest,roadside-dangerous-tree,detail,,,静岡県周智郡森町の道路沿い山林で危険木が気になるとき。対象条件、必要資料、森町の公式窓口、確認する順番を分かりやすく整理します。実行前の注意点と家族へ残す記録も案内します。,,2,https://morimachi.enshu-lifehack.com/forest/roadside-dangerous-tree/,True,True,False,37296
/forest/shared-title-share-records/,静岡県森町の共有名義の山林を相続する前に持分資料を整理する | 森町ライフハック,森町の共有名義の山林を相続する前に持分資料を整理する,forest,,,,,https://www.town.morimachi.shizuoka.jp/gyosei/sangyo_shigoto/noringyo/index.html,,keep,,P3,大石浩之,作業中,forest,shared-title-share-records,detail,,,静岡県周智郡森町の共有名義の山林を相続する前に持分資料を整理する。対象条件、必要資料、森町の公式窓口、確認する順番を分かりやすく整理します。実行前の注意点と家族へ残す記録も案内します。,,2,https://morimachi.enshu-lifehack.com/forest/shared-title-share-records/,True,True,False,37361
/guide/access/,静岡県森町へのアクセス完全ガイド｜車・電車・バス別 | 森町ライフハック,森町へのアクセス完全ガイド｜車・電車・バス別,guide,,,,,https://www.town.morimachi.shizuoka.jp/gyosei/machinososhiki/seisakukikakuka/seisakukikakugakari/4/422.html,2026-08-09,keep,,P3,大石浩之,作業中,guide,access,detail,,,静岡県森町へのアクセスを、車、天竜浜名湖鉄道、路線バス、町営バス別に比較。目的地までの最終区間と帰路の決め方を公式情報で案内します。駅・ICを目的地別に選ぶ方法、運休・満車時の代替案、子連れ・高齢者の注意も整理しました。,,2,https://morimachi.enshu-lifehack.com/guide/access/,True,True,False,25803
/guide/bicycle-safety-rules/,静岡県森町で自転車に乗る前に｜ヘルメット・保険・夜間走行を確認 | 森町ライフハック,森町で自転車に乗る前に｜ヘルメット・保険・夜間走行を確認,guide,,,,,https://www.town.morimachi.shizuoka.jp/gyosei/kurashi_tetsuzuki/kokyokotsu/1580.html,,keep,,P3,大石浩之,作業中,guide,bicycle-safety-rules,detail,,,静岡県周智郡森町で自転車に乗る前に。対象条件、必要資料、森町の公式窓口、確認する順番を分かりやすく整理します。実行前の注意点と家族へ残す記録も案内します。,,3,https://morimachi.enshu-lifehack.com/guide/bicycle-safety-rules/,True,True,False,36650
/guide/commute-cost-record/,静岡県森町で通勤通学の交通費を記録する｜定期・回数・送迎負担を同じ表で比較 | 森町ライフハック,森町で通勤通学の交通費を記録する｜定期・回数・送迎負担を同じ表で比較,guide,,,,,https://www.town.morimachi.shizuoka.jp/gyosei/kurashi_tetsuzuki/kokyokotsu/1580.html,,keep,,P3,大石浩之,作業中,guide,commute-cost-record,detail,,,静岡県周智郡森町で通勤通学の交通費を記録する。対象条件、必要資料、森町の公式窓口、確認する順番を分かりやすく整理します。実行前の注意点と家族へ残す記録も案内します。,,3,https://morimachi.enshu-lifehack.com/guide/commute-cost-record/,True,True,False,36360
/guide/drivers-license-return-mobility/,静岡県森町の免許返納助成を二つの期限で管理する｜経歴証明書と交通利用券 | 森町ライフハック,森町の免許返納助成を二つの期限で管理する｜経歴証明書と交通利用券,guide,,,,,https://www.town.morimachi.shizuoka.jp/gyosei/machinososhiki/kikikanrika/kikikanrikakari/3/2438.html,,keep,,P3,大石浩之,作業中,guide,drivers-license-return-mobility,detail,,,静岡県周智郡森町の免許返納助成を二つの期限で管理する。対象条件、必要資料、森町の公式窓口、確認する順番を分かりやすく整理します。実行前の注意点と家族へ残す記録も案内します。,,2,https://morimachi.enshu-lifehack.com/guide/drivers-license-return-mobility/,True,True,False,32992
/guide/family-trip/,子どもと楽しむ静岡県森町｜家族旅行の計画と安全確認 | 森町ライフハック,子どもと楽しむ森町｜家族旅行の計画と安全確認,guide,,,,,https://www.town.morimachi.shizuoka.jp/gyosei/kanko_bunka/kanko/index.html,2026-08-09,keep,,P3,大石浩之,作業中,guide,family-trip,detail,,,静岡県森町の子連れ観光を、年齢、休憩、食事、トイレ、安全を一日の動線に重ねて計画するための実用ガイド。公式資料、現地確認、注意点、FAQ、次に読むページを整理しました。,,1,https://morimachi.enshu-lifehack.com/guide/family-trip/,True,True,False,29917
/guide/,静岡県森町の交通・訪問ガイド｜状況から読む記事を選ぶ | 森町ライフハック,森町の交通・訪問ガイド｜どの記事から読むか,guide,,,,,,,keep,,P3,大石浩之,作業中,guide,index,hub,,,鉄道、バス、道路、徒歩、家族送迎など、往路と帰路を一緒に確認できます。,,0,https://morimachi.enshu-lifehack.com/guide/,False,True,False,10545
/guide/medical-visit-public-transit-plan/,静岡県森町の公共交通で通院日を組み立てる｜予約時刻・乗継・帰り便を先に確認 | 森町ライフハック,森町の公共交通で通院日を組み立てる｜予約時刻・乗継・帰り便を先に確認,guide,,,,,https://www.town.morimachi.shizuoka.jp/gyosei/kurashi_tetsuzuki/kokyokotsu/1580.html,,keep,,P3,大石浩之,作業中,guide,medical-visit-public-transit-plan,detail,,,静岡県周智郡森町の公共交通で通院日を組み立てる。対象条件、必要資料、森町の公式窓口、確認する順番を分かりやすく整理します。実行前の注意点と家族へ残す記録も案内します。,,3,https://morimachi.enshu-lifehack.com/guide/medical-visit-public-transit-plan/,True,True,False,36520
/guide/morimachi-complete-guide/,静岡県森町完全ガイド｜観光・暮らし・特産品・アクセス | 森町ライフハック,静岡県森町完全ガイド｜観光・暮らし・特産品・アクセス,guide,,,,,https://www.town.morimachi.shizuoka.jp/gyosei/kanko_bunka/index.html,2026-08-09,keep,,P3,大石浩之,作業中,guide,morimachi-complete-guide,detail,,,静岡県周智郡森町を初めて訪れる人へ、小國神社、町並み、茶、体験、六地区の位置関係と回り方を、公式情報を基に実用順で案内します。車・鉄道・バスの選び方、季節情報の確かめ方、撮影や安全の注意も分かります。,,3,https://morimachi.enshu-lifehack.com/guide/morimachi-complete-guide/,True,True,False,30125
/guide/okuni-jinja-hatsumode/,小國神社の初詣｜混雑・交通・服装・参拝前の確認 | 静岡県森町ライフハック,小國神社の初詣｜混雑・交通・服装・参拝前の確認,guide,,,,,https://www.town.morimachi.shizuoka.jp/gyosei/machinososhiki/seisakukikakuka/seisakukikakugakari/4/422.html,2026-08-09,keep,,P3,大石浩之,作業中,guide,okuni-jinja-hatsumode,detail,,,静岡県森町・小國神社の初詣を計画する人へ、年末年始の公式発表、交通、駐車、混雑、服装、子連れ・高齢者の準備、参拝後の帰路を確認する順序を案内します。過去年の日程や規制を流用せず、当年情報へ戻る実用ガイドです。,,1,https://morimachi.enshu-lifehack.com/guide/okuni-jinja-hatsumode/,True,True,False,26086
/guide/one-day-course/,静岡県森町観光モデルコース｜一日で歴史・自然・町歩き | 森町ライフハック,森町観光モデルコース｜一日で歴史・自然・町歩き,guide,,,,,https://www.town.morimachi.shizuoka.jp/gyosei/kanko_bunka/kanko/index.html,2026-08-09,keep,,P3,大石浩之,作業中,guide,one-day-course,detail,,,静岡県森町の一日観光を、移動時間と滞在時間を分け、詰め込みすぎない一日を組み立てるための実用ガイド。公式資料、現地確認、注意点、FAQ、次に読むページを整理しました。,,1,https://morimachi.enshu-lifehack.com/guide/one-day-course/,True,True,False,31026
/guide/public-transport-lost-property/,静岡県森町の鉄道・バスに忘れ物をしたとき｜運行者と警察への連絡順序 | 森町ライフハック,森町の鉄道・バスに忘れ物をしたとき｜運行者と警察への連絡順序,guide,,,,,https://www.town.morimachi.shizuoka.jp/gyosei/kurashi_tetsuzuki/kokyokotsu/1580.html,,keep,,P3,大石浩之,作業中,guide,public-transport-lost-property,detail,,,静岡県周智郡森町の鉄道・バスに忘れ物をしたとき。対象条件、必要資料、森町の公式窓口、確認する順番を分かりやすく整理します。実行前の注意点と家族へ残す記録も案内します。,,3,https://morimachi.enshu-lifehack.com/guide/public-transport-lost-property/,True,True,False,37473
/guide/road-occupancy-use-permits/,静岡県森町で道路占用・道路使用を申請する前に｜管理者と警察を分けて確認 | 森町ライフハック,森町で道路占用・道路使用を申請する前に｜管理者と警察を分けて確認,guide,,,,,https://www.town.morimachi.shizuoka.jp/gyosei/kurashi_tetsuzuki/kokyokotsu/1580.html,,keep,,P3,大石浩之,作業中,guide,road-occupancy-use-permits,detail,,,静岡県周智郡森町で道路占用・道路使用を申請する前に。対象条件、必要資料、森町の公式窓口、確認する順番を分かりやすく整理します。実行前の注意点と家族へ残す記録も案内します。,,3,https://morimachi.enshu-lifehack.com/guide/road-occupancy-use-permits/,True,True,False,37386
/guide/roadwork-traffic-restriction-check/,静岡県森町の道路工事・通行規制を外出前に確認する｜町道・県道・国道を分ける | 森町ライフハック,森町の道路工事・通行規制を外出前に確認する｜町道・県道・国道を分ける,guide,,,,,https://www.town.morimachi.shizuoka.jp/gyosei/kurashi_tetsuzuki/kokyokotsu/1580.html,,keep,,P3,大石浩之,作業中,guide,roadwork-traffic-restriction-check,detail,,,静岡県周智郡森町の道路工事・通行規制を外出前に確認する。対象条件、必要資料、森町の公式窓口、確認する順番を分かりやすく整理します。実行前の注意点と家族へ残す記録も案内します。,,3,https://morimachi.enshu-lifehack.com/guide/roadwork-traffic-restriction-check/,True,True,False,36513
/guide/senior-friendly-trip/,無理なく巡る静岡県森町｜シニア向け観光計画ガイド | 森町ライフハック,無理なく巡る森町｜シニア向け観光計画ガイド,guide,,,,,https://www.town.morimachi.shizuoka.jp/gyosei/kanko_bunka/kanko/index.html,2026-08-09,keep,,P3,大石浩之,作業中,guide,senior-friendly-trip,detail,,,静岡県森町のゆとりある観光を、歩行距離、段差、休憩、移動手段を先に確認して訪問先を絞るための実用ガイド。公式資料、現地確認、注意点、FAQ、次に読むページを整理しました。,,1,https://morimachi.enshu-lifehack.com/guide/senior-friendly-trip/,True,True,False,30022
/guide/station-family-pickup-plan/,静岡県森町の駅で家族を送迎するとき｜列車時刻・待合せ・周辺通行を確認 | 森町ライフハック,森町の駅で家族を送迎するとき｜列車時刻・待合せ・周辺通行を確認,guide,,,,,https://www.town.morimachi.shizuoka.jp/gyosei/kurashi_tetsuzuki/kokyokotsu/1580.html,,keep,,P3,大石浩之,作業中,guide,station-family-pickup-plan,detail,,,静岡県周智郡森町の駅で家族を送迎するとき。対象条件、必要資料、森町の公式窓口、確認する順番を分かりやすく整理します。実行前の注意点と家族へ残す記録も案内します。,,3,https://morimachi.enshu-lifehack.com/guide/station-family-pickup-plan/,True,True,False,36317
/guide/train-trip/,天浜線で巡る静岡県森町｜駅から歩く電車旅ガイド | 森町ライフハック,天浜線で巡る森町｜駅から歩く電車旅ガイド,guide,,,,,https://www.town.morimachi.shizuoka.jp/gyosei/kanko_bunka/kanko/index.html,2026-08-09,keep,,P3,大石浩之,作業中,guide,train-trip,detail,,,静岡県森町の天浜線の電車旅を、町内駅から目的地までの往復動線と帰りの列車を先に決めるための実用ガイド。公式資料、現地確認、注意点、FAQ、次に読むページを整理しました。,,1,https://morimachi.enshu-lifehack.com/guide/train-trip/,True,True,False,30014
/guide/transit-service-status-check/,静岡県森町の鉄道・バス運行情報を外出前に確認する｜遅延時の代替連絡まで | 森町ライフハック,森町の鉄道・バス運行情報を外出前に確認する｜遅延時の代替連絡まで,guide,,,,,https://www.town.morimachi.shizuoka.jp/gyosei/kurashi_tetsuzuki/kokyokotsu/1580.html,,keep,,P3,大石浩之,作業中,guide,transit-service-status-check,detail,,,静岡県周智郡森町の鉄道・バス運行情報を外出前に確認する。対象条件、必要資料、森町の公式窓口、確認する順番を分かりやすく整理します。実行前の注意点と家族へ残す記録も案内します。,,3,https://morimachi.enshu-lifehack.com/guide/transit-service-status-check/,True,True,False,36696
/guide/walk-to-bus-stop-check/,静岡県森町でバス停までの徒歩経路を確かめる｜見通し・待ち場所・帰路を実測 | 森町ライフハック,森町でバス停までの徒歩経路を確かめる｜見通し・待ち場所・帰路を実測,guide,,,,,https://www.town.morimachi.shizuoka.jp/gyosei/kurashi_tetsuzuki/kokyokotsu/1580.html,,keep,,P3,大石浩之,作業中,guide,walk-to-bus-stop-check,detail,,,静岡県周智郡森町でバス停までの徒歩経路を確かめる。対象条件、必要資料、森町の公式窓口、確認する順番を分かりやすく整理します。実行前の注意点と家族へ残す記録も案内します。,,3,https://morimachi.enshu-lifehack.com/guide/walk-to-bus-stop-check/,True,True,False,36459
/history/cultural-heritage/,静岡県森町の文化財・史跡・伝承ガイド | 森町ライフハック,森町の文化財・史跡・伝承ガイド,history,,,,,https://www.town.morimachi.shizuoka.jp/gyosei/machinososhiki/bunkakaikan/bunka/901.html,2026-08-09,keep,,P3,大石浩之,作業中,history,cultural-heritage,detail,,,静岡県森町の文化財を、指定文化財、史跡、石碑、伝承を、指定の有無と資料の種類を分けて調べるための実用ガイド。公式資料、現地確認、注意点、FAQ、次に読むページを整理しました。,,2,https://morimachi.enshu-lifehack.com/history/cultural-heritage/,True,True,False,28728
/history/districts/,静岡県森町六地区の歴史｜森・一宮・飯田・園田・天方・三倉 | 森町ライフハック,森町六地区の歴史｜森・一宮・飯田・園田・天方・三倉,history,,,,,https://www.town.morimachi.shizuoka.jp/gyosei/machinososhiki/bunkakaikan/bunka/901.html,2026-08-09,keep,,P3,大石浩之,作業中,history,districts,detail,,,静岡県森町の地区史を、六地区を同じ型で比べず、地形、交通、集落形成、寺社との関係から個別に読むための実用ガイド。公式資料、現地確認、注意点、FAQ、次に読むページを整理しました。,,2,https://morimachi.enshu-lifehack.com/history/districts/,True,True,False,29487
/history/little-kyoto/,なぜ静岡県森町は「遠州の小京都」なのか｜町並み・文化・水 | 森町ライフハック,なぜ森町は「遠州の小京都」なのか｜町並み・文化・水,history,,,,,https://www.town.morimachi.shizuoka.jp/gyosei/choseijoho/machinokeikaku_torikumi/6004.html,,keep,,P3,大石浩之,作業中,history,little-kyoto,detail,,,静岡県森町が遠州の小京都と呼ばれる由来を、森町之賦、全国京都会議への加盟、山・太田川・町並み・舞楽から確認し、現代の歩き方と観覧マナーを公式情報付きで案内します。,,2,https://morimachi.enshu-lifehack.com/history/little-kyoto/,True,True,False,26446
/history/mori-no-ishimatsu/,森の石松と静岡県森町｜伝承・浪曲・史料を分けて読む | 森町ライフハック,森の石松と森町｜伝承・浪曲・史料を分けて読む,history,,,,,https://www.town.morimachi.shizuoka.jp/gyosei/kanko_bunka/bunkazai/index.html,2026-08-09,keep,,P3,大石浩之,作業中,history,mori-no-ishimatsu,detail,,,静岡県森町の森の石松を、物語として広まった像と確認できる地域資料を分けてたどるための実用ガイド。公式資料、現地確認、注意点、FAQ、次に読むページを整理しました。,,2,https://morimachi.enshu-lifehack.com/history/mori-no-ishimatsu/,True,True,False,29657
/history/morimachi-timeline/,静岡県森町歴史年表｜近代・昭和・平成と町村合併 | 森町ライフハック,森町歴史年表｜近代・昭和・平成と町村合併,history,,,,,https://www.town.morimachi.shizuoka.jp/gyosei/machinososhiki/bunkakaikan/bunka/901.html,2026-08-09,keep,,P3,大石浩之,作業中,history,morimachi-timeline,detail,,,静岡県森町の歴史年表を、出来事を年代順に並べ、町村合併と暮らしの変化を同じ時間軸で読むための実用ガイド。公式資料、現地確認、注意点、FAQ、次に読むページを整理しました。,,2,https://morimachi.enshu-lifehack.com/history/morimachi-timeline/,True,True,False,28970
/history/place-names/,静岡県森町の地名・旧村・字を読み解く | 森町ライフハック,森町の地名・旧村・字を読み解く,history,,,,,https://www.town.morimachi.shizuoka.jp/gyosei/machinososhiki/bunkakaikan/bunka/901.html,2026-08-09,keep,,P3,大石浩之,作業中,history,place-names,detail,,,静岡県森町の地名を、旧村、字・大字、地名の由来を、現在の六地区との対応から確認するための実用ガイド。公式資料、現地確認、注意点、FAQ、次に読むページを整理しました。,,2,https://morimachi.enshu-lifehack.com/history/place-names/,True,True,False,28427
/history/roads/,静岡県森町の街道と古道｜秋葉街道・道標・交通史 | 森町ライフハック,森町の街道と古道｜秋葉街道・道標・交通史,history,,,,,https://www.town.morimachi.shizuoka.jp/gyosei/machinososhiki/bunkakaikan/bunka/901.html,2026-08-09,keep,,P3,大石浩之,作業中,history,roads,detail,,,静岡県森町の街道を、秋葉街道、古道、道標を移動の歴史としてつなぎ、現地で安全に確かめるための実用ガイド。公式資料、現地確認、注意点、FAQ、次に読むページを整理しました。,,2,https://morimachi.enshu-lifehack.com/history/roads/,True,True,False,28794
/housing/disaster-risk/,静岡県森町の災害リスクと住宅選び｜ハザードマップの読み方 | 森町ライフハック,森町の災害リスクと住宅選び｜ハザードマップの読み方,housing,property,家・土地,,,https://www.town.morimachi.shizuoka.jp/gyosei/machinososhiki/teijusuishinka/sumaishiengakari/1/558.html,2026-08-09,keep,,P3,大石浩之,作業中,housing,disaster-risk,detail,,,静岡県森町の災害リスクを、浸水、土砂災害、地震、避難路を重ね、土地・建物・家族条件ごとに確認するための実用ガイド。公式資料、現地確認、注意点、FAQ、次に読むページを整理しました。,,2,https://morimachi.enshu-lifehack.com/housing/disaster-risk/,True,True,False,28623
/housing/districts/,静岡県森町六地区の住宅事情｜暮らしと家探しの違い | 森町ライフハック,森町六地区の住宅事情｜暮らしと家探しの違い,housing,property,家・土地,,,https://www.town.morimachi.shizuoka.jp/gyosei/machinososhiki/teijusuishinka/sumaishiengakari/1/558.html,2026-08-09,keep,,P3,大石浩之,作業中,housing,districts,detail,,,静岡県森町の地区別住宅を、六地区の住環境を、移動、買物、学校、地形、管理負担の観点で比較するための実用ガイド。公式資料、現地確認、注意点、FAQ、次に読むページを整理しました。,,2,https://morimachi.enshu-lifehack.com/housing/districts/,True,True,False,29146
/housing/kominka/,静岡県森町で古民家を探して暮らす前の確認ガイド | 森町ライフハック,森町で古民家を探して暮らす前の確認ガイド,housing,property,家・土地,,,https://www.town.morimachi.shizuoka.jp/gyosei/machinososhiki/teijusuishinka/sumaishiengakari/1/558.html,2026-08-09,keep,,P3,大石浩之,作業中,housing,kominka,detail,,,静岡県森町の古民家を、雰囲気だけで決めず、構造、雨漏り、境界、設備、改修費、地域管理を順に確認するための実用ガイド。公式資料、現地確認、注意点、FAQ、次に読むページを整理しました。,,2,https://morimachi.enshu-lifehack.com/housing/kominka/,True,True,False,29684
/housing/land-selection/,静岡県森町の土地・住宅選び完全ガイド | 森町ライフハック,森町の土地・住宅選び完全ガイド,housing,property,家・土地,,,https://www.town.morimachi.shizuoka.jp/gyosei/machinososhiki/teijusuishinka/sumaishiengakari/1/558.html,2026-08-09,keep,,P3,大石浩之,作業中,housing,land-selection,detail,,,静岡県森町の土地選びを、価格だけでなく接道、上下水道、農地、学区、通勤、維持負担を同時に確認するための実用ガイド。公式資料、現地確認、注意点、FAQ、次に読むページを整理しました。,,2,https://morimachi.enshu-lifehack.com/housing/land-selection/,True,True,False,28985
/hub/care/,親・介護｜静岡県森町の手続き・相談先｜森町ライフハック,親・介護,hub,,,,,https://www.town.morimachi.shizuoka.jp/gyosei/machinososhiki/hokenfukushika/chiikihokatsushiencenterkakari/2/3999.html,2026-08-04,keep,,P3,大石浩之,作業中,hub,care,detail,,,親の介護が心配になったとき、何から始めればよいかを順番に案内します。相談窓口、要介護認定、認定後のケアプラン、施設探しまでを分けて確認できます。,,1,https://morimachi.enshu-lifehack.com/hub/care/,False,True,False,15804
/hub/enjoy/,暮らしを楽しむ｜静岡県森町の手続き・相談先｜森町ライフハック,暮らしを楽しむ,hub,,,,,https://www.town.morimachi.shizuoka.jp/gyosei/machinososhiki/shakaikyoikuka/index.html,2026-08-04,keep,,P3,大石浩之,作業中,hub,enjoy,detail,,,公園や図書館、借りられる公共施設。あわせて、静岡県周智郡森町の神社39社・寺院35ヶ寺を調べられる地域データベースもここにあります。,,1,https://morimachi.enshu-lifehack.com/hub/enjoy/,False,True,False,14809
/hub/family/,子ども・家族｜静岡県森町の手続き・相談先｜森町ライフハック,子ども・家族,hub,,,,,https://www.town.morimachi.shizuoka.jp/gyosei/kosodate_kyoiku/index.html,2026-08-04,keep,,P3,大石浩之,作業中,hub,family,detail,,,結婚、妊娠、出産、子育ての手当、保育園や学校のこと。家族が増えるとき・子どもが育つときの手続きと相談先をまとめています。,,1,https://morimachi.enshu-lifehack.com/hub/family/,False,True,False,17760
/hub/procedures/,手続きしたい｜静岡県森町の手続き・相談先｜森町ライフハック,手続きしたい,hub,,,,,https://www.town.morimachi.shizuoka.jp/gyosei/index.html,2026-08-04,keep,,P3,大石浩之,作業中,hub,procedures,detail,,,転入・転出、住民票や戸籍などの証明書、マイナンバーカード、税金、水道、ごみ。役場でする手続きを、必要になった場面から探せます。,,1,https://morimachi.enshu-lifehack.com/hub/procedures/,False,True,False,22445
/hub/property/,家・土地｜静岡県森町の手続き・相談先｜森町ライフハック,家・土地,hub,,,,,https://www.town.morimachi.shizuoka.jp/gyosei/kurashi_tetsuzuki/index.html,2026-08-04,keep,,P3,大石浩之,作業中,hub,property,detail,,,住まいのこと、相続した実家や空き家、農地、固定資産税。使う・貸す・売る・解体するのどれを選ぶかを決めるところから案内します。,,1,https://morimachi.enshu-lifehack.com/hub/property/,False,True,False,20226
/hub/trouble/,困った・緊急｜静岡県森町の手続き・相談先｜森町ライフハック,困った・緊急,hub,,,,,https://www.town.morimachi.shizuoka.jp/gyosei/machinososhiki/kikikanrika/index.html,2026-08-04,keep,,P3,大石浩之,作業中,hub,trouble,detail,,,急な病気やけが、災害、お金の不安、詐欺の被害。急ぎで判断が必要なことと、落ち着いて相談することを分けて案内します。,,1,https://morimachi.enshu-lifehack.com/hub/trouble/,False,True,False,21216
/,静岡県森町ライフハック｜手続き・介護・空き家を困りごとから探す,静岡県森町の手続き・相談先を、困りごとから探せます,top,,,困りごとから森町の窓口を探す,森町 手続き,https://www.town.morimachi.shizuoka.jp/,,rewrite,,P0,大石浩之,作業中,top,index,hub,,,静岡県周智郡森町の住民票、税金、ごみ、子育て、介護、空き家、おくやみ、防災などを、暮らしの場面から探せる非公式生活ナビ。手続きの順番と森町公式の確認先を案内します。,,1,https://morimachi.enshu-lifehack.com/,False,False,False,24666
/inheritance/handwritten-will-house/,自筆証書遺言がある静岡県森町の実家｜開封前の確認 | 森町ライフハック,自筆証書遺言がある森町の実家｜開封前の確認,inheritance,,,,,https://www.town.morimachi.shizuoka.jp/gyosei/lifeevent/okuyami/1830.html,,keep,,P3,大石浩之,作業中,inheritance,handwritten-will-house,detail,,,自筆証書遺言がある静岡県周智郡森町の実家。対象条件、必要資料、森町の公式窓口、確認する順番を分かりやすく整理します。実行前の注意点と家族へ残す記録も案内します。,,2,https://morimachi.enshu-lifehack.com/inheritance/handwritten-will-house/,True,True,False,36767
/inheritance/heirs-house-contents/,複数の相続人で静岡県森町の実家家財を片付ける前に | 森町ライフハック,複数の相続人で森町の実家家財を片付ける前に,inheritance,,,,,https://www.town.morimachi.shizuoka.jp/gyosei/lifeevent/okuyami/1830.html,,keep,,P3,大石浩之,作業中,inheritance,heirs-house-contents,detail,,,複数の相続人で静岡県周智郡森町の実家家財を片付ける前に。対象条件、必要資料、森町の公式窓口、確認する順番を分かりやすく整理します。実行前の注意点と家族へ残す記録も案内します。,,2,https://morimachi.enshu-lifehack.com/inheritance/heirs-house-contents/,True,True,False,37099
/inheritance/,静岡県森町の相続と家｜状況から読む記事を選ぶ | 森町ライフハック,森町の相続と家｜どの記事から読むか,inheritance,,,,,,,keep,,P3,大石浩之,作業中,inheritance,index,hub,,,相続人、登記、書類、家財、管理の順に、今の状況に合う確認記事を選べます。,,0,https://morimachi.enshu-lifehack.com/inheritance/,False,True,False,11265
/inheritance/inherit-house-utility-contracts/,静岡県森町の実家相続後に電気・水道契約を整理する | 森町ライフハック,森町の実家相続後に電気・水道契約を整理する,inheritance,,,,,https://www.town.morimachi.shizuoka.jp/gyosei/lifeevent/okuyami/1830.html,,keep,,P3,大石浩之,作業中,inheritance,inherit-house-utility-contracts,detail,,,静岡県周智郡森町の実家相続後に電気・水道契約を整理する。対象条件、必要資料、森町の公式窓口、確認する順番を分かりやすく整理します。実行前の注意点と家族へ残す記録も案内します。,,2,https://morimachi.enshu-lifehack.com/inheritance/inherit-house-utility-contracts/,True,True,False,37461
/inheritance/inherit-rental-house/,静岡県森町の賃貸中の家を相続したときに集める資料 | 森町ライフハック,森町の賃貸中の家を相続したときに集める資料,inheritance,,,,,https://www.town.morimachi.shizuoka.jp/gyosei/lifeevent/okuyami/1830.html,,keep,,P3,大石浩之,作業中,inheritance,inherit-rental-house,detail,,,静岡県周智郡森町の賃貸中の家を相続したときに集める資料。対象条件、必要資料、森町の公式窓口、確認する順番を分かりやすく整理します。実行前の注意点と家族へ残す記録も案内します。,,2,https://morimachi.enshu-lifehack.com/inheritance/inherit-rental-house/,True,True,False,37334
/inheritance/inherit-unregistered-house/,静岡県森町の未登記家屋を相続したときの税と名義 | 森町ライフハック,森町の未登記家屋を相続したときの税と名義,inheritance,,,,,https://www.town.morimachi.shizuoka.jp/gyosei/lifeevent/okuyami/1830.html,,keep,,P3,大石浩之,作業中,inheritance,inherit-unregistered-house,detail,,,静岡県周智郡森町の未登記家屋を相続したときの税と名義。対象条件、必要資料、森町の公式窓口、確認する順番を分かりやすく整理します。実行前の注意点と家族へ残す記録も案内します。,,2,https://morimachi.enshu-lifehack.com/inheritance/inherit-unregistered-house/,True,True,False,37301
/inheritance/inheritance-document-archive/,静岡県森町の相続不動産資料をデジタルで家族共有する | 森町ライフハック,森町の相続不動産資料をデジタルで家族共有する,inheritance,,,,,https://www.town.morimachi.shizuoka.jp/gyosei/lifeevent/okuyami/1830.html,,keep,,P3,大石浩之,作業中,inheritance,inheritance-document-archive,detail,,,静岡県周智郡森町の相続不動産資料をデジタルで家族共有する。対象条件、必要資料、森町の公式窓口、確認する順番を分かりやすく整理します。実行前の注意点と家族へ残す記録も案内します。,,2,https://morimachi.enshu-lifehack.com/inheritance/inheritance-document-archive/,True,True,False,37509
/inheritance/inheritance-family-registers/,静岡県森町の不動産相続で戸籍を集める順番 | 森町ライフハック,森町の不動産相続で戸籍を集める順番,inheritance,,,,,https://www.town.morimachi.shizuoka.jp/gyosei/lifeevent/okuyami/1830.html,,keep,,P3,大石浩之,作業中,inheritance,inheritance-family-registers,detail,,,静岡県周智郡森町の不動産相続で戸籍を集める順番。対象条件、必要資料、森町の公式窓口、確認する順番を分かりやすく整理します。実行前の注意点と家族へ残す記録も案内します。,,2,https://morimachi.enshu-lifehack.com/inheritance/inheritance-family-registers/,True,True,False,37122
/inheritance/inheritance-property-inventory/,静岡県森町の相続不動産を洗い出す｜課税明細・名寄帳・登記の照合表 | 森町ライフハック,森町の相続不動産を洗い出す｜課税明細・名寄帳・登記の照合表,inheritance,,,,,https://www.town.morimachi.shizuoka.jp/gyosei/machinososhiki/zeimuka/shisanzeigakari/1/faq/1051.html,,keep,,P3,大石浩之,作業中,inheritance,inheritance-property-inventory,detail,,,静岡県周智郡森町の相続不動産を洗い出す。対象条件、必要資料、森町の公式窓口、確認する順番を分かりやすく整理します。実行前の注意点と家族へ残す記録も案内します。,,4,https://morimachi.enshu-lifehack.com/inheritance/inheritance-property-inventory/,True,True,False,37092
/inheritance/inheritance-registration-deadline/,静岡県森町の相続不動産で登記期限を数える｜知った日・遺産分割日の二起点 | 森町ライフハック,森町の相続不動産で登記期限を数える｜知った日・遺産分割日の二起点,inheritance,,,,,https://www.town.morimachi.shizuoka.jp/gyosei/machinososhiki/zeimuka/shisanzeigakari/1/yousiki/544.html,,keep,,P3,大石浩之,作業中,inheritance,inheritance-registration-deadline,detail,,,静岡県周智郡森町の相続不動産で登記期限を数える。対象条件、必要資料、森町の公式窓口、確認する順番を分かりやすく整理します。実行前の注意点と家族へ残す記録も案内します。,,2,https://morimachi.enshu-lifehack.com/inheritance/inheritance-registration-deadline/,True,True,False,37684
/inheritance/inheritance-renunciation-house/,相続放棄を考える静岡県森町の実家｜管理と期限の相談順 | 森町ライフハック,相続放棄を考える森町の実家｜管理と期限の相談順,inheritance,,,,,https://www.town.morimachi.shizuoka.jp/gyosei/lifeevent/okuyami/1830.html,,keep,,P3,大石浩之,作業中,inheritance,inheritance-renunciation-house,detail,,,相続放棄を考える静岡県周智郡森町の実家。対象条件、必要資料、森町の公式窓口、確認する順番を分かりやすく整理します。実行前の注意点と家族へ残す記録も案内します。,,2,https://morimachi.enshu-lifehack.com/inheritance/inheritance-renunciation-house/,True,True,False,37336
/inheritance/locate-inherited-forest/,静岡県森町で相続した山林の場所を地番から探す資料順 | 森町ライフハック,森町で相続した山林の場所を地番から探す資料順,inheritance,,,,,https://www.town.morimachi.shizuoka.jp/gyosei/lifeevent/okuyami/1830.html,,keep,,P3,大石浩之,作業中,inheritance,locate-inherited-forest,detail,,,静岡県周智郡森町で相続した山林の場所を地番から探す資料順。対象条件、必要資料、森町の公式窓口、確認する順番を分かりやすく整理します。実行前の注意点と家族へ残す記録も案内します。,,2,https://morimachi.enshu-lifehack.com/inheritance/locate-inherited-forest/,True,True,False,37231
/inheritance/missing-title-deed-house/,静岡県森町の実家で権利証が見つからないとき | 森町ライフハック,森町の実家で権利証が見つからないとき,inheritance,,,,,https://www.town.morimachi.shizuoka.jp/gyosei/lifeevent/okuyami/1830.html,,keep,,P3,大石浩之,作業中,inheritance,missing-title-deed-house,detail,,,静岡県周智郡森町の実家で権利証が見つからないとき。対象条件、必要資料、森町の公式窓口、確認する順番を分かりやすく整理します。実行前の注意点と家族へ残す記録も案内します。,,2,https://morimachi.enshu-lifehack.com/inheritance/missing-title-deed-house/,True,True,False,37261
/inheritance/property-checklist/,静岡県森町の家・土地・相続相談ガイド｜実家を引き継ぐ確認順 | 森町ライフハック,森町の家・土地・相続相談ガイド｜実家を引き継ぐ確認順,inheritance,,,,,https://www.town.morimachi.shizuoka.jp/gyosei/lifeevent/okuyami/index.html,2026-08-09,keep,,P3,大石浩之,作業中,inheritance,property-checklist,detail,,,静岡県森町の不動産相続を、相続後の家、土地、農地、名義、境界、家財を一枚の確認表で整理するための実用ガイド。公式資料、現地確認、注意点、FAQ、次に読むページを整理しました。,,2,https://morimachi.enshu-lifehack.com/inheritance/property-checklist/,True,True,False,29808
/inheritance/property-tax-mailing-after-death/,静岡県森町の相続後に固定資産税の送付先を途切れさせない確認 | 森町ライフハック,森町の相続後に固定資産税の送付先を途切れさせない確認,inheritance,,,,,https://www.town.morimachi.shizuoka.jp/gyosei/lifeevent/okuyami/1830.html,,keep,,P3,大石浩之,作業中,inheritance,property-tax-mailing-after-death,detail,,,静岡県周智郡森町の相続後に固定資産税の送付先を途切れさせない確認。対象条件、必要資料、森町の公式窓口、確認する順番を分かりやすく整理します。実行前の注意点と家族へ残す記録も案内します。,,2,https://morimachi.enshu-lifehack.com/inheritance/property-tax-mailing-after-death/,True,True,False,37408
/inheritance/shared-inheritance-house/,静岡県森町の実家を兄弟共有にする前に｜利用・費用・修繕・売却の合意表 | 森町ライフハック,森町の実家を兄弟共有にする前に｜利用・費用・修繕・売却の合意表,inheritance,,,,,https://www.town.morimachi.shizuoka.jp/gyosei/machinososhiki/zeimuka/shisanzeigakari/1/yousiki/544.html,,keep,,P3,大石浩之,作業中,inheritance,shared-inheritance-house,detail,,,静岡県周智郡森町の実家を兄弟共有にする前に。対象条件、必要資料、森町の公式窓口、確認する順番を分かりやすく整理します。実行前の注意点と家族へ残す記録も案内します。,,3,https://morimachi.enshu-lifehack.com/inheritance/shared-inheritance-house/,True,True,False,36357
/inheritance/unknown-heirs-house/,相続人が分からない静岡県森町の家｜戸籍確認の入口 | 森町ライフハック,相続人が分からない森町の家｜戸籍確認の入口,inheritance,,,,,https://www.town.morimachi.shizuoka.jp/gyosei/lifeevent/okuyami/1830.html,,keep,,P3,大石浩之,作業中,inheritance,unknown-heirs-house,detail,,,相続人が分からない静岡県周智郡森町の家。対象条件、必要資料、森町の公式窓口、確認する順番を分かりやすく整理します。実行前の注意点と家族へ残す記録も案内します。,,2,https://morimachi.enshu-lifehack.com/inheritance/unknown-heirs-house/,True,True,False,36734
/land/archaeological-site-construction/,静岡県森町の埋蔵文化財包蔵地で工事する前の照会 | 森町ライフハック,森町の埋蔵文化財包蔵地で工事する前の照会,land,,,,,https://www.town.morimachi.shizuoka.jp/gyosei/machinososhiki/kensetsuka/index.html,,keep,,P3,大石浩之,作業中,land,archaeological-site-construction,detail,,,静岡県周智郡森町の埋蔵文化財包蔵地で工事する前の照会。対象条件、必要資料、森町の公式窓口、確認する順番を分かりやすく整理します。実行前の注意点と家族へ残す記録も案内します。,,2,https://morimachi.enshu-lifehack.com/land/archaeological-site-construction/,True,True,False,37044
/land/cadastral-survey-status/,静岡県森町の土地が地籍調査済みか確認する｜成果閲覧の前に揃える資料 | 森町ライフハック,森町の土地が地籍調査済みか確認する｜成果閲覧の前に揃える資料,land,,,,,https://www.town.morimachi.shizuoka.jp/gyosei/machinososhiki/kensetsuka/index.html,,keep,,P3,大石浩之,作業中,land,cadastral-survey-status,detail,,,静岡県周智郡森町の土地が地籍調査済みか確認する。対象条件、必要資料、森町の公式窓口、確認する順番を分かりやすく整理します。実行前の注意点と家族へ残す記録も案内します。,,2,https://morimachi.enshu-lifehack.com/land/cadastral-survey-status/,True,True,False,37434
/land/flood-depth-floor-level/,静岡県森町の浸水想定深と住宅の床高を照合する | 森町ライフハック,森町の浸水想定深と住宅の床高を照合する,land,,,,,https://www.town.morimachi.shizuoka.jp/gyosei/machinososhiki/kensetsuka/index.html,,keep,,P3,大石浩之,作業中,land,flood-depth-floor-level,detail,,,静岡県周智郡森町の浸水想定深と住宅の床高を照合する。対象条件、必要資料、森町の公式窓口、確認する順番を分かりやすく整理します。実行前の注意点と家族へ残す記録も案内します。,,2,https://morimachi.enshu-lifehack.com/land/flood-depth-floor-level/,True,True,False,37008
/land/,静岡県森町の土地｜状況から読む記事を選ぶ | 森町ライフハック,森町の土地｜どの記事から読むか,land,,,,,,,keep,,P3,大石浩之,作業中,land,index,hub,,,境界、道路、地目、災害リスク、土地利用を、判断する順番から探せます。,,0,https://morimachi.enshu-lifehack.com/land/,False,True,False,10996
/land/land-access-right-check/,静岡県森町の袋地・通路付き土地を検討するとき | 森町ライフハック,森町の袋地・通路付き土地を検討するとき,land,,,,,https://www.town.morimachi.shizuoka.jp/gyosei/machinososhiki/kensetsuka/index.html,,keep,,P3,大石浩之,作業中,land,land-access-right-check,detail,,,静岡県周智郡森町の袋地・通路付き土地を検討するとき。対象条件、必要資料、森町の公式窓口、確認する順番を分かりやすく整理します。実行前の注意点と家族へ残す記録も案内します。,,2,https://morimachi.enshu-lifehack.com/land/land-access-right-check/,True,True,False,37032
/land/land-price-public-data/,静岡県森町の土地価格を公的データで比べる｜査定前の比較条件カード | 森町ライフハック,森町の土地価格を公的データで比べる｜査定前の比較条件カード,land,,,,,https://www.town.morimachi.shizuoka.jp/gyosei/machinososhiki/kensetsuka/toshikeikakukakari/2/752.html,,keep,,P3,大石浩之,作業中,land,land-price-public-data,detail,,,静岡県周智郡森町の土地価格を公的データで比べる。対象条件、必要資料、森町の公式窓口、確認する順番を分かりやすく整理します。実行前の注意点と家族へ残す記録も案内します。,,3,https://morimachi.enshu-lifehack.com/land/land-price-public-data/,True,True,False,35731
/land/land-subdivision-before-sale/,静岡県森町の土地を分筆して相続・売却する前の確認 | 森町ライフハック,森町の土地を分筆して相続・売却する前の確認,land,,,,,https://www.town.morimachi.shizuoka.jp/gyosei/machinososhiki/kensetsuka/index.html,,keep,,P3,大石浩之,作業中,land,land-subdivision-before-sale,detail,,,静岡県周智郡森町の土地を分筆して相続・売却する前の確認。対象条件、必要資料、森町の公式窓口、確認する順番を分かりやすく整理します。実行前の注意点と家族へ残す記録も案内します。,,2,https://morimachi.enshu-lifehack.com/land/land-subdivision-before-sale/,True,True,False,37111
/land/landslide-zone-land/,静岡県森町の土砂災害区域にある土地を検討するとき | 森町ライフハック,森町の土砂災害区域にある土地を検討するとき,land,,,,,https://www.town.morimachi.shizuoka.jp/gyosei/machinososhiki/kensetsuka/index.html,,keep,,P3,大石浩之,作業中,land,landslide-zone-land,detail,,,静岡県周智郡森町の土砂災害区域にある土地を検討するとき。対象条件、必要資料、森町の公式窓口、確認する順番を分かりやすく整理します。実行前の注意点と家族へ残す記録も案内します。,,2,https://morimachi.enshu-lifehack.com/land/landslide-zone-land/,True,True,False,37090
/land/large-land-development/,静岡県森町で千平方メートル以上の土地利用を計画する前に | 森町ライフハック,森町で千平方メートル以上の土地利用を計画する前に,land,,,,,https://www.town.morimachi.shizuoka.jp/gyosei/machinososhiki/kensetsuka/index.html,,keep,,P3,大石浩之,作業中,land,large-land-development,detail,,,静岡県周智郡森町で千平方メートル以上の土地利用を計画する前に。対象条件、必要資料、森町の公式窓口、確認する順番を分かりやすく整理します。実行前の注意点と家族へ残す記録も案内します。,,2,https://morimachi.enshu-lifehack.com/land/large-land-development/,True,True,False,37390
/land/missing-boundary-marker/,静岡県森町の土地で境界標が見つからないときの確認順 | 森町ライフハック,森町の土地で境界標が見つからないときの確認順,land,,,,,https://www.town.morimachi.shizuoka.jp/gyosei/machinososhiki/kensetsuka/index.html,,keep,,P3,大石浩之,作業中,land,missing-boundary-marker,detail,,,静岡県周智郡森町の土地で境界標が見つからないときの確認順。対象条件、必要資料、森町の公式窓口、確認する順番を分かりやすく整理します。実行前の注意点と家族へ残す記録も案内します。,,2,https://morimachi.enshu-lifehack.com/land/missing-boundary-marker/,True,True,False,37245
/land/narrow-road-rebuild/,静岡県森町の狭い道路沿いで建替え前に確認すること | 森町ライフハック,森町の狭い道路沿いで建替え前に確認すること,land,,,,,https://www.town.morimachi.shizuoka.jp/gyosei/machinososhiki/kensetsuka/toshikeikakukakari/2/5802.html,,keep,,P3,大石浩之,作業中,land,narrow-road-rebuild,detail,,,静岡県周智郡森町の狭い道路沿いで建替え前に確認すること。対象条件、必要資料、森町の公式窓口、確認する順番を分かりやすく整理します。実行前の注意点と家族へ残す記録も案内します。,,3,https://morimachi.enshu-lifehack.com/land/narrow-road-rebuild/,True,True,False,34181
/land/planning-area-land-use/,静岡県森町の都市計画区域内外で土地利用確認がどう違うか | 森町ライフハック,森町の都市計画区域内外で土地利用確認がどう違うか,land,,,,,https://www.town.morimachi.shizuoka.jp/gyosei/machinososhiki/kensetsuka/index.html,,keep,,P3,大石浩之,作業中,land,planning-area-land-use,detail,,,静岡県周智郡森町の都市計画区域内外で土地利用確認がどう違うか。対象条件、必要資料、森町の公式窓口、確認する順番を分かりやすく整理します。実行前の注意点と家族へ残す記録も案内します。,,2,https://morimachi.enshu-lifehack.com/land/planning-area-land-use/,True,True,False,37222
/land/public-private-boundary/,静岡県森町の土地で官民境界を確認したいとき | 森町ライフハック,森町の土地で官民境界を確認したいとき,land,,,,,https://www.town.morimachi.shizuoka.jp/gyosei/machinososhiki/kensetsuka/index.html,,keep,,P3,大石浩之,作業中,land,public-private-boundary,detail,,,静岡県周智郡森町の土地で官民境界を確認したいとき。対象条件、必要資料、森町の公式窓口、確認する順番を分かりやすく整理します。実行前の注意点と家族へ残す記録も案内します。,,2,https://morimachi.enshu-lifehack.com/land/public-private-boundary/,True,True,False,36945
/land/retaining-wall-records/,静岡県森町の中古住宅で擁壁の資料を探す方法 | 森町ライフハック,森町の中古住宅で擁壁の資料を探す方法,land,,,,,https://www.town.morimachi.shizuoka.jp/gyosei/machinososhiki/kensetsuka/index.html,,keep,,P3,大石浩之,作業中,land,retaining-wall-records,detail,,,静岡県周智郡森町の中古住宅で擁壁の資料を探す方法。対象条件、必要資料、森町の公式窓口、確認する順番を分かりやすく整理します。実行前の注意点と家族へ残す記録も案内します。,,2,https://morimachi.enshu-lifehack.com/land/retaining-wall-records/,True,True,False,36940
/land/sewer-ledger-site-check/,静岡県森町の土地で下水道台帳と現地の公共ますを照合する | 森町ライフハック,森町の土地で下水道台帳と現地の公共ますを照合する,land,,,,,https://www.town.morimachi.shizuoka.jp/gyosei/machinososhiki/kensetsuka/index.html,,keep,,P3,大石浩之,作業中,land,sewer-ledger-site-check,detail,,,静岡県周智郡森町の土地で下水道台帳と現地の公共ますを照合する。対象条件、必要資料、森町の公式窓口、確認する順番を分かりやすく整理します。実行前の注意点と家族へ残す記録も案内します。,,2,https://morimachi.enshu-lifehack.com/land/sewer-ledger-site-check/,True,True,False,37052
/land/water-pipe-crossing-land/,静岡県森町の土地で水道管が隣地を通る場合の確認 | 森町ライフハック,森町の土地で水道管が隣地を通る場合の確認,land,,,,,https://www.town.morimachi.shizuoka.jp/gyosei/machinososhiki/kensetsuka/index.html,,keep,,P3,大石浩之,作業中,land,water-pipe-crossing-land,detail,,,静岡県周智郡森町の土地で水道管が隣地を通る場合の確認。対象条件、必要資料、森町の公式窓口、確認する順番を分かりやすく整理します。実行前の注意点と家族へ残す記録も案内します。,,2,https://morimachi.enshu-lifehack.com/land/water-pipe-crossing-land/,True,True,False,37052
/life/education/after-school-club/,静岡県森町の放課後児童クラブは、対象学年と申請時期（例年9月）を先に確認する | 森町ライフハック,森町の放課後児童クラブは、対象学年と申請時期（例年9月）を先に確認する,education,family,子ども・家族,放課後児童クラブの対象と申込時期を確認する,森町 放課後児童クラブ 学童,https://www.town.morimachi.shizuoka.jp/gyosei/kosodate_kyoiku/houkagozidou/index.html,2026-07-03,keep,,P1,大石浩之,作業中,life,after-school-club,detail,健康こども課,保護者,森町の放課後児童クラブは、就労や介護などで放課後に保護者が家庭にいない児童のための居場所です。令和8年度は9月16日から10月17日までが利用申込みの受付期間です。利用料は令和8年4月に改定されています。まず申込時期と料金を先に押さえておきましょう。,0538-86-6300,3,https://morimachi.enshu-lifehack.com/life/education/after-school-club/,True,True,False,23856
/life/education/annual-school-cost-planning/,静岡県森町で就学費用の年間見通しを作る｜学校納付・用品・交通を分けて記録 | 森町ライフハック,森町で就学費用の年間見通しを作る｜学校納付・用品・交通を分けて記録,education,family,子ども・家族,,,https://www.town.morimachi.shizuoka.jp/gyosei/machinososhiki/gakkokyoikuka/index.html,,keep,,P3,大石浩之,作業中,life,annual-school-cost-planning,detail,,,静岡県周智郡森町で就学費用の年間見通しを作る。対象条件、必要資料、森町の公式窓口、確認する順番を分かりやすく整理します。実行前の注意点と家族へ残す記録も案内します。,,3,https://morimachi.enshu-lifehack.com/life/education/annual-school-cost-planning/,True,True,False,37528
/life/education/educational-consulting/,静岡県森町の教育相談は、教育支援センター「わかば」と学校教育課へ困りごとを一文で整理してから相談する,森町の教育相談は、教育支援センター「わかば」と学校教育課へ困りごとを一文で整理してから相談する,education,family,子ども・家族,学校に行きづらい・就学の不安を相談する,森町 教育相談 不登校,https://www.town.morimachi.shizuoka.jp/gyosei/machinososhiki/gakkokyoikuka/index.html,2026-07-03,rewrite,,P1,大石浩之,作業中,life,educational-consulting,parent,学校教育課 / 教育支援センター,保護者 / 児童生徒,学校への登校が難しいときの相談先は、森町学校教育課と教育支援センター「わかば」です。困りごとを一文で整理してから電話をすると、話が早く進みます。わかばは通級のペースを個々に合わせられる場所です。,0538-85-1112 / 080-4339-5794,2,https://morimachi.enshu-lifehack.com/life/education/educational-consulting/,True,True,False,24884
/life/education/elementary-middle-school/,静岡県森町の小中学校は5校（小学校3校・中学校2校）、学校一覧と手続きを分けて見る | 森町ライフハック,森町の小中学校は5校（小学校3校・中学校2校）、学校一覧と手続きを分けて見る,education,family,子ども・家族,森町の小中学校の一覧と連絡先を知る,森町 小中学校 一覧,https://www.town.morimachi.shizuoka.jp/morikko/sodachi/4787.html,2026-07-03,keep,,P2,大石浩之,作業中,life,elementary-middle-school,detail,学校教育課,保護者,森町内の小中学校は、小学校3校・中学校2校の合わせて5校とコンパクトです。まず学校の一覧で名称・住所・電話番号を確認し、通学区域など個別の手続きは学校教育課へまとめて確認しましょう。,0538-85-1112 / 0538-85-2111,2,https://morimachi.enshu-lifehack.com/life/education/elementary-middle-school/,True,True,False,21520
/life/education/elementary-school-enrollment-notice/,静岡県森町の小学校入学通知が届いたら｜住所・学校・期限の確認順序 | 森町ライフハック,森町の小学校入学通知が届いたら｜住所・学校・期限の確認順序,education,family,子ども・家族,,,https://www.town.morimachi.shizuoka.jp/gyosei/machinososhiki/gakkokyoikuka/index.html,,keep,,P3,大石浩之,作業中,life,elementary-school-enrollment-notice,detail,,,静岡県周智郡森町の小学校入学通知が届いたら。対象条件、必要資料、森町の公式窓口、確認する順番を分かりやすく整理します。実行前の注意点と家族へ残す記録も案内します。,,3,https://morimachi.enshu-lifehack.com/life/education/elementary-school-enrollment-notice/,True,True,False,37236
/life/education/family-internet-rules-for-children/,静岡県森町で子どものインターネット利用ルールを家族で作る｜時間・課金・相談先 | 森町ライフハック,森町で子どものインターネット利用ルールを家族で作る｜時間・課金・相談先,education,family,子ども・家族,,,https://www.town.morimachi.shizuoka.jp/gyosei/machinososhiki/gakkokyoikuka/index.html,,keep,,P3,大石浩之,作業中,life,family-internet-rules-for-children,detail,,,静岡県周智郡森町で子どものインターネット利用ルールを家族で作る。対象条件、必要資料、森町の公式窓口、確認する順番を分かりやすく整理します。実行前の注意点と家族へ残す記録も案内します。,,3,https://morimachi.enshu-lifehack.com/life/education/family-internet-rules-for-children/,True,True,False,36893
/life/education/family-school-disaster-card/,静岡県森町の家庭で学校防災カードを作る｜連絡先・迎え担当・帰宅先を記録 | 森町ライフハック,森町の家庭で学校防災カードを作る｜連絡先・迎え担当・帰宅先を記録,education,family,子ども・家族,,,https://www.town.morimachi.shizuoka.jp/gyosei/machinososhiki/gakkokyoikuka/index.html,,keep,,P3,大石浩之,作業中,life,family-school-disaster-card,detail,,,静岡県周智郡森町の家庭で学校防災カードを作る。対象条件、必要資料、森町の公式窓口、確認する順番を分かりやすく整理します。実行前の注意点と家族へ残す記録も案内します。,,3,https://morimachi.enshu-lifehack.com/life/education/family-school-disaster-card/,True,True,False,36427
/life/education/in-town-move-school-checklist/,静岡県森町内で転居するときの通学確認｜学区・住所変更・学校連絡を一枚に整理 | 森町ライフハック,森町内で転居するときの通学確認｜学区・住所変更・学校連絡を一枚に整理,education,family,子ども・家族,,,https://www.town.morimachi.shizuoka.jp/gyosei/machinososhiki/gakkokyoikuka/index.html,,keep,,P3,大石浩之,作業中,life,in-town-move-school-checklist,detail,,,静岡県周智郡森町内で転居するときの通学確認。対象条件、必要資料、森町の公式窓口、確認する順番を分かりやすく整理します。実行前の注意点と家族へ残す記録も案内します。,,3,https://morimachi.enshu-lifehack.com/life/education/in-town-move-school-checklist/,True,True,False,36489
/life/education/,🎒 学ぶ・育つ | 静岡県森町ライフハック,🎒 学ぶ・育つ,education,family,子ども・家族,学校・学区・教育相談の情報を一覧で把握する,森町 学校,https://www.town.morimachi.shizuoka.jp/,2026-07-04,keep,,P2,大石浩之,作業中,life,index,hub,,保護者,森町の子どもの教育・学校に関する手続きを、学校選び・通学区域・転校・就学の不安・費用の相談・放課後の居場所に分けてまとめています。まずはお子さんの状況に近いテーマから確認してください。,0538-85-2111,1,https://morimachi.enshu-lifehack.com/life/education/,True,True,False,19465
/life/education/library-local-history-research/,静岡県森町立図書館で郷土資料を探す｜地名・家・地域史の調べ方 | 森町ライフハック,森町立図書館で郷土資料を探す｜地名・家・地域史の調べ方,education,family,子ども・家族,,,https://www.town.morimachi.shizuoka.jp/gyosei/machinososhiki/gakkokyoikuka/index.html,,keep,,P3,大石浩之,作業中,life,library-local-history-research,detail,,,静岡県周智郡森町立図書館で郷土資料を探す。対象条件、必要資料、森町の公式窓口、確認する順番を分かりやすく整理します。実行前の注意点と家族へ残す記録も案内します。,,3,https://morimachi.enshu-lifehack.com/life/education/library-local-history-research/,True,True,False,36337
/life/education/library-research-for-children/,静岡県森町立図書館で子どもの調べ学習を進める｜問い・資料・出典を親子で整理 | 森町ライフハック,森町立図書館で子どもの調べ学習を進める｜問い・資料・出典を親子で整理,education,family,子ども・家族,,,https://www.town.morimachi.shizuoka.jp/gyosei/machinososhiki/gakkokyoikuka/index.html,,keep,,P3,大石浩之,作業中,life,library-research-for-children,detail,,,静岡県周智郡森町立図書館で子どもの調べ学習を進める。対象条件、必要資料、森町の公式窓口、確認する順番を分かりやすく整理します。実行前の注意点と家族へ残す記録も案内します。,,3,https://morimachi.enshu-lifehack.com/life/education/library-research-for-children/,True,True,False,36606
/life/education/reading-school-management-information/,静岡県森町の学校運営情報を保護者が読む｜学校だより・年間計画・評価をつなげる | 森町ライフハック,森町の学校運営情報を保護者が読む｜学校だより・年間計画・評価をつなげる,education,family,子ども・家族,,,https://www.town.morimachi.shizuoka.jp/gyosei/machinososhiki/gakkokyoikuka/index.html,,keep,,P3,大石浩之,作業中,life,reading-school-management-information,detail,,,静岡県周智郡森町の学校運営情報を保護者が読む。対象条件、必要資料、森町の公式窓口、確認する順番を分かりやすく整理します。実行前の注意点と家族へ残す記録も案内します。,,3,https://morimachi.enshu-lifehack.com/life/education/reading-school-management-information/,True,True,False,36515
/life/education/school-allergy-information-preparation/,静岡県森町の学校へ食物アレルギー情報を伝える前に｜診断情報と家庭記録を分ける | 森町ライフハック,森町の学校へ食物アレルギー情報を伝える前に｜診断情報と家庭記録を分ける,education,family,子ども・家族,,,https://www.town.morimachi.shizuoka.jp/gyosei/machinososhiki/gakkokyoikuka/index.html,,keep,,P3,大石浩之,作業中,life,school-allergy-information-preparation,detail,,,静岡県周智郡森町の学校へ食物アレルギー情報を伝える前に。対象条件、必要資料、森町の公式窓口、確認する順番を分かりやすく整理します。実行前の注意点と家族へ残す記録も案内します。,,3,https://morimachi.enshu-lifehack.com/life/education/school-allergy-information-preparation/,True,True,False,37767
/life/education/school-choice-research-notes/,静岡県森町から進学先を調べる家庭の情報整理｜学校公式・費用・通学を同じ表で比べる | 森町ライフハック,森町から進学先を調べる家庭の情報整理｜学校公式・費用・通学を同じ表で比べる,education,family,子ども・家族,,,https://www.town.morimachi.shizuoka.jp/gyosei/machinososhiki/gakkokyoikuka/index.html,,keep,,P3,大石浩之,作業中,life,school-choice-research-notes,detail,,,静岡県周智郡森町から進学先を調べる家庭の情報整理。対象条件、必要資料、森町の公式窓口、確認する順番を分かりやすく整理します。実行前の注意点と家族へ残す記録も案内します。,,3,https://morimachi.enshu-lifehack.com/life/education/school-choice-research-notes/,True,True,False,36494
/life/education/school-commute-burden-record/,静岡県森町で子どもの通学負担を記録する｜時間・交通・天候を学校相談につなげる | 森町ライフハック,森町で子どもの通学負担を記録する｜時間・交通・天候を学校相談につなげる,education,family,子ども・家族,,,https://www.town.morimachi.shizuoka.jp/gyosei/machinososhiki/gakkokyoikuka/index.html,,keep,,P3,大石浩之,作業中,life,school-commute-burden-record,detail,,,静岡県周智郡森町で子どもの通学負担を記録する。対象条件、必要資料、森町の公式窓口、確認する順番を分かりやすく整理します。実行前の注意点と家族へ残す記録も案内します。,,3,https://morimachi.enshu-lifehack.com/life/education/school-commute-burden-record/,True,True,False,36380
/life/education/school-district-transfer/,転校は、住所異動の届出と通学中の学校での手続きをまとめて確認する | 静岡県森町ライフハック,転校は、住所異動の届出と通学中の学校での手続きをまとめて確認する,education,family,子ども・家族,転校の手続きを進める,森町 転校 手続き,https://www.town.morimachi.shizuoka.jp/gyosei/machinososhiki/juminseikatsuka/juminkakari/2/3/2902.html,2026-07-03,keep,,P1,大石浩之,作業中,life,school-district-transfer,detail,住民生活課 / 学校教育課,保護者,森町内外への転校では、住所異動の届出（住民生活課）と、通学中の学校での転校手続きの両方が必要です。どちらか一方だけでは手続きが完了しないため、順番と窓口を分けて確認しましょう。対象、手順、必要書類、費用、期限、森町の窓口と注意点を、公式情報へのリンクとともに。,0538-85-2111,2,https://morimachi.enshu-lifehack.com/life/education/school-district-transfer/,True,True,False,22865
/life/education/school-expense-support/,学校費用の不安は、就学援助制度と学校教育課への相談を先に確認する | 静岡県森町ライフハック,学校費用の不安は、就学援助制度と学校教育課への相談を先に確認する,education,family,子ども・家族,学校費用の負担を軽くする制度を使う,森町 就学援助,https://www.town.morimachi.shizuoka.jp/gyosei/machinososhiki/gakkokyoikuka/index.html,2026-07-03,keep,,P1,大石浩之,作業中,life,school-expense-support,detail,学校教育課,保護者,静岡県森町で、学校にかかる費用が心配なときは、就学援助制度と学校教育課への相談を先に確認しましょう。学用品費や給食費など複数の費目が対象になる制度で、詳しくは学校教育課に問い合わせると案内してもらえます。,0538-85-2111,1,https://morimachi.enshu-lifehack.com/life/education/school-expense-support/,True,True,False,22157
/life/education/school-family-communications/,静岡県森町の学校から届く連絡を家族で管理する｜紙・メール・緊急連絡先の整理 | 森町ライフハック,森町の学校から届く連絡を家族で管理する｜紙・メール・緊急連絡先の整理,education,family,子ども・家族,,,https://www.town.morimachi.shizuoka.jp/gyosei/machinososhiki/gakkokyoikuka/index.html,,keep,,P3,大石浩之,作業中,life,school-family-communications,detail,,,静岡県周智郡森町の学校から届く連絡を家族で管理する。対象条件、必要資料、森町の公式窓口、確認する順番を分かりやすく整理します。実行前の注意点と家族へ残す記録も案内します。,,3,https://morimachi.enshu-lifehack.com/life/education/school-family-communications/,True,True,False,37415
/life/education/school-health-information-handover/,静岡県森町で入学前に子どもの健康情報を学校へ伝える｜健診記録と配慮事項の整理 | 森町ライフハック,森町で入学前に子どもの健康情報を学校へ伝える｜健診記録と配慮事項の整理,education,family,子ども・家族,,,https://www.town.morimachi.shizuoka.jp/gyosei/machinososhiki/gakkokyoikuka/index.html,,keep,,P3,大石浩之,作業中,life,school-health-information-handover,detail,,,静岡県周智郡森町で入学前に子どもの健康情報を学校へ伝える。対象条件、必要資料、森町の公式窓口、確認する順番を分かりやすく整理します。実行前の注意点と家族へ残す記録も案内します。,,3,https://morimachi.enshu-lifehack.com/life/education/school-health-information-handover/,True,True,False,37538
/life/education/school-lunch-home-planning/,静岡県森町の学校給食だよりを家庭で活用する｜献立から買物・体調記録へつなぐ | 森町ライフハック,森町の学校給食だよりを家庭で活用する｜献立から買物・体調記録へつなぐ,education,family,子ども・家族,,,https://www.town.morimachi.shizuoka.jp/gyosei/machinososhiki/gakkokyoikuka/index.html,,keep,,P3,大石浩之,作業中,life,school-lunch-home-planning,detail,,,静岡県周智郡森町の学校給食だよりを家庭で活用する。対象条件、必要資料、森町の公式窓口、確認する順番を分かりやすく整理します。実行前の注意点と家族へ残す記録も案内します。,,3,https://morimachi.enshu-lifehack.com/life/education/school-lunch-home-planning/,True,True,False,36549
/life/education/school-meals/,学校給食は、献立・費用・アレルギー対応を学校教育課に分けて確認する | 静岡県森町ライフハック,学校給食は、献立・費用・アレルギー対応を学校教育課に分けて確認する,education,family,子ども・家族,学校給食の献立・費用・アレルギー対応を確認する,森町 学校給食,https://www.town.morimachi.shizuoka.jp/gyosei/machinososhiki/gakkokyoikuka/index.html,2026-07-04,keep,,P2,大石浩之,作業中,life,school-meals,detail,学校教育課,保護者,静岡県周智郡森町の小中学校の給食は、学校教育課が所管しています。献立表・給食費の金額・アレルギー対応の具体的な案内ページは森町公式サイト内で見当たらないため、知りたい内容ごとに学校教育課へ問い合わせるのが確実です。,0538-85-2111,1,https://morimachi.enshu-lifehack.com/life/education/school-meals/,True,True,False,23607
/life/education/school-meeting-preparation/,静岡県森町で学校との面談を準備する｜相談したい事実と希望を時系列でまとめる | 森町ライフハック,森町で学校との面談を準備する｜相談したい事実と希望を時系列でまとめる,education,family,子ども・家族,,,https://www.town.morimachi.shizuoka.jp/gyosei/machinososhiki/gakkokyoikuka/index.html,,keep,,P3,大石浩之,作業中,life,school-meeting-preparation,detail,,,静岡県周智郡森町で学校との面談を準備する。対象条件、必要資料、森町の公式窓口、確認する順番を分かりやすく整理します。実行前の注意点と家族へ残す記録も案内します。,,3,https://morimachi.enshu-lifehack.com/life/education/school-meeting-preparation/,True,True,False,36216
/life/education/school-route-family-walk/,静岡県森町の小学校入学前に通学路を親子で歩く｜交差点・雨天・待合せを確認 | 森町ライフハック,森町の小学校入学前に通学路を親子で歩く｜交差点・雨天・待合せを確認,education,family,子ども・家族,,,https://www.town.morimachi.shizuoka.jp/gyosei/machinososhiki/gakkokyoikuka/index.html,,keep,,P3,大石浩之,作業中,life,school-route-family-walk,detail,,,静岡県周智郡森町の小学校入学前に通学路を親子で歩く。対象条件、必要資料、森町の公式窓口、確認する順番を分かりやすく整理します。実行前の注意点と家族へ残す記録も案内します。,,3,https://morimachi.enshu-lifehack.com/life/education/school-route-family-walk/,True,True,False,36397
/life/education/school-zones/,静岡県森町の小学校・中学校の学区｜住所から通学区域を確認 | 森町ライフハック,森町の小学校・中学校の学区｜住所から通学区域を確認,education,family,子ども・家族,住所からどの小中学校に通うか確かめる,森町 学区,https://www.town.morimachi.shizuoka.jp/morikko/sodachi/4787.html,2026-08-06,rewrite,,P1,大石浩之,作業中,life,school-zones,parent,学校教育課 / 教育委員会,保護者,静岡県森町の小学校・中学校の学区を住所から確認する方法、町内の学校一覧、転校・転入学の準備、学校教育課の連絡先を案内します。対象、手順、必要書類、費用、期限、森町の窓口と注意点を、公式情報へのリンクとともに案内します。,0538-85-1112,2,https://morimachi.enshu-lifehack.com/life/education/school-zones/,False,True,False,22830
/life/education/special-needs-education-consultation/,静岡県森町の特別支援教育を相談したいとき｜就学前から在学中までの窓口 | 森町ライフハック,森町の特別支援教育を相談したいとき｜就学前から在学中までの窓口,education,family,子ども・家族,,,https://www.town.morimachi.shizuoka.jp/gyosei/machinososhiki/gakkokyoikuka/index.html,,keep,,P3,大石浩之,作業中,life,special-needs-education-consultation,detail,,,静岡県周智郡森町の特別支援教育を相談したいとき。対象条件、必要資料、森町の公式窓口、確認する順番を分かりやすく整理します。実行前の注意点と家族へ残す記録も案内します。,,3,https://morimachi.enshu-lifehack.com/life/education/special-needs-education-consultation/,True,True,False,37473
/life/education/student-commute-route-trial/,静岡県森町から高校等へ通う前の朝夕動線確認｜駅・バス停・家族送迎を実測する | 森町ライフハック,森町から高校等へ通う前の朝夕動線確認｜駅・バス停・家族送迎を実測する,education,family,子ども・家族,,,https://www.town.morimachi.shizuoka.jp/gyosei/machinososhiki/gakkokyoikuka/index.html,,keep,,P3,大石浩之,作業中,life,student-commute-route-trial,detail,,,静岡県周智郡森町から高校等へ通う前の朝夕動線確認。対象条件、必要資料、森町の公式窓口、確認する順番を分かりやすく整理します。実行前の注意点と家族へ残す記録も案内します。,,3,https://morimachi.enshu-lifehack.com/life/education/student-commute-route-trial/,True,True,False,36520
/life/education/study-facilities/,学習場所は、静岡県森町立図書館の閲覧コーナーと開館日を先に確認する | 森町ライフハック,学習場所は、森町立図書館の閲覧コーナーと開館日を先に確認する,education,enjoy,暮らしを楽しむ,子どもが勉強できる場所を探す,森町 図書館 学習室,https://www.town.morimachi.shizuoka.jp/gyosei/machinososhiki/toshokan/916.html,2026-07-04,keep,,P3,大石浩之,作業中,life,study-facilities,detail,,児童生徒,静岡県周智郡森町には「自習室」という専用施設は確認できていませんが、森町立図書館は「学習や研究の場としても利用できます」と案内しており、窓際の閲覧コーナーで読書や学習ができます。開館日と休館日を先に確認してから向かうのが確実です。,0538-85-1111 / 0538-85-1113,3,https://morimachi.enshu-lifehack.com/life/education/study-facilities/,True,True,False,24399
/life/emergency/child-emergency-care/,静岡県森町で子どもの救急に迷ったら｜#8000と受診先 | 森町ライフハック,森町で子どもの救急に迷ったら｜#8000と受診先,emergency,trouble,困った・緊急,,,https://www.town.morimachi.shizuoka.jp/gyosei/machinososhiki/juminseikatsuka/juminkakari/3/567.html,2026-08-09,keep,,P3,大石浩之,作業中,life,child-emergency-care,detail,,,静岡県森町で子どもの急な発熱やけがに迷ったときの#8000、119番、夜間・休日の受診先確認を、緊急度に応じた順序で案内します。対象、手順、必要書類、費用、期限、森町の窓口と注意点を、公式情報へのリンクとともに案内します。,,1,https://morimachi.enshu-lifehack.com/life/emergency/child-emergency-care/,False,True,False,13085
/life/emergency/disaster-certificates-procedures/,災害にあった後、何から動くか。静岡県森町でり災証明書と税の減免手続きを順番に整理する。 | 森町ライフハック,災害にあった後、何から動くか。森町でり災証明書と税の減免手続きを順番に整理する。,emergency,trouble,困った・緊急,り災証明書と税の減免を申請する,森町 り災証明書,https://www.town.morimachi.shizuoka.jp/gyosei/machinososhiki/zeimuka/chominzeigakari/1/1/4711.html,2026-07-03,keep,,P1,大石浩之,作業中,life,disaster-certificates-procedures,detail,税務課,被災者,静岡県森町で、災害で住宅などに大きな被害を受けたときは、り災証明書（罹災証明書・被災証明書）をもとに、町・県民税や国民健康保険税の軽減・免除を申請できます。何から手を付ければいいか分からないときは、まず税務課に相談してください。,0538-85-6308,2,https://morimachi.enshu-lifehack.com/life/emergency/disaster-certificates-procedures/,True,True,False,22400
/life/emergency/disaster-mail-line/,災害の知らせを取りこぼさないよう、静岡県森町LINE公式アカウント・ちゃっとメールで平常時から備える。,災害の知らせを取りこぼさないよう、森町LINE公式アカウント・ちゃっとメールで平常時から備える。,emergency,trouble,困った・緊急,災害情報の受け取り方を設定する,森町 防災 LINE メール,https://www.town.morimachi.shizuoka.jp/gyosei/machinososhiki/seisakukikakuka/promotionsenryakugakari/8/3750.html,2026-07-03,keep,,P1,大石浩之,作業中,life,disaster-mail-line,detail,政策企画課,住民,森町からの避難情報や災害の知らせは、同報無線のほか「森町LINE公式アカウント」や「森町ちゃっとメール」でも受け取れます。停電時や外出中でも情報を取りこぼさないよう、平常時のうちに登録しておきましょう。,0538-85-6305,2,https://morimachi.enshu-lifehack.com/life/emergency/disaster-mail-line/,True,True,False,22672
/life/emergency/earthquake/,地震・津波の備えを、静岡県森町の補助制度を使いながら今日できることから一つずつ。 | 森町ライフハック,地震・津波の備えを、森町の補助制度を使いながら今日できることから一つずつ。,emergency,trouble,困った・緊急,地震・津波に備える,森町 地震 備え,https://www.town.morimachi.shizuoka.jp/gyosei/machinososhiki/kikikanrika/kikikanrikakari/4/6838.html,2026-07-03,keep,,P0,大石浩之,作業中,life,earthquake,detail,危機管理課,住民,静岡県森町で、地震・津波への備えは、家具の固定や非常持ち出し品の準備といった今日できることに加えて、森町の補助制度を使った住宅の耐震化・感震ブレーカーの設置も選択肢になります。できることから一つずつ進めましょう。,0538-85-6302 / 0538-85-6321,3,https://morimachi.enshu-lifehack.com/life/emergency/earthquake/,True,True,False,23144
/life/emergency/earthquake-furniture-securing/,静岡県森町の地震対策で家具転倒を防ぐ｜固定場所と家族の避難動線 | 森町ライフハック,森町の地震対策で家具転倒を防ぐ｜固定場所と家族の避難動線,emergency,trouble,困った・緊急,,,https://www.town.morimachi.shizuoka.jp/gyosei/bosai_anzen/bosai/1129.html,,keep,,P3,大石浩之,作業中,life,earthquake-furniture-securing,detail,,,静岡県周智郡森町の地震対策で家具転倒を防ぐ。対象条件、必要資料、森町の公式窓口、確認する順番を分かりやすく整理します。実行前の注意点と家族へ残す記録も案内します。,,3,https://morimachi.enshu-lifehack.com/life/emergency/earthquake-furniture-securing/,True,True,False,36740
/life/emergency/emergency-toilet-preparation/,静岡県森町で災害用トイレを備える｜断水時の家族人数と衛生管理 | 森町ライフハック,森町で災害用トイレを備える｜断水時の家族人数と衛生管理,emergency,trouble,困った・緊急,,,https://www.town.morimachi.shizuoka.jp/gyosei/bosai_anzen/bosai/1129.html,,keep,,P3,大石浩之,作業中,life,emergency-toilet-preparation,detail,,,静岡県周智郡森町で災害用トイレを備える。対象条件、必要資料、森町の公式窓口、確認する順番を分かりやすく整理します。実行前の注意点と家族へ残す記録も案内します。,,3,https://morimachi.enshu-lifehack.com/life/emergency/emergency-toilet-preparation/,True,True,False,36541
/life/emergency/evacuation-by-car-risks/,静岡県森町で車による避難を考える前に｜道路寸断・渋滞・徒歩避難を比較 | 森町ライフハック,森町で車による避難を考える前に｜道路寸断・渋滞・徒歩避難を比較,emergency,trouble,困った・緊急,,,https://www.town.morimachi.shizuoka.jp/gyosei/bosai_anzen/bosai/1129.html,,keep,,P3,大石浩之,作業中,life,evacuation-by-car-risks,detail,,,静岡県周智郡森町で車による避難を考える前に。対象条件、必要資料、森町の公式窓口、確認する順番を分かりやすく整理します。実行前の注意点と家族へ残す記録も案内します。,,3,https://morimachi.enshu-lifehack.com/life/emergency/evacuation-by-car-risks/,True,True,False,36851
/life/emergency/evacuation-centers/,いざというとき、どこへ避難するかを静岡県森町のハザードマップと指定避難所で今のうちに決めておく。 | 森町ライフハック,いざというとき、どこへ避難するかを森町のハザードマップと指定避難所で今のうちに決めておく。,emergency,trouble,困った・緊急,指定避難所の場所を確認する,森町 避難所,https://www.town.morimachi.shizuoka.jp/gyosei/machinososhiki/kikikanrika/kikikanrikakari/4/854.html,2026-07-03,keep,,P0,大石浩之,作業中,life,evacuation-centers,detail,危機管理課,住民,静岡県森町で、いざというときにどこへ避難するか、あらかじめ決めておくと落ち着いて行動できます。森町防災ハザードマップで自宅周辺のリスクを確認し、指定避難所の場所を家族で共有しておきましょう。,0538-85-6302,2,https://morimachi.enshu-lifehack.com/life/emergency/evacuation-centers/,True,True,False,22097
/life/emergency/evacuation-hazard-map/,静岡県森町のハザードマップ｜洪水・土砂災害・避難所を確認 | 森町ライフハック,森町のハザードマップ｜洪水・土砂災害・避難所を確認,emergency,trouble,困った・緊急,いつ・どこへ逃げるかを決めておく,森町 ハザードマップ 避難,https://www.town.morimachi.shizuoka.jp/gyosei/bosai_anzen/bosai/1130.html,2026-08-06,rewrite,,P0,大石浩之,作業中,life,evacuation-hazard-map,parent,危機管理課 / 農林政策課,住民,静岡県森町で、「いつ逃げるか」「どこへ逃げるか」を、警戒レベルとハザードマップをもとに前もって決めておきましょう。森町は警戒レベルに応じた避難情報を同報無線・LINE・ちゃっとメールで発信しています。,0538-85-6302,4,https://morimachi.enshu-lifehack.com/life/emergency/evacuation-hazard-map/,True,True,False,31637
/life/emergency/family-annotated-hazard-map/,静岡県森町のハザードマップを家族用に書き込む｜自宅・別経路・連絡先を一枚に整理 | 森町ライフハック,森町のハザードマップを家族用に書き込む｜自宅・別経路・連絡先を一枚に整理,emergency,trouble,困った・緊急,,,https://www.town.morimachi.shizuoka.jp/gyosei/bosai_anzen/bosai/1129.html,,keep,,P3,大石浩之,作業中,life,family-annotated-hazard-map,detail,,,静岡県周智郡森町のハザードマップを家族用に書き込む。対象条件、必要資料、森町の公式窓口、確認する順番を分かりやすく整理します。実行前の注意点と家族へ残す記録も案内します。,,3,https://morimachi.enshu-lifehack.com/life/emergency/family-annotated-hazard-map/,True,True,False,36504
/life/emergency/family-disaster-communication-plan/,静岡県森町で家族の災害連絡計画を作る｜集合場所・伝言サービス・遠方連絡先 | 森町ライフハック,森町で家族の災害連絡計画を作る｜集合場所・伝言サービス・遠方連絡先,emergency,trouble,困った・緊急,,,https://www.town.morimachi.shizuoka.jp/gyosei/bosai_anzen/bosai/1129.html,,keep,,P3,大石浩之,作業中,life,family-disaster-communication-plan,detail,,,静岡県周智郡森町で家族の災害連絡計画を作る。対象条件、必要資料、森町の公式窓口、確認する順番を分かりやすく整理します。実行前の注意点と家族へ残す記録も案内します。,,3,https://morimachi.enshu-lifehack.com/life/emergency/family-disaster-communication-plan/,True,True,False,36763
/life/emergency/fire-ambulance/,火事のとき、急病のとき。まず119番。静岡県森町は袋井消防本部が管轄。 | 森町ライフハック,火事のとき、急病のとき。まず119番。森町は袋井消防本部が管轄。,emergency,trouble,困った・緊急,火事・急病のときの119番と管轄を知る,森町 消防 救急 119,https://www.town.morimachi.shizuoka.jp/gyosei/machinososhiki/kikikanrika/kikikanrikakari/shoubou/3966.html,2026-07-03,keep,,P0,大石浩之,作業中,life,fire-ambulance,detail,予防課,住民,火事のとき、急病のとき。まず119番です。森町の消防・救急は「袋井市森町広域行政組合 袋井消防本部」が管轄しており、住宅用火災警報器の取り付け・交換の支援なども行っています。対象、手順、必要書類、費用、期限、森町の窓口と注意点を、公式情報へのリンクとともに案。,0538-42-0119 / 0538-44-5114 / 119,3,https://morimachi.enshu-lifehack.com/life/emergency/fire-ambulance/,True,True,False,22347
/life/emergency/home-drainage-before-heavy-rain/,静岡県森町で大雨前に家の排水経路を確認する｜雨どい・側溝・敷地勾配の記録 | 森町ライフハック,森町で大雨前に家の排水経路を確認する｜雨どい・側溝・敷地勾配の記録,emergency,trouble,困った・緊急,,,https://www.town.morimachi.shizuoka.jp/gyosei/bosai_anzen/bosai/1129.html,,keep,,P3,大石浩之,作業中,life,home-drainage-before-heavy-rain,detail,,,静岡県周智郡森町で大雨前に家の排水経路を確認する。対象条件、必要資料、森町の公式窓口、確認する順番を分かりやすく整理します。実行前の注意点と家族へ残す記録も案内します。,,3,https://morimachi.enshu-lifehack.com/life/emergency/home-drainage-before-heavy-rain/,True,True,False,36475
/life/emergency/home-fire-alarm-inspection/,静岡県森町の住宅用火災警報器を点検する｜設置場所・作動確認・交換表示の見方 | 森町ライフハック,森町の住宅用火災警報器を点検する｜設置場所・作動確認・交換表示の見方,emergency,trouble,困った・緊急,,,https://www.town.morimachi.shizuoka.jp/gyosei/bosai_anzen/syoubou/3983.html,,keep,,P3,大石浩之,作業中,life,home-fire-alarm-inspection,detail,,,静岡県周智郡森町の住宅用火災警報器を点検する。対象条件、必要資料、森町の公式窓口、確認する順番を分かりやすく整理します。実行前の注意点と家族へ残す記録も案内します。,,2,https://morimachi.enshu-lifehack.com/life/emergency/home-fire-alarm-inspection/,True,True,False,31289
/life/emergency/household-emergency-stockpile/,静岡県森町の家庭備蓄｜水・食料・常備薬を家族人数から考える | 森町ライフハック,森町の家庭備蓄｜水・食料・常備薬を家族人数から考える,emergency,trouble,困った・緊急,,,https://www.town.morimachi.shizuoka.jp/gyosei/bosai_anzen/bosai/1129.html,,keep,,P3,大石浩之,作業中,life,household-emergency-stockpile,detail,,,静岡県周智郡森町の家庭備蓄。対象条件、必要資料、森町の公式窓口、確認する順番を分かりやすく整理します。実行前の注意点と家族へ残す記録も案内します。,,3,https://morimachi.enshu-lifehack.com/life/emergency/household-emergency-stockpile/,True,True,False,36161
/life/emergency/,⚠️ もしもの時 | 静岡県森町ライフハック,⚠️ もしもの時,emergency,trouble,困った・緊急,防災・災害時の行動と窓口を一覧で把握する,森町 防災,https://www.town.morimachi.shizuoka.jp/gyosei/bosai_anzen/bosai/1129.html,2026-07-04,keep,,P0,大石浩之,作業中,life,index,hub,危機管理課,住民,森町の防災情報をひとつにまとめたページです。ハザードマップや避難所の確認から、非常時の持ち出し品、災害用伝言ダイヤルの使い方まで、必要な情報の入口としてご利用ください。対象、手順、必要書類、費用、期限、森町の窓口と注意点を、公式情報へのリンクとともに案内しま。,0538-85-6302,3,https://morimachi.enshu-lifehack.com/life/emergency/,True,True,False,21736
/life/emergency/landslide-alert-actions/,静岡県森町の土砂災害警戒情報が出たとき｜区域・雨・避難先の確認順序 | 森町ライフハック,森町の土砂災害警戒情報が出たとき｜区域・雨・避難先の確認順序,emergency,trouble,困った・緊急,,,https://www.town.morimachi.shizuoka.jp/gyosei/bosai_anzen/bosai/1129.html,,keep,,P3,大石浩之,作業中,life,landslide-alert-actions,detail,,,静岡県周智郡森町の土砂災害警戒情報が出たとき。対象条件、必要資料、森町の公式窓口、確認する順番を分かりやすく整理します。実行前の注意点と家族へ残す記録も案内します。,,3,https://morimachi.enshu-lifehack.com/life/emergency/landslide-alert-actions/,True,True,False,37397
/life/emergency/multiple-disaster-information-channels/,静岡県森町の防災情報を複数経路で受け取る｜町公式・気象情報・家族連絡を整理 | 森町ライフハック,森町の防災情報を複数経路で受け取る｜町公式・気象情報・家族連絡を整理,emergency,trouble,困った・緊急,,,https://www.town.morimachi.shizuoka.jp/gyosei/bosai_anzen/bosai/1129.html,,keep,,P3,大石浩之,作業中,life,multiple-disaster-information-channels,detail,,,静岡県周智郡森町の防災情報を複数経路で受け取る。対象条件、必要資料、森町の公式窓口、確認する順番を分かりやすく整理します。実行前の注意点と家族へ残す記録も案内します。,,3,https://morimachi.enshu-lifehack.com/life/emergency/multiple-disaster-information-channels/,True,True,False,36398
/life/emergency/neighborhood-disaster-contact-notes/,静岡県森町で近所と防災連絡を共有する｜助け合える範囲と個人情報を決める | 森町ライフハック,森町で近所と防災連絡を共有する｜助け合える範囲と個人情報を決める,emergency,trouble,困った・緊急,,,https://www.town.morimachi.shizuoka.jp/gyosei/bosai_anzen/bosai/1129.html,,keep,,P3,大石浩之,作業中,life,neighborhood-disaster-contact-notes,detail,,,静岡県周智郡森町で近所と防災連絡を共有する。対象条件、必要資料、森町の公式窓口、確認する順番を分かりやすく整理します。実行前の注意点と家族へ残す記録も案内します。,,3,https://morimachi.enshu-lifehack.com/life/emergency/neighborhood-disaster-contact-notes/,True,True,False,36239
/life/emergency/pet-disaster-prevention/,ペットと一緒に逃げる。そのための備えを、災害が来る前に整える。 | 静岡県森町ライフハック,ペットと一緒に逃げる。そのための備えを、災害が来る前に整える。,emergency,trouble,困った・緊急,ペットと一緒に避難する備えをする,森町 ペット 同行避難,https://www.town.morimachi.shizuoka.jp/gyosei/machinososhiki/juminseikatsuka/seikatsukankyokakari/2/693.html,2026-07-04,keep,,P2,大石浩之,作業中,life,pet-disaster-prevention,detail,危機管理課 / 住民生活課,飼い主,災害が起きたとき、ペットを自宅に残していくか、一緒に連れて逃げるか。環境省は「同行避難」（飼い主とペットが一緒に避難所まで避難すること）を原則としています。ただし、避難所でペットと同じ空間で過ごせるとは限りません。,0538-85-6302 / 0538-85-6314,3,https://morimachi.enshu-lifehack.com/life/emergency/pet-disaster-prevention/,True,True,False,26504
/life/emergency/pet-evacuation-preparation/,静岡県森町でペット同行避難を準備する｜ケージ・記録・避難先確認を平常時に | 森町ライフハック,森町でペット同行避難を準備する｜ケージ・記録・避難先確認を平常時に,emergency,trouble,困った・緊急,,,https://www.town.morimachi.shizuoka.jp/gyosei/bosai_anzen/bosai/1129.html,,keep,,P3,大石浩之,作業中,life,pet-evacuation-preparation,detail,,,静岡県周智郡森町でペット同行避難を準備する。対象条件、必要資料、森町の公式窓口、確認する順番を分かりやすく整理します。実行前の注意点と家族へ残す記録も案内します。,,3,https://morimachi.enshu-lifehack.com/life/emergency/pet-evacuation-preparation/,True,True,False,36395
/life/emergency/post-earthquake-home-safety-record/,静岡県森町で地震後に自宅へ戻る判断を急がない｜外観記録と公的情報の確認 | 森町ライフハック,森町で地震後に自宅へ戻る判断を急がない｜外観記録と公的情報の確認,emergency,trouble,困った・緊急,,,https://www.town.morimachi.shizuoka.jp/gyosei/bosai_anzen/bosai/1129.html,,keep,,P3,大石浩之,作業中,life,post-earthquake-home-safety-record,detail,,,静岡県周智郡森町で地震後に自宅へ戻る判断を急がない。対象条件、必要資料、森町の公式窓口、確認する順番を分かりやすく整理します。実行前の注意点と家族へ残す記録も案内します。,,3,https://morimachi.enshu-lifehack.com/life/emergency/post-earthquake-home-safety-record/,True,True,False,36592
/life/emergency/power-outage/,静岡県森町の停電｜停電情報と家の中の確認順序 | 森町ライフハック,森町の停電｜停電情報と家の中の確認順序,emergency,trouble,困った・緊急,,,https://www.town.morimachi.shizuoka.jp/gyosei/bosai_anzen/bosai/index.html,2026-08-09,keep,,P3,大石浩之,作業中,life,power-outage,detail,,,静岡県森町で停電したときに、家だけか地域全体か、ブレーカー、停電情報、電線事故、在宅医療機器、復旧後の安全を確認する順序を案内します。対象、手順、必要書類、費用、期限、森町の窓口と注意点を、公式情報へのリンクとともに案内します。,,1,https://morimachi.enshu-lifehack.com/life/emergency/power-outage/,False,True,False,13349
/life/emergency/power-outage-home-preparation/,静岡県森町で停電に備えて冷蔵庫と生活機器を整理する｜優先順位と連絡先の記録 | 森町ライフハック,森町で停電に備えて冷蔵庫と生活機器を整理する｜優先順位と連絡先の記録,emergency,trouble,困った・緊急,,,https://www.town.morimachi.shizuoka.jp/gyosei/bosai_anzen/bosai/1129.html,,keep,,P3,大石浩之,作業中,life,power-outage-home-preparation,detail,,,静岡県周智郡森町で停電に備えて冷蔵庫と生活機器を整理する。対象条件、必要資料、森町の公式窓口、確認する順番を分かりやすく整理します。実行前の注意点と家族へ残す記録も案内します。,,3,https://morimachi.enshu-lifehack.com/life/emergency/power-outage-home-preparation/,True,True,False,36776
/life/emergency/road-river-info/,大雨・台風のとき、道路の通行止めと川の水位を静岡県のシステムで今すぐ確かめる。 | 森町ライフハック,大雨・台風のとき、道路の通行止めと川の水位を静岡県のシステムで今すぐ確かめる。,emergency,trouble,困った・緊急,道路の通行止めと川の水位を今すぐ確かめる,森町 通行止め 川 水位,https://www.town.morimachi.shizuoka.jp/gyosei/bosai_anzen/bosai/1129.html,2026-07-03,keep,,P1,大石浩之,作業中,life,road-river-info,detail,危機管理課,住民 / 通勤者,静岡県森町で、大雨・台風のときに気になる道路の通行止めや川の水位は、静岡県が提供するシステムで確認できます。森町の防災情報ページから、それぞれの外部サイトへアクセスできます。対象、手順、必要書類、費用、期限、森町の窓口と注意点を、公式情報へのリンクとともに案。,0538-85-6302,2,https://morimachi.enshu-lifehack.com/life/emergency/road-river-info/,True,True,False,21942
/life/emergency/shelter-at-home-readiness/,静岡県森町で在宅避難を選ぶ前に｜自宅の安全・備蓄・支援情報を確認 | 森町ライフハック,森町で在宅避難を選ぶ前に｜自宅の安全・備蓄・支援情報を確認,emergency,trouble,困った・緊急,,,https://www.town.morimachi.shizuoka.jp/gyosei/bosai_anzen/bosai/1129.html,,keep,,P3,大石浩之,作業中,life,shelter-at-home-readiness,detail,,,静岡県周智郡森町で在宅避難を選ぶ前に。対象条件、必要資料、森町の公式窓口、確認する順番を分かりやすく整理します。実行前の注意点と家族へ残す記録も案内します。,,3,https://morimachi.enshu-lifehack.com/life/emergency/shelter-at-home-readiness/,True,True,False,36613
/life/emergency/typhoon-home-check/,静岡県森町で台風が近づく前に家の外を点検する｜飛散・排水・停電への備え | 森町ライフハック,森町で台風が近づく前に家の外を点検する｜飛散・排水・停電への備え,emergency,trouble,困った・緊急,,,https://www.town.morimachi.shizuoka.jp/gyosei/bosai_anzen/bosai/1129.html,,keep,,P3,大石浩之,作業中,life,typhoon-home-check,detail,,,静岡県周智郡森町で台風が近づく前に家の外を点検する。対象条件、必要資料、森町の公式窓口、確認する順番を分かりやすく整理します。実行前の注意点と家族へ残す記録も案内します。,,3,https://morimachi.enshu-lifehack.com/life/emergency/typhoon-home-check/,True,True,False,36321
/life/emergency/visitor-disaster-readiness/,静岡県森町を訪問中に災害が起きたとき｜現在地・交通・一時避難を確認 | 森町ライフハック,森町を訪問中に災害が起きたとき｜現在地・交通・一時避難を確認,emergency,trouble,困った・緊急,,,https://www.town.morimachi.shizuoka.jp/gyosei/bosai_anzen/bosai/1129.html,,keep,,P3,大石浩之,作業中,life,visitor-disaster-readiness,detail,,,静岡県周智郡森町を訪問中に災害が起きたとき。対象条件、必要資料、森町の公式窓口、確認する順番を分かりやすく整理します。実行前の注意点と家族へ残す記録も案内します。,,3,https://morimachi.enshu-lifehack.com/life/emergency/visitor-disaster-readiness/,True,True,False,36704
/life/emergency/water-outage/,静岡県森町の断水｜給水情報と水の備えを確認 | 森町ライフハック,森町の断水｜給水情報と水の備えを確認,emergency,trouble,困った・緊急,,,https://www.town.morimachi.shizuoka.jp/gyosei/kurashi_tetsuzuki/jogesuido/josuido/2225.html,2026-08-09,keep,,P3,大石浩之,作業中,life,water-outage,detail,,,静岡県森町で断水したときに、対象地区、復旧・給水情報、上下水道課の連絡先、濁り水への対応、飲料水と生活用水の備えを確認できます。対象、手順、必要書類、費用、期限、森町の窓口と注意点を、公式情報へのリンクとともに案内します。,,2,https://morimachi.enshu-lifehack.com/life/emergency/water-outage/,False,True,False,13210
/life/emergency/wildfire-prevention-reporting/,静岡県森町の山林で火を使う前・煙を見た後の二枚表｜許可・届出・119番 | 森町ライフハック,森町の山林で火を使う前・煙を見た後の二枚表｜許可・届出・119番,emergency,trouble,困った・緊急,,,https://www.town.morimachi.shizuoka.jp/material/files/group/8/01_R7_morimachishinrinseibikeikaku.pdf,,keep,,P3,大石浩之,作業中,life,wildfire-prevention-reporting,detail,,,静岡県周智郡森町の山林で火を使う前・煙を見た後の二枚表。対象条件、必要資料、森町の公式窓口、確認する順番を分かりやすく整理します。実行前の注意点と家族へ残す記録も案内します。,,2,https://morimachi.enshu-lifehack.com/life/emergency/wildfire-prevention-reporting/,True,True,False,35513
/life/end-of-life/bereavement/,静岡県森町で家族が亡くなったら｜期限順にやることを整理する | 森町ライフハック,森町で家族が亡くなったら、期限の早い手続きから順に進める,end-of-life,property,家・土地,家族が亡くなった後の手続きを期限順に進める,森町 死亡届 おくやみ,https://www.town.morimachi.shizuoka.jp/gyosei/machinososhiki/juminseikatsuka/juminkakari/2/2/2896.html,2026-07-03,rewrite,,P0,大石浩之,作業中,life,bereavement,parent,住民生活課,遺族,静岡県森町で、家族が亡くなったとき、最初に必要になるのが死亡届と戸籍関連の手続きです。森町では住民生活課住民係が窓口となり、死亡診断書と一体になった死亡届を届出人が提出します。落ち着いて一つずつ進めましょう。,0538-85-6312,4,https://morimachi.enshu-lifehack.com/life/end-of-life/bereavement/,True,True,False,30438
/life/end-of-life/grave-memorial/,お墓・供養は、改葬許可の手続きと墓地の確認先を分けて進める | 静岡県森町ライフハック,お墓・供養は、改葬許可の手続きと墓地の確認先を分けて進める,end-of-life,property,家・土地,お墓・供養・改葬の進め方を知る,森町 改葬許可 墓,https://www.town.morimachi.shizuoka.jp/gyosei/machinososhiki/juminseikatsuka/seikatsukankyokakari/2/4437.html,2026-07-04,keep,,P2,大石浩之,作業中,life,grave-memorial,detail,住民生活課,遺族,お墓や供養に関する悩みは「今のお墓をどうするか」と「新しいお墓や納骨先をどう決めるか」の2つに分けると整理しやすくなります。静岡県周智郡森町では、お墓の引っ越し（改葬）に町の許可が必要で、窓口は住民生活課生活環境係です。,0538-85-2111 / 0538-85-6312 / 0538-85-6314,2,https://morimachi.enshu-lifehack.com/life/end-of-life/grave-memorial/,True,True,False,24660
/life/end-of-life/,🕊️ 人生の終わり（静岡県森町版） | 森町ライフハック,🕊️ 人生の終わり（森町版）,end-of-life,property,家・土地,おくやみ・相続・空き家の手続きを一覧で把握する,森町 おくやみ 相続,https://www.town.morimachi.shizuoka.jp/gyosei/lifeevent/okuyami/1830.html,2026-08-06,keep,,P0,大石浩之,作業中,life,index,hub,住民生活課 / 税務課 / 定住推進課,遺族,静岡県森町で、ご家族が亡くなったあとは、死亡届の提出から始まり、相続や空き家など、時間差で複数の手続きが発生します。森町では窓口が住民生活課・税務課・定住推進課に分かれているため、まずは全体像をつかんでから一つずつ進めましょう。,0538-85-2111,2,https://morimachi.enshu-lifehack.com/life/end-of-life/,True,True,False,21201
/life/end-of-life/inheritance/,相続は、静岡県森町の固定資産税・戸籍手続きと家族で決めることを分けて進める | 森町ライフハック,相続は、森町の固定資産税・戸籍手続きと家族で決めることを分けて進める,end-of-life,property,家・土地,相続で何をいつまでにやるか整理する,森町 相続 手続き,https://www.town.morimachi.shizuoka.jp/gyosei/machinososhiki/zeimuka/shisanzeigakari/1/yousiki/544.html,2026-07-03,keep,,P0,大石浩之,作業中,life,inheritance,parent,税務課 / 住民生活課,相続人,静岡県森町で、相続の手続きは、役場で対応できるものと、家族で話し合って決めることが混ざっています。森町の役場で分かるのは固定資産税の相続人代表者指定届や戸籍関連の手続きまでで、遺産分割や相続税は別の場所で確認する必要があります。まずは分けて考えましょう。,0538-85-6309 / 0538-85-6312,2,https://morimachi.enshu-lifehack.com/life/end-of-life/inheritance/,True,True,False,23821
/life/end-of-life/inherited-house/,静岡県森町の親の家をどうするか｜使う・貸す・売る・解体の決め方 | 森町ライフハック,森町で相続した親の家を、使う・貸す・売る・解体するのどれにするか決める,end-of-life,property,家・土地,相続した親の家を使う・貸す・売る・解体するを決める,親の家 相続 どうする,https://www.town.morimachi.shizuoka.jp/gyosei/kurashi_tetsuzuki/ijuteiju/akiyabank/index.html,2026-07-04,rewrite,,P0,大石浩之,作業中,life,inherited-house,parent,定住推進課 / 税務課,相続人 / 家族,静岡県森町で、親の家を相続したあと、片付ける・管理する・売却するといった判断は一度に決めなくても大丈夫です。森町では空き家バンクや補助金、税制の証明書といった制度が使えるので、まずは相談窓口を知っておき、一つずつ決めていきましょう。,0538-85-6309 / 0538-85-6321,5,https://morimachi.enshu-lifehack.com/life/end-of-life/inherited-house/,True,True,False,37283
/life/end-of-life/pension-inheritance/,年金の手続きは、国民健康保険と国民年金の窓口を分けて確認する | 静岡県森町ライフハック,年金の手続きは、国民健康保険と国民年金の窓口を分けて確認する,end-of-life,property,家・土地,亡くなった後の年金・保険の手続きをする,森町 死亡 年金 手続き,https://www.town.morimachi.shizuoka.jp/gyosei/kenko_fukushi/kokuminkenkohoken_kokikoreishairyoseido/index.html,2026-07-03,keep,,P1,大石浩之,作業中,life,pension-inheritance,detail,住民生活課,遺族,家族が亡くなったあとの年金関連の手続きは、森町の役場だけでは完結しません。国民健康保険の葬祭費は住民生活課国保年金係が窓口ですが、未支給年金の請求など年金そのものの手続きは日本年金機構・年金事務所の管轄です。窓口を混同しないよう分けて進めましょう。,0538-85-6313,2,https://morimachi.enshu-lifehack.com/life/end-of-life/pension-inheritance/,True,True,False,21754
/life/end-of-life/property-tax-inheritance/,固定資産税の相続は、静岡県森町税務課への相続人代表者指定届を先に確認する | 森町ライフハック,固定資産税の相続は、森町税務課への相続人代表者指定届を先に確認する,end-of-life,property,家・土地,相続した不動産の固定資産税の手続きをする,森町 固定資産税 相続人代表者,https://www.town.morimachi.shizuoka.jp/gyosei/machinososhiki/zeimuka/shisanzeigakari/1/yousiki/544.html,2026-07-03,keep,,P1,大石浩之,作業中,life,property-tax-inheritance,detail,税務課,相続人,静岡県森町で、土地や家屋を相続すると、固定資産税の納付先を誰にするか決める手続きが必要になります。森町では税務課資産税係へ「相続人代表者指定（変更）届」を提出する仕組みがあり、様式は税務課のホームページからダウンロードできます。,0538-85-6309,3,https://morimachi.enshu-lifehack.com/life/end-of-life/property-tax-inheritance/,True,True,False,23276
/life/family-grow/annual-parenting-information-review/,静岡県森町の子育て情報を年度替わりに見直す｜年齢・住所・利用先の更新チェック | 森町ライフハック,森町の子育て情報を年度替わりに見直す｜年齢・住所・利用先の更新チェック,family-grow,family,子ども・家族,,,https://www.town.morimachi.shizuoka.jp/morikko/,,keep,,P3,大石浩之,作業中,life,annual-parenting-information-review,detail,,,静岡県周智郡森町の子育て情報を年度替わりに見直す。対象条件、必要資料、森町の公式窓口、確認する順番を分かりやすく整理します。実行前の注意点と家族へ残す記録も案内します。,,3,https://morimachi.enshu-lifehack.com/life/family-grow/annual-parenting-information-review/,True,True,False,37862
/life/family-grow/child-allowance/,静岡県森町の児童手当｜申請期限・支給額・必要書類 | 森町ライフハック,森町の児童手当｜申請期限・支給額・必要書類,family-grow,family,子ども・家族,児童手当とこども医療費助成を期限内に申請する,森町 児童手当,https://www.town.morimachi.shizuoka.jp/gyosei/kosodate_kyoiku/teate_josei/jidoteateto/5316.html,2026-08-06,rewrite,,P0,大石浩之,作業中,life,child-allowance,detail,健康こども課,保護者,静岡県森町の児童手当について、出生・転入後の申請期限、支給額、必要書類、申請方法、健康こども課の連絡先を確認できます。対象、手順、必要書類、費用、期限、森町の窓口と注意点を、公式情報へのリンクとともに案内します。,0538-86-6330,1,https://morimachi.enshu-lifehack.com/life/family-grow/child-allowance/,False,True,False,20605
/life/family-grow/child-allowance-change-notification/,静岡県森町で児童手当の受給中に住所・口座・家族状況が変わったとき | 森町ライフハック,森町で児童手当の受給中に住所・口座・家族状況が変わったとき,family-grow,family,子ども・家族,,,https://www.town.morimachi.shizuoka.jp/morikko/,,keep,,P3,大石浩之,作業中,life,child-allowance-change-notification,detail,,,静岡県周智郡森町で児童手当の受給中に住所・口座・家族状況が変わったとき。対象条件、必要資料、森町の公式窓口、確認する順番を分かりやすく整理します。実行前の注意点と家族へ残す記録も案内します。,,3,https://morimachi.enshu-lifehack.com/life/family-grow/child-allowance-change-notification/,True,True,False,38126
/life/family-grow/child-dental-checkups/,静岡県森町の幼児歯科健診とフッ化物利用｜年齢別の確認順序 | 森町ライフハック,森町の幼児歯科健診とフッ化物利用｜年齢別の確認順序,family-grow,family,子ども・家族,,,https://www.town.morimachi.shizuoka.jp/morikko/kenko/4788.html,,keep,,P3,大石浩之,作業中,life,child-dental-checkups,detail,,,静岡県周智郡森町の幼児歯科健診とフッ化物利用。対象条件、必要資料、森町の公式窓口、確認する順番を分かりやすく整理します。実行前の注意点と家族へ残す記録も案内します。,,3,https://morimachi.enshu-lifehack.com/life/family-grow/child-dental-checkups/,True,True,False,36611
/life/family-grow/child-vaccination/,子どもの予防接種は、母子健康手帳と予診票をそろえて医療機関で受ける。 | 静岡県森町ライフハック,子どもの予防接種は、母子健康手帳と予診票をそろえて医療機関で受ける。,family-grow,family,子ども・家族,子どもの予防接種を受ける,森町 予防接種 子ども,https://www.town.morimachi.shizuoka.jp/morikko/sodachi/4813.html,2026-07-03,keep,,P0,大石浩之,作業中,life,child-vaccination,detail,健康こども課,保護者,静岡県森町で、予防接種は、種類や時期が多くて迷いがちですが、母子健康手帳と予診票をそろえて医療機関で受けるのが基本です。「もりまち子育て応援アプリ」を使えばスケジュール管理もらくになります。,0538-86-6330,2,https://morimachi.enshu-lifehack.com/life/family-grow/child-vaccination/,True,True,False,21739
/life/family-grow/child-vaccination-record-transfer/,静岡県森町で子どもの予防接種記録を転入時に整理する｜母子手帳と予診票の確認 | 森町ライフハック,森町で子どもの予防接種記録を転入時に整理する｜母子手帳と予診票の確認,family-grow,family,子ども・家族,,,https://www.town.morimachi.shizuoka.jp/morikko/kenko/4788.html,,keep,,P3,大石浩之,作業中,life,child-vaccination-record-transfer,detail,,,静岡県周智郡森町で子どもの予防接種記録を転入時に整理する。対象条件、必要資料、森町の公式窓口、確認する順番を分かりやすく整理します。実行前の注意点と家族へ残す記録も案内します。,,3,https://morimachi.enshu-lifehack.com/life/family-grow/child-vaccination-record-transfer/,True,True,False,37654
/life/family-grow/childbirth/,赤ちゃんが生まれたら、出生届・児童手当・新生児出生通知をまとめて進める。 | 静岡県森町ライフハック,赤ちゃんが生まれたら、出生届・児童手当・新生児出生通知をまとめて進める。,family-grow,family,子ども・家族,出生届と出産後の手続きをまとめて進める,森町 出生届,https://www.town.morimachi.shizuoka.jp/morikko/ninshin_shussan/morikko_20_1.html,2026-07-03,keep,,P0,大石浩之,作業中,life,childbirth,parent,出生届は住民生活課 / 児童手当・新生児出生通知は健康こども課,保護者,静岡県森町で、赤ちゃんが生まれたら、出生届・児童手当・新生児出生通知など、いくつかの手続きが一度に必要になります。窓口が住民生活課と健康こども課に分かれるため、先に流れを整理しておくと慌てずに済みます。,0538-85-6312 / 0538-86-6330,1,https://morimachi.enshu-lifehack.com/life/family-grow/childbirth/,True,True,False,22336
/life/family-grow/childcare-employment-certificate/,静岡県森町の保育所申込みで就労証明書を世帯別にそろえる | 森町ライフハック,森町の保育所申込みで就労証明書を世帯別にそろえる,family-grow,family,子ども・家族,,,https://www.town.morimachi.shizuoka.jp/gyosei/kosodate_kyoiku/hoikuen_yochiento/hoikuen/6286.html,,keep,,P3,大石浩之,作業中,life,childcare-employment-certificate,detail,,,静岡県周智郡森町の保育所申込みで就労証明書を世帯別にそろえる。対象条件、必要資料、森町の公式窓口、確認する順番を分かりやすく整理します。実行前の注意点と家族へ残す記録も案内します。,,2,https://morimachi.enshu-lifehack.com/life/family-grow/childcare-employment-certificate/,True,True,False,36854
/life/family-grow/childcare-fees/,静岡県森町の保育料と副食費｜算定・無償化・変更時の確認 | 森町ライフハック,森町の保育料と副食費｜算定・無償化・変更時の確認,family-grow,family,子ども・家族,,,https://www.town.morimachi.shizuoka.jp/gyosei/kosodate_kyoiku/hoikuen_yochiento/hoikuen/4624.html,,keep,,P3,大石浩之,作業中,life,childcare-fees,detail,,,静岡県周智郡森町の保育料と副食費。対象条件、必要資料、森町の公式窓口、確認する順番を分かりやすく整理します。実行前の注意点と家族へ残す記録も案内します。,,3,https://morimachi.enshu-lifehack.com/life/family-grow/childcare-fees/,True,True,False,36379
/life/family-grow/childcare-transfer-in/,静岡県森町へ転入する未就学児の保育手続き｜前自治体との切替を整理 | 森町ライフハック,森町へ転入する未就学児の保育手続き｜前自治体との切替を整理,family-grow,family,子ども・家族,,,https://www.town.morimachi.shizuoka.jp/gyosei/kosodate_kyoiku/hoikuen_yochiento/hoikuen/4624.html,,keep,,P3,大石浩之,作業中,life,childcare-transfer-in,detail,,,静岡県周智郡森町へ転入する未就学児の保育手続き。対象条件、必要資料、森町の公式窓口、確認する順番を分かりやすく整理します。実行前の注意点と家族へ残す記録も案内します。,,3,https://morimachi.enshu-lifehack.com/life/family-grow/childcare-transfer-in/,True,True,False,37329
/life/family-grow/developmental-support/,子どもの発達が気になったら、子ども相談・親子療育教室・ことばの教室から選ぶ。 | 静岡県森町ライフハック,子どもの発達が気になったら、子ども相談・親子療育教室・ことばの教室から選ぶ。,family-grow,family,子ども・家族,子どもの発達の心配を相談する,森町 発達相談,https://www.town.morimachi.shizuoka.jp/morikko/sodachi/4801.html,2026-07-03,keep,,P1,大石浩之,作業中,life,developmental-support,detail,健康こども課,保護者,子どもの発達が気になったとき、森町には子ども相談・親子療育教室「ぽっぷこーん」・ことばの教室という3つの選択肢があります。年齢や困りごとに応じて選べるので、まずは健康こども課こども家庭係に相談してみましょう。,0538-86-6330,1,https://morimachi.enshu-lifehack.com/life/family-grow/developmental-support/,True,True,False,21454
/life/family-grow/,👶 家族が増える | 静岡県森町ライフハック,👶 家族が増える,family-grow,family,子ども・家族,結婚・妊娠・出産・子育ての手続きを一覧で把握する,森町 子育て 手続き,https://www.town.morimachi.shizuoka.jp/,2026-07-03,keep,,P1,大石浩之,作業中,life,index,hub,,保護者,妊娠がわかったときから、子どもが生まれ、育っていくまで。森町では健康こども課を中心に、母子健康手帳の交付から予防接種、保育園、ひとり親家庭の支援まで、時期に応じた手続きと相談窓口が用意されています。まずは全体の入口から、必要なページを見つけてください。,,1,https://morimachi.enshu-lifehack.com/life/family-grow/,True,True,False,14345
/life/family-grow/infant-checkup-preparation/,静岡県森町で乳幼児健診の案内が届いたら｜日程・問診・成長記録の準備 | 森町ライフハック,森町で乳幼児健診の案内が届いたら｜日程・問診・成長記録の準備,family-grow,family,子ども・家族,,,https://www.town.morimachi.shizuoka.jp/morikko/kenko/4788.html,,keep,,P3,大石浩之,作業中,life,infant-checkup-preparation,detail,,,静岡県周智郡森町で乳幼児健診の案内が届いたら。対象条件、必要資料、森町の公式窓口、確認する順番を分かりやすく整理します。実行前の注意点と家族へ残す記録も案内します。,,3,https://morimachi.enshu-lifehack.com/life/family-grow/infant-checkup-preparation/,True,True,False,37660
/life/family-grow/infant-health-check/,乳幼児健診の案内を見落とさず、1か月・4か月・10か月・1歳6か月・3歳児で確認する。 | 静岡県森町ライフハック,乳幼児健診の案内を見落とさず、1か月・4か月・10か月・1歳6か月・3歳児で確認する。,family-grow,family,子ども・家族,乳幼児健診の時期と会場を確認する,森町 乳幼児健診,https://www.town.morimachi.shizuoka.jp/morikko/sodachi/4792.html,2026-07-03,keep,,P1,大石浩之,作業中,life,infant-health-check,detail,健康こども課,保護者,静岡県森町で、乳幼児健診は、1か月・4か月・10か月・1歳6か月・3歳児と続きます。医療機関での個別受診と、保健福祉センターでの集団健診が混ざるので、時期ごとの違いを先に確認しておきましょう。,0538-86-6330,2,https://morimachi.enshu-lifehack.com/life/family-grow/infant-health-check/,True,True,False,22506
/life/family-grow/marriage/,婚姻届を出す日と、結婚新生活支援補助金など結婚後の手続きを先に整理する。 | 静岡県森町ライフハック,婚姻届を出す日と、結婚新生活支援補助金など結婚後の手続きを先に整理する。,family-grow,family,子ども・家族,婚姻届の提出と結婚後の手続きを進める,森町 婚姻届,https://www.town.morimachi.shizuoka.jp/gyosei/machinososhiki/juminseikatsuka/juminkakari/2/2/2893.html,2026-07-03,keep,,P1,大石浩之,作業中,life,marriage,detail,婚姻届は住民生活課 / 結婚新生活支援補助金は定住推進課,婚姻当事者,静岡県森町で、婚姻届を出す日は、その後の手続きにも影響します。届出そのものは住民生活課住民係で行いますが、結婚新生活支援補助金など経済的な支援は別窓口・別期限で動いているため、先に整理しておくと安心です。,0538-85-6312 / 0538-85-6321,2,https://morimachi.enshu-lifehack.com/life/family-grow/marriage/,True,True,False,22566
/life/family-grow/maternal-child-health-handbook-lost/,静岡県森町で母子健康手帳をなくしたとき｜記録の確認と再交付相談 | 森町ライフハック,森町で母子健康手帳をなくしたとき｜記録の確認と再交付相談,family-grow,family,子ども・家族,,,https://www.town.morimachi.shizuoka.jp/morikko/ninshin_shussan/4811.html,,keep,,P3,大石浩之,作業中,life,maternal-child-health-handbook-lost,detail,,,静岡県周智郡森町で母子健康手帳をなくしたとき。対象条件、必要資料、森町の公式窓口、確認する順番を分かりやすく整理します。実行前の注意点と家族へ残す記録も案内します。,,3,https://morimachi.enshu-lifehack.com/life/family-grow/maternal-child-health-handbook-lost/,True,True,False,36794
/life/family-grow/newborn-health-insurance-enrollment/,静岡県森町で出生後の健康保険とこども医療費助成を一件でつなぐ | 森町ライフハック,森町で出生後の健康保険とこども医療費助成を一件でつなぐ,family-grow,family,子ども・家族,,,https://www.town.morimachi.shizuoka.jp/morikko/ninshin_shussan/morikko_20_1.html,,keep,,P3,大石浩之,作業中,life,newborn-health-insurance-enrollment,detail,,,静岡県周智郡森町で出生後の健康保険とこども医療費助成を一件でつなぐ。対象条件、必要資料、森町の公式窓口、確認する順番を分かりやすく整理します。実行前の注意点と家族へ残す記録も案内します。,,3,https://morimachi.enshu-lifehack.com/life/family-grow/newborn-health-insurance-enrollment/,True,True,False,35361
/life/family-grow/newborn-home-visit/,静岡県森町の赤ちゃん訪問｜連絡時期・訪問内容・相談できること | 森町ライフハック,森町の赤ちゃん訪問｜連絡時期・訪問内容・相談できること,family-grow,family,子ども・家族,,,https://www.town.morimachi.shizuoka.jp/morikko/ninshin_shussan/4811.html,,keep,,P3,大石浩之,作業中,life,newborn-home-visit,detail,,,静岡県周智郡森町の赤ちゃん訪問。対象条件、必要資料、森町の公式窓口、確認する順番を分かりやすく整理します。実行前の注意点と家族へ残す記録も案内します。,,3,https://morimachi.enshu-lifehack.com/life/family-grow/newborn-home-visit/,True,True,False,36462
/life/family-grow/nursery-childcare/,保育園の入所申込みと病児・病後児保育を、必要なタイミングから確認する。 | 静岡県森町ライフハック,保育園の入所申込みと病児・病後児保育を、必要なタイミングから確認する。,family-grow,family,子ども・家族,保育園の入所申込みと病児保育を利用する,森町 保育園 申込み,https://www.town.morimachi.shizuoka.jp/morikko/sodachi/4785.html,2026-07-03,keep,,P1,大石浩之,作業中,life,nursery-childcare,detail,健康こども課,保護者,静岡県森町で、保育園の入所申込みは、募集時期を逃すと年度内の入所が難しくなります。あわせて、急な発熱などで保育園に預けられないときの病児・病後児保育も、必要になる前に知っておくと安心です。,0538-48-7800 / 0538-86-6300,2,https://morimachi.enshu-lifehack.com/life/family-grow/nursery-childcare/,True,True,False,22414
/life/family-grow/nursery-enrollment-changes/,静岡県森町で保育所入所後に住所や勤務先が変わったとき｜変更届の確認 | 森町ライフハック,森町で保育所入所後に住所や勤務先が変わったとき｜変更届の確認,family-grow,family,子ども・家族,,,https://www.town.morimachi.shizuoka.jp/gyosei/kosodate_kyoiku/hoikuen_yochiento/hoikuen/4624.html,,keep,,P3,大石浩之,作業中,life,nursery-enrollment-changes,detail,,,静岡県周智郡森町で保育所入所後に住所や勤務先が変わったとき。対象条件、必要資料、森町の公式窓口、確認する順番を分かりやすく整理します。実行前の注意点と家族へ残す記録も案内します。,,3,https://morimachi.enshu-lifehack.com/life/family-grow/nursery-enrollment-changes/,True,True,False,37554
/life/family-grow/nursery-preference-planning/,静岡県森町の保育所申込みで希望園を考える｜通勤動線・送迎者・災害時から整理 | 森町ライフハック,森町の保育所申込みで希望園を考える｜通勤動線・送迎者・災害時から整理,family-grow,family,子ども・家族,,,https://www.town.morimachi.shizuoka.jp/gyosei/kosodate_kyoiku/hoikuen_yochiento/hoikuen/4624.html,,keep,,P3,大石浩之,作業中,life,nursery-preference-planning,detail,,,静岡県周智郡森町の保育所申込みで希望園を考える。対象条件、必要資料、森町の公式窓口、確認する順番を分かりやすく整理します。実行前の注意点と家族へ残す記録も案内します。,,3,https://morimachi.enshu-lifehack.com/life/family-grow/nursery-preference-planning/,True,True,False,36392
/life/family-grow/nursery-school/,静岡県森町の保育園・幼稚園｜空き状況・申込み・施設一覧 | 森町ライフハック,森町の保育園・幼稚園｜空き状況・申込み・施設一覧,family-grow,family,子ども・家族,幼稚園・保育園の選び方を知る,森町 保育園 空き状況,https://www.town.morimachi.shizuoka.jp/gyosei/kosodate_kyoiku/hoikuen_yochiento/hoikuen/4624.html,2026-08-06,keep,,P1,大石浩之,作業中,life,nursery-school,parent,健康こども課,保護者,静岡県森町の保育園・幼稚園について、施設一覧、2026年度の入所案内、空き状況の確認先、申込み時期と窓口を確認できます。対象、手順、必要書類、費用、期限、森町の窓口と注意点を、公式情報へのリンクとともに案内します。,0538-86-6300,2,https://morimachi.enshu-lifehack.com/life/family-grow/nursery-school/,False,True,False,23155
/life/family-grow/parenting-support/,森町子育て支援完全ガイド｜年齢別に制度を整理 | 森町ライフハック,森町子育て支援完全ガイド｜年齢別に制度を整理,family-grow,family,子ども・家族,子育ての悩みを相談できる場所を見つける,森町 子育て相談,https://www.town.morimachi.shizuoka.jp/gyosei/machinososhiki/kenkokodomoka/kodomokateikakari/1/837.html,,keep,,P1,大石浩之,作業中,life,parenting-support,detail,健康こども課 / 森町保健福祉センター,保護者,静岡県森町の子育て支援を、妊娠・乳幼児・保育・就学・18歳までの年齢と困りごと別に整理。こども家庭センター、児童館、手当、病児保育、発達相談の入口と公式確認先を案内します。,,5,https://morimachi.enshu-lifehack.com/life/family-grow/parenting-support/,True,True,False,32638
/life/family-grow/postnatal-health-checkups/,静岡県森町の産婦健康診査｜受診票と産後の相談先を確認 | 森町ライフハック,森町の産婦健康診査｜受診票と産後の相談先を確認,family-grow,family,子ども・家族,,,https://www.town.morimachi.shizuoka.jp/morikko/ninshin_shussan/4811.html,,keep,,P3,大石浩之,作業中,life,postnatal-health-checkups,detail,,,静岡県周智郡森町の産婦健康診査。対象条件、必要資料、森町の公式窓口、確認する順番を分かりやすく整理します。実行前の注意点と家族へ残す記録も案内します。,,3,https://morimachi.enshu-lifehack.com/life/family-grow/postnatal-health-checkups/,True,True,False,36274
/life/family-grow/pregnancy/,妊娠がわかったら、まず妊娠届を出して母子健康手帳を受け取る。 | 静岡県森町ライフハック,妊娠がわかったら、まず妊娠届を出して母子健康手帳を受け取る。,family-grow,family,子ども・家族,妊娠届を出して母子健康手帳を受け取る,森町 妊娠届 母子手帳,https://www.town.morimachi.shizuoka.jp/morikko/ninshin_shussan/4811.html,2026-07-03,keep,,P0,大石浩之,作業中,life,pregnancy,detail,健康こども課 / 森町保健福祉センター,妊婦,静岡県森町で、妊娠がわかったら、まず健康こども課こども家庭係で妊娠届を出し、母子健康手帳を受け取ります。手帳があることで、この後の妊婦健診や出産後の手続きがスムーズに進みます。対象、手順、必要書類、費用、期限、森町の窓口と注意点を、公式情報へのリンクとともに。,0538-86-6330,1,https://morimachi.enshu-lifehack.com/life/family-grow/pregnancy/,True,True,False,21182
/life/family-grow/pregnancy-family-information-sharing/,静岡県森町で父親・パートナーが母子保健情報を共有する｜妊娠期からの家族記録 | 森町ライフハック,森町で父親・パートナーが母子保健情報を共有する｜妊娠期からの家族記録,family-grow,family,子ども・家族,,,https://www.town.morimachi.shizuoka.jp/morikko/ninshin_shussan/4811.html,,keep,,P3,大石浩之,作業中,life,pregnancy-family-information-sharing,detail,,,静岡県周智郡森町で父親・パートナーが母子保健情報を共有する。対象条件、必要資料、森町の公式窓口、確認する順番を分かりやすく整理します。実行前の注意点と家族へ残す記録も案内します。,,3,https://morimachi.enshu-lifehack.com/life/family-grow/pregnancy-family-information-sharing/,True,True,False,38073
/life/family-grow/pregnancy-transfer-in-checklist/,静岡県森町へ妊娠中に転入したときの母子手帳・受診票切替表 | 森町ライフハック,森町へ妊娠中に転入したときの母子手帳・受診票切替表,family-grow,family,子ども・家族,,,https://www.town.morimachi.shizuoka.jp/morikko/ninshin_shussan/4811.html,,keep,,P3,大石浩之,作業中,life,pregnancy-transfer-in-checklist,detail,,,静岡県周智郡森町へ妊娠中に転入したときの母子手帳・受診票切替表。対象条件、必要資料、森町の公式窓口、確認する順番を分かりやすく整理します。実行前の注意点と家族へ残す記録も案内します。,,2,https://morimachi.enshu-lifehack.com/life/family-grow/pregnancy-transfer-in-checklist/,True,True,False,37396
/life/family-grow/prenatal-health-checkups/,静岡県森町の妊婦健診受診票を週数・受診先・精算方法で管理する | 森町ライフハック,森町の妊婦健診受診票を週数・受診先・精算方法で管理する,family-grow,family,子ども・家族,,,https://www.town.morimachi.shizuoka.jp/morikko/ninshin_shussan/4805.html,,keep,,P3,大石浩之,作業中,life,prenatal-health-checkups,detail,,,静岡県周智郡森町の妊婦健診受診票を週数・受診先・精算方法で管理する。対象条件、必要資料、森町の公式窓口、確認する順番を分かりやすく整理します。実行前の注意点と家族へ残す記録も案内します。,,3,https://morimachi.enshu-lifehack.com/life/family-grow/prenatal-health-checkups/,True,True,False,31617
/life/family-grow/return-to-work-childcare-documents/,静岡県森町で育児休業から復職するときの保育手続き｜日付と就労証明をそろえる | 森町ライフハック,森町で育児休業から復職するときの保育手続き｜日付と就労証明をそろえる,family-grow,family,子ども・家族,,,https://www.town.morimachi.shizuoka.jp/gyosei/kosodate_kyoiku/hoikuen_yochiento/hoikuen/4624.html,,keep,,P3,大石浩之,作業中,life,return-to-work-childcare-documents,detail,,,静岡県周智郡森町で育児休業から復職するときの保育手続き。対象条件、必要資料、森町の公式窓口、確認する順番を分かりやすく整理します。実行前の注意点と家族へ残す記録も案内します。,,3,https://morimachi.enshu-lifehack.com/life/family-grow/return-to-work-childcare-documents/,True,True,False,36951
/life/family-grow/single-parent-support/,ひとり親家庭の児童扶養手当・医療費助成を、最初に見る順番で整理する。 | 静岡県森町ライフハック,ひとり親家庭の児童扶養手当・医療費助成を、最初に見る順番で整理する。,family-grow,family,子ども・家族,ひとり親家庭の手当と助成を受ける,森町 児童扶養手当,https://www.town.morimachi.shizuoka.jp/gyosei/machinososhiki/kenkokodomoka/kodomokateikakari/2/3031.html,2026-07-03,keep,,P1,大石浩之,作業中,life,single-parent-support,detail,健康こども課,ひとり親,静岡県森町で、ひとり親家庭には、児童扶養手当とひとり親家庭等医療費助成という2つの経済的な支援があります。どちらも健康こども課こども家庭係が窓口なので、まとめて確認しておくと安心です。,0538-86-6330,2,https://morimachi.enshu-lifehack.com/life/family-grow/single-parent-support/,True,True,False,22532
/life/health-medical/adult-vaccination/,静岡県森町のおとなの予防接種は、対象年齢と接種時期・自己負担額を先に確認する | 森町ライフハック,森町のおとなの予防接種は、対象年齢と接種時期・自己負担額を先に確認する,health-medical,trouble,困った・緊急,おとなの予防接種の対象と費用を確認する,森町 高齢者 予防接種,https://www.town.morimachi.shizuoka.jp/gyosei/kenko_fukushi/kenkoukanri_kansennshou/5438.html,2026-07-03,keep,,P1,大石浩之,作業中,life,adult-vaccination,detail,健康こども課,成人 / 高齢者,森町でおとなの予防接種を受けるときは、まず自分がどの助成の対象になるかを確認しましょう。高齢者の肺炎球菌予防接種と、妊娠を予定・希望する女性とその同居家族向けの風しん予防接種費用助成があり、対象年齢や期間、自己負担額がそれぞれ異なります。,0538-85-6330,2,https://morimachi.enshu-lifehack.com/life/health-medical/adult-vaccination/,True,True,False,22002
/life/health-medical/cancer-specific-checkups/,静岡県森町のがん検診と患者支援制度は、対象と時期を分けて確認する | 森町ライフハック,森町のがん検診と患者支援制度は、対象と時期を分けて確認する,health-medical,trouble,困った・緊急,がん検診の対象と時期を確認する,森町 がん検診,https://www.town.morimachi.shizuoka.jp/gyosei/machinososhiki/kenkokodomoka/kenkozukurikakari/2/821.html,2026-07-03,keep,,P1,大石浩之,作業中,life,cancer-specific-checkups,detail,健康こども課,住民,森町のがん検診は、20歳以上を対象とした総合検診の中に組み込まれています。あわせて、がん治療にともなう見た目のケアを支える医療用補整具の購入費助成制度もあるので、検診と患者支援は分けて確認しましょう。,0538-85-6330,2,https://morimachi.enshu-lifehack.com/life/health-medical/cancer-specific-checkups/,True,True,False,21381
/life/health-medical/dental-care/,静岡県森町の歯科・口の健康は、歯周病検診と町内の歯科医院を分けて確認する | 森町ライフハック,森町の歯科・口の健康は、歯周病検診と町内の歯科医院を分けて確認する,health-medical,trouble,困った・緊急,歯科検診と町内の歯科医院を確認する,森町 歯科 歯周病検診,https://www.town.morimachi.shizuoka.jp/gyosei/kenko_fukushi/otonanokenko_kenshin_sodan_kenkozukuri/2937.html,2026-07-04,keep,,P2,大石浩之,作業中,life,dental-care,detail,健康こども課,住民,森町の歯と口の健康は、節目年齢が対象の歯周病検診と、町内の歯科医院探しを分けて考えるとわかりやすいです。公立森町病院の歯科口腔外科は一般歯科診療ではなく、抜歯や口腔外傷などの専門対応が中心になっている点にも注意しましょう。,0538-85-6330,2,https://morimachi.enshu-lifehack.com/life/health-medical/dental-care/,True,True,False,21234
/life/health-medical/disability-welfare/,静岡県森町の障がい者手帳・福祉は、手帳の種類と申請窓口を分けて確認する | 森町ライフハック,森町の障がい者手帳・福祉は、手帳の種類と申請窓口を分けて確認する,health-medical,trouble,困った・緊急,障がい者手帳の取得と福祉サービスを利用する,森町 障害者手帳,https://www.town.morimachi.shizuoka.jp/gyosei/machinososhiki/hokenfukushika/shogaifukushikakari/1/665.html,2026-07-04,rewrite,,P1,大石浩之,作業中,life,disability-welfare,parent,福祉課 / 保健福祉課,本人 / 家族,森町で障がい者手帳を取得するときは、まずどの手帳が自分に該当するかを確認しましょう。身体障害者手帳・療育手帳・精神障害者保健福祉手帳の3種類があり、それぞれ対象や判定方法が異なります。,0538-85-1800,3,https://morimachi.enshu-lifehack.com/life/health-medical/disability-welfare/,True,True,False,23729
/life/health-medical/family-medication-information-record/,静岡県森町でお薬手帳と医療情報を家族に共有する｜通院先・服薬・緊急連絡を整理 | 森町ライフハック,森町でお薬手帳と医療情報を家族に共有する｜通院先・服薬・緊急連絡を整理,health-medical,trouble,困った・緊急,,,https://www.town.morimachi.shizuoka.jp/gyosei/kenko_fukushi/kokuminkenkohoken_kokikoreishairyoseido/index.html,,keep,,P3,大石浩之,作業中,life,family-medication-information-record,detail,,,静岡県周智郡森町でお薬手帳と医療情報を家族に共有する。対象条件、必要資料、森町の公式窓口、確認する順番を分かりやすく整理します。実行前の注意点と家族へ残す記録も案内します。,,3,https://morimachi.enshu-lifehack.com/life/health-medical/family-medication-information-record/,True,True,False,37208
/life/health-medical/find-hospitals/,静岡県森町で医療機関を探すときは、公立森町病院と町内診療所・広域の医療情報ネットを分けて確認する | 森町ライフハック,森町で医療機関を探すときは、公立森町病院と町内診療所・広域の医療情報ネットを分けて確認する,health-medical,trouble,困った・緊急,森町とその周辺で医療機関を探す,森町 病院 診療所,https://www.town.morimachi.shizuoka.jp/gyosei/machinososhiki/kenkokodomoka/kenkozukurikakari/3/834.html,2026-07-03,keep,,P1,大石浩之,作業中,life,find-hospitals,detail,健康こども課,住民,森町で医療機関を探すときは、公立森町病院と町内の診療所・歯科医院、そして広域の医療情報検索サイトを分けて考えるとわかりやすいです。県内の医療機関の外来診療状況は「医療ネット・ナビィ」で検索でき、夜間・休日は磐周医師会の救急当番医制度もあります。,0538-85-0270 / 0538-85-2181 / 0538-85-6330,2,https://morimachi.enshu-lifehack.com/life/health-medical/find-hospitals/,True,True,False,22032
/life/health-medical/health-check-result-recordkeeping/,静岡県森町で健診結果を保管・比較する｜数値を自己判断せず相談準備につなげる | 森町ライフハック,森町で健診結果を保管・比較する｜数値を自己判断せず相談準備につなげる,health-medical,trouble,困った・緊急,,,https://www.town.morimachi.shizuoka.jp/gyosei/kenko_fukushi/kokuminkenkohoken_kokikoreishairyoseido/index.html,,keep,,P3,大石浩之,作業中,life,health-check-result-recordkeeping,detail,,,静岡県周智郡森町で健診結果を保管・比較する。対象条件、必要資料、森町の公式窓口、確認する順番を分かりやすく整理します。実行前の注意点と家族へ残す記録も案内します。,,3,https://morimachi.enshu-lifehack.com/life/health-medical/health-check-result-recordkeeping/,True,True,False,37022
/life/health-medical/health-checkups/,静岡県森町の健康診断とがん検診は、総合検診・特定健診の受診券と対象条件を先に確認する | 森町ライフハック,森町の健康診断とがん検診は、総合検診・特定健診の受診券と対象条件を先に確認する,health-medical,trouble,困った・緊急,受けられる健診・検診を選ぶ,森町 健康診断 検診,https://www.town.morimachi.shizuoka.jp/gyosei/machinososhiki/kenkokodomoka/kenkozukurikakari/2/821.html,2026-07-03,keep,,P1,大石浩之,作業中,life,health-checkups,parent,健康こども課 / 特定健診は住民生活課,住民,森町の健康診断は、20歳以上を対象とした総合検診と、国保加入の40〜74歳を対象とした特定健診の2つに分かれています。窓口も総合検診は健康こども課、特定健診は住民生活課 国保年金係と異なるので、まず自分がどちらに該当するか確認しましょう。,0538-85-6313 / 0538-85-6330,2,https://morimachi.enshu-lifehack.com/life/health-medical/health-checkups/,True,True,False,22017
/life/health-medical/health-promotion/,静岡県森町の健康づくりは、生活習慣相談と健診・健康マイレージ事業を先に整理する | 森町ライフハック,森町の健康づくりは、生活習慣相談と健診・健康マイレージ事業を先に整理する,health-medical,trouble,困った・緊急,健康づくりの取り組みに参加する,森町 健康マイレージ,https://www.town.morimachi.shizuoka.jp/gyosei/machinososhiki/juminseikatsuka/juminkakari/3/567.html,2026-07-04,keep,,P2,大石浩之,作業中,life,health-promotion,detail,健康こども課,住民,森町の健康づくりは、健康こども課による生活習慣相談と、健康マイレージ事業や各種検診の案内をあわせて知っておくと活用しやすくなります。まずは自分の状況に合わせて相談窓口を確認しましょう。,0538-85-1800 / 0538-85-6330,2,https://morimachi.enshu-lifehack.com/life/health-medical/health-promotion/,True,True,False,20452
/life/health-medical/hepatitis-virus-screening/,静岡県森町で肝炎ウイルス検査の受診歴を一回ずつ確認する | 森町ライフハック,森町で肝炎ウイルス検査の受診歴を一回ずつ確認する,health-medical,trouble,困った・緊急,,,https://www.town.morimachi.shizuoka.jp/gyosei/kenko_fukushi/otonanokenko_kenshin_sodan_kenkozukuri/index.html,,keep,,P3,大石浩之,作業中,life,hepatitis-virus-screening,detail,,,静岡県周智郡森町で肝炎ウイルス検査の受診歴を一回ずつ確認する。対象条件、必要資料、森町の公式窓口、確認する順番を分かりやすく整理します。実行前の注意点と家族へ残す記録も案内します。,,2,https://morimachi.enshu-lifehack.com/life/health-medical/hepatitis-virus-screening/,True,True,False,36901
/life/health-medical/,🏥 健康・医療（静岡県森町版トップ） | 森町ライフハック,🏥 健康・医療（森町版トップ）,health-medical,trouble,困った・緊急,医療・検診・障がい福祉の情報を一覧で把握する,森町 医療,https://www.town.morimachi.shizuoka.jp/gyosei/kenko_fukushi/index.html,2026-08-06,keep,,P0,大石浩之,作業中,life,index,hub,健康こども課,住民,森町の健康・医療に関する手続きは、健診・予防接種は健康こども課、障がい福祉は福祉課、国保・特定健診は住民生活課、診療・救急は公立森町病院と、担当が分かれています。まず自分の用件がどの窓口にあたるかを確認しましょう。,0538-85-6330,2,https://morimachi.enshu-lifehack.com/life/health-medical/,True,True,False,19743
/life/health-medical/late-elderly-medical-system/,静岡県森町の後期高齢者医療｜加入・保険料・窓口負担の確認順序 | 森町ライフハック,森町の後期高齢者医療｜加入・保険料・窓口負担の確認順序,health-medical,trouble,困った・緊急,,,https://www.town.morimachi.shizuoka.jp/gyosei/kenko_fukushi/kokuminkenkohoken_kokikoreishairyoseido/index.html,,keep,,P3,大石浩之,作業中,life,late-elderly-medical-system,detail,,,静岡県周智郡森町の後期高齢者医療。対象条件、必要資料、森町の公式窓口、確認する順番を分かりやすく整理します。実行前の注意点と家族へ残す記録も案内します。,,3,https://morimachi.enshu-lifehack.com/life/health-medical/late-elderly-medical-system/,True,True,False,37317
/life/health-medical/leaving-national-health-insurance/,静岡県森町の国民健康保険をやめる手続き｜就職・扶養入り後の届出と返却物 | 森町ライフハック,森町の国民健康保険をやめる手続き｜就職・扶養入り後の届出と返却物,health-medical,trouble,困った・緊急,,,https://www.town.morimachi.shizuoka.jp/gyosei/kenko_fukushi/kokuminkenkohoken_kokikoreishairyoseido/index.html,,keep,,P3,大石浩之,作業中,life,leaving-national-health-insurance,detail,,,静岡県周智郡森町の国民健康保険をやめる手続き。対象条件、必要資料、森町の公式窓口、確認する順番を分かりやすく整理します。実行前の注意点と家族へ残す記録も案内します。,,3,https://morimachi.enshu-lifehack.com/life/health-medical/leaving-national-health-insurance/,True,True,False,37964
/life/health-medical/medical-expense-tax-deduction/,静岡県森町で医療費控除を申告する前に｜通知・領収書・交通費を整理 | 森町ライフハック,森町で医療費控除を申告する前に｜通知・領収書・交通費を整理,health-medical,trouble,困った・緊急,,,https://www.town.morimachi.shizuoka.jp/gyosei/kurashi_tetsuzuki/zeikin/index.html,,keep,,P3,大石浩之,作業中,life,medical-expense-tax-deduction,detail,,,静岡県周智郡森町で医療費控除を申告する前に。対象条件、必要資料、森町の公式窓口、確認する順番を分かりやすく整理します。実行前の注意点と家族へ残す記録も案内します。,,3,https://morimachi.enshu-lifehack.com/life/health-medical/medical-expense-tax-deduction/,True,True,False,37490
/life/health-medical/mental-disability-certificate/,静岡県森町で精神障害者保健福祉手帳を申請するとき｜診断書と更新を確認 | 森町ライフハック,森町で精神障害者保健福祉手帳を申請するとき｜診断書と更新を確認,health-medical,trouble,困った・緊急,,,https://www.town.morimachi.shizuoka.jp/gyosei/machinososhiki/hokenfukushika/shogaifukushikakari/1/665.html,,keep,,P3,大石浩之,作業中,life,mental-disability-certificate,detail,,,静岡県周智郡森町で精神障害者保健福祉手帳を申請するとき。対象条件、必要資料、森町の公式窓口、確認する順番を分かりやすく整理します。実行前の注意点と家族へ残す記録も案内します。,,3,https://morimachi.enshu-lifehack.com/life/health-medical/mental-disability-certificate/,True,True,False,37787
/life/health-medical/mental-health-consulting/,静岡県森町のこころの相談は、町の健康相談と県の心の電話・精神科救急ダイヤルを分けて確認する | 森町ライフハック,森町のこころの相談は、町の健康相談と県の心の電話・精神科救急ダイヤルを分けて確認する,health-medical,trouble,困った・緊急,こころの不調を相談する,森町 こころの相談,https://www.town.morimachi.shizuoka.jp/gyosei/machinososhiki/juminseikatsuka/juminkakari/3/567.html,2026-07-03,keep,,P1,大石浩之,作業中,life,mental-health-consulting,detail,住民生活課 / 健康相談は健康こども課,住民 / 家族,森町のこころの相談は、町の健康相談と、静岡県が設けている「心の電話」「精神科救急情報ダイヤル」を分けて知っておくと使いやすくなります。緊急度や相談内容に応じて窓口を選びましょう。対象、手順、必要書類、費用、期限、森町の窓口と注意点を、公式情報へのリンクととも。,0538-37-5560 / 0538-85-1800 / 054-253-9905,1,https://morimachi.enshu-lifehack.com/life/health-medical/mental-health-consulting/,True,True,False,20573
/life/health-medical/national-health-insurance-childbirth-lump-sum/,静岡県森町の国民健康保険の出産育児一時金｜直接支払と申請を確認 | 森町ライフハック,森町の国民健康保険の出産育児一時金｜直接支払と申請を確認,health-medical,trouble,困った・緊急,,,https://www.town.morimachi.shizuoka.jp/gyosei/kenko_fukushi/kokuminkenkohoken_kokikoreishairyoseido/index.html,,keep,,P3,大石浩之,作業中,life,national-health-insurance-childbirth-lump-sum,detail,,,静岡県周智郡森町の国民健康保険の出産育児一時金。対象条件、必要資料、森町の公式窓口、確認する順番を分かりやすく整理します。実行前の注意点と家族へ残す記録も案内します。,,3,https://morimachi.enshu-lifehack.com/life/health-medical/national-health-insurance-childbirth-lump-sum/,True,True,False,37498
/life/health-medical/national-health-insurance-eligibility-document/,静岡県森町で国民健康保険の資格情報を確認する｜マイナ保険証を使えないとき | 森町ライフハック,森町で国民健康保険の資格情報を確認する｜マイナ保険証を使えないとき,health-medical,trouble,困った・緊急,,,https://www.town.morimachi.shizuoka.jp/gyosei/kenko_fukushi/kokuminkenkohoken_kokikoreishairyoseido/index.html,,keep,,P3,大石浩之,作業中,life,national-health-insurance-eligibility-document,detail,,,静岡県周智郡森町で国民健康保険の資格情報を確認する。対象条件、必要資料、森町の公式窓口、確認する順番を分かりやすく整理します。実行前の注意点と家族へ残す記録も案内します。,,3,https://morimachi.enshu-lifehack.com/life/health-medical/national-health-insurance-eligibility-document/,True,True,False,37820
/life/health-medical/national-health-insurance-funeral-benefit/,静岡県森町の国民健康保険葬祭費｜葬祭を行った人・請求書・受付結果を一件表にする | 森町ライフハック,森町の国民健康保険葬祭費｜葬祭を行った人・請求書・受付結果を一件表にする,health-medical,trouble,困った・緊急,,,https://www.town.morimachi.shizuoka.jp/gyosei/lifeevent/okuyami/1830.html,,keep,,P3,大石浩之,作業中,life,national-health-insurance-funeral-benefit,detail,,,静岡県周智郡森町の国民健康保険葬祭費。対象条件、必要資料、森町の公式窓口、確認する順番を分かりやすく整理します。実行前の注意点と家族へ残す記録も案内します。,,3,https://morimachi.enshu-lifehack.com/life/health-medical/national-health-insurance-funeral-benefit/,True,True,False,34425
/life/health-medical/national-health-insurance-high-cost-medical/,静岡県森町国保の高額療養費を暦月・世帯・医療機関別に整理する | 森町ライフハック,森町国保の高額療養費を暦月・世帯・医療機関別に整理する,health-medical,trouble,困った・緊急,,,https://www.town.morimachi.shizuoka.jp/gyosei/machinososhiki/juminseikatsuka/kokuhonenkinkakari/2/1/528.html,,keep,,P3,大石浩之,作業中,life,national-health-insurance-high-cost-medical,detail,,,静岡県周智郡森町国保の高額療養費を暦月・世帯・医療機関別に整理する。対象条件、必要資料、森町の公式窓口、確認する順番を分かりやすく整理します。実行前の注意点と家族へ残す記録も案内します。,,2,https://morimachi.enshu-lifehack.com/life/health-medical/national-health-insurance-high-cost-medical/,True,True,False,34616
/life/health-medical/national-health-insurance-medical-expense-reimbursement/,静岡県森町国保の療養費申請束｜支払理由・専用証明・受付結果を一件表にする | 森町ライフハック,森町国保の療養費申請束｜支払理由・専用証明・受付結果を一件表にする,health-medical,trouble,困った・緊急,,,https://www.town.morimachi.shizuoka.jp/gyosei/machinososhiki/juminseikatsuka/kokuhonenkinkakari/2/1/528.html,,keep,,P3,大石浩之,作業中,life,national-health-insurance-medical-expense-reimbursement,detail,,,静岡県周智郡森町国保の療養費申請束。対象条件、必要資料、森町の公式窓口、確認する順番を分かりやすく整理します。実行前の注意点と家族へ残す記録も案内します。,,2,https://morimachi.enshu-lifehack.com/life/health-medical/national-health-insurance-medical-expense-reimbursement/,True,True,False,35511
/life/health-medical/national-health-insurance-payment-limit/,静岡県森町国保の入院費を限度額・食事代・申請月で分ける | 森町ライフハック,森町国保の入院費を限度額・食事代・申請月で分ける,health-medical,trouble,困った・緊急,,,https://www.town.morimachi.shizuoka.jp/gyosei/kenko_fukushi/kokuminkenkohoken_kokikoreishairyoseido/2173.html,,keep,,P3,大石浩之,作業中,life,national-health-insurance-payment-limit,detail,,,静岡県周智郡森町国保の入院費を限度額・食事代・申請月で分ける。対象条件、必要資料、森町の公式窓口、確認する順番を分かりやすく整理します。実行前の注意点と家族へ残す記録も案内します。,,2,https://morimachi.enshu-lifehack.com/life/health-medical/national-health-insurance-payment-limit/,True,True,False,37138
/life/health-medical/national-health-insurance-prenatal-postnatal-reduction/,静岡県森町の産前産後国民健康保険税免除｜単胎・多胎の対象月と届出を一件表にする | 森町ライフハック,森町の産前産後国民健康保険税免除｜単胎・多胎の対象月と届出を一件表にする,health-medical,trouble,困った・緊急,,,https://www.town.morimachi.shizuoka.jp/gyosei/kenko_fukushi/kokuminkenkohoken_kokikoreishairyoseido/5236.html,,keep,,P3,大石浩之,作業中,life,national-health-insurance-prenatal-postnatal-reduction,detail,,,静岡県周智郡森町の産前産後国民健康保険税免除。対象条件、必要資料、森町の公式窓口、確認する順番を分かりやすく整理します。実行前の注意点と家族へ残す記録も案内します。,,2,https://morimachi.enshu-lifehack.com/life/health-medical/national-health-insurance-prenatal-postnatal-reduction/,True,True,False,32687
/life/health-medical/national-health-insurance-third-party-injury/,静岡県森町国保で交通事故後に第三者行為届を出す順序を一件管理する | 森町ライフハック,森町国保で交通事故後に第三者行為届を出す順序を一件管理する,health-medical,trouble,困った・緊急,,,https://www.town.morimachi.shizuoka.jp/gyosei/machinososhiki/juminseikatsuka/kokuhonenkinkakari/2/1/528.html,,keep,,P3,大石浩之,作業中,life,national-health-insurance-third-party-injury,detail,,,静岡県周智郡森町国保で交通事故後に第三者行為届を出す順序を一件管理する。対象条件、必要資料、森町の公式窓口、確認する順番を分かりやすく整理します。実行前の注意点と家族へ残す記録も案内します。,,2,https://morimachi.enshu-lifehack.com/life/health-medical/national-health-insurance-third-party-injury/,True,True,False,34377
/life/health-medical/night-holiday-medical/,静岡県森町の夜間・休日の急患｜緊急度と時間帯で受診先を決める | 森町ライフハック,森町で夜間・休日に具合が悪くなったら、緊急度と時間帯で行き先を決める,health-medical,trouble,困った・緊急,夜間・休日に具合が悪くなったときの受診先を決める,森町 夜間 休日 救急,https://www.town.morimachi.shizuoka.jp/gyosei/machinososhiki/kenkokodomoka/kenkozukurikakari/3/834.html,2026-07-03,rewrite,,P0,大石浩之,作業中,life,night-holiday-medical,parent,健康こども課 / 救急受診そのものは公立森町病院 / 静岡県危機管理部消防保安課 / 森町側の案内窓口は危機管理課,住民 / 保護者,森町には独自の急患診療所がなく、夜間・休日の急患は公立森町病院が窓口になります。受診の前には必ず電話連絡が必要で、深夜帯は原則として救急受診ができない点を先に押さえておきましょう。,0538-85-2181 / 7119 / 8000,2,https://morimachi.enshu-lifehack.com/life/health-medical/night-holiday-medical/,True,True,False,27951
/life/health-medical/specific-health-guidance/,静岡県森町の特定保健指導｜健診結果が届いた後の利用方法 | 森町ライフハック,森町の特定保健指導｜健診結果が届いた後の利用方法,health-medical,trouble,困った・緊急,,,https://www.town.morimachi.shizuoka.jp/gyosei/kenko_fukushi/kokuminkenkohoken_kokikoreishairyoseido/index.html,,keep,,P3,大石浩之,作業中,life,specific-health-guidance,detail,,,静岡県周智郡森町の特定保健指導。対象条件、必要資料、森町の公式窓口、確認する順番を分かりやすく整理します。実行前の注意点と家族へ残す記録も案内します。,,3,https://morimachi.enshu-lifehack.com/life/health-medical/specific-health-guidance/,True,True,False,37328
/life/health-medical/vaccinations/,静岡県森町の予防接種｜子ども・おとなの対象と受け方を選ぶ | 森町ライフハック,森町の予防接種は、子どもとおとなで受け方と助成が分かれる,health-medical,trouble,困った・緊急,自分・家族が受ける予防接種を選ぶ,森町 予防接種,https://www.town.morimachi.shizuoka.jp/gyosei/kenko_fukushi/kenkoukanri_kansennshou/5438.html,2026-07-03,keep,,P1,大石浩之,作業中,life,vaccinations,parent,健康こども課,住民 / 保護者,森町の予防接種は、対象年齢・接種時期・助成内容が制度ごとに異なります。高齢者の肺炎球菌予防接種と、風しん予防接種費用助成では手続きの流れも違うので、対象になるものを先に確認しましょう。,0538-85-6330,2,https://morimachi.enshu-lifehack.com/life/health-medical/vaccinations/,True,True,False,22790
/life/housing/build-house/,静岡県森町で家を建てる前に、耐震・補助金・結婚新生活支援を確認する。 | 森町ライフハック,森町で家を建てる前に、耐震・補助金・結婚新生活支援を確認する。,housing,property,家・土地,森町で家を建てる前に補助制度を確認する,森町 住宅 補助金,https://www.town.morimachi.shizuoka.jp/gyosei/machinososhiki/teijusuishinka/ijukoryugakari/2/izyusankouzyohou/4392.html,2026-07-03,keep,,P2,大石浩之,作業中,life,build-house,detail,定住推進課,建築希望者,森町で家を建てるときは、磐田市のような新築向け独自補助は見当たらない一方、木造住宅の耐震補助と結婚新生活支援補助金が使えるかどうかを先に確認しておくと安心です。着工前の申請が必須な制度もあるため、計画段階での確認が重要です。,0538-85-6321,2,https://morimachi.enshu-lifehack.com/life/housing/build-house/,True,True,False,27630
/life/housing/buy-house/,静岡県森町で家を買う前に、固定資産税・空き家バンク・結婚新生活支援を確認する。 | 森町ライフハック,森町で家を買う前に、固定資産税・空き家バンク・結婚新生活支援を確認する。,housing,property,家・土地,森町で家を買う前に確認することを知る,森町 家 購入,https://www.town.morimachi.shizuoka.jp/gyosei/machinososhiki/teijusuishinka/ijukoryugakari/2/2/379.html,2026-07-03,keep,,P2,大石浩之,作業中,life,buy-house,detail,税務課 / 定住推進課,購入検討者,森町で家を買うときは、購入そのものへの町独自補助は見当たりませんが、固定資産税の仕組みを知っておくこと、中古物件なら空き家バンクも選択肢に入れること、結婚を機にした購入なら結婚新生活支援補助金の対象になり得ることを確認しておきましょう。,0538-85-6309 / 0538-85-6321,3,https://morimachi.enshu-lifehack.com/life/housing/buy-house/,True,True,False,27511
/life/housing/clean-parents-house/,静岡県森町で親の家を片付けるときは、ごみ分別・空き家対策・空き家バンクを確認する。 | 森町ライフハック,森町で親の家を片付けるときは、ごみ分別・空き家対策・空き家バンクを確認する。,housing,property,家・土地,親の家の片付けを進める,森町 実家 片付け,https://www.town.morimachi.shizuoka.jp/gyosei/machinososhiki/juminseikatsuka/seikatsukankyokakari/1/1/692.html,2026-07-03,keep,,P1,大石浩之,作業中,life,clean-parents-house,detail,住民生活課 / 定住推進課,家族,森町で親の家を片付けるときは、まず家庭ごみの分別ルールを確認し、片付け後に空き家として残す場合は空き家対策・空き家バンクの窓口も合わせて確認しておくとスムーズです。対象、手順、必要書類、費用、期限、森町の窓口と注意点を、公式情報へのリンクとともに案内します。,0538-85-6314 / 0538-85-6321,3,https://morimachi.enshu-lifehack.com/life/housing/clean-parents-house/,True,True,False,29653
/life/housing/close-parents-house/,静岡県森町の実家じまい｜売却を決める前の確認順序 | 森町ライフハック,森町の実家じまい｜売却を決める前の確認順序,housing,property,家・土地,,,https://www.town.morimachi.shizuoka.jp/gyosei/machinososhiki/teijusuishinka/ijukoryugakari/2/2/379.html,2026-08-09,keep,,P3,大石浩之,作業中,life,close-parents-house,detail,,,静岡県森町で実家じまいを考える家族向けに、名義、家財、境界、空き家管理、売却・賃貸・保有の選択肢と相談先を順番に整理します。対象、手順、必要書類、費用、期限、森町の窓口と注意点を、公式情報へのリンクとともに案内します。,,2,https://morimachi.enshu-lifehack.com/life/housing/close-parents-house/,False,True,False,13575
/life/housing/earthquake-demolition/,静岡県森町の耐震・解体は、木造住宅の耐震診断・改修・解体助成を確認する。 | 森町ライフハック,森町の耐震・解体は、木造住宅の耐震診断・改修・解体助成を確認する。,housing,property,家・土地,耐震診断・改修・解体の助成を使う,森町 耐震 解体 補助,https://www.town.morimachi.shizuoka.jp/gyosei/machinososhiki/teijusuishinka/sumaishiengakari/1/558.html,2026-07-03,keep,,P1,大石浩之,作業中,life,earthquake-demolition,detail,定住推進課,所有者,森町の耐震・解体は、木造住宅なら無料の耐震診断から改修工事助成・解体工事助成まで一連の流れで確認でき、工事着手前の申請が必須という共通ルールを押さえることが大切です。対象、手順、必要書類、費用、期限、森町の窓口と注意点を、公式情報へのリンクとともに案内します。,0538-85-6321,2,https://morimachi.enshu-lifehack.com/life/housing/earthquake-demolition/,True,True,False,28030
/life/housing/,森町の不動産完全ガイド｜家・土地・売却・相談 | 森町ライフハック,🏠 森町の不動産完全ガイド｜家・土地・売却・相談,housing,property,家・土地,住まい・空き家・不動産の情報を一覧で把握する,森町 住まい,https://www.town.morimachi.shizuoka.jp/gyosei/machinososhiki/teijusuishinka/ijukoryugakari/2/2/379.html,2026-08-09,keep,,P1,大石浩之,作業中,life,index,hub,,住民,静岡県周智郡森町の「家・住まい」では、家を建てる・買う・売る・借りる、実家の片付けや空き家対策、町営住宅、固定資産税まで、暮らしにまつわる住まいの手続きをまとめて確認できます。,,4,https://morimachi.enshu-lifehack.com/life/housing/,True,True,False,29837
/life/housing/municipal-housing/,静岡県森町の町営住宅は、募集条件・収入・必要書類を先に確認する。 | 森町ライフハック,森町の町営住宅は、募集条件・収入・必要書類を先に確認する。,housing,property,家・土地,町営住宅の募集条件と申込みを確認する,森町 町営住宅,https://www.town.morimachi.shizuoka.jp/gyosei/machinososhiki/teijusuishinka/sumaishiengakari/4/412.html,2026-07-03,keep,,P2,大石浩之,作業中,life,municipal-housing,detail,定住推進課,入居希望者,森町の町営住宅は6団地・合計121戸あり、収入基準や同居親族の有無などの募集条件を満たす必要があります。募集は年4回程度と限られているため、条件と必要書類を先に確認してから申し込むとスムーズです。,0538-85-6321,1,https://morimachi.enshu-lifehack.com/life/housing/municipal-housing/,True,True,False,25150
/life/housing/property-tax/,静岡県森町の土地・家屋の税金は、固定資産税・都市計画税の課税内容と手続きを分けて確認する | 森町ライフハック,森町の土地・家屋の税金は、固定資産税・都市計画税の課税内容と手続きを分けて確認する,housing,property,家・土地,土地・家屋の固定資産税の中身を確認する,森町 固定資産税,https://www.town.morimachi.shizuoka.jp/gyosei/machinososhiki/zeimuka/shisanzeigakari/1/koteitosikeizenpan/539.html,2026-07-03,keep,,P1,大石浩之,作業中,life,property-tax,detail,税務課,所有者,森町の土地・家屋にかかる固定資産税・都市計画税は、年4回の納期と納税通知書の内容を分けて理解しておくと、納め忘れや書類紛失を防げます。対象、手順、必要書類、費用、期限、森町の窓口と注意点を、公式情報へのリンクとともに案内します。,0538-85-6309,2,https://morimachi.enshu-lifehack.com/life/housing/property-tax/,True,True,False,26533
/life/housing/public-housing-consultation/,静岡県森町で住まいに困ったら、状況と緊急度を先に分ける | 森町ライフハック,森町で住まいに困ったら、状況と緊急度を先に分ける,housing,property,家・土地,住むところに困ったときの相談先を知る,森町 住まい 相談,https://www.town.morimachi.shizuoka.jp/gyosei/kurashi_tetsuzuki/ijuteiju/akiyabank/index.html,2026-07-04,keep,,P1,大石浩之,作業中,life,public-housing-consultation,detail,定住推進課 / 住民生活課,生活困窮者,「住まいの相談窓口」とひとことで言っても、困りごとの中身によって行き先が変わります。町営住宅の空き状況を知りたいのか、家賃が払えず不安なのか、空き家を借りたいのかを先に整理すると、電話一本で担当窓口に迷わずたどり着けます。,0538-85-1800 / 0538-85-2111 / 0538-85-6312 / 0538-85-6321,3,https://morimachi.enshu-lifehack.com/life/housing/public-housing-consultation/,True,True,False,27073
/life/housing/rent-house/,静岡県森町で賃貸を探すなら、空き家バンクと町営住宅の両方を確認する | 森町ライフハック,森町で賃貸を探すなら、空き家バンクと町営住宅の両方を確認する,housing,property,家・土地,森町で借りられる住まいを探す,森町 賃貸 町営住宅,https://www.town.morimachi.shizuoka.jp/gyosei/machinososhiki/teijusuishinka/ijukoryugakari/2/2/379.html,2026-07-04,keep,,P2,大石浩之,作業中,life,rent-house,detail,定住推進課,入居希望者,森町で賃貸を探すときは、町が民間賃貸情報をまとめて紹介する仕組みはないため、空き家バンクの賃貸物件と町営住宅を町の制度として押さえつつ、民間の不動産業者・ポータルサイトも合わせて探すのが現実的です。,0538-85-6321,4,https://morimachi.enshu-lifehack.com/life/housing/rent-house/,True,True,False,26470
/life/housing/sell-house/,静岡県森町で家を売る前に、固定資産税・空き家バンクを確認する | 森町ライフハック,森町で家を売る前に、固定資産税・空き家バンクを確認する,housing,property,家・土地,森町で家を売る前に確認することを知る,森町 家 売却,https://www.town.morimachi.shizuoka.jp/gyosei/machinososhiki/teijusuishinka/ijukoryugakari/2/2/379.html,2026-07-03,keep,,P1,大石浩之,作業中,life,sell-house,detail,税務課 / 定住推進課,所有者,森町で家を売る前に、固定資産税の納税義務の考え方と、空き家状態なら空き家バンクの活用を確認しておくと、売却の進め方がイメージしやすくなります。対象、手順、必要書類、費用、期限、森町の窓口と注意点を、公式情報へのリンクとともに案内します。,0538-85-6309 / 0538-85-6321,2,https://morimachi.enshu-lifehack.com/life/housing/sell-house/,True,True,False,31354
/life/housing/vacant-house/,森町空き家・空き地バンク｜登録・利用・注意点 | 森町ライフハック,森町空き家・空き地バンク｜登録・利用・注意点,housing,property,家・土地,空き家の制度（対策計画・バンク・税）を整理する,森町 空き家,https://www.town.morimachi.shizuoka.jp/gyosei/machinososhiki/teijusuishinka/ijukoryugakari/2/2/379.html,2026-08-06,keep,,P0,大石浩之,作業中,life,vacant-house,parent,定住推進課 / 税務課,所有者,静岡県周智郡森町の空き家は、第2期森町空家等対策計画・空き家バンク・固定資産税の3つを同時に整理しておくと、放置せず早めに動くべき理由と選択肢がはっきりします。対象、手順、必要書類、費用、期限、森町の窓口と注意点を、公式情報へのリンクとともに案内します。,,4,https://morimachi.enshu-lifehack.com/life/housing/vacant-house/,True,True,False,31889
/life/living-soon/about-morimachi/,森町移住完全ガイド｜仕事・子育て・交通・住まい | 森町ライフハック,森町移住完全ガイド｜仕事・子育て・交通・住まい,living-soon,procedures,手続きしたい,森町での暮らしの実際を知る,森町 移住 補助金,https://www.town.morimachi.shizuoka.jp/ijyu/index.html,2026-08-06,keep,,P3,大石浩之,作業中,life,about-morimachi,detail,定住推進課,移住検討者,静岡県森町への移住を検討する方向けに、移住補助金、仕事、空き家バンク、子育て、買い物、オンライン相談の確認先をまとめます。対象、手順、必要書類、費用、期限、森町の窓口と注意点を、公式情報へのリンクとともに案内します。,,6,https://morimachi.enshu-lifehack.com/life/living-soon/about-morimachi/,True,True,False,32637
/life/living-soon/areas/amagata/,静岡県森町・天方地区の暮らし｜住む前の移動・防災確認 | 森町ライフハック,森町・天方地区の暮らし｜住む前の移動・防災確認,living-soon,procedures,手続きしたい,,,https://www.town.morimachi.shizuoka.jp/material/files/group/4/3d-morimachikokudoyiroukeikaku.pdf,2026-08-09,keep,,P3,大石浩之,作業中,life,amagata,detail,,,静岡県森町の天方地区で暮らす前に、北部地域の移動、学校、買い物、防災、土地境界を確認する方法と、候補住所での現地確認項目を案内します。対象、手順、必要書類、費用、期限、森町の窓口と注意点を、公式情報へのリンクとともに案内します。,,3,https://morimachi.enshu-lifehack.com/life/living-soon/areas/amagata/,False,True,False,13308
/life/living-soon/areas/ichinomiya/,静岡県森町・一宮地区の暮らし｜住む前の交通・土地確認 | 森町ライフハック,森町・一宮地区の暮らし｜住む前の交通・土地確認,living-soon,procedures,手続きしたい,,,https://www.town.morimachi.shizuoka.jp/material/files/group/9/keikankeikaku2syou1.pdf,2026-08-09,keep,,P3,大石浩之,作業中,life,ichinomiya,detail,,,静岡県森町の一宮地区で暮らす前に、地区の範囲、交通、学校、買い物、防災、土地境界の確認先を整理し、候補住所で見る項目を案内します。対象、手順、必要書類、費用、期限、森町の窓口と注意点を、公式情報へのリンクとともに案内します。,,3,https://morimachi.enshu-lifehack.com/life/living-soon/areas/ichinomiya/,False,True,False,13210
/life/living-soon/areas/iida/,静岡県森町・飯田地区の暮らし｜住む前の生活動線確認 | 森町ライフハック,森町・飯田地区の暮らし｜住む前の生活動線確認,living-soon,procedures,手続きしたい,,,https://www.town.morimachi.shizuoka.jp/material/files/group/4/3d-morimachikokudoyiroukeikaku.pdf,2026-08-09,keep,,P3,大石浩之,作業中,life,iida,detail,,,静岡県森町の飯田地区で暮らす前に、地区の範囲、交通、学校、買い物、防災、土地境界を確認する方法と、候補住所での現地確認を案内します。対象、手順、必要書類、費用、期限、森町の窓口と注意点を、公式情報へのリンクとともに案内します。,,3,https://morimachi.enshu-lifehack.com/life/living-soon/areas/iida/,False,True,False,13192
/life/living-soon/areas/mikura/,静岡県森町・三倉地区の暮らし｜住む前の移動・土地確認 | 森町ライフハック,森町・三倉地区の暮らし｜住む前の移動・土地確認,living-soon,procedures,手続きしたい,,,https://www.town.morimachi.shizuoka.jp/material/files/group/7/r5chiikifukushikeikaku.pdf,2026-08-09,keep,,P3,大石浩之,作業中,life,mikura,detail,,,静岡県森町の三倉地区で暮らす前に、北部地域の移動、買い物、防災、地籍、農地・山林、住宅管理を確認する順序と現地確認項目を案内します。対象、手順、必要書類、費用、期限、森町の窓口と注意点を、公式情報へのリンクとともに案内します。,,3,https://morimachi.enshu-lifehack.com/life/living-soon/areas/mikura/,False,True,False,13394
/life/living-soon/areas/mori/,静岡県森町・森地区の暮らし｜住む前に交通と土地を確認 | 森町ライフハック,森町・森地区の暮らし｜住む前に交通と土地を確認,living-soon,procedures,手続きしたい,,,https://www.town.morimachi.shizuoka.jp/material/files/group/7/r5chiikifukushikeikaku.pdf,2026-08-09,keep,,P3,大石浩之,作業中,life,mori,detail,,,静岡県森町の森地区で暮らす前に、地区の範囲、交通、学校、買い物、防災、地籍調査の確認先を整理し、平日と休日の現地確認項目を案内します。対象、手順、必要書類、費用、期限、森町の窓口と注意点を、公式情報へのリンクとともに案内します。,,3,https://morimachi.enshu-lifehack.com/life/living-soon/areas/mori/,False,True,False,13265
/life/living-soon/areas/sonoda/,静岡県森町・園田地区の暮らし｜住む前の交通・土地確認 | 森町ライフハック,森町・園田地区の暮らし｜住む前の交通・土地確認,living-soon,procedures,手続きしたい,,,https://www.town.morimachi.shizuoka.jp/material/files/group/4/morimachi_tiikikoukyoukoutuu_houteikeikaku_honpen.pdf,2026-08-09,keep,,P3,大石浩之,作業中,life,sonoda,detail,,,静岡県森町の園田地区で暮らす前に、地区の範囲、交通、学校、買い物、防災、地籍調査の確認先を整理し、候補住所で見る項目を案内します。対象、手順、必要書類、費用、期限、森町の窓口と注意点を、公式情報へのリンクとともに案内します。,,3,https://morimachi.enshu-lifehack.com/life/living-soon/areas/sonoda/,False,True,False,13259
/life/living-soon/disaster-risk/,引っ越す前に、候補地が洪水・土砂災害に強い場所か確かめる。 | 静岡県森町ライフハック,引っ越す前に、候補地が洪水・土砂災害に強い場所か確かめる。,living-soon,trouble,困った・緊急,住む候補地の災害リスクを確かめる,森町 ハザードマップ 土地,https://www.town.morimachi.shizuoka.jp/gyosei/bosai_anzen/bosai/hazardmap/1255.html,2026-07-03,keep,,P1,大石浩之,作業中,life,disaster-risk,detail,危機管理課,移住検討者 / 住宅取得者,静岡県森町で、引っ越し先を決める前に、候補地が洪水・土砂災害に強い場所かどうかを確かめておくことは大切です。森町では地区別のハザードマップやため池ハザードマップが公開されており、危機管理課で内容を確認できます。住まい探しの段階で目を通しておきましょう。,0538-85-6302 / 0538-85-6315,3,https://morimachi.enshu-lifehack.com/life/living-soon/disaster-risk/,True,True,False,23581
/life/living-soon/,🏡 これから暮らす | 静岡県森町ライフハック,🏡 これから暮らす,living-soon,procedures,手続きしたい,森町へ移り住む前に確認することを把握する,森町 移住,https://www.town.morimachi.shizuoka.jp/ijyu/index.html,2026-08-06,keep,,P2,大石浩之,作業中,life,index,hub,定住推進課,移住検討者,森町への引っ越し・移住を考えるときに気になることを、免許返納後の移動手段、災害リスク、引っ越し手続き、学区、移動手段、移住支援まで、テーマ別に整理しました。まずは気になる項目から確認してみてください。,0538-85-2111,2,https://morimachi.enshu-lifehack.com/life/living-soon/,True,True,False,18743
/life/living-soon/moving-decided/,引っ越しが決まったら、何をいつまでにやるかを順番に整理する。 | 静岡県森町ライフハック,引っ越しが決まったら、何をいつまでにやるかを順番に整理する。,living-soon,procedures,手続きしたい,引っ越しが決まってからの段取りを立てる,引っ越し やることリスト,https://www.town.morimachi.shizuoka.jp/gyosei/kurashi_tetsuzuki/koseki_juminhyo_inkanshomei/2940.html,2026-07-03,keep,,P1,大石浩之,作業中,life,moving-decided,parent,住民生活課,引っ越す人,静岡県森町で、引っ越しが決まったら、何をいつまでにやるかを順番に整理しておくと、当日になって慌てずに済みます。森町の転入・転出・転居の届出や住民票などの証明書は、住民生活課 住民係が窓口です。必要な書類を先に確認しておきましょう。,0538-85-2111 / 0538-85-6312,3,https://morimachi.enshu-lifehack.com/life/living-soon/moving-decided/,True,True,False,24650
/life/living-soon/shopping/,静岡県森町の買い物｜住む地区を決める前の生活動線 | 森町ライフハック,森町の買い物｜住む地区を決める前の生活動線,living-soon,procedures,手続きしたい,,,https://www.town.morimachi.shizuoka.jp/material/files/group/4/morimachi_tiikikoukyoukoutuu_houteikeikaku_honpen.pdf,2026-08-09,keep,,P3,大石浩之,作業中,life,shopping,detail,,,静岡県森町で日常の買い物をする場所と移動手段を、候補住所、営業時間、車・公共交通、宅配、将来の免許返納まで含めて確認する方法を案内します。対象、手順、必要書類、費用、期限、森町の窓口と注意点を、公式情報へのリンクとともに案内します。,,3,https://morimachi.enshu-lifehack.com/life/living-soon/shopping/,False,True,False,13742
/life/living-soon/want-to-live/,自然に囲まれた広い家で、子どもをのびのび育てられる暮らしを静岡県森町で考える。 | 森町ライフハック,自然に囲まれた広い家で、子どもをのびのび育てられる暮らしを森町で考える。,living-soon,procedures,手続きしたい,森町で広い家に住む選択肢を検討する,森町 田舎暮らし,https://www.town.morimachi.shizuoka.jp/gyosei/sangyo_shigoto/shushokushien/2709.html,2026-07-03,keep,,P3,大石浩之,作業中,life,want-to-live,detail,産業政策課 / 定住推進課,移住検討者,静岡県森町で、自然に囲まれた広い家で、子どもをのびのび育てられる暮らしを森町で考えているなら、移住・就業支援金や移住定住総合サイトの案内を確認しておきましょう。東京圏からの移住・就業には支援金の対象になり得るケースもあります。,0538-85-2111 / 0538-85-6319,3,https://morimachi.enshu-lifehack.com/life/living-soon/want-to-live/,True,True,False,23930
/life/moving-out/bulk-garbage-cleaning/,転出前の片付けは、粗大ごみは中遠広域施設へ・家電は家電リサイクル法対応で | 静岡県森町ライフハック,転出前の片付けは、粗大ごみは中遠広域施設へ・家電は家電リサイクル法対応で,moving-out,procedures,手続きしたい,転出前の不用品・粗大ごみを処分する,森町 引っ越し ごみ 処分,https://www.town.morimachi.shizuoka.jp/gyosei/machinososhiki/juminseikatsuka/seikatsukankyokakari/1/1/1063.html,2026-07-04,keep,,P2,大石浩之,作業中,life,bulk-garbage-cleaning,detail,住民生活課,転出者,森町から転出する前は、粗大ごみと家電の処分方法を先に確認しておくと片付けがスムーズです。多量の粗大ごみは持ち込み施設、テレビ・エアコンなどの家電は家電リサイクル法対象で町の収集の対象外になります。,0538-85-6314,2,https://morimachi.enshu-lifehack.com/life/moving-out/bulk-garbage-cleaning/,True,True,False,22968
/life/moving-out/dog-ownership-change/,犬の登録変更は、静岡県森町発行の愛犬カードと鑑札を持って転出先の役所へ | 森町ライフハック,犬の登録変更は、森町発行の愛犬カードと鑑札を持って転出先の役所へ,moving-out,procedures,手続きしたい,転出時の犬の登録変更をする,森町 犬 転出 登録変更,https://www.town.morimachi.shizuoka.jp/gyosei/machinososhiki/juminseikatsuka/seikatsukankyokakari/2/693.html,2026-07-03,keep,,P3,大石浩之,作業中,life,dog-ownership-change,detail,住民生活課,飼い主,森町から犬と一緒に転出するときは、森町発行の「愛犬カード」と「鑑札」を必ず持って、新しい住所地の役所で登録変更の手続きを行いましょう。町内での引っ越しでも同様の持ち物が必要です。対象、手順、必要書類、費用、期限、森町の窓口と注意点を、公式情報へのリンクととも。,0538-85-6314,2,https://morimachi.enshu-lifehack.com/life/moving-out/dog-ownership-change/,True,True,False,21296
/life/moving-out/,📦 新しい場所へ（転出時の手続きまとめ） | 静岡県森町ライフハック,📦 新しい場所へ（転出時の手続きまとめ）,moving-out,procedures,手続きしたい,森町から引っ越すときの手続きを一覧で把握する,森町 転出 手続き,https://www.town.morimachi.shizuoka.jp/,2026-07-03,keep,,P2,大石浩之,作業中,life,index,hub,,転出者,森町から転出するときは、転出届・水道の廃止・ごみの片付け・犬の登録変更・子どもの保育所や学校の手続きなど、いくつもの窓口をまわる必要があります。ここでは転出にまつわる手続きを、目的別のリンクとしてまとめました。,,1,https://morimachi.enshu-lifehack.com/life/moving-out/,True,True,False,19865
/life/moving-out/move-out-notice/,転出届は引っ越し予定日の14日前から住民生活課住民係で | 静岡県森町ライフハック,転出届は引っ越し予定日の14日前から住民生活課住民係で,moving-out,procedures,手続きしたい,転出届をいつどこで出すか確認する,森町 転出届,https://www.town.morimachi.shizuoka.jp/gyosei/machinososhiki/juminseikatsuka/juminkakari/2/3/2902.html,2026-07-03,keep,,P1,大石浩之,作業中,life,move-out-notice,detail,住民生活課,転出者,森町からの転出届は、引っ越し予定日の14日前から住民生活課住民係で受け付けています。必要書類をそろえて窓口に行くか、マイナンバーカードがあればオンラインでも提出できます。対象、手順、必要書類、費用、期限、森町の窓口と注意点を、公式情報へのリンクとともに案内し。,0538-85-6312,1,https://morimachi.enshu-lifehack.com/life/moving-out/move-out-notice/,True,True,False,21860
/life/moving-out/moving-away/,静岡県森町から引っ越すときは、転出届と水道廃止・ごみ・学校の手続きを一緒に確認する | 森町ライフハック,森町から引っ越すときは、転出届と水道廃止・ごみ・学校の手続きを一緒に確認する,moving-out,procedures,手続きしたい,転出時に必要な手続きをまとめて片づける,森町 転出 やること,https://www.town.morimachi.shizuoka.jp/gyosei/machinososhiki/morimachiyakuba/hikkoshi_shinseikatsu/index.html,2026-07-03,keep,,P1,大石浩之,作業中,life,moving-away,parent,住民生活課 / 上下水道課,転出者,森町から引っ越すときは、転出届と水道の廃止手続きをまず確認し、あわせてごみの片付けや学校・保育所の手続きも進めましょう。担当課がそれぞれ異なるため、早めに動くのがポイントです。対象、手順、必要書類、費用、期限、森町の窓口と注意点を、公式情報へのリンクとともに。,0538-85-6312 / 0538-85-6326,2,https://morimachi.enshu-lifehack.com/life/moving-out/moving-away/,True,True,False,22012
/life/moving-out/school-nursery-procedures/,子どもの転出は、保育所は健康こども課、学校は在学校へそれぞれ確認する | 静岡県森町ライフハック,子どもの転出は、保育所は健康こども課、学校は在学校へそれぞれ確認する,moving-out,procedures,手続きしたい,子どもの転園・転校の手続きをする,森町 転校 手続き,https://www.town.morimachi.shizuoka.jp/gyosei/machinososhiki/kenkokodomoka/yochienhoikuenkakari/1/4614.html,2026-07-03,keep,,P2,大石浩之,作業中,life,school-nursery-procedures,detail,健康こども課,保護者,森町から転出する際、お子さんが保育所に通っている場合は健康こども課へ、小中学校に通っている場合は在学中の学校へ、それぞれ手続きの相談をしましょう。転出先の自治体によって申込手続きが異なる点にも注意が必要です。,0538-86-6300,1,https://morimachi.enshu-lifehack.com/life/moving-out/school-nursery-procedures/,True,True,False,21965
/life/parents-care/adult-guardianship/,親の判断能力が落ちても、静岡県森町独自の助成で財産と契約を守る備えをする | 森町ライフハック,親の判断能力が落ちても、森町独自の助成で財産と契約を守る備えをする,parents-care,care,親・介護,判断能力が落ちた親の財産と契約を守る,森町 成年後見,https://www.town.morimachi.shizuoka.jp/gyosei/machinososhiki/hokenfukushika/chiikihokatsushiencenterkakari/2/4000.html,2026-07-03,keep,,P1,大石浩之,作業中,life,adult-guardianship,detail,福祉課,家族,静岡県森町で、身寄りのない高齢者の財産管理や契約行為が難しくなってきたとき、森町では成年後見制度の利用を支援する独自の助成があります。申立費用の助成のほか、必要に応じて町長が申立てを行う仕組みも用意されています。,0538-85-6341,2,https://morimachi.enshu-lifehack.com/life/parents-care/adult-guardianship/,True,True,False,26781
/life/parents-care/care-started/,親の介護が急に始まったら、静岡県森町ではまずケアプラン作成の依頼先を確認する | 森町ライフハック,親の介護が急に始まったら、森町ではまずケアプラン作成の依頼先を確認する,parents-care,care,親・介護,認定後にケアプランの作成を依頼する,森町 ケアプラン ケアマネ,https://www.town.morimachi.shizuoka.jp/gyosei/machinososhiki/hokenfukushika/kaigohokengakari/4/1/4897.html,2026-07-03,keep,,P0,大石浩之,作業中,life,care-started,detail,福祉課,家族 / 本人,静岡県森町で、要介護・要支援の認定を受けたら、次はケアプラン（サービス計画）を作ってサービスを利用する段階に進みます。森町では認定区分によって作成の依頼先が分かれます。対象、手順、必要書類、費用、期限、森町の窓口と注意点を、公式情報へのリンクとともに案内しま。,0538-85-6341 / 0538-86-6341,2,https://morimachi.enshu-lifehack.com/life/parents-care/care-started/,True,True,False,26718
/life/parents-care/check-parents/,離れて暮らす親が心配なとき、静岡県森町の地域包括支援センター係にまず相談する | 森町ライフハック,離れて暮らす親が心配なとき、森町の地域包括支援センター係にまず相談する,parents-care,care,親・介護,離れて暮らす親の様子を見守る方法を知る,森町 高齢者 見守り,https://www.town.morimachi.shizuoka.jp/gyosei/machinososhiki/hokenfukushika/chiikihokatsushiencenterkakari/2/4000.html,2026-07-03,keep,,P1,大石浩之,作業中,life,check-parents,detail,福祉課,別居の家族,離れて暮らす親のことが心配になったとき、森町では地域包括支援センター係が総合相談窓口として生活・健康・財産管理などの困りごとを受け付けています。緊急通報システムの設置補助や救急医療情報キットの配布もあります。,0538-85-6341,2,https://morimachi.enshu-lifehack.com/life/parents-care/check-parents/,True,True,False,26446
/life/parents-care/community-support-center/,介護の悩みは、静岡県森町直営の地域包括支援センターにまず相談する | 森町ライフハック,介護の悩みは、森町直営の地域包括支援センターにまず相談する,parents-care,care,親・介護,介護の困りごとをまず相談する窓口を知る,森町 地域包括支援センター,https://www.town.morimachi.shizuoka.jp/gyosei/machinososhiki/hokenfukushika/chiikihokatsushiencenterkakari/index.html,2026-07-03,rewrite,,P0,大石浩之,作業中,life,community-support-center,parent,福祉課 / 保健福祉課,家族 / 本人,森町の地域包括支援センターは町の直営です。福祉課地域包括支援センター係が、介護予防・高齢者支援・健康づくりなど幅広い相談を受け付けています。森町保健福祉センター内にあります。対象、手順、必要書類、費用、期限、森町の窓口と注意点を、公式情報へのリンクとともに案。,0538-85-2111 / 0538-85-6341,2,https://morimachi.enshu-lifehack.com/life/parents-care/community-support-center/,True,True,False,27956
/life/parents-care/dementia-consultation/,親が認知症かもしれないとき、静岡県森町の地域包括支援センター係への相談から始める | 森町ライフハック,親が認知症かもしれないとき、森町の地域包括支援センター係への相談から始める,parents-care,care,親・介護,認知症かもしれない親のことを相談する,森町 認知症 相談,https://www.town.morimachi.shizuoka.jp/gyosei/machinososhiki/hokenfukushika/chiikihokatsushiencenterkakari/2/4002.html,2026-07-03,keep,,P0,大石浩之,作業中,life,dementia-consultation,detail,福祉課,家族,親のもの忘れが気になり始めたら、森町の福祉課地域包括支援センター係に相談できます。町は「認知症ケアパス」を整備し、気づきチェックリストやもの忘れ相談シートなどの相談ツールも用意しています。,0538-85-6341,2,https://morimachi.enshu-lifehack.com/life/parents-care/dementia-consultation/,True,True,False,27001
/life/parents-care/elderly-transportation/,通院・買い物の「足」に、静岡県森町の公共交通利用券助成事業を確認する | 森町ライフハック,通院・買い物の「足」に、森町の公共交通利用券助成事業を確認する,parents-care,care,親・介護,高齢の親の通院・買い物の移動手段を確保する,森町 公共交通利用券 高齢者,https://www.town.morimachi.shizuoka.jp/gyosei/machinososhiki/hokenfukushika/shogaifukushikakari/8/2533.html,2026-07-03,rewrite,,P1,大石浩之,作業中,life,elderly-transportation,detail,福祉課 / 政策企画課,高齢者 / 家族,静岡県森町で、通院や買い物のための移動が難しくなってきた高齢者に向けて、森町では「公共交通利用券助成事業」を実施しています。専用の送迎サービスではなく、路線バスやタクシーの利用券購入費の一部を助成する仕組みです。,0538-85-1800,2,https://morimachi.enshu-lifehack.com/life/parents-care/elderly-transportation/,True,True,False,27849
/life/parents-care/find-nursing-home/,静岡県森町の介護施設探しは、介護サービス情報公表システムで種類から選ぶ | 森町ライフハック,森町の介護施設探しは、介護サービス情報公表システムで種類から選ぶ,parents-care,care,親・介護,親が入る介護施設を探す,森町 介護施設 探し方,https://www.town.morimachi.shizuoka.jp/gyosei/machinososhiki/hokenfukushika/kaigohokengakari/4/2/4948.html,2026-07-03,keep,,P1,大石浩之,作業中,life,find-nursing-home,detail,福祉課,家族,森町には独自の施設一覧ページはなく、厚生労働省の「介護サービス情報公表システム」で県内・全国の介護サービス事業所を検索する形になります。相談は福祉課介護保険係や地域包括支援センター係で受け付けています。,0538-85-6341 / 0538-86-6341,2,https://morimachi.enshu-lifehack.com/life/parents-care/find-nursing-home/,True,True,False,26802
/life/parents-care/,👵 親のこと | 静岡県森町ライフハック,👵 親のこと,parents-care,care,親・介護,親の介護に関する相談先と手続きを一覧で把握する,森町 介護,https://www.town.morimachi.shizuoka.jp/gyosei/machinososhiki/hokenfukushika/chiikihokatsushiencenterkakari/index.html,2026-08-06,keep,,P0,大石浩之,作業中,life,index,hub,福祉課,家族,親の介護で困ったとき、森町ではまず福祉課地域包括支援センター係が総合相談窓口になります。要介護認定の申請や保険給付など実務にかかわる手続きは福祉課介護保険係が担当します。対象、手順、必要書類、費用、期限、森町の窓口と注意点を、公式情報へのリンクとともに案内し。,0538-85-6341 / 0538-86-6341,2,https://morimachi.enshu-lifehack.com/life/parents-care/,True,True,False,26712
/life/parents-care/long-term-care-insurance/,静岡県森町の介護保険｜申請・保険料・施設の相談先 | 森町ライフハック,森町の介護保険｜申請・保険料・施設の相談先,parents-care,care,親・介護,親の介護が始まったときの流れ全体をつかむ,森町 介護 始まったら,https://www.town.morimachi.shizuoka.jp/gyosei/kurashi_tetsuzuki/nenkin_kenkohoken/kaigohoken/4204.html,2026-08-06,rewrite,,P0,大石浩之,作業中,life,long-term-care-insurance,parent,福祉課,家族 / 本人,森町の介護保険は福祉課介護保険係が一括して窓口を担っています。要介護・要支援認定の申請から、住宅改修費・福祉用具購入費の支給、高額サービス費や負担限度額認定の申請まで、同じ窓口で相談できます。,0538-86-6341,3,https://morimachi.enshu-lifehack.com/life/parents-care/long-term-care-insurance/,True,True,False,34369
/life/play-out/cultural-facilities/,静岡県森町の文化施設（ミキホール）は、開館日・予約・アクセスを先に確認する | 森町ライフハック,森町の文化施設（ミキホール）は、開館日・予約・アクセスを先に確認する,play-out,enjoy,暮らしを楽しむ,文化施設（ミキホール）の利用方法を確認する,森町 ミキホール,https://www.town.morimachi.shizuoka.jp/gyosei/machinososhiki/bunkakaikan/bunka/912.html,2026-07-03,keep,,P3,大石浩之,作業中,life,cultural-facilities,detail,,住民,森町文化会館（ミキホール）は、大ホール・小ホールに加え、和室や音楽室、工作室まで揃う森町の文化拠点です。コンサートやサークル活動、発表会の会場としても利用でき、ロビーのストリートピアノは自由に弾くこともできます。,0538-85-1111,3,https://morimachi.enshu-lifehack.com/life/play-out/cultural-facilities/,True,True,False,23708
/life/play-out/facilities-library-parks/,静岡県森町の公共施設は、施設ガイドから目的別に探す | 森町ライフハック,森町の公共施設は、施設ガイドから目的別に探す,play-out,enjoy,暮らしを楽しむ,森町の公共施設を目的別に探す,森町 公共施設,https://www.town.morimachi.shizuoka.jp/gyosei/choseijoho/machinogaiyo/machinoshisetsu/1164.html,2026-07-03,keep,,P2,大石浩之,作業中,life,facilities-library-parks,parent,財政課,住民,森町には役場や図書館、体育館、保健福祉施設など、暮らしに関わる公共施設が数多くあります。目的の施設を探すときは、まず主要施設・諸団体一覧で連絡先を確認し、空き状況は専用の予約情報サイトでチェックするのが近道です。,0538-85-6306,2,https://morimachi.enshu-lifehack.com/life/play-out/facilities-library-parks/,True,True,False,22891
/life/play-out/find-parks/,静岡県森町の公園は、駐車場・遊具の有無など目的・年齢・アクセスで選ぶ | 森町ライフハック,森町の公園は、駐車場・遊具の有無など目的・年齢・アクセスで選ぶ,play-out,enjoy,暮らしを楽しむ,目的に合う公園・遊び場を選ぶ,森町 公園,https://www.town.morimachi.shizuoka.jp/material/files/group/27/morimachi_koen_map.pdf,2026-07-03,rewrite,,P2,大石浩之,作業中,life,find-parks,detail,健康こども課,家族,森町には天宮公園や太田川親水公園など、町内に15施設程度の公園があります。駐車場や遊具の有無が公園ごとに違うので、目的に合わせて選ぶと親子でのお出かけがぐっと楽になります。対象、手順、必要書類、費用、期限、森町の窓口と注意点を、公式情報へのリンクとともに案内。,0538-86-6330,3,https://morimachi.enshu-lifehack.com/life/play-out/find-parks/,True,True,False,24663
/life/play-out/,🌳 遊ぶ・使う・出かける | 静岡県森町ライフハック,🌳 遊ぶ・使う・出かける,play-out,enjoy,暮らしを楽しむ,公園・図書館・公共施設の情報を一覧で把握する,森町 施設,https://www.town.morimachi.shizuoka.jp/morikko/odekake/4808.html,2026-07-03,keep,,P2,大石浩之,作業中,life,index,hub,,住民,森町で「遊ぶ・使う・出かける」を考えるときに知っておきたい施設情報をまとめました。公園や図書館、体育施設、児童館など、目的別に整理しているので、お出かけ先探しの入口としてご活用ください。,,2,https://morimachi.enshu-lifehack.com/life/play-out/,True,True,False,19841
/life/play-out/parking-access/,静岡県森町内を移動する前に、駐車場・地図・公共交通を確認する | 森町ライフハック,森町内を移動する前に、駐車場・地図・公共交通を確認する,play-out,enjoy,暮らしを楽しむ,公共施設の駐車場とアクセスを確認する,森町 施設 駐車場,https://www.town.morimachi.shizuoka.jp/gyosei/machinososhiki/seisakukikakuka/seisakukikakugakari/4/422.html,2026-07-03,keep,,P3,大石浩之,作業中,life,parking-access,detail,政策企画課,来訪者,森町内を移動するときは、森町営バスや一宮地区・園田地区の地域タクシー、天竜浜名湖鉄道（遠州森駅・森町病院前駅）が使えます。路線・時刻表の詳細は公式ページで別途確認するのが確実です。,0538-85-6305,2,https://morimachi.enshu-lifehack.com/life/play-out/parking-access/,True,True,False,22115
/life/play-out/rent-public-facilities/,静岡県森町の公共施設を借りる前に、窓口ごとの予約方法と利用条件を確認する | 森町ライフハック,森町の公共施設を借りる前に、窓口ごとの予約方法と利用条件を確認する,play-out,enjoy,暮らしを楽しむ,公共施設を借りる手続きをする,森町 施設 予約,https://www.town.morimachi.shizuoka.jp/gyosei/machinososhiki/bunkakaikan/bunka/3943.html,2026-07-03,keep,,P2,大石浩之,作業中,life,rent-public-facilities,detail,財政課,住民 / 団体,森町の公共施設を借りるときは、施設ごとに窓口や予約方法が異なります。体育施設は社会教育課、町民生活センターは住民生活課、それ以外の多くは財政課契約管財係が窓口です。空き状況はまず外部サイトで確認しましょう。,0538-85-4191 / 0538-85-6306 / 0538-85-6312,2,https://morimachi.enshu-lifehack.com/life/play-out/rent-public-facilities/,True,True,False,22942
/life/play-out/sports-facilities/,静岡県森町のスポーツ施設は、予約・料金・持ち物を先に確認する | 森町ライフハック,森町のスポーツ施設は、予約・料金・持ち物を先に確認する,play-out,enjoy,暮らしを楽しむ,スポーツ施設の予約・料金を確認する,森町 体育館 予約,https://www.town.morimachi.shizuoka.jp/gyosei/machinososhiki/shakaikyoikuka/shakaitaiikugakari/1/1072.html,2026-07-03,keep,,P3,大石浩之,作業中,life,sports-facilities,detail,社会教育課,住民,森町でスポーツを楽しむなら、森アリーナ（森町総合体育館）や森町営グランド、学校の夜間照明施設が利用できます。予約は使用日の直前から2か月前までの受付なので、計画的に申し込みましょう。,0538-85-4191,1,https://morimachi.enshu-lifehack.com/life/play-out/sports-facilities/,True,True,False,21978
/life/play-out/swimming-pools/,静岡県森町のプールは、営業日・料金・持ち物を先に確認する | 森町ライフハック,森町のプールは、営業日・料金・持ち物を先に確認する,play-out,enjoy,暮らしを楽しむ,プールの営業日・料金を確認する,森町 プール,https://www.town.morimachi.shizuoka.jp/gyosei/machinososhiki/shakaikyoikuka/shakaitaiikugakari/1/1072.html,2026-07-04,keep,,P3,大石浩之,作業中,life,swimming-pools,detail,,住民,静岡県周智郡森町公式サイトを調べた範囲では、一般開放されている町営プール（屋外プール・室内プールの単独施設）の案内ページは見当たりませんでした。学校のプールに関する記載はありますが、これは教育活動のための施設で、一般利用の案内ではありません。,0538-85-4191,1,https://morimachi.enshu-lifehack.com/life/play-out/swimming-pools/,True,True,False,23771
/life/play-out/visit-library/,静岡県森町立図書館｜開館日・休館日・利用カードを確認 | 森町ライフハック,森町立図書館｜開館日・休館日・利用カードを確認,play-out,enjoy,暮らしを楽しむ,図書館の開館日と利用方法を確認する,森町立図書館,https://www.town.morimachi.shizuoka.jp/gyosei/machinososhiki/toshokan/916.html,2026-08-06,keep,,P2,大石浩之,作業中,life,visit-library,detail,,住民,森町立図書館は9時～17時（水曜日のみ19時まで）の開館で、児童図書コーナーや絵本コーナーもあり、子どもとゆっくり本を楽しめます。蔵書検索や予約は図書館専用ホームページから利用できます。,0538-85-1113,2,https://morimachi.enshu-lifehack.com/life/play-out/visit-library/,True,True,False,23741
/life/start-living/bulky-garbage-dropoff/,静岡県森町で粗大ごみを出す。持ち込み先は中遠広域粗大ごみ処理施設（磐田市）。 | 森町ライフハック,森町で粗大ごみを出す。持ち込み先は中遠広域粗大ごみ処理施設（磐田市）。,start-living,procedures,手続きしたい,粗大ごみの持ち込み先と費用を知る,森町 粗大ごみ,https://www.town.morimachi.shizuoka.jp/gyosei/machinososhiki/juminseikatsuka/seikatsukankyokakari/1/1/1063.html,2026-07-03,keep,,P1,大石浩之,作業中,life,bulky-garbage-dropoff,detail,住民生活課,住民,森町では粗大ごみの戸別収集は行っておらず、中遠広域粗大ごみ処理施設（磐田市新貝）への直接搬入が基本です。事前に品目と搬入時間を確認してから運びましょう。対象、手順、必要書類、費用、期限、森町の窓口と注意点を、公式情報へのリンクとともに案内します。,0538-37-4854 / 0538-85-6314,3,https://morimachi.enshu-lifehack.com/life/start-living/bulky-garbage-dropoff/,True,True,False,22255
/life/start-living/certificates/,静岡県森町の証明書の選び方｜住民票・戸籍・印鑑証明の取り方 | 森町ライフハック,森町で必要な証明書を選び、最短で受け取る（住民票・戸籍・印鑑証明）,start-living,procedures,手続きしたい,必要な証明書がどれか選び、最短で受け取る,森町 住民票 取り方,https://www.town.morimachi.shizuoka.jp/gyosei/machinososhiki/juminseikatsuka/juminkakari/2/2_1/2914.html,2026-07-03,keep,,P0,大石浩之,作業中,life,certificates,parent,住民生活課,本人 / 代理人,静岡県森町で、住民票・戸籍・印鑑証明は役場窓口のほか、マイナンバーカードがあればコンビニ交付が便利です。役場より100円安く、朝早くから夜遅くまで使えます。対象、手順、必要書類、費用、期限、森町の窓口と注意点を、公式情報へのリンクとともに案内します。,0538-85-6312,5,https://morimachi.enshu-lifehack.com/life/start-living/certificates/,True,True,False,24278
/life/start-living/city-hall-branches/,静岡県森町の役場窓口は本庁舎1か所。支所・出張所はなく、水曜は時間外窓口あり。 | 森町ライフハック,森町の役場窓口は本庁舎1か所。支所・出張所はなく、水曜は時間外窓口あり。,start-living,procedures,手続きしたい,役場のどの窓口へ行けばよいか・開いている時間を知る,森町役場 窓口 時間,https://www.town.morimachi.shizuoka.jp/gyosei/machinososhiki/morimachiyakuba/index.html,2026-07-03,keep,,P1,大石浩之,作業中,life,city-hall-branches,detail,他に支所,来庁者,森町の役場窓口は本庁舎1か所のみで、支所や出張所はありません。平日8:30-17:15が基本ですが、水曜だけ17:15-19:00の時間外窓口があります。対象、手順、必要書類、費用、期限、森町の窓口と注意点を、公式情報へのリンクとともに案内します。,0538-85-2111,3,https://morimachi.enshu-lifehack.com/life/start-living/city-hall-branches/,True,True,False,21039
/life/start-living/divorce-notification-checklist/,静岡県森町で2026年4月1日前後の離婚成立日を分ける｜親権・養育費・財産分与の一件表 | 森町ライフハック,森町で2026年4月1日前後の離婚成立日を分ける｜親権・養育費・財産分与の一件表,start-living,procedures,手続きしたい,,,https://www.town.morimachi.shizuoka.jp/gyosei/machinososhiki/juminseikatsuka/juminkakari/2/2/2922.html,,keep,,P3,大石浩之,作業中,life,divorce-notification-checklist,detail,,,静岡県周智郡森町で2026年4月1日前後の離婚成立日を分ける。対象条件、必要資料、森町の公式窓口、確認する順番を分かりやすく整理します。実行前の注意点と家族へ残す記録も案内します。,,2,https://morimachi.enshu-lifehack.com/life/start-living/divorce-notification-checklist/,True,True,False,33831
/life/start-living/dog-registration/,静岡県森町で犬の登録と鑑札交付を済ませる。狂犬病予防注射とあわせて手続き。 | 森町ライフハック,森町で犬の登録と鑑札交付を済ませる。狂犬病予防注射とあわせて手続き。,start-living,procedures,手続きしたい,犬の登録・鑑札交付と狂犬病予防注射を済ませる,森町 犬 登録,https://www.town.morimachi.shizuoka.jp/gyosei/machinososhiki/juminseikatsuka/seikatsukankyokakari/2/4302.html,2026-07-03,rewrite,,P1,大石浩之,作業中,life,dog-registration,detail,住民生活課,飼い主,静岡県森町で、犬を飼い始めたら、生涯1回の登録と毎年1回の狂犬病予防注射が法律で義務づけられています。登録は生後90日を過ぎてから30日以内に済ませましょう。対象、手順、必要書類、費用、期限、森町の窓口と注意点を、公式情報へのリンクとともに案内します。,0538-85-6314,3,https://morimachi.enshu-lifehack.com/life/start-living/dog-registration/,True,True,False,22886
/life/start-living/family-register-address-history/,静岡県森町で戸籍の附票を住所履歴・本籍・必要表示で請求する | 森町ライフハック,森町で戸籍の附票を住所履歴・本籍・必要表示で請求する,start-living,procedures,手続きしたい,,,https://www.town.morimachi.shizuoka.jp/gyosei/machinososhiki/juminseikatsuka/juminkakari/2/2_1/2913.html,,keep,,P3,大石浩之,作業中,life,family-register-address-history,detail,,,静岡県周智郡森町で戸籍の附票を住所履歴・本籍・必要表示で請求する。対象条件、必要資料、森町の公式窓口、確認する順番を分かりやすく整理します。実行前の注意点と家族へ残す記録も案内します。,,2,https://morimachi.enshu-lifehack.com/life/start-living/family-register-address-history/,True,True,False,34667
/life/start-living/family-register-name-furigana/,静岡県森町の戸籍フリガナ通知を家族別判定表にする｜氏・名の担当と現在記載 | 森町ライフハック,森町の戸籍フリガナ通知を家族別判定表にする｜氏・名の担当と現在記載,start-living,procedures,手続きしたい,,,https://www.town.morimachi.shizuoka.jp/gyosei/machinososhiki/juminseikatsuka/juminkakari/2/2/2893.html,,keep,,P3,大石浩之,作業中,life,family-register-name-furigana,detail,,,静岡県周智郡森町の戸籍フリガナ通知を家族別判定表にする。対象条件、必要資料、森町の公式窓口、確認する順番を分かりやすく整理します。実行前の注意点と家族へ残す記録も案内します。,,2,https://morimachi.enshu-lifehack.com/life/start-living/family-register-name-furigana/,True,True,False,34983
/life/start-living/family-register-nonacceptance-request/,静岡県森町で戸籍届の不受理申出を本人確認・対象届・取下げで整理する | 森町ライフハック,森町で戸籍届の不受理申出を本人確認・対象届・取下げで整理する,start-living,procedures,手続きしたい,,,https://www.town.morimachi.shizuoka.jp/gyosei/kurashi_tetsuzuki/koseki_juminhyo_inkanshomei/kosekinotodokede/index.html,,keep,,P3,大石浩之,作業中,life,family-register-nonacceptance-request,detail,,,静岡県周智郡森町で戸籍届の不受理申出を本人確認・対象届・取下げで整理する。対象条件、必要資料、森町の公式窓口、確認する順番を分かりやすく整理します。実行前の注意点と家族へ残す記録も案内します。,,2,https://morimachi.enshu-lifehack.com/life/start-living/family-register-nonacceptance-request/,True,True,False,35043
/life/start-living/family-register-wide-area-issuance/,静岡県森町で戸籍証明を広域交付で取る前の請求判定表 | 森町ライフハック,森町で戸籍証明を広域交付で取る前の請求判定表,start-living,procedures,手続きしたい,,,https://www.town.morimachi.shizuoka.jp/gyosei/machinososhiki/juminseikatsuka/juminkakari/2/2_1/5291.html,,keep,,P3,大石浩之,作業中,life,family-register-wide-area-issuance,detail,,,静岡県周智郡森町で戸籍証明を広域交付で取る前の請求判定表。対象条件、必要資料、森町の公式窓口、確認する順番を分かりやすく整理します。実行前の注意点と家族へ残す記録も案内します。,,2,https://morimachi.enshu-lifehack.com/life/start-living/family-register-wide-area-issuance/,True,True,False,37105
/life/start-living/former-surname-on-resident-record/,静岡県森町で住民票の旧氏併記を申し出るとき｜必要な戸籍と印鑑登録への反映 | 森町ライフハック,森町で住民票の旧氏併記を申し出るとき｜必要な戸籍と印鑑登録への反映,start-living,procedures,手続きしたい,,,https://www.town.morimachi.shizuoka.jp/gyosei/kurashi_tetsuzuki/koseki_juminhyo_inkanshomei/index.html,,keep,,P3,大石浩之,作業中,life,former-surname-on-resident-record,detail,,,静岡県周智郡森町で住民票の旧氏併記を申し出るとき。対象条件、必要資料、森町の公式窓口、確認する順番を分かりやすく整理します。実行前の注意点と家族へ残す記録も案内します。,,3,https://morimachi.enshu-lifehack.com/life/start-living/former-surname-on-resident-record/,True,True,False,36999
/life/start-living/household-head-change-notification/,静岡県森町で世帯主変更・世帯分離・世帯合併を一件ずつ判断する | 森町ライフハック,森町で世帯主変更・世帯分離・世帯合併を一件ずつ判断する,start-living,procedures,手続きしたい,,,https://www.town.morimachi.shizuoka.jp/gyosei/kurashi_tetsuzuki/koseki_juminhyo_inkanshomei/2940.html,,keep,,P3,大石浩之,作業中,life,household-head-change-notification,detail,,,静岡県周智郡森町で世帯主変更・世帯分離・世帯合併を一件ずつ判断する。対象条件、必要資料、森町の公式窓口、確認する順番を分かりやすく整理します。実行前の注意点と家族へ残す記録も案内します。,,2,https://morimachi.enshu-lifehack.com/life/start-living/household-head-change-notification/,True,True,False,34680
/life/start-living/household-separation/,静岡県森町の世帯分離｜世帯変更届の窓口と確認事項 | 森町ライフハック,森町の世帯分離｜世帯変更届の窓口と確認事項,start-living,procedures,手続きしたい,,,https://www.town.morimachi.shizuoka.jp/gyosei/machinososhiki/juminseikatsuka/juminkakari/2/2/2893.html,2026-08-09,keep,,P3,大石浩之,作業中,life,household-separation,detail,,,静岡県森町で世帯分離や世帯主変更をする際の届出先、本人確認、委任状、国民健康保険などへの影響、手続き前に確かめる点を整理します。対象、手順、必要書類、費用、期限、森町の窓口と注意点を、公式情報へのリンクとともに案内します。,,2,https://morimachi.enshu-lifehack.com/life/start-living/household-separation/,False,True,False,13499
/life/start-living/how-to-garbage/,静岡県森町のごみ収集カレンダー2026｜分別・ごみの日・持ち込み | 森町ライフハック,森町のごみ収集カレンダー2026｜分別・ごみの日・持ち込み,start-living,procedures,手続きしたい,ごみの分別と出し方を調べる,森町 ごみ カレンダー 2026,https://www.town.morimachi.shizuoka.jp/gyosei/machinososhiki/juminseikatsuka/seikatsukankyokakari/1/1/692.html,2026-08-06,rewrite,,P0,大石浩之,作業中,life,how-to-garbage,parent,住民生活課,住民,静岡県森町の2026年ごみ収集カレンダー、地区別のごみの日、分別方法、指定袋、持ち込み先を公式資料から確認できます。対象、手順、必要書類、費用、期限、森町の窓口と注意点を、公式情報へのリンクとともに案内します。,0538-85-6314,5,https://morimachi.enshu-lifehack.com/life/start-living/how-to-garbage/,False,True,False,26776
/life/start-living/,🧭 静岡県森町で暮らし始めた | 森町ライフハック,🧭 森町で暮らし始めた,start-living,procedures,手続きしたい,森町で暮らし始めたときの手続きを一覧で把握する,森町 転入 手続き,https://www.town.morimachi.shizuoka.jp/gyosei/kurashi_tetsuzuki/index.html,2026-08-06,keep,,P1,大石浩之,作業中,life,index,hub,住民生活課,転入者,森町に引っ越してきたばかりの方向けに、転入手続き・証明書・ごみ・水道・ペット登録・公共交通など、暮らし始めに必要な手続きをまとめました。まずは全体の流れをつかみましょう。対象、手順、必要書類、費用、期限、森町の窓口と注意点を、公式情報へのリンクとともに案内し。,0538-85-2111,3,https://morimachi.enshu-lifehack.com/life/start-living/,True,True,False,20564
/life/start-living/lost-seal-registration-card/,静岡県森町で印鑑登録証を紛失したとき廃止・再登録・証明取得を分ける | 森町ライフハック,森町で印鑑登録証を紛失したとき廃止・再登録・証明取得を分ける,start-living,procedures,手続きしたい,,,https://www.town.morimachi.shizuoka.jp/gyosei/machinososhiki/juminseikatsuka/juminkakari/2/1/565.html,,keep,,P3,大石浩之,作業中,life,lost-seal-registration-card,detail,,,静岡県周智郡森町で印鑑登録証を紛失したとき廃止・再登録・証明取得を分ける。対象条件、必要資料、森町の公式窓口、確認する順番を分かりやすく整理します。実行前の注意点と家族へ残す記録も案内します。,,2,https://morimachi.enshu-lifehack.com/life/start-living/lost-seal-registration-card/,True,True,False,34952
/life/start-living/moved-in/,森町へ引っ越すときの手続き｜転入届から生活開始まで | 森町ライフハック,森町へ引っ越すときの手続き｜転入届から生活開始まで,start-living,procedures,手続きしたい,転入直後にやる手続きを順番に片づける,森町 転入届,https://www.town.morimachi.shizuoka.jp/gyosei/machinososhiki/juminseikatsuka/juminkakari/2/3/2901.html,,rewrite,,P0,大石浩之,作業中,life,moved-in,parent,住民生活課,転入者 / 世帯主 / 住民,静岡県周智郡森町に引っ越してきたら、転入届→マイナンバー→水道→ごみ分別→犬の登録の順で片づけるのが効率的です。転入届は引っ越し完了日から14日以内に必ず来庁して手続きします。,,5,https://morimachi.enshu-lifehack.com/life/start-living/moved-in/,True,True,False,33168
/life/start-living/moving-notification-by-proxy/,静岡県森町で代理人が転入・転居・転出届を出す前の委任状確認表 | 森町ライフハック,森町で代理人が転入・転居・転出届を出す前の委任状確認表,start-living,procedures,手続きしたい,,,https://www.town.morimachi.shizuoka.jp/gyosei/machinososhiki/juminseikatsuka/juminkakari/2/2/2893.html,,keep,,P3,大石浩之,作業中,life,moving-notification-by-proxy,detail,,,静岡県周智郡森町で代理人が転入・転居・転出届を出す前の委任状確認表。対象条件、必要資料、森町の公式窓口、確認する順番を分かりやすく整理します。実行前の注意点と家族へ残す記録も案内します。,,2,https://morimachi.enshu-lifehack.com/life/start-living/moving-notification-by-proxy/,True,True,False,34649
/life/start-living/municipal-tax-refund/,静岡県森町の町税を二重に納めた・納め過ぎたとき｜還付通知と受取方法 | 森町ライフハック,森町の町税を二重に納めた・納め過ぎたとき｜還付通知と受取方法,start-living,procedures,手続きしたい,,,https://www.town.morimachi.shizuoka.jp/gyosei/kurashi_tetsuzuki/zeikin/index.html,,keep,,P3,大石浩之,作業中,life,municipal-tax-refund,detail,,,静岡県周智郡森町の町税を二重に納めた・納め過ぎたとき。対象条件、必要資料、森町の公式窓口、確認する順番を分かりやすく整理します。実行前の注意点と家族へ残す記録も案内します。,,3,https://morimachi.enshu-lifehack.com/life/start-living/municipal-tax-refund/,True,True,False,37105
/life/start-living/my-number-card-lost/,静岡県森町でマイナンバーカード紛失時の停止・警察届・再交付をつなぐ | 森町ライフハック,森町でマイナンバーカード紛失時の停止・警察届・再交付をつなぐ,start-living,procedures,手続きしたい,,,https://www.town.morimachi.shizuoka.jp/gyosei/kurashi_tetsuzuki/mynumber/1280.html,,keep,,P3,大石浩之,作業中,life,my-number-card-lost,detail,,,静岡県周智郡森町でマイナンバーカード紛失時の停止・警察届・再交付をつなぐ。対象条件、必要資料、森町の公式窓口、確認する順番を分かりやすく整理します。実行前の注意点と家族へ残す記録も案内します。,,2,https://morimachi.enshu-lifehack.com/life/start-living/my-number-card-lost/,True,True,False,35192
/life/start-living/my-number-card-name-address-change/,静岡県森町でマイナンバーカードの住所・氏名を変更するとき｜券面と電子証明書を確認 | 森町ライフハック,森町でマイナンバーカードの住所・氏名を変更するとき｜券面と電子証明書を確認,start-living,procedures,手続きしたい,,,https://www.town.morimachi.shizuoka.jp/gyosei/kurashi_tetsuzuki/koseki_juminhyo_inkanshomei/index.html,,keep,,P3,大石浩之,作業中,life,my-number-card-name-address-change,detail,,,静岡県周智郡森町でマイナンバーカードの住所・氏名を変更するとき。対象条件、必要資料、森町の公式窓口、確認する順番を分かりやすく整理します。実行前の注意点と家族へ残す記録も案内します。,,3,https://morimachi.enshu-lifehack.com/life/start-living/my-number-card-name-address-change/,True,True,False,37501
/life/start-living/my-number-card-overseas-move/,静岡県森町から国外へ転出するときのマイナンバーカード｜継続利用と帰国後を整理 | 森町ライフハック,森町から国外へ転出するときのマイナンバーカード｜継続利用と帰国後を整理,start-living,procedures,手続きしたい,,,https://www.town.morimachi.shizuoka.jp/gyosei/kurashi_tetsuzuki/koseki_juminhyo_inkanshomei/index.html,,keep,,P3,大石浩之,作業中,life,my-number-card-overseas-move,detail,,,静岡県周智郡森町から国外へ転出するときのマイナンバーカード。対象条件、必要資料、森町の公式窓口、確認する順番を分かりやすく整理します。実行前の注意点と家族へ残す記録も案内します。,,3,https://morimachi.enshu-lifehack.com/life/start-living/my-number-card-overseas-move/,True,True,False,37978
/life/start-living/my-number-electronic-certificate-renewal/,静岡県森町で電子証明書の期限・暗証番号・更新後利用を一枚にする | 森町ライフハック,森町で電子証明書の期限・暗証番号・更新後利用を一枚にする,start-living,procedures,手続きしたい,,,https://www.town.morimachi.shizuoka.jp/gyosei/kurashi_tetsuzuki/mynumber/1284.html,,keep,,P3,大石浩之,作業中,life,my-number-electronic-certificate-renewal,detail,,,静岡県周智郡森町で電子証明書の期限・暗証番号・更新後利用を一枚にする。対象条件、必要資料、森町の公式窓口、確認する順番を分かりやすく整理します。実行前の注意点と家族へ残す記録も案内します。,,2,https://morimachi.enshu-lifehack.com/life/start-living/my-number-electronic-certificate-renewal/,True,True,False,35183
/life/start-living/my-number-pin-reset/,静岡県森町でマイナンバーカード暗証番号の種類・ロック・再設定を分ける | 森町ライフハック,森町でマイナンバーカード暗証番号の種類・ロック・再設定を分ける,start-living,procedures,手続きしたい,,,https://www.town.morimachi.shizuoka.jp/gyosei/kurashi_tetsuzuki/mynumber/1284.html,,keep,,P3,大石浩之,作業中,life,my-number-pin-reset,detail,,,静岡県周智郡森町でマイナンバーカード暗証番号の種類・ロック・再設定を分ける。対象条件、必要資料、森町の公式窓口、確認する順番を分かりやすく整理します。実行前の注意点と家族へ残す記録も案内します。,,2,https://morimachi.enshu-lifehack.com/life/start-living/my-number-pin-reset/,True,True,False,35066
/life/start-living/mynumber/,静岡県森町でマイナンバーカードを申請から受け取りまで進める。窓口はタブレット申請にも対応。 | 森町ライフハック,森町でマイナンバーカードを申請から受け取りまで進める。窓口はタブレット申請にも対応。,start-living,procedures,手続きしたい,マイナンバーカードを申請から受け取りまで進める,森町 マイナンバーカード 申請,https://www.town.morimachi.shizuoka.jp/gyosei/machinososhiki/juminseikatsuka/juminkakari/1/4286.html,2026-07-03,rewrite,,P0,大石浩之,作業中,life,mynumber,detail,住民生活課,本人 / 保護者,静岡県森町で、マイナンバーカードは郵送・オンライン・窓口タブレットの3通りで申請でき、受け取りは交付通知書と本人確認書類を持って来庁します。水曜は19時まで窓口が開いています。対象、手順、必要書類、費用、期限、森町の窓口と注意点を、公式情報へのリンクとともに。,0538-85-6312,4,https://morimachi.enshu-lifehack.com/life/start-living/mynumber/,True,True,False,24013
/life/start-living/pets-lost-animals/,静岡県森町で犬や猫がいなくなったら、住民生活課・保健所・警察の3か所へ連絡する。 | 森町ライフハック,森町で犬や猫がいなくなったら、住民生活課・保健所・警察の3か所へ連絡する。,start-living,procedures,手続きしたい,いなくなった犬・猫を探す連絡先を知る,森町 迷い犬 迷い猫,https://www.town.morimachi.shizuoka.jp/gyosei/machinososhiki/juminseikatsuka/seikatsukankyokakari/2/4304.html,2026-07-03,keep,,P2,大石浩之,作業中,life,pets-lost-animals,detail,住民生活課,飼い主 / 発見者,静岡県森町で、犬や猫がいなくなったら、住民生活課生活環境係・静岡県西部保健所・袋井警察署森分庁舎の3か所へ連絡しましょう。鑑札や連絡先を首輪に付けておくと発見時にスムーズです。対象、手順、必要書類、費用、期限、森町の窓口と注意点を、公式情報へのリンクとともに。,0538-37-2245 / 0538-85-0110 / 0538-85-6314,3,https://morimachi.enshu-lifehack.com/life/start-living/pets-lost-animals/,True,True,False,21400
/life/start-living/property-tax-house-demolition-notice/,静岡県森町で家屋を取り壊した後の町届出と滅失登記を一件で管理する | 森町ライフハック,森町で家屋を取り壊した後の町届出と滅失登記を一件で管理する,start-living,procedures,手続きしたい,,,https://www.town.morimachi.shizuoka.jp/gyosei/machinososhiki/zeimuka/shisanzeigakari/1/faq/1053.html,,keep,,P3,大石浩之,作業中,life,property-tax-house-demolition-notice,detail,,,静岡県周智郡森町で家屋を取り壊した後の町届出と滅失登記を一件で管理する。対象条件、必要資料、森町の公式窓口、確認する順番を分かりやすく整理します。実行前の注意点と家族へ残す記録も案内します。,,3,https://morimachi.enshu-lifehack.com/life/start-living/property-tax-house-demolition-notice/,True,True,False,35700
/life/start-living/public-transit/,静岡県森町の公共交通。町営バス（岡幸線・吉川線）と天竜浜名湖鉄道・秋葉バスサービスを使い分ける。 | 森町ライフハック,森町の公共交通。町営バス（岡幸線・吉川線）と天竜浜名湖鉄道・秋葉バスサービスを使い分ける。,start-living,procedures,手続きしたい,森町での移動手段（町営バス・鉄道）を調べる,森町 バス 時刻表,https://www.town.morimachi.shizuoka.jp/gyosei/machinososhiki/seisakukikakuka/seisakukikakugakari/4/418.html,2026-07-03,rewrite,,P1,大石浩之,作業中,life,public-transit,detail,政策企画課,住民 / 移住検討者,森町の公共交通は、町営バス（大河内線・吉川線）と天竜浜名湖鉄道、秋葉バスサービス、タクシーを組み合わせて使います。行き先に応じて使い分けましょう。対象、手順、必要書類、費用、期限、森町の窓口と注意点を、公式情報へのリンクとともに案内します。,0538-85-6305,5,https://morimachi.enshu-lifehack.com/life/start-living/public-transit/,True,True,False,25816
/life/start-living/resident-record-code-confirmation/,静岡県森町で住民票コードを確認する必要があるとき｜提出先と再交付の考え方 | 森町ライフハック,森町で住民票コードを確認する必要があるとき｜提出先と再交付の考え方,start-living,procedures,手続きしたい,,,https://www.town.morimachi.shizuoka.jp/gyosei/kurashi_tetsuzuki/koseki_juminhyo_inkanshomei/index.html,,keep,,P3,大石浩之,作業中,life,resident-record-code-confirmation,detail,,,静岡県周智郡森町で住民票コードを確認する必要があるとき。対象条件、必要資料、森町の公式窓口、確認する順番を分かりやすく整理します。実行前の注意点と家族へ残す記録も案内します。,,3,https://morimachi.enshu-lifehack.com/life/start-living/resident-record-code-confirmation/,True,True,False,37227
/life/start-living/resident-record-items-certificate/,静岡県森町で住民票記載事項証明の指定様式と必要項目を照合する | 森町ライフハック,森町で住民票記載事項証明の指定様式と必要項目を照合する,start-living,procedures,手続きしたい,,,https://www.town.morimachi.shizuoka.jp/gyosei/machinososhiki/juminseikatsuka/juminkakari/2/2_1/2914.html,,keep,,P3,大石浩之,作業中,life,resident-record-items-certificate,detail,,,静岡県周智郡森町で住民票記載事項証明の指定様式と必要項目を照合する。対象条件、必要資料、森町の公式窓口、確認する順番を分かりやすく整理します。実行前の注意点と家族へ残す記録も案内します。,,2,https://morimachi.enshu-lifehack.com/life/start-living/resident-record-items-certificate/,True,True,False,34866
/life/start-living/resident-registration/,静岡県森町で住民票を急ぎで手に入れる。コンビニ交付なら毎日6:30-23:00、200円。 | 森町ライフハック,森町で住民票を急ぎで手に入れる。コンビニ交付なら毎日6:30-23:00、200円。,start-living,procedures,手続きしたい,住民票の写しを急ぎで手に入れる,森町 住民票 コンビニ,https://www.town.morimachi.shizuoka.jp/gyosei/machinososhiki/juminseikatsuka/juminkakari/2/4826.html,2026-07-03,keep,,P0,大石浩之,作業中,life,resident-registration,detail,住民生活課,本人 / 同一世帯,静岡県森町で、住民票を急ぎで手に入れたいときは、マイナンバーカードによるコンビニ交付が便利です。毎日6:30-23:00利用でき、料金は200円と窓口より安くなります。対象、手順、必要書類、費用、期限、森町の窓口と注意点を、公式情報へのリンクとともに案内しま。,0538-85-6312,4,https://morimachi.enshu-lifehack.com/life/start-living/resident-registration/,True,True,False,21793
/life/start-living/transfer-registered-domicile/,静岡県森町で転籍届を出す前に本籍・筆頭者・戸籍請求を一件表にする | 森町ライフハック,森町で転籍届を出す前に本籍・筆頭者・戸籍請求を一件表にする,start-living,procedures,手続きしたい,,,https://www.town.morimachi.shizuoka.jp/gyosei/kurashi_tetsuzuki/koseki_juminhyo_inkanshomei/2940.html,,keep,,P3,大石浩之,作業中,life,transfer-registered-domicile,detail,,,静岡県周智郡森町で転籍届を出す前に本籍・筆頭者・戸籍請求を一件表にする。対象条件、必要資料、森町の公式窓口、確認する順番を分かりやすく整理します。実行前の注意点と家族へ残す記録も案内します。,,2,https://morimachi.enshu-lifehack.com/life/start-living/transfer-registered-domicile/,True,True,False,35510
/life/start-living/two-digital-certificates/,静岡県森町で署名用・利用者証明用電子証明書を使い分ける｜オンライン申請前の確認 | 森町ライフハック,森町で署名用・利用者証明用電子証明書を使い分ける｜オンライン申請前の確認,start-living,procedures,手続きしたい,,,https://www.town.morimachi.shizuoka.jp/gyosei/kurashi_tetsuzuki/koseki_juminhyo_inkanshomei/index.html,,keep,,P3,大石浩之,作業中,life,two-digital-certificates,detail,,,静岡県周智郡森町で署名用・利用者証明用電子証明書を使い分ける。対象条件、必要資料、森町の公式窓口、確認する順番を分かりやすく整理します。実行前の注意点と家族へ残す記録も案内します。,,3,https://morimachi.enshu-lifehack.com/life/start-living/two-digital-certificates/,True,True,False,37884
/life/start-living/water-sewer/,静岡県森町の水道料金・下水道料金｜計算方法と問い合わせ先 | 森町ライフハック,森町の水道料金・下水道料金｜計算方法と問い合わせ先,start-living,procedures,手続きしたい,水道・下水道料金の仕組みと金額を知る,森町 水道料金,https://www.town.morimachi.shizuoka.jp/gyosei/kurashi_tetsuzuki/jogesuido/josuido/1402.html,2026-08-06,keep,,P2,大石浩之,作業中,life,water-sewer,detail,上下水道課 / 水道は上水道管理係 / 下水道は下水道管理係,住民,"森町の下水道料金は、基本料金月1,000円（0～10立方メートル）に加え、使用量に応じた段階制の超過料金がかかる仕組みです。使用量が増えるほど単価も上がります。対象、手順、必要書類、費用、期限、森町の窓口と注意点を、公式情報へのリンクとともに案内します。",0538-85-6326 / 0538-85-6327,5,https://morimachi.enshu-lifehack.com/life/start-living/water-sewer/,True,True,False,25686
/life/start-living/water-start-stop-fees/,静岡県森町で水道の使用開始・中止を届け出る。期限は閉開栓日の前日まで（土日祝除く）。 | 森町ライフハック,森町で水道の使用開始・中止を届け出る。期限は閉開栓日の前日まで（土日祝除く）。,start-living,procedures,手続きしたい,水道の使用開始・中止を届け出る,森町 水道 開栓 中止,https://www.town.morimachi.shizuoka.jp/gyosei/machinososhiki/jogesuidoka/josuidokanrigakari/1/1/668.html,2026-07-03,rewrite,,P0,大石浩之,作業中,life,water-start-stop-fees,detail,上下水道課,転入者 / 転出者,静岡県森町で、水道の使用開始・中止は、閉開栓日の前日まで（土日祝除く）に「給水届」の提出が必要です。届出がないと使用量ゼロでも基本料金が発生し続けるので早めに手続きしましょう。対象、手順、必要書類、費用、期限、森町の窓口と注意点を、公式情報へのリンクとともに。,0538-85-6326,2,https://morimachi.enshu-lifehack.com/life/start-living/water-start-stop-fees/,True,True,False,24179
/life/troubles-consult/animal-pet-consultation/,動物・ペットの困りごとは、静岡県森町役場「生活環境係」へ相談する。 | 森町ライフハック,動物・ペットの困りごとは、森町役場「生活環境係」へ相談する。,troubles-consult,trouble,困った・緊急,動物・ペットの困りごとを相談する,森町 動物 苦情 相談,https://www.town.morimachi.shizuoka.jp/gyosei/machinososhiki/juminseikatsuka/seikatsukankyokakari/2/index.html,2026-07-03,keep,,P2,大石浩之,作業中,life,animal-pet-consultation,detail,住民生活課,住民,犬や猫のことで困ったときは、森町役場「住民生活課 生活環境係」が窓口です。飼い方の相談から、飼い主のいない猫の不妊・去勢手術の補助制度、狂犬病予防注射の案内まで幅広く対応してもらえます。まずは電話で状況を伝えるところから始めてください。,0538-85-2111,3,https://morimachi.enshu-lifehack.com/life/troubles-consult/animal-pet-consultation/,True,True,False,21489
/life/troubles-consult/cannot-pay-tax/,静岡県森町で税金が払えないとき｜差押えの前に納税相談をする | 森町ライフハック,森町で町税・国保税が払えないときは、差押えの前に税務課へ相談する,troubles-consult,trouble,困った・緊急,税金・保険税が払えないときに差押えの前に相談する,森町 税金 払えない,https://www.town.morimachi.shizuoka.jp/gyosei/machinososhiki/zeimuka/nozeigakari/1/761.html,2026-07-03,rewrite,,P0,大石浩之,作業中,life,cannot-pay-tax,parent,税務課,納税者,静岡県森町で、町税や国保税の支払いが難しいときは、滞納のまま放っておかず、早めに森町「税務課 納税係」へ相談してください。口座振替や分割納付など、状況に応じた対応を一緒に考えてもらえます。連絡が遅れるほど選べる手段が減っていきます。,0538-85-2111,4,https://morimachi.enshu-lifehack.com/life/troubles-consult/cannot-pay-tax/,True,True,False,25526
/life/troubles-consult/child-consultation/,子どものことで不安なときは、静岡県森町「こども家庭センター」へ相談する。 | 森町ライフハック,子どものことで不安なときは、森町「こども家庭センター」へ相談する。,troubles-consult,trouble,困った・緊急,子どものことの不安を相談する,森町 こども家庭センター,https://www.town.morimachi.shizuoka.jp/gyosei/machinososhiki/kenkokodomoka/kodomokateikakari/1/837.html,2026-07-03,keep,,P1,大石浩之,作業中,life,child-consultation,detail,健康こども課 / 森町こども家庭センター,保護者,子育ての不安や子どものことで気になることがあれば、森町「こども家庭センター」（健康こども課 こども家庭係）へ相談してください。妊娠期から学齢期まで、子育て支援専門員や保健師が幅広く相談に応じてくれます。,0538-85-2111,2,https://morimachi.enshu-lifehack.com/life/troubles-consult/child-consultation/,True,True,False,21755
/life/troubles-consult/consumer-fraud/,だまされたかも、契約してしまった。静岡県森町「町民生活センター」の消費生活相談へ早めに相談する。 | 森町ライフハック,だまされたかも、契約してしまった。森町「町民生活センター」の消費生活相談へ早めに相談する。,troubles-consult,trouble,困った・緊急,詐欺・悪質商法の被害を相談する,森町 消費生活相談,https://www.town.morimachi.shizuoka.jp/gyosei/machinososhiki/sangyoseisakuka/kankoshinkokakari/1_1/655.html,2026-07-03,keep,,P0,大石浩之,作業中,life,consumer-fraud,detail,森町町民生活センター,住民,静岡県森町で、身に覚えのない請求や、契約してしまってから不安になった契約トラブルは、森町「町民生活センター」の消費生活相談へ早めに相談してください。特にインターネット関連の架空請求は、慌てて連絡・支払いをしないことが大切です。,0538-85-2111 / 0538-85-6319,2,https://morimachi.enshu-lifehack.com/life/troubles-consult/consumer-fraud/,True,True,False,22200
/life/troubles-consult/dv-consultation/,静岡県森町のDV相談｜安全を優先してつながる窓口 | 森町ライフハック,森町のDV相談｜安全を優先してつながる窓口,troubles-consult,trouble,困った・緊急,,,https://www.town.morimachi.shizuoka.jp/morikko/kenko/4788.html,2026-08-09,keep,,P3,大石浩之,作業中,life,dv-consultation,detail,,,静岡県森町で配偶者や交際相手からの暴力に悩む人へ、緊急時の110番、町・県・24時間窓口、相談履歴を残さず閲覧する際の注意を案内します。対象、手順、必要書類、費用、期限、森町の窓口と注意点を、公式情報へのリンクとともに案内します。,,1,https://morimachi.enshu-lifehack.com/life/troubles-consult/dv-consultation/,False,True,False,13543
/life/troubles-consult/elder-abuse-consultation/,静岡県森町の高齢者虐待相談｜家族と地域の連絡先 | 森町ライフハック,森町の高齢者虐待相談｜家族と地域の連絡先,troubles-consult,trouble,困った・緊急,,,https://www.town.morimachi.shizuoka.jp/gyosei/kenko_fukushi/koreishashien/4003.html,2026-08-09,keep,,P3,大石浩之,作業中,life,elder-abuse-consultation,detail,,,静岡県森町で高齢者への暴力、放置、経済的な不利益などが心配なときの地域包括支援センター、時間外連絡、緊急時の110番を案内します。対象、手順、必要書類、費用、期限、森町の窓口と注意点を、公式情報へのリンクとともに案内します。,,2,https://morimachi.enshu-lifehack.com/life/troubles-consult/elder-abuse-consultation/,False,True,False,13465
/life/troubles-consult/farmland/certificates/,農地の証明（耕作証明・非農地証明等）は、静岡県森町「農林政策課 農地管理係」（農業委員会事務局）へ確認する。,農地の証明（耕作証明・非農地証明等）は、森町「農林政策課 農地管理係」（農業委員会事務局）へ確認する。,troubles-consult,property,家・土地,耕作証明・非農地証明を取得する,耕作証明書 非農地証明,https://www.town.morimachi.shizuoka.jp/gyosei/machinososhiki/norinseisakuka/nochikanrikakari/index.html,2026-07-04,keep,,P2,大石浩之,作業中,life,certificates,detail,農林政策課 / 森町農業委員会,所有者,静岡県森町で、耕作証明や非農地証明など、農地に関する証明が必要なときは、森町「農林政策課 農地管理係」（農業委員会事務局）に確認してください。証明の種類によって発行できるかどうかや必要な手続きが異なるため、まず用途を伝えて相談するのが近道です。,0538-85-6315,2,https://morimachi.enshu-lifehack.com/life/troubles-consult/farmland/certificates/,True,True,False,22695
/life/troubles-consult/farmland/conversion/,農地を宅地・駐車場にするとき（農地法4条・5条）は、静岡県森町「農林政策課 農地管理係」（農業委員会）へ事前相談する。,農地を宅地・駐車場にするとき（農地法4条・5条）は、森町「農林政策課 農地管理係」（農業委員会）へ事前相談する。,troubles-consult,property,家・土地,農地を宅地・駐車場にする（農地法4条・5条）,農地転用 4条 5条,https://www.town.morimachi.shizuoka.jp/gyosei/sangyo_shigoto/noringyo/index.html,2026-07-03,rewrite,,P2,大石浩之,作業中,life,conversion,detail,農林政策課 / 森町農業委員会,所有者,農地を宅地や駐車場にする農地法4条・5条の転用は、森町「農林政策課 農地管理係」（農業委員会）への事前相談が欠かせません。特に30アールを超える転用は農業委員会総会のあと県農業会議への協議が必要になるため、早めの相談が重要です。,0538-85-6315,2,https://morimachi.enshu-lifehack.com/life/troubles-consult/farmland/conversion/,True,True,False,24823
/life/troubles-consult/farmland/,相続した田んぼ・畑をどうすればいいか分からないときは、静岡県森町「農林政策課 農地管理係」（農業委員会）に相談から始める。,相続した田んぼ・畑をどうすればいいか分からないときは、森町「農林政策課 農地管理係」（農業委員会）に相談から始める。,troubles-consult,property,家・土地,相続した農地の扱いを整理する,森町 農地 相続,https://www.town.morimachi.shizuoka.jp/gyosei/machinososhiki/norinseisakuka/nochikanrikakari/index.html,2026-07-03,keep,,P1,大石浩之,作業中,life,farmland,parent,農林政策課 / 森町農業委員会,相続人 / 所有者,静岡県森町で、相続した田んぼや畑をどうすればいいか分からないときは、まず森町「農林政策課 農地管理係」（農業委員会）に相談することから始めてください。証明の取得、相続の届出、転用、売買・貸借など、状況に応じた相談先はすべてこの窓口につながっています。,0538-85-6315,3,https://morimachi.enshu-lifehack.com/life/troubles-consult/farmland/,True,True,False,23379
/life/troubles-consult/farmland/inheritance/,農地を相続したら、静岡県森町「農林政策課 農地管理係」（農業委員会）への届出から整理する。 | 森町ライフハック,農地を相続したら、森町「農林政策課 農地管理係」（農業委員会）への届出から整理する。,troubles-consult,property,家・土地,農地を相続したときの届出をする,農地 相続 届出,https://www.town.morimachi.shizuoka.jp/gyosei/machinososhiki/norinseisakuka/nochikanrikakari/766.html,2026-07-03,keep,,P1,大石浩之,作業中,life,inheritance,detail,農林政策課 / 森町農業委員会,相続人,農地を相続したら、森町「農林政策課 農地管理係」（農業委員会）への届出から整理を始めてください。相続後は農業委員会への相続届出（農地法第3条の3）が必要で、その後の活用方法もあわせて相談できます。,0538-85-6315,2,https://morimachi.enshu-lifehack.com/life/troubles-consult/farmland/inheritance/,True,True,False,22571
/life/troubles-consult/farmland/noshin-exclusion/,農振・農用地区域からの除外は、まず静岡県森町「農林政策課 農地管理係」へ土地の場所と目的を確認する。,農振・農用地区域からの除外は、まず森町「農林政策課 農地管理係」へ土地の場所と目的を確認する。,troubles-consult,property,家・土地,農振農用地区域からの除外を相談する,農振除外 森町,https://www.town.morimachi.shizuoka.jp/gyosei/machinososhiki/norinseisakuka/nochikanrikakari/index.html,2026-08-05,keep,,P2,大石浩之,作業中,life,noshin-exclusion,detail,農林政策課,所有者,農振農用地区域からの除外を考えているときは、まず森町「農林政策課 農地管理係」に土地の場所と目的を伝えて相談してください。農業振興地域整備計画の見直しの時期など、進め方は土地の状況によって異なります。,0538-85-6315,1,https://morimachi.enshu-lifehack.com/life/troubles-consult/farmland/noshin-exclusion/,True,True,False,21927
/life/troubles-consult/farmland/sell-or-rent/,使っていない農地を売りたい・貸したいときは、静岡県森町「農林政策課 農地管理係」（農業委員会）へ相談する。,使っていない農地を売りたい・貸したいときは、森町「農林政策課 農地管理係」（農業委員会）へ相談する。,troubles-consult,property,家・土地,使っていない農地を売る・貸す,農地 売りたい 貸したい,https://www.town.morimachi.shizuoka.jp/gyosei/sangyo_shigoto/noringyo/index.html,2026-07-03,keep,,P1,大石浩之,作業中,life,sell-or-rent,detail,農林政策課 / 森町農業委員会,所有者,使っていない農地を売りたい、貸したいと考えたときは、森町「農林政策課 農地管理係」（農業委員会）へ相談してください。耕作目的での売買・貸借には農業委員会での手続きが必要です。対象、手順、必要書類、費用、期限、森町の窓口と注意点を、公式情報へのリンクとともに案。,0538-85-6315,2,https://morimachi.enshu-lifehack.com/life/troubles-consult/farmland/sell-or-rent/,True,True,False,22783
/life/troubles-consult/foreign-resident-consultation/,外国人住民の手続きは、静岡県森町「住民生活課 住民係」で住民登録と相談先を分けて確認する。 | 森町ライフハック,外国人住民の手続きは、森町「住民生活課 住民係」で住民登録と相談先を分けて確認する。,troubles-consult,trouble,困った・緊急,外国人住民の手続きと相談先を知る,森町 外国人 相談,https://www.town.morimachi.shizuoka.jp/gyosei/kurashi_tetsuzuki/koseki_juminhyo_inkanshomei/index.html,2026-07-03,keep,,P2,大石浩之,作業中,life,foreign-resident-consultation,detail,住民生活課,外国人住民,外国人住民の手続きは、まず森町「住民生活課 住民係」で住民登録に関する届出を確認し、そのうえで相談内容ごとの窓口を分けて考えると整理しやすくなります。防火防災など生活に関わる情報も多言語で用意されています。,0538-85-6312,3,https://morimachi.enshu-lifehack.com/life/troubles-consult/foreign-resident-consultation/,True,True,False,21582
/life/troubles-consult/,🧩 困った・相談したい（静岡県森町の相談窓口まとめ） | 森町ライフハック,🧩 困った・相談したい（森町の相談窓口まとめ）,troubles-consult,trouble,困った・緊急,困りごとの相談窓口を一覧で把握する,森町 相談窓口,https://www.town.morimachi.shizuoka.jp/gyosei/machinososhiki/juminseikatsuka/juminkakari/3/567.html,2026-07-03,keep,,P1,大石浩之,作業中,life,index,hub,住民生活課,住民,森町での困りごとや相談したいことは、内容によって窓口が分かれています。このページでは、人権・税金・介護・子育て・消費生活・障害・農地・空き家など、よくある困りごと別の相談窓口をまとめてご案内します。まずどこに相談すればいいか、ここから探してください。,0538-85-6312,3,https://morimachi.enshu-lifehack.com/life/troubles-consult/,True,True,False,22509
/life/troubles-consult/legal-general-consultation/,誰に相談すればいいか分からない悩みは、静岡県森町「暮らしの相談窓口」（無料法律相談等）へつなぐ。 | 森町ライフハック,誰に相談すればいいか分からない悩みは、森町「暮らしの相談窓口」（無料法律相談等）へつなぐ。,troubles-consult,trouble,困った・緊急,無料法律相談など専門相談につなぐ,森町 無料法律相談,https://www.town.morimachi.shizuoka.jp/gyosei/machinososhiki/juminseikatsuka/juminkakari/3/567.html,2026-07-03,keep,,P1,大石浩之,作業中,life,legal-general-consultation,detail,住民生活課,住民,誰に相談すればいいか分からない悩みは、森町「暮らしの相談窓口」につないでみてください。無料法律相談をはじめ、人権・行政・年金・健康など、月替わりで実施される相談会の情報がまとまっています。,0538-85-6312,3,https://morimachi.enshu-lifehack.com/life/troubles-consult/legal-general-consultation/,True,True,False,22753
/life/troubles-consult/living-costs-trouble/,生活費が足りないとき、静岡県森町にはひとりで抱えず相談できる窓口がある | 森町ライフハック,生活費が足りないとき、森町にはひとりで抱えず相談できる窓口がある,troubles-consult,trouble,困った・緊急,生活費が足りないときの支援を受ける,森町 生活困窮 相談,https://www.town.morimachi.shizuoka.jp/gyosei/machinososhiki/hokenfukushika/index.html,2026-07-04,keep,,P0,大石浩之,作業中,life,living-costs-trouble,detail,,生活困窮者,収入が減った、支払いが重なった、この先の生活費が心配。そうした悩みは、ひとりで抱え込まなくて大丈夫です。静岡県周智郡森町には、生活に困ったときに相談できる窓口があります。まずは状況を話すところから始めてみてください。,0538-37-2243 / 0538-85-2111 / 0538-85-5769,1,https://morimachi.enshu-lifehack.com/life/troubles-consult/living-costs-trouble/,True,True,False,25024
/life/troubles-consult/road-repair-mirror/,道路の穴・カーブミラーの不具合は、静岡県森町「建設課 管理係」へ通報する。 | 森町ライフハック,道路の穴・カーブミラーの不具合は、森町「建設課 管理係」へ通報する。,troubles-consult,trouble,困った・緊急,道路の穴・カーブミラーの不具合を通報する,森町 道路 通報,https://www.town.morimachi.shizuoka.jp/gyosei/machinososhiki/kensetsuka/kanrigakari/2/416.html,2026-07-04,keep,,P2,大石浩之,作業中,life,road-repair-mirror,detail,,住民,町道の陥没やひび割れ、カーブミラーの破損・向きのずれに気づいたときは、静岡県周智郡森町役場「建設課 管理係」（電話0538-85-6325）へ連絡してください。町道の維持・補修や交通安全施設の管理を担当している窓口です。,0538-85-2111 / 0538-85-6325,3,https://morimachi.enshu-lifehack.com/life/troubles-consult/road-repair-mirror/,True,True,False,24335
/life/work-life/city-tax-payment/,静岡県森町の町税の納付方法は、口座振替・コンビニ・スマホ決済から選べる | 森町ライフハック,森町の町税の納付方法は、口座振替・コンビニ・スマホ決済から選べる,work-life,procedures,手続きしたい,町税の納付方法を選ぶ,森町 町税 納付,https://www.town.morimachi.shizuoka.jp/gyosei/kurashi_tetsuzuki/zeikin/nofu/1373.html,2026-07-03,keep,,P1,大石浩之,作業中,life,city-tax-payment,detail,税務課,納税者,森町の町税は、口座振替・コンビニ・スマホ決済など複数の方法で納付できます。ご自身の生活スタイルに合わせて、支払い忘れを防ぎやすい方法を選ぶことができます。対象、手順、必要書類、費用、期限、森町の窓口と注意点を、公式情報へのリンクとともに案内します。,0538-85-6310,2,https://morimachi.enshu-lifehack.com/life/work-life/city-tax-payment/,True,True,False,22551
/life/work-life/,💴 働く・暮らす（静岡県森町版） | 森町ライフハック,💴 働く・暮らす（森町版）,work-life,procedures,手続きしたい,税金・保険・仕事に関する手続きを一覧で把握する,森町 税金 手続き,https://www.town.morimachi.shizuoka.jp/,2026-07-03,keep,,P2,大石浩之,作業中,life,index,hub,,住民,森町で働く・暮らすうえで必要な手続きを、税金・年金・保険・就職・起業までまとめています。まずは知りたいテーマから探してみてください。対象、手順、必要書類、費用、期限、森町の窓口と注意点を、公式情報へのリンクとともに案内します。,,1,https://morimachi.enshu-lifehack.com/life/work-life/,True,True,False,17419
/life/work-life/job-change/,静岡県森町の就職・転職は、求人検索はハローワーク磐田、支援情報は町の就職支援ページを確認する | 森町ライフハック,森町の就職・転職は、求人検索はハローワーク磐田、支援情報は町の就職支援ページを確認する,work-life,procedures,手続きしたい,森町で仕事を探す入口を知る,森町 求人,https://www.town.morimachi.shizuoka.jp/gyosei/sangyo_shigoto/shushokushien/index.html,2026-07-03,keep,,P2,大石浩之,作業中,life,job-change,detail,,求職者,森町には町独自の求人検索窓口はなく、求人情報はハローワーク磐田で確認します。町の公式サイトでは移住・就業支援補助金の案内や最低賃金の情報が中心です。対象、手順、必要書類、費用、期限、森町の窓口と注意点を、公式情報へのリンクとともに案内します。,0538-85-2111,2,https://morimachi.enshu-lifehack.com/life/work-life/job-change/,True,True,False,21289
/life/work-life/job-recruitment/,静岡県森町職員採用情報は、パブリックコネクト森町ページで募集要項を確認する | 森町ライフハック,森町職員採用情報は、パブリックコネクト森町ページで募集要項を確認する,work-life,procedures,手続きしたい,森町職員の採用情報を確認する,森町 職員採用,https://www.town.morimachi.shizuoka.jp/gyosei/machinososhiki/somuka/shokuingakari/1/6496.html,2026-07-03,keep,,P3,大石浩之,作業中,life,job-recruitment,detail,総務課,求職者,森町職員の採用情報は、町の公式サイトではなく「パブリックコネクト森町ページ」に掲載されます。募集要項や試験日程はそちらで確認します。対象、手順、必要書類、費用、期限、森町の窓口と注意点を、公式情報へのリンクとともに案内します。,0538-85-6301,3,https://morimachi.enshu-lifehack.com/life/work-life/job-recruitment/,True,True,False,20165
/life/work-life/light-vehicle-tax/,静岡県森町の軽自動車税は、排気量・車種ごとの税額を町民税係で確認する | 森町ライフハック,森町の軽自動車税は、排気量・車種ごとの税額を町民税係で確認する,work-life,procedures,手続きしたい,軽自動車税の税額と手続きを確認する,森町 軽自動車税,https://www.town.morimachi.shizuoka.jp/gyosei/machinososhiki/zeimuka/chominzeigakari/1/3/715.html,2026-07-03,keep,,P2,大石浩之,作業中,life,light-vehicle-tax,detail,税務課,車両所有者,森町の軽自動車税は、原付バイクから軽自動車まで車種ごとに税額が決まっています。毎年4月1日時点の所有者に課税されるため、名義変更や廃車の手続き漏れに注意が必要です。対象、手順、必要書類、費用、期限、森町の窓口と注意点を、公式情報へのリンクとともに案内します。,0538-85-6308,4,https://morimachi.enshu-lifehack.com/life/work-life/light-vehicle-tax/,True,True,False,21801
/life/work-life/national-health-insurance-tax/,静岡県森町の国民健康保険税は、税務課町民税係で税率・減免を確認する | 森町ライフハック,森町の国民健康保険税は、税務課町民税係で税率・減免を確認する,work-life,procedures,手続きしたい,国民健康保険税の税率・減免を確認する,森町 国民健康保険税,https://www.town.morimachi.shizuoka.jp/gyosei/machinososhiki/zeimuka/chominzeigakari/2/1/index.html,2026-07-03,keep,,P2,大石浩之,作業中,life,national-health-insurance-tax,detail,税務課,国保加入者,森町の国民健康保険税は、所得割・均等割などをもとに算出されます。具体的な税率はページ内の関連リンクで確認し、災害等で納付が困難な場合は減免制度も利用できます。対象、手順、必要書類、費用、期限、森町の窓口と注意点を、公式情報へのリンクとともに案内します。,0538-85-2111 / 0538-85-6308,3,https://morimachi.enshu-lifehack.com/life/work-life/national-health-insurance-tax/,True,True,False,21777
/life/work-life/nhk-pension/,静岡県森町の国民健康保険・国民年金は、住民生活課国保年金係で手続きする | 森町ライフハック,森町の国民健康保険・国民年金は、住民生活課国保年金係で手続きする,work-life,procedures,手続きしたい,国民健康保険・国民年金の加入と喪失を手続きする,森町 国民年金 手続き,https://www.town.morimachi.shizuoka.jp/gyosei/machinososhiki/juminseikatsuka/kokuhonenkinkakari/2/1/index.html,2026-07-03,keep,,P2,大石浩之,作業中,life,nhk-pension,detail,住民生活課,退職者 / 住民,森町の国民健康保険・国民年金の手続きは、住民生活課国保年金係が窓口です。加入・喪失のほか、傷病手当金やマイナ保険証、産前産後の保険税免除なども案内されています。対象、手順、必要書類、費用、期限、森町の窓口と注意点を、公式情報へのリンクとともに案内します。,0538-85-2111,2,https://morimachi.enshu-lifehack.com/life/work-life/nhk-pension/,True,True,False,21818
/life/work-life/resident-tax/,静岡県森町の住民税（町・県民税）は、納付方法と電子申告を税務課で確認する | 森町ライフハック,森町の住民税（町・県民税）は、納付方法と電子申告を税務課で確認する,work-life,procedures,手続きしたい,住民税の納付方法と申告を確認する,森町 住民税,https://www.town.morimachi.shizuoka.jp/gyosei/machinososhiki/zeimuka/chominzeigakari/1/1/716.html,2026-07-03,keep,,P1,大石浩之,作業中,life,resident-tax,detail,税務課,納税者,森町の住民税（町・県民税）は、給与から天引きされる特別徴収と、自分で納付する普通徴収の両方に対応しています。退職時の特別徴収についても案内があります。対象、手順、必要書類、費用、期限、森町の窓口と注意点を、公式情報へのリンクとともに案内します。,0538-85-6308 / 0538-85-6310,3,https://morimachi.enshu-lifehack.com/life/work-life/resident-tax/,True,True,False,21677
/life/work-life/start-business/,静岡県森町の起業・創業は、産業課と森町企業立地・雇用促進特設サイトで相談する | 森町ライフハック,森町の起業・創業は、産業課と森町企業立地・雇用促進特設サイトで相談する,work-life,procedures,手続きしたい,森町で起業・創業する相談先を知る,森町 創業支援,https://www.town.morimachi.shizuoka.jp/gyosei/sangyo_shigoto/kigyoshien/5216.html,2026-07-03,keep,,P3,大石浩之,作業中,life,start-business,detail,産業課,創業希望者,森町で起業・創業を考える方は、産業課への相談と「森町企業立地・雇用促進特設サイト」の活用が入口になります。町独自の起業相談窓口ページは見当たらないため、まずは産業課に相談するのが確実です。,0538-85-2111 / 0538-85-6319,2,https://morimachi.enshu-lifehack.com/life/work-life/start-business/,True,True,False,20928
/life/work-life/start-farming/,静岡県森町の就農準備は、産業課農政係で農地情報・空き家付き農地制度を確認する | 森町ライフハック,森町の就農準備は、産業課農政係で農地情報・空き家付き農地制度を確認する,work-life,procedures,手続きしたい,森町で就農する準備を進める,森町 就農,https://www.town.morimachi.shizuoka.jp/gyosei/machinososhiki/norinseisakuka/noseigakari/index.html,2026-08-05,keep,,P3,大石浩之,作業中,life,start-farming,detail,産業課,就農希望者,森町で就農を考える方は、産業課農政係・農業委員会事務局が窓口です。新規就農者向けに下限面積を緩和した「空き家付き農地取得制度」もあります。対象、手順、必要書類、費用、期限、森町の窓口と注意点を、公式情報へのリンクとともに案内します。,0538-85-6315,2,https://morimachi.enshu-lifehack.com/life/work-life/start-farming/,True,True,False,20769
/life/work-life/subsidies/,静岡県森町の補助金｜住宅・子育て・移住の制度を探す | 森町ライフハック,森町の補助金｜住宅・子育て・移住の制度を探す,work-life,procedures,手続きしたい,森町の補助金にどんなものがあるか調べる,森町 補助金,https://www.town.morimachi.shizuoka.jp/gyosei/machinososhiki/teijusuishinka/ijukoryugakari/2/izyusankouzyohou/2128.html,2026-08-06,keep,,P2,大石浩之,作業中,life,subsidies,detail,,住民,森町の補助金は、住民生活課や産業課など担当課ごとに制度が分かれています。全体をまとめた一覧ページはないため、目的に応じて担当課へ確認するのが近道です。対象、手順、必要書類、費用、期限、森町の窓口と注意点を、公式情報へのリンクとともに案内します。,0538-85-2111,3,https://morimachi.enshu-lifehack.com/life/work-life/subsidies/,True,True,False,25400
/life/work-life/tax/,静岡県森町の税とふるさと納税｜住民・寄附者の確認ガイド | 森町ライフハック,森町の税とふるさと納税｜住民・寄附者の確認ガイド,work-life,procedures,手続きしたい,どの税金の話か整理して担当係にたどりつく,森町 税金,https://www.town.morimachi.shizuoka.jp/gyosei/kurashi_tetsuzuki/zeikin/index.html,2026-08-09,keep,,P1,大石浩之,作業中,life,tax,parent,税務課 / 納税係 / 町民税係,納税者,森町の税金手続きは、住民税・軽自動車税・国民健康保険税など税目ごとに税務課の各係が窓口になっています。証明書の取得や納付の相談もあわせて確認できます。対象、手順、必要書類、費用、期限、森町の窓口と注意点を、公式情報へのリンクとともに案内します。,,2,https://morimachi.enshu-lifehack.com/life/work-life/tax/,True,True,False,33695
/life/work-life/tax-certificates/,静岡県森町の税務証明書（所得・課税・納税証明書等）は、窓口・郵送・委任状で申請できる | 森町ライフハック,森町の税務証明書（所得・課税・納税証明書等）は、窓口・郵送・委任状で申請できる,work-life,procedures,手続きしたい,所得・課税・納税証明書を取得する,森町 所得証明書,https://www.town.morimachi.shizuoka.jp/gyosei/machinososhiki/zeimuka/chominzeigakari/1/6/2456.html,2026-07-03,keep,,P1,大石浩之,作業中,life,tax-certificates,detail,税務課,本人 / 代理人,森町の税務証明書（所得証明書・課税証明書・納税証明書等）は、窓口・郵送・委任状の3通りの方法で申請できます。用途に合わせて必要な証明書を確認しましょう。対象、手順、必要書類、費用、期限、森町の窓口と注意点を、公式情報へのリンクとともに案内します。,0538-85-6308,3,https://morimachi.enshu-lifehack.com/life/work-life/tax-certificates/,True,True,False,22953
/living/child-family/,子どもと暮らす静岡県森町｜保育・子育て・放課後の確認順 | 森町ライフハック,子どもと暮らす森町｜保育・子育て・放課後の確認順,living,,,,,https://www.town.morimachi.shizuoka.jp/gyosei/machinososhiki/kenkokodomoka/kodomokateikakari/1/837.html,2026-08-09,keep,,P3,大石浩之,作業中,living,child-family,detail,,,静岡県森町の子育てを、保育、手当、放課後、図書館、公園を年齢と生活動線に沿って確認するための実用ガイド。公式資料、現地確認、注意点、FAQ、次に読むページを整理しました。,,2,https://morimachi.enshu-lifehack.com/living/child-family/,True,True,False,28606
/mori-directory/,静岡県周智郡森町の地域情報台帳｜施設・店舗・文化・自然 | 森町ライフハック,静岡県周智郡森町の地域情報台帳,mori-directory,,,,,https://www.town.morimachi.shizuoka.jp/gyosei/choseijoho/machinogaiyo/1162.html,,keep,,P3,大石浩之,作業中,mori-directory,index,hub,,,静岡県周智郡森町の施設、店舗、農園、史跡、自然、特産品など193件と基礎事実62項目を、分類とキーワードから探せる地域情報台帳です。,,13,https://morimachi.enshu-lifehack.com/mori-directory/,False,True,False,321833
/property/cliff-retaining-wall-home/,静岡県森町の崖や擁壁に近い住宅｜購入前の相談順 | 森町ライフハック,森町の崖や擁壁に近い住宅｜購入前の相談順,property,,,,,https://www.town.morimachi.shizuoka.jp/gyosei/machinososhiki/teijusuishinka/sumaishiengakari/1/558.html,,keep,,P3,大石浩之,作業中,property,cliff-retaining-wall-home,detail,,,静岡県周智郡森町の崖や擁壁に近い住宅。対象条件、必要資料、森町の公式窓口、確認する順番を分かりやすく整理します。実行前の注意点と家族へ残す記録も案内します。,,2,https://morimachi.enshu-lifehack.com/property/cliff-retaining-wall-home/,True,True,False,37078
/property/community-contact-before-moving/,静岡県森町へ転入する前に地域連絡先を確認する｜自治会情報の聞き方 | 森町ライフハック,森町へ転入する前に地域連絡先を確認する｜自治会情報の聞き方,property,,,,,https://www.town.morimachi.shizuoka.jp/gyosei/machinososhiki/teijusuishinka/sumaishiengakari/1/558.html,,keep,,P3,大石浩之,作業中,property,community-contact-before-moving,detail,,,静岡県周智郡森町へ転入する前に地域連絡先を確認する。対象条件、必要資料、森町の公式窓口、確認する順番を分かりやすく整理します。実行前の注意点と家族へ残す記録も案内します。,,2,https://morimachi.enshu-lifehack.com/property/community-contact-before-moving/,True,True,False,37242
/property/demolished-house-records/,静岡県森町で家屋を取り壊した後の町届・滅失登記記録 | 森町ライフハック,森町で家屋を取り壊した後の町届・滅失登記記録,property,,,,,https://www.town.morimachi.shizuoka.jp/gyosei/machinososhiki/zeimuka/shisanzeigakari/1/kaoku/543.html,,keep,,P3,大石浩之,作業中,property,demolished-house-records,detail,,,静岡県周智郡森町で家屋を取り壊した後の町届・滅失登記記録。対象条件、必要資料、森町の公式窓口、確認する順番を分かりやすく整理します。実行前の注意点と家族へ残す記録も案内します。,,2,https://morimachi.enshu-lifehack.com/property/demolished-house-records/,True,True,False,36880
/property/home-fire-alarm-check/,静岡県森町の住宅用火災警報器を部屋・製造年・交換支援で点検する | 森町ライフハック,森町の住宅用火災警報器を部屋・製造年・交換支援で点検する,property,,,,,https://www.town.morimachi.shizuoka.jp/gyosei/machinososhiki/kikikanrika/kikikanrikakari/shoubou/3966.html,,keep,,P3,大石浩之,作業中,property,home-fire-alarm-check,detail,,,静岡県周智郡森町の住宅用火災警報器を部屋・製造年・交換支援で点検する。対象条件、必要資料、森町の公式窓口、確認する順番を分かりやすく整理します。実行前の注意点と家族へ残す記録も案内します。,,2,https://morimachi.enshu-lifehack.com/property/home-fire-alarm-check/,True,True,False,37108
/property/home-insurance-flood-map/,静岡県森町の住宅保険を選ぶ前に水害区域を照合する | 森町ライフハック,森町の住宅保険を選ぶ前に水害区域を照合する,property,,,,,https://www.town.morimachi.shizuoka.jp/gyosei/bosai_anzen/bosai/hazardmap/1255.html,,keep,,P3,大石浩之,作業中,property,home-insurance-flood-map,detail,,,静岡県周智郡森町の住宅保険を選ぶ前に水害区域を照合する。対象条件、必要資料、森町の公式窓口、確認する順番を分かりやすく整理します。実行前の注意点と家族へ残す記録も案内します。,,2,https://morimachi.enshu-lifehack.com/property/home-insurance-flood-map/,True,True,False,37395
/property/,静岡県森町の住宅・建物｜状況から読む記事を選ぶ | 森町ライフハック,森町の住宅・建物｜どの記事から読むか,property,,,,,,,keep,,P3,大石浩之,作業中,property,index,hub,,,中古住宅、設備、接道、災害リスクなど、購入や改修前に読む記事を状況別に選べます。,,0,https://morimachi.enshu-lifehack.com/property/,False,True,False,11745
/property/inspection-vs-termite-check/,静岡県森町の中古住宅で建物状況調査と白蟻点検を分けて確認する | 森町ライフハック,森町の中古住宅で建物状況調査と白蟻点検を分けて確認する,property,,,,,https://www.town.morimachi.shizuoka.jp/gyosei/machinososhiki/teijusuishinka/sumaishiengakari/1/558.html,,keep,,P3,大石浩之,作業中,property,inspection-vs-termite-check,detail,,,静岡県周智郡森町の中古住宅で建物状況調査と白蟻点検を分けて確認する。対象条件、必要資料、森町の公式窓口、確認する順番を分かりやすく整理します。実行前の注意点と家族へ残す記録も案内します。,,2,https://morimachi.enshu-lifehack.com/property/inspection-vs-termite-check/,True,True,False,37366
/property/rainwater-home-inspection/,静岡県森町の住宅内覧で雨水の流れを見る｜側溝・庭・隣地 | 森町ライフハック,森町の住宅内覧で雨水の流れを見る｜側溝・庭・隣地,property,,,,,https://www.town.morimachi.shizuoka.jp/gyosei/machinososhiki/teijusuishinka/sumaishiengakari/1/558.html,,keep,,P3,大石浩之,作業中,property,rainwater-home-inspection,detail,,,静岡県周智郡森町の住宅内覧で雨水の流れを見る。対象条件、必要資料、森町の公式窓口、確認する順番を分かりやすく整理します。実行前の注意点と家族へ残す記録も案内します。,,2,https://morimachi.enshu-lifehack.com/property/rainwater-home-inspection/,True,True,False,37234
/property/renovation-moving-schedule/,静岡県森町で中古住宅改修と引っ越しを同時に進める段取り | 森町ライフハック,森町で中古住宅改修と引っ越しを同時に進める段取り,property,,,,,https://www.town.morimachi.shizuoka.jp/gyosei/machinososhiki/teijusuishinka/sumaishiengakari/1/558.html,,keep,,P3,大石浩之,作業中,property,renovation-moving-schedule,detail,,,静岡県周智郡森町で中古住宅改修と引っ越しを同時に進める段取り。対象条件、必要資料、森町の公式窓口、確認する順番を分かりやすく整理します。実行前の注意点と家族へ残す記録も案内します。,,2,https://morimachi.enshu-lifehack.com/property/renovation-moving-schedule/,True,True,False,37551
/property/road-frontage-home/,静岡県森町の住宅候補地で接道を確認する｜公道・私道・幅員 | 森町ライフハック,森町の住宅候補地で接道を確認する｜公道・私道・幅員,property,,,,,https://www.town.morimachi.shizuoka.jp/gyosei/machinososhiki/teijusuishinka/sumaishiengakari/1/558.html,,keep,,P3,大石浩之,作業中,property,road-frontage-home,detail,,,静岡県周智郡森町の住宅候補地で接道を確認する。対象条件、必要資料、森町の公式窓口、確認する順番を分かりやすく整理します。実行前の注意点と家族へ残す記録も案内します。,,2,https://morimachi.enshu-lifehack.com/property/road-frontage-home/,True,True,False,37223
/property/seismic-estimate-reading/,静岡県森町の木造住宅耐震改修｜診断結果と工事見積書を照合する | 森町ライフハック,森町の木造住宅耐震改修｜診断結果と工事見積書を照合する,property,,,,,https://www.town.morimachi.shizuoka.jp/gyosei/machinososhiki/teijusuishinka/sumaishiengakari/1/558.html,,keep,,P3,大石浩之,作業中,property,seismic-estimate-reading,detail,,,静岡県周智郡森町の木造住宅耐震改修。対象条件、必要資料、森町の公式窓口、確認する順番を分かりやすく整理します。実行前の注意点と家族へ残す記録も案内します。,,3,https://morimachi.enshu-lifehack.com/property/seismic-estimate-reading/,True,True,False,31720
/property/septic-tank-home-check/,静岡県森町の浄化槽付き住宅を設備票と維持管理記録で引き継ぐ | 森町ライフハック,森町の浄化槽付き住宅を設備票と維持管理記録で引き継ぐ,property,,,,,https://www.town.morimachi.shizuoka.jp/gyosei/machinososhiki/juminseikatsuka/seikatsukankyokakari/2/3695.html,,keep,,P3,大石浩之,作業中,property,septic-tank-home-check,detail,,,静岡県周智郡森町の浄化槽付き住宅を設備票と維持管理記録で引き継ぐ。対象条件、必要資料、森町の公式窓口、確認する順番を分かりやすく整理します。実行前の注意点と家族へ残す記録も案内します。,,2,https://morimachi.enshu-lifehack.com/property/septic-tank-home-check/,True,True,False,34595
/property/sewer-connection-check/,静岡県森町の公共下水道を供用通知・公共ます・宅内工事で確認する | 森町ライフハック,森町の公共下水道を供用通知・公共ます・宅内工事で確認する,property,,,,,https://www.town.morimachi.shizuoka.jp/gyosei/kurashi_tetsuzuki/jogesuido/gesuido/1127.html,,keep,,P3,大石浩之,作業中,property,sewer-connection-check,detail,,,静岡県周智郡森町の公共下水道を供用通知・公共ます・宅内工事で確認する。対象条件、必要資料、森町の公式窓口、確認する順番を分かりやすく整理します。実行前の注意点と家族へ残す記録も案内します。,,2,https://morimachi.enshu-lifehack.com/property/sewer-connection-check/,True,True,False,37304
/property/unregistered-extension-check/,静岡県森町の未登記増築を契約前に確認｜課税・登記・現況の照合表 | 森町ライフハック,森町の未登記増築を契約前に確認｜課税・登記・現況の照合表,property,,,,,https://www.town.morimachi.shizuoka.jp/gyosei/machinososhiki/zeimuka/shisanzeigakari/1/faq/1053.html,,keep,,P3,大石浩之,作業中,property,unregistered-extension-check,detail,,,静岡県周智郡森町の未登記増築を契約前に確認。対象条件、必要資料、森町の公式窓口、確認する順番を分かりやすく整理します。実行前の注意点と家族へ残す記録も案内します。,,4,https://morimachi.enshu-lifehack.com/property/unregistered-extension-check/,True,True,False,33274
/property/used-home-water-check/,静岡県森町で中古住宅の水道をメーター・名義・漏水で確認する | 森町ライフハック,森町で中古住宅の水道をメーター・名義・漏水で確認する,property,,,,,https://www.town.morimachi.shizuoka.jp/gyosei/kurashi_tetsuzuki/jogesuido/1405.html,,keep,,P3,大石浩之,作業中,property,used-home-water-check,detail,,,静岡県周智郡森町で中古住宅の水道をメーター・名義・漏水で確認する。対象条件、必要資料、森町の公式窓口、確認する順番を分かりやすく整理します。実行前の注意点と家族へ残す記録も案内します。,,2,https://morimachi.enshu-lifehack.com/property/used-home-water-check/,True,True,False,37385
/property/well-equipment-records/,静岡県森町で井戸のある住宅を引き継ぐ｜設備図・検査記録・用途の確認 | 森町ライフハック,森町で井戸のある住宅を引き継ぐ｜設備図・検査記録・用途の確認,property,,,,,https://www.town.morimachi.shizuoka.jp/gyosei/machinososhiki/teijusuishinka/sumaishiengakari/1/558.html,,keep,,P3,大石浩之,作業中,property,well-equipment-records,detail,,,静岡県周智郡森町で井戸のある住宅を引き継ぐ。対象条件、必要資料、森町の公式窓口、確認する順番を分かりやすく整理します。実行前の注意点と家族へ残す記録も案内します。,,2,https://morimachi.enshu-lifehack.com/property/well-equipment-records/,True,True,False,36993
/questions/education-after-school-club/,静岡県森町の放課後児童クラブ・学童｜申込みを忘れたらどうなりますか | 森町ライフハック,申込みを忘れたらどうなりますか,questions,family,子ども・家族,放課後児童クラブの対象と申込時期を確認する,森町 放課後児童クラブ 学童,https://www.town.morimachi.shizuoka.jp/gyosei/kosodate_kyoiku/houkagozidou/index.html,2026-07-04,keep,,P1,大石浩之,作業中,questions,education-after-school-club,question,,保護者,受付期間は例年9月中旬から10月中旬の1か月程度に限られます。期間を過ぎても相談自体はできる場合があるため、まずは健康こども課幼稚園保育園係（0538-86-6300）に問い合わせてください。,,3,https://morimachi.enshu-lifehack.com/questions/education-after-school-club/,False,True,False,15635
/questions/education-educational-consulting/,静岡県森町の教育相談・不登校｜わかばはどんな場所ですか | 森町ライフハック,わかばはどんな場所ですか,questions,family,子ども・家族,学校に行きづらい・就学の不安を相談する,森町 教育相談 不登校,https://www.town.morimachi.shizuoka.jp/gyosei/machinososhiki/gakkokyoikuka/gakkokyoikukakari/5312.html,2026-07-04,keep,,P1,大石浩之,作業中,questions,education-educational-consulting,question,,保護者 / 児童生徒,学校への登校が難しい児童生徒を対象に、社会生活への自立に向けた学習・諸活動の援助や相談を行う場所です。月〜金の午前9時〜午後3時（水曜のみ正午まで）に開いています。,,2,https://morimachi.enshu-lifehack.com/questions/education-educational-consulting/,False,True,False,14931
/questions/education-school-district-transfer/,静岡県森町の転校・手続き｜転出届と学校の手続き、どちらを先にすればいいですか | 森町ライフハック,転出届と学校の手続き、どちらを先にすればいいですか,questions,family,子ども・家族,転校の手続きを進める,森町 転校 手続き,https://www.town.morimachi.shizuoka.jp/gyosei/machinososhiki/juminseikatsuka/juminkakari/2/3/2902.html,2026-07-04,keep,,P1,大石浩之,作業中,questions,education-school-district-transfer,question,,保護者,住所異動の転出届（住民生活課住民係）と、通学中の学校での転校手続きは別々に必要です。順番に迷う場合は両方の窓口に確認しておくと安心です。,,2,https://morimachi.enshu-lifehack.com/questions/education-school-district-transfer/,False,True,False,15230
/questions/education-school-expense-support/,静岡県森町の就学援助｜就学援助制度では何が支給されますか | 森町ライフハック,就学援助制度では何が支給されますか,questions,family,子ども・家族,学校費用の負担を軽くする制度を使う,森町 就学援助,https://www.town.morimachi.shizuoka.jp/gyosei/machinososhiki/gakkokyoikuka/index.html,2026-07-03,keep,,P1,大石浩之,作業中,questions,education-school-expense-support,question,,保護者,学用品費・通学用品費・新入学児童生徒学用品費・校外活動費・修学旅行費・通学費・給食費・医療費等が対象として想定されています。詳しい支給額や条件は学校教育課に確認してください。,,1,https://morimachi.enshu-lifehack.com/questions/education-school-expense-support/,False,True,False,14853
/questions/education-school-zones/,静岡県森町の学区｜通学区域の一覧はどこで見られますか | 森町ライフハック,通学区域の一覧はどこで見られますか,questions,family,子ども・家族,住所からどの小中学校に通うか確かめる,森町 学区,https://www.town.morimachi.shizuoka.jp/gyosei/kosodate_kyoiku/kyoiku_gakko/sho_chugakko/index.html,2026-08-06,keep,,P1,大石浩之,作業中,questions,education-school-zones,question,,保護者,町サイト内で一覧化された専用ページは見つかっていません。住所ごとの通学区域は学校教育課（0538-85-1112）に問い合わせて確認してください。,,2,https://morimachi.enshu-lifehack.com/questions/education-school-zones/,False,True,False,14619
/questions/emergency-disaster-certificates-procedures/,静岡県森町のり災証明書｜り災証明書はどこで発行してもらえますか | 森町ライフハック,り災証明書はどこで発行してもらえますか,questions,trouble,困った・緊急,り災証明書と税の減免を申請する,森町 り災証明書,https://www.town.morimachi.shizuoka.jp/gyosei/machinososhiki/zeimuka/chominzeigakari/1/1/4711.html,2026-07-04,keep,,P1,大石浩之,作業中,questions,emergency-disaster-certificates-procedures,question,,被災者,り災証明書（罹災証明書・被災証明書）の発行窓口についての詳細は、税務課 町民税係（電話 0538-85-6308）にお問い合わせください。減免申請とあわせて確認するとスムーズです。,,1,https://morimachi.enshu-lifehack.com/questions/emergency-disaster-certificates-procedures/,False,True,False,14988
/questions/emergency-earthquake/,静岡県森町の地震・備え｜感震ブレーカーの補助はどれくらいもらえますか | 森町ライフハック,感震ブレーカーの補助はどれくらいもらえますか,questions,trouble,困った・緊急,地震・津波に備える,森町 地震 備え,https://www.town.morimachi.shizuoka.jp/gyosei/machinososhiki/kikikanrika/kikikanrikakari/4/6838.html,2026-07-04,keep,,P0,大石浩之,作業中,questions,emergency-earthquake,question,,住民,"補助対象経費の2分の1以内で、上限は2万円です（1,000円未満切り捨て）。1世帯につき1回限りの補助で、購入・工事着手前の申請が必要です。詳しくは危機管理課 危機管理係（0538-85-6302）にご確認ください。",,2,https://morimachi.enshu-lifehack.com/questions/emergency-earthquake/,False,True,False,15240
/questions/emergency-evacuation-centers/,静岡県森町の避難所｜自宅の避難所はどこで確認できますか | 森町ライフハック,自宅の避難所はどこで確認できますか,questions,trouble,困った・緊急,指定避難所の場所を確認する,森町 避難所,https://www.town.morimachi.shizuoka.jp/gyosei/machinososhiki/kikikanrika/kikikanrikakari/4/854.html,2026-07-04,keep,,P0,大石浩之,作業中,questions,emergency-evacuation-centers,question,,住民,静岡県周智郡森町防災ハザードマップ（地区別7種類）に避難所等の防災関係施設の位置が掲載されています。指定避難所一覧は防災ガイドブックにも掲載されているので、あわせて確認してください。,,1,https://morimachi.enshu-lifehack.com/questions/emergency-evacuation-centers/,False,True,False,14558
/questions/emergency-evacuation-hazard-map/,静岡県森町のハザードマップ・避難｜警戒レベルはどこで知ることができますか | 森町ライフハック,警戒レベルはどこで知ることができますか,questions,trouble,困った・緊急,いつ・どこへ逃げるかを決めておく,森町 ハザードマップ 避難,https://www.town.morimachi.shizuoka.jp/gyosei/bosai_anzen/bosai/1130.html,2026-08-06,keep,,P0,大石浩之,作業中,questions,emergency-evacuation-hazard-map,question,,住民,同報無線のほか、静岡県周智郡森町LINE公式アカウントやちゃっとメールで発信されます。停電時にも情報を受け取れるよう、事前にLINEの登録をしておくと安心です。,,2,https://morimachi.enshu-lifehack.com/questions/emergency-evacuation-hazard-map/,False,True,False,14978
/questions/emergency-fire-ambulance/,静岡県森町の消防・救急・119｜森町で火事や救急のときはどこに連絡すればいいですか | 森町ライフハック,森町で火事や救急のときはどこに連絡すればいいですか,questions,trouble,困った・緊急,火事・急病のときの119番と管轄を知る,森町 消防 救急 119,https://www.town.morimachi.shizuoka.jp/gyosei/machinososhiki/kikikanrika/kikikanrikakari/shoubou/3966.html,2026-07-03,keep,,P0,大石浩之,作業中,questions,emergency-fire-ambulance,question,,住民,119番に電話してください。静岡県周智郡森町の消防・救急は「袋井市森町広域行政組合 袋井消防本部」が管轄しています。予防に関する問い合わせは予防課（0538-44-5114）が窓口です。,,2,https://morimachi.enshu-lifehack.com/questions/emergency-fire-ambulance/,False,True,False,15086
/questions/emergency-overview/,静岡県森町の防災｜災害用伝言ダイヤルとはなんですか | 森町ライフハック,災害用伝言ダイヤルとはなんですか,questions,trouble,困った・緊急,防災・災害時の行動と窓口を一覧で把握する,森町 防災,https://www.town.morimachi.shizuoka.jp/gyosei/bosai_anzen/bosai/1129.html,2026-07-04,keep,,P0,大石浩之,作業中,questions,emergency-overview,question,,住民,災害時に電話がつながりにくいときに、171（音声）やweb171（テキスト）で家族などと安否情報をやり取りできる仕組みです。使い方は事前に確認しておくと、いざというときに慌てません。,,1,https://morimachi.enshu-lifehack.com/questions/emergency-overview/,False,True,False,14414
/questions/end-of-life-bereavement/,静岡県森町の死亡届・おくやみ｜死亡届は誰が出せますか | 森町ライフハック,死亡届は誰が出せますか,questions,property,家・土地,家族が亡くなった後の手続きを期限順に進める,森町 死亡届 おくやみ,https://www.town.morimachi.shizuoka.jp/gyosei/lifeevent/okuyami/1830.html,2026-07-04,keep,,P0,大石浩之,作業中,questions,end-of-life-bereavement,question,,遺族,同居の親族が優先され、次に同居していない親族、その後に同居者・家主・地主・管理人・成年後見人などの順で届出人になれます。詳しくは住民生活課住民係（0538-85-6312）に確認してください。,,3,https://morimachi.enshu-lifehack.com/questions/end-of-life-bereavement/,False,True,False,15456
/questions/end-of-life-inheritance/,静岡県森町の相続・手続き｜相続人代表者指定届とは何ですか | 森町ライフハック,相続人代表者指定届とは何ですか,questions,property,家・土地,相続で何をいつまでにやるか整理する,森町 相続 手続き,https://www.town.morimachi.shizuoka.jp/gyosei/machinososhiki/zeimuka/shisanzeigakari/1/yousiki/544.html,2026-07-04,keep,,P0,大石浩之,作業中,questions,end-of-life-inheritance,question,,相続人,固定資産（土地・家屋）の所有者が亡くなった際、納税に関する書類を受け取る代表者を相続人の中から一人定めて届け出るものです。静岡県周智郡森町税務課資産税係（0538-85-6309）が窓口で、様式はホームページからダウンロードできます。,,2,https://morimachi.enshu-lifehack.com/questions/end-of-life-inheritance/,False,True,False,15486
/questions/end-of-life-inherited-house/,親の家・相続・どうする｜親の家をどうするか決まっていません。まず何をすればいいですか | 静岡県森町ライフハック,親の家をどうするか決まっていません。まず何をすればいいですか,questions,property,家・土地,相続した親の家を使う・貸す・売る・解体するを決める,親の家 相続 どうする,https://www.town.morimachi.shizuoka.jp/gyosei/kurashi_tetsuzuki/ijuteiju/akiyabank/index.html,2026-07-04,keep,,P0,大石浩之,作業中,questions,end-of-life-inherited-house,question,,相続人 / 家族,急いで決める必要はありません。使わない場合は空き家バンクへの登録、売却を考える場合は税制特例の対象か確認するなど、選択肢を知ることから始めましょう。窓口は定住推進課移住交流係（0538-85-6321）です。,,3,https://morimachi.enshu-lifehack.com/questions/end-of-life-inherited-house/,False,True,False,16105
/questions/end-of-life-overview/,静岡県森町のおくやみ・相続｜相続の手続きはどこに相談すればいいですか | 森町ライフハック,相続の手続きはどこに相談すればいいですか,questions,property,家・土地,おくやみ・相続・空き家の手続きを一覧で把握する,森町 おくやみ 相続,https://www.town.morimachi.shizuoka.jp/gyosei/lifeevent/okuyami/index.html,2026-08-06,keep,,P0,大石浩之,作業中,questions,end-of-life-overview,question,,遺族,固定資産税に関する相続人代表者指定届は税務課資産税係（0538-85-6309）が窓口です。相続税そのものは国税の管轄のため、税務署への相談が必要です。,,2,https://morimachi.enshu-lifehack.com/questions/end-of-life-overview/,False,True,False,14886
/questions/end-of-life-pension-inheritance/,静岡県森町の死亡・年金・手続き｜亡くなった家族の年金はどこに相談すればいいですか | 森町ライフハック,亡くなった家族の年金はどこに相談すればいいですか,questions,property,家・土地,亡くなった後の年金・保険の手続きをする,森町 死亡 年金 手続き,https://www.town.morimachi.shizuoka.jp/gyosei/kenko_fukushi/kokuminkenkohoken_kokikoreishairyoseido/index.html,2026-07-04,keep,,P1,大石浩之,作業中,questions,end-of-life-pension-inheritance,question,,遺族,未支給年金の請求など年金に関する手続きは、日本年金機構・年金事務所の管轄です。死亡日から5年以内に、生計を同じくしていた遺族が請求できます。静岡県周智郡森町の役場では年金そのものの手続きは扱っていません。,,2,https://morimachi.enshu-lifehack.com/questions/end-of-life-pension-inheritance/,False,True,False,15688
/questions/end-of-life-property-tax-inheritance/,静岡県森町の固定資産税・相続人代表者｜相続人代表者指定届はいつ提出すればいいですか | 森町ライフハック,相続人代表者指定届はいつ提出すればいいですか,questions,property,家・土地,相続した不動産の固定資産税の手続きをする,森町 固定資産税 相続人代表者,https://www.town.morimachi.shizuoka.jp/gyosei/machinososhiki/zeimuka/shisanzeigakari/1/yousiki/544.html,2026-07-04,keep,,P1,大石浩之,作業中,questions,end-of-life-property-tax-inheritance,question,,相続人,固定資産（土地・家屋）の所有者が亡くなった時点で提出が必要になります。次の納期に間に合うよう、なるべく早めに税務課資産税係（0538-85-6309）へ相談してください。,,3,https://morimachi.enshu-lifehack.com/questions/end-of-life-property-tax-inheritance/,False,True,False,15707
/questions/family-grow-child-allowance/,静岡県森町の児童手当｜申請が遅れるとどうなりますか | 森町ライフハック,申請が遅れるとどうなりますか,questions,family,子ども・家族,児童手当とこども医療費助成を期限内に申請する,森町 児童手当,https://www.town.morimachi.shizuoka.jp/gyosei/kosodate_kyoiku/teate_josei/jidoteateto/5316.html,2026-08-06,keep,,P0,大石浩之,作業中,questions,family-grow-child-allowance,question,,保護者,原則として申請が遅れた月分は遡って支給されません。出生・転入から15日以内という期限を必ず守り、早めに健康こども課こども家庭係（0538-86-6330）で手続きしてください。,,1,https://morimachi.enshu-lifehack.com/questions/family-grow-child-allowance/,False,True,False,14358
/questions/family-grow-child-vaccination/,静岡県森町の予防接種・子ども｜予診票はどこでもらえますか | 森町ライフハック,予診票はどこでもらえますか,questions,family,子ども・家族,子どもの予防接種を受ける,森町 予防接種 子ども,https://www.town.morimachi.shizuoka.jp/morikko/sodachi/4813.html,2026-07-04,keep,,P0,大石浩之,作業中,questions,family-grow-child-vaccination,question,,保護者,「予防接種のしおり」の交付時にまとめて綴じられています。交付の受付は毎月9時15分から9時30分で、所要時間は約2時間です。健康こども課こども家庭係（0538-86-6330）にお問い合わせください。,,1,https://morimachi.enshu-lifehack.com/questions/family-grow-child-vaccination/,False,True,False,14565
/questions/family-grow-childbirth/,静岡県森町の出生届｜出生届はどこに出せばいいですか | 森町ライフハック,出生届はどこに出せばいいですか,questions,family,子ども・家族,出生届と出産後の手続きをまとめて進める,森町 出生届,https://www.town.morimachi.shizuoka.jp/morikko/ninshin_shussan/morikko_20_1.html,2026-07-04,keep,,P0,大石浩之,作業中,questions,family-grow-childbirth,question,,保護者,父母の本籍地・所在地、または子の出生地のいずれかの役場・役所に届け出られます。静岡県周智郡森町での窓口は住民生活課住民係（電話0538-85-6312）です。母子健康手帳を持参し、届出済証明を受けてください。,,1,https://morimachi.enshu-lifehack.com/questions/family-grow-childbirth/,False,True,False,14876
/questions/family-grow-developmental-support/,静岡県森町の発達相談｜どこに相談すればいいかわかりません | 森町ライフハック,どこに相談すればいいかわかりません,questions,family,子ども・家族,子どもの発達の心配を相談する,森町 発達相談,https://www.town.morimachi.shizuoka.jp/morikko/sodachi/4801.html,2026-07-04,keep,,P1,大石浩之,作業中,questions,family-grow-developmental-support,question,,保護者,まずは健康こども課こども家庭係（0538-86-6330）にお電話ください。お子さんの年齢や困りごとに応じて、子ども相談・親子療育教室・ことばの教室のいずれが合うか案内してもらえます。,,1,https://morimachi.enshu-lifehack.com/questions/family-grow-developmental-support/,False,True,False,14626
/questions/family-grow-infant-health-check/,静岡県森町の乳幼児健診｜健診の予約はどうすればいいですか | 森町ライフハック,健診の予約はどうすればいいですか,questions,family,子ども・家族,乳幼児健診の時期と会場を確認する,森町 乳幼児健診,https://www.town.morimachi.shizuoka.jp/morikko/sodachi/4792.html,2026-07-04,keep,,P1,大石浩之,作業中,questions,family-grow-infant-health-check,question,,保護者,1か月・4か月・10か月児健診は、保護者が医療機関へ直接予約します。1歳6か月児・3歳児健診は静岡県周智郡森町保健福祉センターでの実施のため、案内に沿って日程を確認してください。,,2,https://morimachi.enshu-lifehack.com/questions/family-grow-infant-health-check/,False,True,False,14953
/questions/family-grow-marriage/,静岡県森町の婚姻届｜婚姻届を出すのに必要なものは何ですか | 森町ライフハック,婚姻届を出すのに必要なものは何ですか,questions,family,子ども・家族,婚姻届の提出と結婚後の手続きを進める,森町 婚姻届,https://www.town.morimachi.shizuoka.jp/gyosei/machinososhiki/teijusuishinka/ijukoryugakari/2/izyusankouzyohou/4392.html,2026-07-04,keep,,P1,大石浩之,作業中,questions,family-grow-marriage,question,,婚姻当事者,本人確認書類などが必要です。ページによって詳細な持ち物の記載が少ないため、事前に住民生活課住民係（0538-85-6312）へ電話で確認してから来庁することをおすすめします。,,2,https://morimachi.enshu-lifehack.com/questions/family-grow-marriage/,False,True,False,14837
/questions/family-grow-nursery-childcare/,静岡県森町の保育園・申込み｜保育園に入れなかったらどうなりますか | 森町ライフハック,保育園に入れなかったらどうなりますか,questions,family,子ども・家族,保育園の入所申込みと病児保育を利用する,森町 保育園 申込み,https://www.town.morimachi.shizuoka.jp/morikko/sodachi/4785.html,2026-07-04,keep,,P1,大石浩之,作業中,questions,family-grow-nursery-childcare,question,,保護者,希望者が多い場合は必要性の高い順に決定されるため、入所できないこともあります。まずは健康こども課幼稚園保育園係（0538-86-6300）に相談し、他の選択肢もあわせて確認してください。,,2,https://morimachi.enshu-lifehack.com/questions/family-grow-nursery-childcare/,False,True,False,15043
/questions/family-grow-nursery-school/,静岡県森町の保育園・空き状況｜2026年度の保育園の空き状況はどこで確認できますか | 森町ライフハック,2026年度の保育園の空き状況はどこで確認できますか,questions,family,子ども・家族,幼稚園・保育園の選び方を知る,森町 保育園 空き状況,https://www.town.morimachi.shizuoka.jp/gyosei/kosodate_kyoiku/hoikuen_yochiento/hoikuen/4624.html,2026-08-06,keep,,P1,大石浩之,作業中,questions,family-grow-nursery-school,question,,保護者,2026年度の保育所等入所案内（静岡県周智郡森町公式）を確認し、最新の受入状況は健康こども課幼稚園保育園係（0538-86-6300）へ問い合わせてください。,,2,https://morimachi.enshu-lifehack.com/questions/family-grow-nursery-school/,False,True,False,14574
/questions/family-grow-overview/,静岡県森町の子育て・手続き｜何から手を付ければいいですか | 森町ライフハック,何から手を付ければいいですか,questions,family,子ども・家族,結婚・妊娠・出産・子育ての手続きを一覧で把握する,森町 子育て 手続き,https://www.town.morimachi.shizuoka.jp/,2026-07-04,keep,,P1,大石浩之,作業中,questions,family-grow-overview,question,,保護者,妊娠がわかった直後なら妊娠届と母子健康手帳、出産後なら赤ちゃんが生まれたときの手続きから確認するのがおすすめです。多くの手続きは健康こども課こども家庭係（0538-86-6330）が窓口です。,,1,https://morimachi.enshu-lifehack.com/questions/family-grow-overview/,False,True,False,13689
/questions/family-grow-parenting-support/,静岡県森町の子育て相談｜何を相談したいか、まだはっきりしていません | 森町ライフハック,何を相談したいか、まだはっきりしていません,questions,family,子ども・家族,子育ての悩みを相談できる場所を見つける,森町 子育て相談,https://www.town.morimachi.shizuoka.jp/gyosei/machinososhiki/kenkokodomoka/kodomokateikakari/1/837.html,2026-07-04,keep,,P1,大石浩之,作業中,questions,family-grow-parenting-support,question,,保護者,その場合はこども家庭センター（健康こども課こども家庭係内、電話0538-86-6330）へご相談ください。妊娠期から学齢期以降まで幅広く対応しており、内容に応じて専門職やサービスを紹介してもらえます。,,3,https://morimachi.enshu-lifehack.com/questions/family-grow-parenting-support/,False,True,False,15569
/questions/family-grow-pregnancy/,静岡県森町の妊娠届・母子手帳｜妊娠届はいつ出せばいいですか | 森町ライフハック,妊娠届はいつ出せばいいですか,questions,family,子ども・家族,妊娠届を出して母子健康手帳を受け取る,森町 妊娠届 母子手帳,https://www.town.morimachi.shizuoka.jp/morikko/ninshin_shussan/4811.html,2026-07-04,keep,,P0,大石浩之,作業中,questions,family-grow-pregnancy,question,,妊婦,医療機関で妊娠の診断を受け、妊娠届出書を受け取ったらできるだけ早めに健康こども課こども家庭係へ届け出てください。手帳交付にはご本人の来庁が基本です。,,1,https://morimachi.enshu-lifehack.com/questions/family-grow-pregnancy/,False,True,False,14490
/questions/family-grow-single-parent-support/,静岡県森町の児童扶養手当｜児童扶養手当はいつ振り込まれますか | 森町ライフハック,児童扶養手当はいつ振り込まれますか,questions,family,子ども・家族,ひとり親家庭の手当と助成を受ける,森町 児童扶養手当,https://www.town.morimachi.shizuoka.jp/gyosei/machinososhiki/kenkokodomoka/kodomokateikakari/2/3034.html,2026-07-04,keep,,P1,大石浩之,作業中,questions,family-grow-single-parent-support,question,,ひとり親,1月・3月・5月・7月・9月・11月の11日に支払われます。審査を経て承認されると、申請の翌月分から支給が始まります。,,2,https://morimachi.enshu-lifehack.com/questions/family-grow-single-parent-support/,False,True,False,14640
/questions/farmland-certificates/,耕作証明書・非農地証明｜耕作証明が必要になりました。どこに申請すればいいですか | 静岡県森町ライフハック,耕作証明が必要になりました。どこに申請すればいいですか,questions,property,家・土地,耕作証明・非農地証明を取得する,耕作証明書 非農地証明,https://www.town.morimachi.shizuoka.jp/gyosei/machinososhiki/norinseisakuka/nochikanrikakari/index.html,2026-07-04,keep,,P2,大石浩之,作業中,questions,farmland-certificates,question,,所有者,農林政策課 農地管理係（静岡県周智郡森町農業委員会事務局）に相談してください。用途を伝えると必要な手続きを案内してもらえます。,,2,https://morimachi.enshu-lifehack.com/questions/farmland-certificates/,False,True,False,14915
/questions/farmland-inheritance/,農地・相続・届出｜農地を相続しました。まず何をすればいいですか | 静岡県森町ライフハック,農地を相続しました。まず何をすればいいですか,questions,property,家・土地,農地を相続したときの届出をする,農地 相続 届出,https://www.town.morimachi.shizuoka.jp/gyosei/machinososhiki/norinseisakuka/nochikanrikakari/766.html,2026-07-04,keep,,P1,大石浩之,作業中,questions,farmland-inheritance,question,,相続人,農林政策課 農地管理係へ連絡し、相続届出（農地法第3条の3）に必要な書類を確認してください。,,2,https://morimachi.enshu-lifehack.com/questions/farmland-inheritance/,False,True,False,14509
/questions/farmland-sell-or-rent/,農地・売りたい・貸したい｜耕作していない農地を貸したいのですが、どうすればいいですか | 静岡県森町ライフハック,耕作していない農地を貸したいのですが、どうすればいいですか,questions,property,家・土地,使っていない農地を売る・貸す,農地 売りたい 貸したい,https://www.town.morimachi.shizuoka.jp/gyosei/machinososhiki/norinseisakuka/nochikanrikakari/index.html,2026-07-03,keep,,P1,大石浩之,作業中,questions,farmland-sell-or-rent,question,,所有者,農林政策課 農地管理係に相談してください。耕作目的での貸借には農業委員会の手続きが必要です。,,2,https://morimachi.enshu-lifehack.com/questions/farmland-sell-or-rent/,False,True,False,14592
/questions/health-medical-adult-vaccination/,静岡県森町の高齢者・予防接種｜自分が高齢者肺炎球菌予防接種の対象かどうか、どう確認しますか | 森町ライフハック,自分が高齢者肺炎球菌予防接種の対象かどうか、どう確認しますか,questions,trouble,困った・緊急,おとなの予防接種の対象と費用を確認する,森町 高齢者 予防接種,https://www.town.morimachi.shizuoka.jp/gyosei/kenko_fukushi/kenkoukanri_kansennshou/5438.html,2026-07-04,keep,,P1,大石浩之,作業中,questions,health-medical-adult-vaccination,question,,成人 / 高齢者,"令和8年度は接種当日65歳の方等が対象で、自己負担は5,000円、66歳の誕生日前日までが期限です。詳しい条件は静岡県周智郡森町公式ページで確認してください。",,2,https://morimachi.enshu-lifehack.com/questions/health-medical-adult-vaccination/,False,True,False,15575
/questions/health-medical-cancer-specific-checkups/,静岡県森町のがん検診｜がん検診だけを単独で申し込めますか | 森町ライフハック,がん検診だけを単独で申し込めますか,questions,trouble,困った・緊急,がん検診の対象と時期を確認する,森町 がん検診,https://www.town.morimachi.shizuoka.jp/gyosei/machinososhiki/kenkokodomoka/kenkozukurikakari/2/821.html,2026-07-04,keep,,P1,大石浩之,作業中,questions,health-medical-cancer-specific-checkups,question,,住民,静岡県周智郡森町のがん検診は20歳以上対象の総合検診に含まれる形で実施されています。申込方法や期限は森町公式の総合検診ページで確認してください。,,2,https://morimachi.enshu-lifehack.com/questions/health-medical-cancer-specific-checkups/,False,True,False,15079
/questions/health-medical-find-hospitals/,静岡県森町の病院・診療所｜森町にはどんな医療機関がありますか | 森町ライフハック,森町にはどんな医療機関がありますか,questions,trouble,困った・緊急,森町とその周辺で医療機関を探す,森町 病院 診療所,https://www.town.morimachi.shizuoka.jp/gyosei/machinososhiki/kenkokodomoka/kenkozukurikakari/3/834.html,2026-07-03,keep,,P1,大石浩之,作業中,questions,health-medical-find-hospitals,question,,住民,公立静岡県周智郡森町病院のほか、岩谷医院・西村医院・森の家クリニック・森町家庭医療クリニック・山崎医院などの診療所、宇藤歯科医院・仲町歯科医院など複数の歯科医院があります。詳細は森町公式ページで確認してください。,,2,https://morimachi.enshu-lifehack.com/questions/health-medical-find-hospitals/,False,True,False,15362
/questions/health-medical-health-checkups/,静岡県森町の健康診断・検診｜総合検診と特定健診は両方受けられますか | 森町ライフハック,総合検診と特定健診は両方受けられますか,questions,trouble,困った・緊急,受けられる健診・検診を選ぶ,森町 健康診断 検診,https://www.town.morimachi.shizuoka.jp/gyosei/machinososhiki/kenkokodomoka/kenkozukurikakari/2/821.html,2026-07-04,keep,,P1,大石浩之,作業中,questions,health-medical-health-checkups,question,,住民,対象条件を満たしていればどちらも受けられます。総合検診は20歳以上、特定健診は国保加入の40〜74歳が対象です。窓口が異なるため、詳細は総合検診の案内と特定健診の案内をそれぞれ確認してください。,,2,https://morimachi.enshu-lifehack.com/questions/health-medical-health-checkups/,False,True,False,15467
/questions/health-medical-night-holiday-medical/,静岡県森町の夜間・休日・救急｜夜間や休日に急に具合が悪くなったらどうすればいいですか | 森町ライフハック,夜間や休日に急に具合が悪くなったらどうすればいいですか,questions,trouble,困った・緊急,夜間・休日に具合が悪くなったときの受診先を決める,森町 夜間 休日 救急,https://www.town.morimachi.shizuoka.jp/gyosei/machinososhiki/kenkokodomoka/kenkozukurikakari/3/834.html,2026-07-04,keep,,P0,大石浩之,作業中,questions,health-medical-night-holiday-medical,question,,住民 / 保護者,まず公立静岡県周智郡森町病院（0538-85-2181）へ電話連絡してください。氏名・生年月日・症状・来院方法・来院予定時間を伝える必要があります。詳細は公立森町病院の救急受診ページで確認できます。,,1,https://morimachi.enshu-lifehack.com/questions/health-medical-night-holiday-medical/,False,True,False,15416
/questions/health-medical-overview/,静岡県森町の医療｜森町の健康・医療の窓口はどこにありますか | 森町ライフハック,森町の健康・医療の窓口はどこにありますか,questions,trouble,困った・緊急,医療・検診・障がい福祉の情報を一覧で把握する,森町 医療,https://www.town.morimachi.shizuoka.jp/gyosei/kenko_fukushi/index.html,2026-08-06,keep,,P0,大石浩之,作業中,questions,health-medical-overview,question,,住民,健診・予防接種は健康こども課、障がい福祉は福祉課、国保・特定健診は住民生活課、診療・救急は公立静岡県周智郡森町病院に分かれています。詳しくは森町公式の健康・福祉ページで確認してください。,,2,https://morimachi.enshu-lifehack.com/questions/health-medical-overview/,False,True,False,14852
/questions/health-medical-vaccinations/,静岡県森町の予防接種｜予防接種の助成にはどんな種類がありますか | 森町ライフハック,予防接種の助成にはどんな種類がありますか,questions,trouble,困った・緊急,自分・家族が受ける予防接種を選ぶ,森町 予防接種,https://www.town.morimachi.shizuoka.jp/gyosei/kenko_fukushi/kenkoukanri_kansennshou/5438.html,2026-07-04,keep,,P1,大石浩之,作業中,questions,health-medical-vaccinations,question,,住民 / 保護者,高齢者肺炎球菌予防接種の助成と、風しん予防接種費用助成があります。対象年齢・期間・自己負担額がそれぞれ異なるため、静岡県周智郡森町公式ページで確認してください。,,2,https://morimachi.enshu-lifehack.com/questions/health-medical-vaccinations/,False,True,False,15144
/questions/housing-build-house/,静岡県森町の住宅・補助金｜森町にも磐田市のような新築住宅の補助金はありますか | 森町ライフハック,森町にも磐田市のような新築住宅の補助金はありますか,questions,property,家・土地,森町で家を建てる前に補助制度を確認する,森町 住宅 補助金,https://www.town.morimachi.shizuoka.jp/gyosei/machinososhiki/teijusuishinka/sumaishiengakari/1/558.html,2026-07-04,keep,,P2,大石浩之,作業中,questions,housing-build-house,question,,建築希望者,町独自の新築住宅取得補助は確認できませんでした。該当し得るのは既存住宅向けの耐震補助や、結婚を機とした結婚新生活支援補助金です。詳しくは公式ページで確認してください。,,2,https://morimachi.enshu-lifehack.com/questions/housing-build-house/,False,True,False,15692
/questions/housing-buy-house/,静岡県森町の家・購入｜森町で家を買うときに使える町の補助はありますか | 森町ライフハック,森町で家を買うときに使える町の補助はありますか,questions,property,家・土地,森町で家を買う前に確認することを知る,森町 家 購入,https://www.town.morimachi.shizuoka.jp/gyosei/machinososhiki/zeimuka/shisanzeigakari/1/koteitosikeizenpan/539.html,2026-07-04,keep,,P2,大石浩之,作業中,questions,housing-buy-house,question,,購入検討者,一般向けの住宅購入補助は確認できませんでした。結婚を機にした購入であれば結婚新生活支援補助金が対象になり得ます。詳しくは公式ページで確認してください。,,3,https://morimachi.enshu-lifehack.com/questions/housing-buy-house/,False,True,False,15700
/questions/housing-clean-parents-house/,静岡県森町の実家・片付け｜遺品整理を森町に依頼できますか | 森町ライフハック,遺品整理を森町に依頼できますか,questions,property,家・土地,親の家の片付けを進める,森町 実家 片付け,https://www.town.morimachi.shizuoka.jp/gyosei/machinososhiki/juminseikatsuka/seikatsukankyokakari/1/1/692.html,2026-07-04,keep,,P1,大石浩之,作業中,questions,housing-clean-parents-house,question,,家族,町が遺品整理を代行する制度・窓口は確認できませんでした。家庭ごみとして処分できるものは分別ルールに沿って処分し、大量にある場合は民間の遺品整理業者への依頼も選択肢になります。,,3,https://morimachi.enshu-lifehack.com/questions/housing-clean-parents-house/,False,True,False,15646
/questions/housing-earthquake-demolition/,静岡県森町の耐震・解体・補助｜耐震診断は無料ですか | 森町ライフハック,耐震診断は無料ですか,questions,property,家・土地,耐震診断・改修・解体の助成を使う,森町 耐震 解体 補助,https://www.town.morimachi.shizuoka.jp/gyosei/machinososhiki/teijusuishinka/sumaishiengakari/1/558.html,2026-07-04,keep,,P1,大石浩之,作業中,questions,housing-earthquake-demolition,question,,所有者,木造住宅は「わが家の専門家診断事業」により無料で耐震診断を受けられます。非木造住宅・建築物も専門家による診断制度がありますが、内容は建物によって異なるため窓口で確認してください。,,2,https://morimachi.enshu-lifehack.com/questions/housing-earthquake-demolition/,False,True,False,15259
/questions/housing-municipal-housing/,静岡県森町の町営住宅｜町営住宅はどこにありますか | 森町ライフハック,町営住宅はどこにありますか,questions,property,家・土地,町営住宅の募集条件と申込みを確認する,森町 町営住宅,https://www.town.morimachi.shizuoka.jp/gyosei/machinososhiki/teijusuishinka/sumaishiengakari/4/412.html,2026-07-04,keep,,P2,大石浩之,作業中,questions,housing-municipal-housing,question,,入居希望者,天宮団地、大門団地、森山団地、中川団地、中川第2団地、やざき団地の6団地・合計121戸です。各団地の場所や間取りは静岡県周智郡森町公式ページで確認してください。,,1,https://morimachi.enshu-lifehack.com/questions/housing-municipal-housing/,False,True,False,14700
/questions/housing-overview/,静岡県森町の住まい｜森町にも磐田市のような住宅補助はありますか | 森町ライフハック,森町にも磐田市のような住宅補助はありますか,questions,property,家・土地,住まい・空き家・不動産の情報を一覧で把握する,森町 住まい,https://www.town.morimachi.shizuoka.jp/,2026-07-04,keep,,P1,大石浩之,作業中,questions,housing-overview,question,,住民,新築・購入向けの一般的な補助は確認できませんでした。結婚を機にした住宅取得なら結婚新生活支援補助金、既存の木造住宅なら耐震関連の助成が対象になり得ます。,,1,https://morimachi.enshu-lifehack.com/questions/housing-overview/,False,True,False,14729
/questions/housing-property-tax/,静岡県森町の固定資産税｜固定資産税はいつ払えばいいですか | 森町ライフハック,固定資産税はいつ払えばいいですか,questions,property,家・土地,土地・家屋の固定資産税の中身を確認する,森町 固定資産税,https://www.town.morimachi.shizuoka.jp/gyosei/machinososhiki/zeimuka/shisanzeigakari/1/koteitosikeizenpan/539.html,2026-07-04,keep,,P1,大石浩之,作業中,questions,housing-property-tax,question,,所有者,年4回の納期があります。第1期5月16日〜31日、第2期7月16日〜31日、第3期12月16日〜25日、第4期2月16日〜月末です。休日の場合は翌平日が期限になります。,,2,https://morimachi.enshu-lifehack.com/questions/housing-property-tax/,False,True,False,14827
/questions/housing-rent-house/,静岡県森町の賃貸・町営住宅｜森町で賃貸物件をまとめて探せるサイトはありますか | 森町ライフハック,森町で賃貸物件をまとめて探せるサイトはありますか,questions,property,家・土地,森町で借りられる住まいを探す,森町 賃貸 町営住宅,https://www.town.morimachi.shizuoka.jp/gyosei/machinososhiki/teijusuishinka/ijukoryugakari/2/2/380.html,2026-07-04,keep,,P2,大石浩之,作業中,questions,housing-rent-house,question,,入居希望者,町が民間賃貸情報をまとめて紹介する仕組みは確認できませんでした。民間の不動産業者やポータルサイトで探すのが一般的です。,,2,https://morimachi.enshu-lifehack.com/questions/housing-rent-house/,False,True,False,15009
/questions/housing-sell-house/,静岡県森町の家・売却｜家を売った年の固定資産税は誰が払うのですか | 森町ライフハック,家を売った年の固定資産税は誰が払うのですか,questions,property,家・土地,森町で家を売る前に確認することを知る,森町 家 売却,https://www.town.morimachi.shizuoka.jp/gyosei/machinososhiki/zeimuka/shisanzeigakari/1/koteitosikeizenpan/539.html,2026-07-04,keep,,P1,大石浩之,作業中,questions,housing-sell-house,question,,所有者,納税義務者はその年の1月1日時点の所有者です。年の途中で売却した場合、実務上は売主と買主の間で税負担を日割りなどで按分することが一般的です。,,2,https://morimachi.enshu-lifehack.com/questions/housing-sell-house/,False,True,False,15095
/questions/housing-vacant-house/,静岡県森町の空き家｜空き家を放置するとどうなりますか | 森町ライフハック,空き家を放置するとどうなりますか,questions,property,家・土地,空き家の制度（対策計画・バンク・税）を整理する,森町 空き家,https://www.town.morimachi.shizuoka.jp/gyosei/machinososhiki/teijusuishinka/sumaishiengakari/2/2222.html,2026-08-06,keep,,P0,大石浩之,作業中,questions,housing-vacant-house,question,,所有者,第2期静岡県周智郡森町空家等対策計画に基づき、周辺環境への悪影響がある場合は町からの相談・指導の対象になることがあります。早めに管理方針を決めることをおすすめします。,,3,https://morimachi.enshu-lifehack.com/questions/housing-vacant-house/,False,True,False,15395
/questions/,静岡県森町のよくある100の質問｜手続き・介護・家・防災 | 森町ライフハック,森町のよくある100の質問,questions,procedures,手続きしたい,森町の疑問を質問から解決する,森町 よくある質問,,2026-08-06,keep,,P1,大石浩之,作業中,questions,index,hub,,,静岡県周智郡森町の手続き、子育て、介護、家・土地、防災、施設について、よくある100の質問から答えと公式確認先を探せます。,,0,https://morimachi.enshu-lifehack.com/questions/,False,True,False,60985
/questions/living-soon-disaster-risk/,静岡県森町のハザードマップ・土地｜候補地のハザードマップはどこで見られますか | 森町ライフハック,候補地のハザードマップはどこで見られますか,questions,trouble,困った・緊急,住む候補地の災害リスクを確かめる,森町 ハザードマップ 土地,https://www.town.morimachi.shizuoka.jp/gyosei/bosai_anzen/bosai/hazardmap/1255.html,2026-07-04,keep,,P1,大石浩之,作業中,questions,living-soon-disaster-risk,question,,移住検討者 / 住宅取得者,森町防災ハザードマップ（森町公式）のページから、森町全図と地区別（三倉・天方・森・一宮・園田・飯田）のPDFをダウンロードできます。静岡県地理情報システムでも同内容を確認できます。,,2,https://morimachi.enshu-lifehack.com/questions/living-soon-disaster-risk/,False,True,False,15477
/questions/living-soon-moving-decided/,引っ越し・やることリスト｜転入届はいつまでに出せばいいですか | 静岡県森町ライフハック,転入届はいつまでに出せばいいですか,questions,procedures,手続きしたい,引っ越しが決まってからの段取りを立てる,引っ越し やることリスト,https://www.town.morimachi.shizuoka.jp/gyosei/kurashi_tetsuzuki/koseki_juminhyo_inkanshomei/2940.html,2026-07-03,keep,,P1,大石浩之,作業中,questions,living-soon-moving-decided,question,,引っ越す人,住民基本台帳法上、住み始めてから原則14日以内の届出が求められます。詳しい要件や必要書類は戸籍・住民異動の届出と証明（静岡県周智郡森町公式）で確認してください。,,2,https://morimachi.enshu-lifehack.com/questions/living-soon-moving-decided/,False,True,False,15421
/questions/living-soon-overview/,静岡県森町の移住｜森町への移住についてまず誰に相談すればいいですか | 森町ライフハック,森町への移住についてまず誰に相談すればいいですか,questions,procedures,手続きしたい,森町へ移り住む前に確認することを把握する,森町 移住,https://www.town.morimachi.shizuoka.jp/ijyu/index.html,2026-08-06,keep,,P2,大石浩之,作業中,questions,living-soon-overview,question,,移住検討者,定住推進課 移住交流係（電話：0538-85-2111）が窓口です。静岡県周智郡森町の暮らしについてのページもあわせてご覧ください。,,1,https://morimachi.enshu-lifehack.com/questions/living-soon-overview/,False,True,False,13658
/questions/moving-out-bulk-garbage-cleaning/,静岡県森町の引っ越し・ごみ・処分｜粗大ごみが大量に出るときはどうすればいいですか | 森町ライフハック,粗大ごみが大量に出るときはどうすればいいですか,questions,procedures,手続きしたい,転出前の不用品・粗大ごみを処分する,森町 引っ越し ごみ 処分,https://www.town.morimachi.shizuoka.jp/gyosei/machinososhiki/juminseikatsuka/seikatsukankyokakari/1/1/688.html,2026-07-04,keep,,P2,大石浩之,作業中,questions,moving-out-bulk-garbage-cleaning,question,,転出者,「中遠広域粗大ごみ処理施設」への持ち込みが基本です（有料）。持ち込み方法や料金は事前に住民生活課生活環境係（0538-85-6314）へ確認してください。,0538-85-6314,2,https://morimachi.enshu-lifehack.com/questions/moving-out-bulk-garbage-cleaning/,False,True,False,15738
/questions/moving-out-move-out-notice/,静岡県森町の転出届｜必要な持ち物は何ですか | 森町ライフハック,必要な持ち物は何ですか,questions,procedures,手続きしたい,転出届をいつどこで出すか確認する,森町 転出届,https://www.town.morimachi.shizuoka.jp/gyosei/machinososhiki/juminseikatsuka/juminkakari/2/3/2902.html,2026-07-04,keep,,P1,大石浩之,作業中,questions,moving-out-move-out-notice,question,,転出者,本人確認書類（顔写真付き1点、または健康保険証など2点）が必要です。委任状は本人・同一世帯員・二親等以内が届け出る場合は不要です。国民健康保険証や介護保険証、印鑑登録証など該当するものがあれば持参してください。,,1,https://morimachi.enshu-lifehack.com/questions/moving-out-move-out-notice/,False,True,False,14882
/questions/moving-out-moving-away/,静岡県森町の転出・やること｜転出時の手続きがまとまったページはありますか | 森町ライフハック,転出時の手続きがまとまったページはありますか,questions,procedures,手続きしたい,転出時に必要な手続きをまとめて片づける,森町 転出 やること,https://www.town.morimachi.shizuoka.jp/gyosei/machinososhiki/morimachiyakuba/hikkoshi_shinseikatsu/index.html,2026-07-04,keep,,P1,大石浩之,作業中,questions,moving-out-moving-away,question,,転出者,静岡県周智郡森町公式サイトの「引越・新生活」ページに転出届と水道の開始・廃止届がまとめて案内されています。ただしごみや学校関連の手続きへのリンクはないため、個別の確認が必要です。,,2,https://morimachi.enshu-lifehack.com/questions/moving-out-moving-away/,False,True,False,15250
/questions/moving-out-school-nursery-procedures/,静岡県森町の転校・手続き｜保育所に通っている子どもがいる場合、どこに相談すればいいですか | 森町ライフハック,保育所に通っている子どもがいる場合、どこに相談すればいいですか,questions,procedures,手続きしたい,子どもの転園・転校の手続きをする,森町 転校 手続き,https://www.town.morimachi.shizuoka.jp/gyosei/machinososhiki/kenkokodomoka/yochienhoikuenkakari/1/4614.html,2026-07-04,keep,,P2,大石浩之,作業中,questions,moving-out-school-nursery-procedures,question,,保護者,健康こども課幼稚園保育園係（0538-86-6300）へ相談してください。退所・転園の手続きの案内が受けられます。転出先で保育施設の利用を希望する場合は、転出先自治体ごとに申込手続きが異なるため、あわせて転出先にも確認しておくと安心です。,,1,https://morimachi.enshu-lifehack.com/questions/moving-out-school-nursery-procedures/,False,True,False,15737
/questions/parents-care-adult-guardianship/,静岡県森町の成年後見｜成年後見制度とはどんな制度ですか | 森町ライフハック,成年後見制度とはどんな制度ですか,questions,care,親・介護,判断能力が落ちた親の財産と契約を守る,森町 成年後見,https://www.town.morimachi.shizuoka.jp/gyosei/machinososhiki/hokenfukushika/chiikihokatsushiencenterkakari/2/4000.html,2026-07-04,keep,,P1,大石浩之,作業中,questions,parents-care-adult-guardianship,question,,家族,判断能力が十分でない方の財産管理や契約行為を、家庭裁判所が選ぶ後見人等が支援する制度です。詳しい制度の仕組みは静岡県周智郡森町公式ページで確認してください。,,2,https://morimachi.enshu-lifehack.com/questions/parents-care-adult-guardianship/,False,True,False,14850
/questions/parents-care-care-started/,静岡県森町のケアプラン・ケアマネ｜認定結果が届いたら何をすればいいですか | 森町ライフハック,認定結果が届いたら何をすればいいですか,questions,care,親・介護,認定後にケアプランの作成を依頼する,森町 ケアプラン ケアマネ,https://www.town.morimachi.shizuoka.jp/gyosei/machinososhiki/hokenfukushika/kaigohokengakari/4/1/4897.html,2026-07-04,keep,,P0,大石浩之,作業中,questions,parents-care-care-started,question,,家族 / 本人,要支援1・2なら地域包括支援センター係、要介護1〜5なら居宅介護支援事業所のケアマネジャーに連絡し、ケアプラン作成を依頼します。迷う場合は地域包括支援センターにまず相談してください。,,2,https://morimachi.enshu-lifehack.com/questions/parents-care-care-started/,False,True,False,14839
/questions/parents-care-check-parents/,静岡県森町の高齢者・見守り｜離れて暮らしていても相談できますか | 森町ライフハック,離れて暮らしていても相談できますか,questions,care,親・介護,離れて暮らす親の様子を見守る方法を知る,森町 高齢者 見守り,https://www.town.morimachi.shizuoka.jp/gyosei/machinososhiki/hokenfukushika/chiikihokatsushiencenterkakari/2/3999.html,2026-07-04,keep,,P1,大石浩之,作業中,questions,parents-care-check-parents,question,,別居の家族,できます。地域包括支援センター係（0538-85-6341）は本人だけでなく家族からの相談も受け付けています。心配な様子があれば電話してみてください。,,2,https://morimachi.enshu-lifehack.com/questions/parents-care-check-parents/,False,True,False,14555
/questions/parents-care-community-support-center/,静岡県森町の地域包括支援センター｜地域包括支援センターとは何をするところですか | 森町ライフハック,地域包括支援センターとは何をするところですか,questions,care,親・介護,介護の困りごとをまず相談する窓口を知る,森町 地域包括支援センター,https://www.town.morimachi.shizuoka.jp/gyosei/machinososhiki/hokenfukushika/chiikihokatsushiencenterkakari/index.html,2026-07-03,keep,,P0,大石浩之,作業中,questions,parents-care-community-support-center,question,,家族 / 本人,介護・福祉・健康・医療などさまざまな面から高齢者やその家族を支える総合相談窓口です。静岡県周智郡森町では福祉課地域包括支援センター係がこの役割を担っています。,,1,https://morimachi.enshu-lifehack.com/questions/parents-care-community-support-center/,False,True,False,14352
/questions/parents-care-dementia-consultation/,静岡県森町の認知症・相談｜もの忘れが心配なとき、まず何をすればいいですか | 森町ライフハック,もの忘れが心配なとき、まず何をすればいいですか,questions,care,親・介護,認知症かもしれない親のことを相談する,森町 認知症 相談,https://www.town.morimachi.shizuoka.jp/gyosei/machinososhiki/hokenfukushika/chiikihokatsushiencenterkakari/2/4002.html,2026-07-04,keep,,P0,大石浩之,作業中,questions,parents-care-dementia-consultation,question,,家族,「気づきチェックリスト」で状態を確認し、必要に応じて「もの忘れ相談シート」を使って福祉課地域包括支援センター係（0538-85-6341）に相談する流れになっています。,,2,https://morimachi.enshu-lifehack.com/questions/parents-care-dementia-consultation/,False,True,False,14769
/questions/parents-care-elderly-transportation/,静岡県森町の公共交通利用券・高齢者｜通院の送迎をしてもらえるサービスですか | 森町ライフハック,通院の送迎をしてもらえるサービスですか,questions,care,親・介護,高齢の親の通院・買い物の移動手段を確保する,森町 公共交通利用券 高齢者,https://www.town.morimachi.shizuoka.jp/gyosei/machinososhiki/hokenfukushika/shogaifukushikakari/8/2533.html,2026-07-04,keep,,P1,大石浩之,作業中,questions,parents-care-elderly-transportation,question,,高齢者 / 家族,いいえ、静岡県周智郡森町のこの事業は個別の送迎サービスではなく、路線バスやタクシーの利用券を購入する際の費用の一部を助成する仕組みです。購入は自分で行う必要があります。,,1,https://morimachi.enshu-lifehack.com/questions/parents-care-elderly-transportation/,False,True,False,14540
/questions/parents-care-find-nursing-home/,静岡県森町の介護施設・探し方｜森町独自の施設一覧はありますか | 森町ライフハック,森町独自の施設一覧はありますか,questions,care,親・介護,親が入る介護施設を探す,森町 介護施設 探し方,https://www.town.morimachi.shizuoka.jp/gyosei/machinososhiki/hokenfukushika/kaigohokengakari/4/2/4948.html,2026-07-04,keep,,P1,大石浩之,作業中,questions,parents-care-find-nursing-home,question,,家族,ありません。静岡県周智郡森町は厚生労働省の「介護サービス情報公表システム」（kaigokensaku.mhlw.go.jp）を案内しており、そこから県内・全国の介護サービス事業所・施設を検索する形になります。,,2,https://morimachi.enshu-lifehack.com/questions/parents-care-find-nursing-home/,False,True,False,14568
/questions/parents-care-long-term-care-insurance/,静岡県森町の介護・始まったら｜介護保険サービスを使うにはまず何が必要ですか | 森町ライフハック,介護保険サービスを使うにはまず何が必要ですか,questions,care,親・介護,親の介護が始まったときの流れ全体をつかむ,森町 介護 始まったら,https://www.town.morimachi.shizuoka.jp/gyosei/kurashi_tetsuzuki/nenkin_kenkohoken/kaigohoken/4204.html,2026-08-06,keep,,P0,大石浩之,作業中,questions,parents-care-long-term-care-insurance,question,,家族 / 本人,要介護・要支援認定の申請が必要です。詳しくは要介護認定の申請窓口のページを確認してください。,,2,https://morimachi.enshu-lifehack.com/questions/parents-care-long-term-care-insurance/,False,True,False,14301
/questions/parents-care-overview/,静岡県森町の介護｜親の介護で最初に相談すべき窓口はどこですか | 森町ライフハック,親の介護で最初に相談すべき窓口はどこですか,questions,care,親・介護,親の介護に関する相談先と手続きを一覧で把握する,森町 介護,https://www.town.morimachi.shizuoka.jp/gyosei/machinososhiki/hokenfukushika/chiikihokatsushiencenterkakari/index.html,2026-08-06,keep,,P0,大石浩之,作業中,questions,parents-care-overview,question,,家族,福祉課地域包括支援センター係（0538-85-6341）です。生活・健康・財産管理などどんな内容でもまず相談でき、必要な制度や窓口を案内してもらえます。,,2,https://morimachi.enshu-lifehack.com/questions/parents-care-overview/,False,True,False,14624
/questions/play-out-cultural-facilities/,静岡県森町のミキホール｜予約はいつから申し込めますか | 森町ライフハック,予約はいつから申し込めますか,questions,enjoy,暮らしを楽しむ,文化施設（ミキホール）の利用方法を確認する,森町 ミキホール,https://www.town.morimachi.shizuoka.jp/gyosei/machinososhiki/bunkakaikan/bunka/901.html,2026-07-04,keep,,P3,大石浩之,作業中,questions,play-out-cultural-facilities,question,,住民,施設によって受付期間が異なります。大ホールは使用日の12か月前～30日前、小ホールは6か月前～5日前、その他の部屋は3か月前～5日前に申請書を提出します。まずは電話またはホームページで空き状況を確認しましょう。,,3,https://morimachi.enshu-lifehack.com/questions/play-out-cultural-facilities/,False,True,False,15269
/questions/play-out-facilities-library-parks/,静岡県森町の公共施設｜施設の電話番号や住所はどこで確認できますか | 森町ライフハック,施設の電話番号や住所はどこで確認できますか,questions,enjoy,暮らしを楽しむ,森町の公共施設を目的別に探す,森町 公共施設,https://www.town.morimachi.shizuoka.jp/gyosei/choseijoho/machinogaiyo/machinoshisetsu/1164.html,2026-07-04,keep,,P2,大石浩之,作業中,questions,play-out-facilities-library-parks,question,,住民,「主要施設・諸団体一覧」のページに、役場・図書館・体育館・保健福祉・消防警察など分野ごとに整理された電話番号・所在地が掲載されています。目的の施設名で探してみてください。,,2,https://morimachi.enshu-lifehack.com/questions/play-out-facilities-library-parks/,False,True,False,14915
/questions/play-out-find-parks/,静岡県森町の公園｜どの公園に駐車場がありますか | 森町ライフハック,どの公園に駐車場がありますか,questions,enjoy,暮らしを楽しむ,目的に合う公園・遊び場を選ぶ,森町 公園,https://www.town.morimachi.shizuoka.jp/morikko/odekake/4808.html,2026-07-04,keep,,P2,大石浩之,作業中,questions,play-out-find-parks,question,,家族,天宮公園や太田川親水公園には駐車場があります。一方で大門東公園には駐車場がないなど、公園ごとに設備が異なります。お出かけ前に公園マップで確認しておくと安心です。,,2,https://morimachi.enshu-lifehack.com/questions/play-out-find-parks/,False,True,False,14446
/questions/play-out-overview/,静岡県森町の施設｜森町でお出かけ先を探すには何を見ればいいですか | 森町ライフハック,森町でお出かけ先を探すには何を見ればいいですか,questions,enjoy,暮らしを楽しむ,公園・図書館・公共施設の情報を一覧で把握する,森町 施設,https://www.town.morimachi.shizuoka.jp/morikko/odekake/4808.html,2026-07-04,keep,,P2,大石浩之,作業中,questions,play-out-overview,question,,住民,公園・図書館・体育施設・児童館など目的別のページを見ると、それぞれの施設情報がまとまっています。子育て応援サイト「もりっこ」のおでかけページもあわせてチェックすると便利です。,,2,https://morimachi.enshu-lifehack.com/questions/play-out-overview/,False,True,False,14576
/questions/play-out-parking-access/,静岡県森町の施設・駐車場｜森町営バスの時刻表はどこで見られますか | 森町ライフハック,森町営バスの時刻表はどこで見られますか,questions,enjoy,暮らしを楽しむ,公共施設の駐車場とアクセスを確認する,森町 施設 駐車場,https://www.town.morimachi.shizuoka.jp/gyosei/machinososhiki/seisakukikakuka/seisakukikakugakari/4/422.html,2026-07-04,keep,,P3,大石浩之,作業中,questions,play-out-parking-access,question,,来訪者,「静岡県周智郡森町営バスのご案内」ページで路線・時刻表の詳細を確認できます。公共交通全体については政策企画課政策企画係（0538-85-6305）にもお問い合わせいただけます。,,2,https://morimachi.enshu-lifehack.com/questions/play-out-parking-access/,False,True,False,14595
/questions/play-out-rent-public-facilities/,静岡県森町の施設・予約｜公共施設を借りたいときはどこに問い合わせればいいですか | 森町ライフハック,公共施設を借りたいときはどこに問い合わせればいいですか,questions,enjoy,暮らしを楽しむ,公共施設を借りる手続きをする,森町 施設 予約,https://www.town.morimachi.shizuoka.jp/gyosei/machinososhiki/zaiseika/keiyakukanzaikakari/3/681.html,2026-07-04,keep,,P2,大石浩之,作業中,questions,play-out-rent-public-facilities,question,,住民 / 団体,施設によって窓口が異なります。多くの施設は財政課契約管財係（0538-85-6306）ですが、体育施設は社会教育課社会体育係（0538-85-4191）、町民生活センターは住民生活課住民係（0538-85-6312）が窓口です。,,2,https://morimachi.enshu-lifehack.com/questions/play-out-rent-public-facilities/,False,True,False,15057
/questions/play-out-sports-facilities/,静岡県森町の体育館・予約｜予約はいつからできますか | 森町ライフハック,予約はいつからできますか,questions,enjoy,暮らしを楽しむ,スポーツ施設の予約・料金を確認する,森町 体育館 予約,https://www.town.morimachi.shizuoka.jp/gyosei/machinososhiki/shakaikyoikuka/shakaitaiikugakari/1/1072.html,2026-07-03,keep,,P3,大石浩之,作業中,questions,play-out-sports-facilities,question,,住民,予約受付は使用日の5日前から2か月前までです。夜間照明施設を使いたい場合は1か月前からの受付となります。早めに社会教育課社会体育係（0538-85-4191）へ確認しましょう。,,1,https://morimachi.enshu-lifehack.com/questions/play-out-sports-facilities/,False,True,False,14091
/questions/play-out-visit-library/,静岡県森町立図書館｜開館時間と休館日を教えてください | 森町ライフハック,開館時間と休館日を教えてください,questions,enjoy,暮らしを楽しむ,図書館の開館日と利用方法を確認する,森町立図書館,https://www.town.morimachi.shizuoka.jp/gyosei/machinososhiki/toshokan/916.html,2026-08-06,keep,,P2,大石浩之,作業中,questions,play-out-visit-library,question,,住民,開館時間は9時～17時（水曜日のみ19時まで）です。休館日は月曜日（祝日の場合は翌日）、年末年始（12月28日～1月4日）、特別整理期間です。,,2,https://morimachi.enshu-lifehack.com/questions/play-out-visit-library/,False,True,False,14255
/questions/start-living-bulky-garbage-dropoff/,静岡県森町の粗大ごみ｜軽トラックが無くても持ち込めますか | 森町ライフハック,軽トラックが無くても持ち込めますか,questions,procedures,手続きしたい,粗大ごみの持ち込み先と費用を知る,森町 粗大ごみ,https://www.town.morimachi.shizuoka.jp/gyosei/machinososhiki/juminseikatsuka/seikatsukankyokakari/1/1/1063.html,2026-07-03,keep,,P1,大石浩之,作業中,questions,start-living-bulky-garbage-dropoff,question,,住民,自家用車でも搬入できますが、積める量には限りがあります。量が多い場合は複数回に分けるか、レンタカーの利用も検討してください。詳しくは中遠広域粗大ごみ処理施設（0538-37-4854）にご確認ください。,0538-37-4854,2,https://morimachi.enshu-lifehack.com/questions/start-living-bulky-garbage-dropoff/,False,True,False,15372
/questions/start-living-certificates/,静岡県森町の住民票・取り方｜平日に役場へ行けません。どうすればいいですか | 森町ライフハック,平日に役場へ行けません。どうすればいいですか,questions,procedures,手続きしたい,必要な証明書がどれか選び、最短で受け取る,森町 住民票 取り方,https://www.town.morimachi.shizuoka.jp/gyosei/machinososhiki/juminseikatsuka/juminkakari/2/4826.html,2026-07-04,keep,,P0,大石浩之,作業中,questions,start-living-certificates,question,,本人 / 代理人,マイナンバーカードがあればコンビニ交付が使えます。カードがない、または戸籍が必要な場合は、水曜17:15-19:00の時間外窓口をご利用ください。ただし住所異動の手続きはできないのでご注意ください。,,3,https://morimachi.enshu-lifehack.com/questions/start-living-certificates/,False,True,False,15362
/questions/start-living-city-hall-branches/,静岡県森町役場・窓口・時間｜支所や出張所はどこにありますか | 森町ライフハック,支所や出張所はどこにありますか,questions,procedures,手続きしたい,役場のどの窓口へ行けばよいか・開いている時間を知る,森町役場 窓口 時間,https://www.town.morimachi.shizuoka.jp/gyosei/machinososhiki/morimachiyakuba/index.html,2026-07-03,keep,,P1,大石浩之,作業中,questions,start-living-city-hall-branches,question,,来庁者,静岡県周智郡森町には支所・出張所はなく、本庁舎1か所ですべての窓口手続きを行います。詳しくは森町公式ページでご確認ください。,,2,https://morimachi.enshu-lifehack.com/questions/start-living-city-hall-branches/,False,True,False,14529
/questions/start-living-dog-registration/,静岡県森町の犬・登録｜登録と注射はどこでできますか | 森町ライフハック,登録と注射はどこでできますか,questions,procedures,手続きしたい,犬の登録・鑑札交付と狂犬病予防注射を済ませる,森町 犬 登録,https://www.town.morimachi.shizuoka.jp/gyosei/machinososhiki/juminseikatsuka/seikatsukankyokakari/2/4302.html,2026-07-04,keep,,P1,大石浩之,作業中,questions,start-living-dog-registration,question,,飼い主,登録は静岡県周智郡森町役場別館1階の住民生活課生活環境係で行います。注射は毎年6月頃の集合注射のほか、委託先の動物病院でも受けられます。委託先で接種すればその場で注射済票が交付されます。,,2,https://morimachi.enshu-lifehack.com/questions/start-living-dog-registration/,False,True,False,14803
/questions/start-living-how-to-garbage/,静岡県森町のごみ・カレンダー・2026｜2026年のごみ収集カレンダーはどこで見られますか | 森町ライフハック,2026年のごみ収集カレンダーはどこで見られますか,questions,procedures,手続きしたい,ごみの分別と出し方を調べる,森町 ごみ カレンダー 2026,https://www.town.morimachi.shizuoka.jp/material/files/group/6/karennda2026.pdf,2026-08-06,keep,,P0,大石浩之,作業中,questions,start-living-how-to-garbage,question,,住民,2026年ごみ収集カレンダー（静岡県周智郡森町公式PDF）で確認できます。地区ごとに収集日が異なるため、自宅の地区欄を見てください。,,4,https://morimachi.enshu-lifehack.com/questions/start-living-how-to-garbage/,False,True,False,15040
/questions/start-living-moved-in/,静岡県森町の転入届｜転入届はオンラインだけで済みますか | 森町ライフハック,転入届はオンラインだけで済みますか,questions,procedures,手続きしたい,転入直後にやる手続きを順番に片づける,森町 転入届,https://www.town.morimachi.shizuoka.jp/gyosei/machinososhiki/juminseikatsuka/juminkakari/2/3/2901.html,2026-07-04,keep,,P0,大石浩之,作業中,questions,start-living-moved-in,question,,転入者 / 世帯主 / 住民,済みません。マイナポータルの引っ越しワンストップサービスで来庁予約はできますが、転入届そのものは必ず窓口での手続きが必要です。前住所地の転出証明書と本人確認書類を持参してください。,,3,https://morimachi.enshu-lifehack.com/questions/start-living-moved-in/,False,True,False,15195
/questions/start-living-mynumber/,静岡県森町のマイナンバーカード・申請｜代理人に受け取ってもらえますか | 森町ライフハック,代理人に受け取ってもらえますか,questions,procedures,手続きしたい,マイナンバーカードを申請から受け取りまで進める,森町 マイナンバーカード 申請,https://www.town.morimachi.shizuoka.jp/gyosei/machinososhiki/juminseikatsuka/juminkakari/1/4286.html,2026-07-04,keep,,P0,大石浩之,作業中,questions,start-living-mynumber,question,,本人 / 保護者,原則できません。ただし75歳以上の方、中学生以下、長期入院・施設入居者、要介護・要支援認定者、障害のある方、妊婦などの事情がある場合に限り、来庁困難を証明する書類（診断書・介護保険証等）を添えて代理人交付が可能です。詳しくは静岡県周智郡森町公式の代理人交付ページをご確認くださ…,,3,https://morimachi.enshu-lifehack.com/questions/start-living-mynumber/,False,True,False,15974
/questions/start-living-overview/,静岡県森町の転入・手続き｜役場以外にも確認することはありますか | 森町ライフハック,役場以外にも確認することはありますか,questions,procedures,手続きしたい,森町で暮らし始めたときの手続きを一覧で把握する,森町 転入 手続き,https://www.town.morimachi.shizuoka.jp/gyosei/kurashi_tetsuzuki/index.html,2026-08-06,keep,,P1,大石浩之,作業中,questions,start-living-overview,question,,転入者,水道の開始届（上下水道課）、ごみの分別ルール確認（生活環境係）などがあります。詳しくは静岡県周智郡森町公式「暮らし・手続き」ページもご参照ください。,,2,https://morimachi.enshu-lifehack.com/questions/start-living-overview/,False,True,False,14558
/questions/start-living-pets-lost-animals/,静岡県森町の迷い犬・迷い猫｜猫がいなくなった場合も同じ連絡先でいいですか | 森町ライフハック,猫がいなくなった場合も同じ連絡先でいいですか,questions,procedures,手続きしたい,いなくなった犬・猫を探す連絡先を知る,森町 迷い犬 迷い猫,https://www.town.morimachi.shizuoka.jp/gyosei/machinososhiki/juminseikatsuka/seikatsukankyokakari/2/4304.html,2026-07-04,keep,,P2,大石浩之,作業中,questions,start-living-pets-lost-animals,question,,飼い主 / 発見者,はい、同様に住民生活課生活環境係・静岡県西部保健所・袋井警察署森分庁舎へ連絡してください。猫の飼い方については森町公式ページもご参照ください。,,2,https://morimachi.enshu-lifehack.com/questions/start-living-pets-lost-animals/,False,True,False,14892
/questions/start-living-public-transit/,静岡県森町のバス・時刻表｜町営バスは誰でも乗れますか | 森町ライフハック,町営バスは誰でも乗れますか,questions,procedures,手続きしたい,森町での移動手段（町営バス・鉄道）を調べる,森町 バス 時刻表,https://www.town.morimachi.shizuoka.jp/gyosei/machinososhiki/seisakukikakuka/seisakukikakugakari/4/418.html,2026-07-04,keep,,P1,大石浩之,作業中,questions,start-living-public-transit,question,,住民 / 移住検討者,はい、どなたでも利用できます。大河内線・吉川線の2路線があり、運賃は距離に応じた段階制です。便によっては事前予約が必要なので、静岡県周智郡森町公式の町営バス案内で時刻表を確認してください。,,2,https://morimachi.enshu-lifehack.com/questions/start-living-public-transit/,False,True,False,14834
/questions/start-living-resident-registration/,静岡県森町の住民票・コンビニ｜今すぐ住民票が必要です。どうすればいいですか | 森町ライフハック,今すぐ住民票が必要です。どうすればいいですか,questions,procedures,手続きしたい,住民票の写しを急ぎで手に入れる,森町 住民票 コンビニ,https://www.town.morimachi.shizuoka.jp/gyosei/machinososhiki/juminseikatsuka/juminkakari/2/4826.html,2026-07-04,keep,,P0,大石浩之,作業中,questions,start-living-resident-registration,question,,本人 / 同一世帯,マイナンバーカードがあれば、最寄りのコンビニで毎日6:30-23:00（年末年始・メンテナンス日除く）に200円で取得できます。詳しくは静岡県周智郡森町公式のコンビニ交付ページをご確認ください。,,3,https://morimachi.enshu-lifehack.com/questions/start-living-resident-registration/,False,True,False,15089
/questions/start-living-water-sewer/,静岡県森町の水道料金｜水道の使用量が急に増えました。漏水でしょうか | 森町ライフハック,水道の使用量が急に増えました。漏水でしょうか,questions,procedures,手続きしたい,水道・下水道料金の仕組みと金額を知る,森町 水道料金,https://www.town.morimachi.shizuoka.jp/gyosei/machinososhiki/jogesuidoka/josuidokanrigakari/1/1/669.html,2026-08-06,keep,,P2,大石浩之,作業中,questions,start-living-water-sewer,question,,住民,すべての蛇口を閉めた状態で水道メーターのパイロット（小さな回転部分）が動いていれば漏水の可能性があります。詳しくは静岡県周智郡森町公式の漏水確認ページをご覧のうえ、上水道管理係（0538-85-6326）にご相談ください。,,2,https://morimachi.enshu-lifehack.com/questions/start-living-water-sewer/,False,True,False,15119
/questions/start-living-water-start-stop-fees/,静岡県森町の水道・開栓・中止｜給水届はどこで手に入りますか | 森町ライフハック,給水届はどこで手に入りますか,questions,procedures,手続きしたい,水道の使用開始・中止を届け出る,森町 水道 開栓 中止,https://www.town.morimachi.shizuoka.jp/gyosei/machinososhiki/jogesuidoka/josuidokanrigakari/1/1/668.html,2026-07-04,keep,,P0,大石浩之,作業中,questions,start-living-water-start-stop-fees,question,,転入者 / 転出者,静岡県周智郡森町公式サイトから様式をダウンロードできるほか、上下水道課の窓口でも受け取れます。提出は窓口持参・FAX（0538-85-6339）・郵送のいずれかで、詳しくは森町公式ページをご確認ください。,,1,https://morimachi.enshu-lifehack.com/questions/start-living-water-start-stop-fees/,False,True,False,14642
/questions/troubles-consult-cannot-pay-tax/,静岡県森町の税金・払えない｜今月の町税が払えそうにありません。どうすればいいですか | 森町ライフハック,今月の町税が払えそうにありません。どうすればいいですか,questions,trouble,困った・緊急,税金・保険税が払えないときに差押えの前に相談する,森町 税金 払えない,https://www.town.morimachi.shizuoka.jp/gyosei/machinososhiki/zeimuka/nozeigakari/1/761.html,2026-07-03,keep,,P0,大石浩之,作業中,questions,troubles-consult-cannot-pay-tax,question,,納税者,滞納のまま放置せず、早めに税務課納税係（電話0538-85-2111）へ相談してください。分割納付など状況に応じた対応を相談できます。,,2,https://morimachi.enshu-lifehack.com/questions/troubles-consult-cannot-pay-tax/,False,True,False,14804
/questions/troubles-consult-child-consultation/,静岡県森町のこども家庭センター｜子育てで不安なことがあります。誰に相談すればいいですか | 森町ライフハック,子育てで不安なことがあります。誰に相談すればいいですか,questions,trouble,困った・緊急,子どものことの不安を相談する,森町 こども家庭センター,https://www.town.morimachi.shizuoka.jp/gyosei/machinososhiki/kenkokodomoka/kodomokateikakari/1/837.html,2026-07-03,keep,,P1,大石浩之,作業中,questions,troubles-consult-child-consultation,question,,保護者,健康こども課 こども家庭係（こども家庭センター）に相談してください。妊娠期から学齢期まで幅広く対応しています。,,2,https://morimachi.enshu-lifehack.com/questions/troubles-consult-child-consultation/,False,True,False,14735
/questions/troubles-consult-consumer-fraud/,静岡県森町の消費生活相談｜身に覚えのない請求メールが届きました。どうすればいいですか | 森町ライフハック,身に覚えのない請求メールが届きました。どうすればいいですか,questions,trouble,困った・緊急,詐欺・悪質商法の被害を相談する,森町 消費生活相談,https://www.town.morimachi.shizuoka.jp/gyosei/machinososhiki/sangyoseisakuka/kankoshinkokakari/1_1/655.html,2026-07-03,keep,,P0,大石浩之,作業中,questions,troubles-consult-consumer-fraud,question,,住民,相手に連絡せず、支払わずに放置してください。不安な場合は静岡県周智郡森町消費者相談窓口（電話0538-85-6319）に相談できます。,,2,https://morimachi.enshu-lifehack.com/questions/troubles-consult-consumer-fraud/,False,True,False,14906
/questions/troubles-consult-farmland/,静岡県森町の農地・相続｜相続した農地をどうすればいいか全く分かりません | 森町ライフハック,相続した農地をどうすればいいか全く分かりません,questions,property,家・土地,相続した農地の扱いを整理する,森町 農地 相続,https://www.town.morimachi.shizuoka.jp/gyosei/machinososhiki/norinseisakuka/nochikanrikakari/766.html,2026-07-04,keep,,P1,大石浩之,作業中,questions,troubles-consult-farmland,question,,相続人 / 所有者,まず農林政策課 農地管理係へ電話してください。相続届出や、その後の活用方法（耕作・貸す・売る等）まで相談に乗ってもらえます。,,2,https://morimachi.enshu-lifehack.com/questions/troubles-consult-farmland/,False,True,False,15095
/questions/troubles-consult-legal-general-consultation/,静岡県森町の無料法律相談｜相続や離婚のことを弁護士に相談したいのですが | 森町ライフハック,相続や離婚のことを弁護士に相談したいのですが,questions,trouble,困った・緊急,無料法律相談など専門相談につなぐ,森町 無料法律相談,https://www.town.morimachi.shizuoka.jp/gyosei/machinososhiki/juminseikatsuka/juminkakari/3/567.html,2026-07-04,keep,,P1,大石浩之,作業中,questions,troubles-consult-legal-general-consultation,question,,住民,静岡県周智郡森町の無料法律相談（予約制・先着順）が利用できます。住民生活課 住民係に予約方法を確認してください。,,2,https://morimachi.enshu-lifehack.com/questions/troubles-consult-legal-general-consultation/,False,True,False,14564
/questions/work-life-city-tax-payment/,静岡県森町の町税・納付｜口座振替はいつから始まりますか | 森町ライフハック,口座振替はいつから始まりますか,questions,procedures,手続きしたい,町税の納付方法を選ぶ,森町 町税 納付,https://www.town.morimachi.shizuoka.jp/gyosei/kurashi_tetsuzuki/zeikin/nofu/1373.html,2026-07-04,keep,,P1,大石浩之,作業中,questions,work-life-city-tax-payment,question,,納税者,金融機関窓口または役場税務課で申込むと、原則として申込の翌月末分から口座振替が開始されます。納期限直前の申込みでは間に合わないことがあるため、余裕をもって手続きしてください。,,1,https://morimachi.enshu-lifehack.com/questions/work-life-city-tax-payment/,False,True,False,14771
/questions/work-life-job-change/,静岡県森町の求人｜森町で求人を探すにはどこに行けばいいですか | 森町ライフハック,森町で求人を探すにはどこに行けばいいですか,questions,procedures,手続きしたい,森町で仕事を探す入口を知る,森町 求人,https://www.town.morimachi.shizuoka.jp/gyosei/sangyo_shigoto/shushokushien/index.html,2026-07-03,keep,,P2,大石浩之,作業中,questions,work-life-job-change,question,,求職者,静岡県周智郡森町を含む2市1町の求人はハローワーク磐田が管轄です。町の公式サイトには個別の求人情報は掲載されていないため、ハローワーク磐田の窓口やインターネットサービスで求人検索をしてください。,,1,https://morimachi.enshu-lifehack.com/questions/work-life-job-change/,False,True,False,14527
/questions/work-life-light-vehicle-tax/,静岡県森町の軽自動車税｜車を手放したのに納税通知が届きました | 森町ライフハック,車を手放したのに納税通知が届きました,questions,procedures,手続きしたい,軽自動車税の税額と手続きを確認する,森町 軽自動車税,https://www.town.morimachi.shizuoka.jp/gyosei/machinososhiki/zeimuka/chominzeigakari/1/3/index.html,2026-07-04,keep,,P2,大石浩之,作業中,questions,work-life-light-vehicle-tax,question,,車両所有者,軽自動車税は毎年4月1日時点の所有者に課税されます。名義変更や廃車の手続きが完了していないと、実際に手放していても課税が続くことがあります。速やかに手続き状況を税務課町民税係（0538-85-6308）に確認してください。,,2,https://morimachi.enshu-lifehack.com/questions/work-life-light-vehicle-tax/,False,True,False,14909
/questions/work-life-national-health-insurance-tax/,静岡県森町の国民健康保険税｜国民健康保険税の税率はどこで確認できますか | 森町ライフハック,国民健康保険税の税率はどこで確認できますか,questions,procedures,手続きしたい,国民健康保険税の税率・減免を確認する,森町 国民健康保険税,https://www.town.morimachi.shizuoka.jp/gyosei/machinososhiki/zeimuka/chominzeigakari/2/1/index.html,2026-07-03,keep,,P2,大石浩之,作業中,questions,work-life-national-health-insurance-tax,question,,国保加入者,本ページには具体的な税率の記載がないため、公式サイトの「国民健康保険税とは」等の関連リンク先を確認するか、税務課（役場代表 0538-85-2111）へ問い合わせるのが確実です。,,2,https://morimachi.enshu-lifehack.com/questions/work-life-national-health-insurance-tax/,False,True,False,15021
/questions/work-life-nhk-pension/,静岡県森町の国民年金・手続き｜転職や退職で国民健康保険に加入・喪失する手続きはどうすればいいですか | 森町ライフハック,転職や退職で国民健康保険に加入・喪失する手続きはどうすればいいですか,questions,procedures,手続きしたい,国民健康保険・国民年金の加入と喪失を手続きする,森町 国民年金 手続き,https://www.town.morimachi.shizuoka.jp/gyosei/machinososhiki/juminseikatsuka/kokuhonenkinkakari/2/1/index.html,2026-07-03,keep,,P2,大石浩之,作業中,questions,work-life-nhk-pension,question,,退職者 / 住民,住民生活課国保年金係が窓口です。必要書類や期限は個々の状況によって異なるため、詳細はページに明記されていません。事前に役場代表（0538-85-2111）へ問い合わせて確認することをおすすめします。,,1,https://morimachi.enshu-lifehack.com/questions/work-life-nhk-pension/,False,True,False,14926
/questions/work-life-resident-tax/,静岡県森町の住民税｜退職金にも住民税はかかりますか | 森町ライフハック,退職金にも住民税はかかりますか,questions,procedures,手続きしたい,住民税の納付方法と申告を確認する,森町 住民税,https://www.town.morimachi.shizuoka.jp/gyosei/kurashi_tetsuzuki/zeikin/nofu/1373.html,2026-07-04,keep,,P1,大石浩之,作業中,questions,work-life-resident-tax,question,,納税者,退職所得に対する住民税は、退職手当の支払者が計算し、支払金額から差し引いて町に納入します。退職所得金額は「（収入金額－退職所得控除額）×1/2」で算出し、町民税6%・県民税4%の税率がかかります。,,2,https://morimachi.enshu-lifehack.com/questions/work-life-resident-tax/,False,True,False,14634
/questions/work-life-subsidies/,静岡県森町の補助金｜森町の補助金を一覧で確認できるページはありますか | 森町ライフハック,森町の補助金を一覧で確認できるページはありますか,questions,procedures,手続きしたい,森町の補助金にどんなものがあるか調べる,森町 補助金,https://www.town.morimachi.shizuoka.jp/gyosei/machinososhiki/sangyoseisakuka/sangyoshinkokakari/index.html,2026-08-06,keep,,P2,大石浩之,作業中,questions,work-life-subsidies,question,,住民,担当課・係ごとに補助金制度が分散しており、全体をまとめた一覧ページは確認できていません。暮らしに関する補助は住民生活課生活環境係、事業者向けの補助は産業課へ、目的別に問い合わせるのが確実です。,,1,https://morimachi.enshu-lifehack.com/questions/work-life-subsidies/,False,True,False,14781
/questions/work-life-tax/,静岡県森町の税金｜税金の窓口はどこに電話すればいいですか | 森町ライフハック,税金の窓口はどこに電話すればいいですか,questions,procedures,手続きしたい,どの税金の話か整理して担当係にたどりつく,森町 税金,https://www.town.morimachi.shizuoka.jp/gyosei/kurashi_tetsuzuki/zeikin/nofu/1373.html,2026-07-03,keep,,P1,大石浩之,作業中,questions,work-life-tax,question,,納税者,納付方法や猶予の相談は納税係（0538-85-6310）、住民税・軽自動車税・国民健康保険税の税額に関する相談は町民税係（0538-85-6308）が窓口です。,,1,https://morimachi.enshu-lifehack.com/questions/work-life-tax/,False,True,False,14084
/questions/work-life-tax-certificates/,静岡県森町の所得証明書｜郵送で証明書を取得するには何が必要ですか | 森町ライフハック,郵送で証明書を取得するには何が必要ですか,questions,procedures,手続きしたい,所得・課税・納税証明書を取得する,森町 所得証明書,https://www.town.morimachi.shizuoka.jp/gyosei/machinososhiki/zeimuka/chominzeigakari/1/6/2456.html,2026-07-04,keep,,P1,大石浩之,作業中,questions,work-life-tax-certificates,question,,本人 / 代理人,「郵便請求による証明書交付申請書」に記入し、返送用の切手付き封筒、手数料分の定額小為替（ゆうちょ銀行で購入可）、申請者の身分証明書のコピーを同封して郵送します。,,2,https://morimachi.enshu-lifehack.com/questions/work-life-tax-certificates/,False,True,False,14842
/records/after-school-option-comparison/,静岡県森町の令和8年度放課後児童クラブを利用区分・送迎条件で比べる | 森町ライフハック,森町の令和8年度放課後児童クラブを利用区分・送迎条件で比べる,records,,,,,https://www.town.morimachi.shizuoka.jp/gyosei/machinososhiki/kenkokodomoka/yochienhoikuenkakari/2/6230.html,,keep,,P3,大石浩之,作業中,records,after-school-option-comparison,detail,,,静岡県周智郡森町の令和8年度放課後児童クラブを利用区分・送迎条件で比べる。対象条件、必要資料、森町の公式窓口、確認する順番を分かりやすく整理します。実行前の注意点と家族へ残す記録も案内します。,,2,https://morimachi.enshu-lifehack.com/records/after-school-option-comparison/,True,True,False,32527
/records/bereavement-holder-checklist/,静岡県森町でお悔やみ手続きの受付先を名義別に仕分ける | 森町ライフハック,森町でお悔やみ手続きの受付先を名義別に仕分ける,records,,,,,https://www.town.morimachi.shizuoka.jp/gyosei/lifeevent/okuyami/1830.html,,keep,,P3,大石浩之,作業中,records,bereavement-holder-checklist,detail,,,静岡県周智郡森町でお悔やみ手続きの受付先を名義別に仕分ける。対象条件、必要資料、森町の公式窓口、確認する順番を分かりやすく整理します。実行前の注意点と家族へ残す記録も案内します。,,2,https://morimachi.enshu-lifehack.com/records/bereavement-holder-checklist/,True,True,False,35891
/records/buried-property-inquiry-file/,静岡県森町で埋蔵文化財の照会記録を土地資料に綴じる | 森町ライフハック,森町で埋蔵文化財の照会記録を土地資料に綴じる,records,,,,,https://www.town.morimachi.shizuoka.jp/gyosei/machinososhiki/shakaikyoikuka/bunkashinkogakari/1/5598.html,,keep,,P3,大石浩之,作業中,records,buried-property-inquiry-file,detail,,,静岡県周智郡森町で埋蔵文化財の照会記録を土地資料に綴じる。対象条件、必要資料、森町の公式窓口、確認する順番を分かりやすく整理します。実行前の注意点と家族へ残す記録も案内します。,,2,https://morimachi.enshu-lifehack.com/records/buried-property-inquiry-file/,True,True,False,29558
/records/bus-timetable-version-care-log/,静岡県森町で町営バスの時刻表改定日を通院記録へ添える | 森町ライフハック,森町で町営バスの時刻表改定日を通院記録へ添える,records,,,,,https://www.town.morimachi.shizuoka.jp/gyosei/machinososhiki/seisakukikakuka/seisakukikakugakari/4/422.html,,keep,,P3,大石浩之,作業中,records,bus-timetable-version-care-log,detail,,,静岡県周智郡森町で町営バスの時刻表改定日を通院記録へ添える。対象条件、必要資料、森町の公式窓口、確認する順番を分かりやすく整理します。実行前の注意点と家族へ残す記録も案内します。,,2,https://morimachi.enshu-lifehack.com/records/bus-timetable-version-care-log/,True,True,False,37706
/records/care-property-document-separation/,静岡県森町で服薬・通院・介護連絡先を空き家資料と分離して管理する | 森町ライフハック,森町で服薬・通院・介護連絡先を空き家資料と分離して管理する,records,,,,,https://www.town.morimachi.shizuoka.jp/gyosei/machinososhiki/hokenfukushika/chiikihokatsushiencenterkakari/2/3999.html,,keep,,P3,大石浩之,作業中,records,care-property-document-separation,detail,,,静岡県周智郡森町で服薬・通院・介護連絡先を空き家資料と分離して管理する。対象条件、必要資料、森町の公式窓口、確認する順番を分かりやすく整理します。実行前の注意点と家族へ残す記録も案内します。,,2,https://morimachi.enshu-lifehack.com/records/care-property-document-separation/,True,True,False,30660
/records/census-resident-register-difference/,静岡県森町で国勢調査と住民基本台帳の人口差を混同しない | 森町ライフハック,森町で国勢調査と住民基本台帳の人口差を混同しない,records,,,,,https://www.town.morimachi.shizuoka.jp/gyosei/machinososhiki/juminseikatsuka/juminkakari/4/569.html,,keep,,P3,大石浩之,作業中,records,census-resident-register-difference,detail,,,静岡県周智郡森町で国勢調査と住民基本台帳の人口差を混同しない。対象条件、必要資料、森町の公式窓口、確認する順番を分かりやすく整理します。実行前の注意点と家族へ残す記録も案内します。,,3,https://morimachi.enshu-lifehack.com/records/census-resident-register-difference/,True,True,False,33994
/records/community-hall-handover-sheet/,静岡県森町で地区集会施設の鍵・連絡先・設備を引継書にする | 森町ライフハック,森町で地区集会施設の鍵・連絡先・設備を引継書にする,records,,,,,https://www.town.morimachi.shizuoka.jp/gyosei/choseijoho/machinogaiyo/machinoshisetsu/1164.html,,keep,,P3,大石浩之,作業中,records,community-hall-handover-sheet,detail,,,静岡県周智郡森町で地区集会施設の鍵・連絡先・設備を引継書にする。対象条件、必要資料、森町の公式窓口、確認する順番を分かりやすく整理します。実行前の注意点と家族へ残す記録も案内します。,,2,https://morimachi.enshu-lifehack.com/records/community-hall-handover-sheet/,True,True,False,37860
/records/community-taxi-area-check/,静岡県森町で地域タクシーの対象地区と利用条件を住所から確認する | 森町ライフハック,森町で地域タクシーの対象地区と利用条件を住所から確認する,records,,,,,https://www.town.morimachi.shizuoka.jp/gyosei/machinososhiki/seisakukikakuka/seisakukikakugakari/4/6425.html,,keep,,P3,大石浩之,作業中,records,community-taxi-area-check,detail,,,静岡県周智郡森町で地域タクシーの対象地区と利用条件を住所から確認する。対象条件、必要資料、森町の公式窓口、確認する順番を分かりやすく整理します。実行前の注意点と家族へ残す記録も案内します。,,4,https://morimachi.enshu-lifehack.com/records/community-taxi-area-check/,True,True,False,30293
/records/coowned-property-tax-contact/,静岡県森町で共有不動産の納税通知送付先を家族台帳へ残す | 森町ライフハック,森町で共有不動産の納税通知送付先を家族台帳へ残す,records,,,,,https://www.town.morimachi.shizuoka.jp/gyosei/machinososhiki/zeimuka/shisanzeigakari/1/koteitosikeizenpan/534.html,,keep,,P3,大石浩之,作業中,records,coowned-property-tax-contact,detail,,,静岡県周智郡森町で共有不動産の納税通知送付先を家族台帳へ残す。対象条件、必要資料、森町の公式窓口、確認する順番を分かりやすく整理します。実行前の注意点と家族へ残す記録も案内します。,,3,https://morimachi.enshu-lifehack.com/records/coowned-property-tax-contact/,True,True,False,36116
/records/cultural-photo-provenance/,静岡県森町の祭礼・建物古写真の撮影時期・場所・来歴を一枚ずつ残す | 森町ライフハック,森町の祭礼・建物古写真の撮影時期・場所・来歴を一枚ずつ残す,records,,,,,https://www.town.morimachi.shizuoka.jp/gyosei/machinososhiki/shakaikyoikuka/bunkashinkogakari/2/781.html,,keep,,P3,大石浩之,作業中,records,cultural-photo-provenance,detail,,,静岡県周智郡森町の祭礼・建物古写真の撮影時期・場所・来歴を一枚ずつ残す。対象条件、必要資料、森町の公式窓口、確認する順番を分かりやすく整理します。実行前の注意点と家族へ残す記録も案内します。,,2,https://morimachi.enshu-lifehack.com/records/cultural-photo-provenance/,True,True,False,36879
/records/cultural-property-designation-timeline/,静岡県森町で文化財の指定日と名称変更を時系列で照合する | 森町ライフハック,森町で文化財の指定日と名称変更を時系列で照合する,records,,,,,https://www.town.morimachi.shizuoka.jp/gyosei/machinososhiki/shakaikyoikuka/bunkashinkogakari/1/1096.html,,keep,,P3,大石浩之,作業中,records,cultural-property-designation-timeline,detail,,,静岡県周智郡森町で文化財の指定日と名称変更を時系列で照合する。対象条件、必要資料、森町の公式窓口、確認する順番を分かりやすく整理します。実行前の注意点と家族へ残す記録も案内します。,,2,https://morimachi.enshu-lifehack.com/records/cultural-property-designation-timeline/,True,True,False,37616
/records/cultural-property-owner-manager/,静岡県森町で文化財台帳の所有者欄と管理者欄を読み分ける | 森町ライフハック,森町で文化財台帳の所有者欄と管理者欄を読み分ける,records,,,,,https://www.town.morimachi.shizuoka.jp/gyosei/machinososhiki/shakaikyoikuka/bunkashinkogakari/1/1096.html,,keep,,P3,大石浩之,作業中,records,cultural-property-owner-manager,detail,,,静岡県周智郡森町で文化財台帳の所有者欄と管理者欄を読み分ける。対象条件、必要資料、森町の公式窓口、確認する順番を分かりやすく整理します。実行前の注意点と家族へ残す記録も案内します。,,2,https://morimachi.enshu-lifehack.com/records/cultural-property-owner-manager/,True,True,False,37623
/records/cultural-property-type-fields/,静岡県森町で文化財の種別欄から建造物・民俗・天然記念物を分ける | 森町ライフハック,森町で文化財の種別欄から建造物・民俗・天然記念物を分ける,records,,,,,https://www.town.morimachi.shizuoka.jp/gyosei/machinososhiki/shakaikyoikuka/bunkashinkogakari/1/1096.html,,keep,,P3,大石浩之,作業中,records,cultural-property-type-fields,detail,,,静岡県周智郡森町で文化財の種別欄から建造物・民俗・天然記念物を分ける。対象条件、必要資料、森町の公式窓口、確認する順番を分かりやすく整理します。実行前の注意点と家族へ残す記録も案内します。,,2,https://morimachi.enshu-lifehack.com/records/cultural-property-type-fields/,True,True,False,37901
/records/demolished-house-tax-evidence/,静岡県森町で家屋を取り壊した年の写真と届出記録を揃える | 森町ライフハック,森町で家屋を取り壊した年の写真と届出記録を揃える,records,,,,,https://www.town.morimachi.shizuoka.jp/gyosei/machinososhiki/zeimuka/shisanzeigakari/1/faq/1053.html,,keep,,P3,大石浩之,作業中,records,demolished-house-tax-evidence,detail,,,静岡県周智郡森町で家屋を取り壊した年の写真と届出記録を揃える。対象条件、必要資料、森町の公式窓口、確認する順番を分かりやすく整理します。実行前の注意点と家族へ残す記録も案内します。,,3,https://morimachi.enshu-lifehack.com/records/demolished-house-tax-evidence/,True,True,False,30179
/records/development-building-consultation-map/,静岡県森町で開発許可と建築確認の相談先を分ける資料表 | 森町ライフハック,森町で開発許可と建築確認の相談先を分ける資料表,records,,,,,https://www.town.morimachi.shizuoka.jp/gyosei/machinososhiki/kensetsuka/toshikeikakukakari/2/748.html,,keep,,P3,大石浩之,作業中,records,development-building-consultation-map,detail,,,静岡県周智郡森町で開発許可と建築確認の相談先を分ける資料表。対象条件、必要資料、森町の公式窓口、確認する順番を分かりやすく整理します。実行前の注意点と家族へ残す記録も案内します。,,2,https://morimachi.enshu-lifehack.com/records/development-building-consultation-map/,True,True,False,31407
/records/district-population-area-crosswalk/,静岡県森町で地区別人口表の地区名と行政区を照合する | 森町ライフハック,森町で地区別人口表の地区名と行政区を照合する,records,,,,,https://www.town.morimachi.shizuoka.jp/gyosei/machinososhiki/juminseikatsuka/juminkakari/4/569.html,,keep,,P3,大石浩之,作業中,records,district-population-area-crosswalk,detail,,,静岡県周智郡森町で地区別人口表の地区名と行政区を照合する。対象条件、必要資料、森町の公式窓口、確認する順番を分かりやすく整理します。実行前の注意点と家族へ残す記録も案内します。,,2,https://morimachi.enshu-lifehack.com/records/district-population-area-crosswalk/,True,True,False,35653
/records/ditch-waterway-road-photo-log/,静岡県森町で側溝・水路・道路の境界を現地写真で混同しない | 森町ライフハック,森町で側溝・水路・道路の境界を現地写真で混同しない,records,,,,,https://www.town.morimachi.shizuoka.jp/gyosei/machinososhiki/kensetsuka/yochikakari/1/5251.html,,keep,,P3,大石浩之,作業中,records,ditch-waterway-road-photo-log,detail,,,静岡県周智郡森町で側溝・水路・道路の境界を現地写真で混同しない。対象条件、必要資料、森町の公式窓口、確認する順番を分かりやすく整理します。実行前の注意点と家族へ残す記録も案内します。,,2,https://morimachi.enshu-lifehack.com/records/ditch-waterway-road-photo-log/,True,True,False,37576
/records/domicile-address-property-three-columns/,静岡県森町で戸籍の本籍と現住所と不動産所在地を三列で整理する | 森町ライフハック,森町で戸籍の本籍と現住所と不動産所在地を三列で整理する,records,,,,,https://www.town.morimachi.shizuoka.jp/gyosei/kurashi_tetsuzuki/koseki_juminhyo_inkanshomei/2940.html,,keep,,P3,大石浩之,作業中,records,domicile-address-property-three-columns,detail,,,静岡県周智郡森町で戸籍の本籍と現住所と不動産所在地を三列で整理する。対象条件、必要資料、森町の公式窓口、確認する順番を分かりやすく整理します。実行前の注意点と家族へ残す記録も案内します。,,2,https://morimachi.enshu-lifehack.com/records/domicile-address-property-three-columns/,True,True,False,37783
/records/driving-retirement-trip-inventory/,静岡県森町で運転をやめる前に移動目的を曜日別に棚卸しする | 森町ライフハック,森町で運転をやめる前に移動目的を曜日別に棚卸しする,records,,,,,https://www.town.morimachi.shizuoka.jp/gyosei/machinososhiki/seisakukikakuka/seisakukikakugakari/4/422.html,,keep,,P3,大石浩之,作業中,records,driving-retirement-trip-inventory,detail,,,静岡県周智郡森町で運転をやめる前に移動目的を曜日別に棚卸しする。対象条件、必要資料、森町の公式窓口、確認する順番を分かりやすく整理します。実行前の注意点と家族へ残す記録も案内します。,,2,https://morimachi.enshu-lifehack.com/records/driving-retirement-trip-inventory/,True,True,False,37808
/records/emergency-source-contact-sheet/,静岡県森町で停電・断水・通行情報の公式発信元を連絡表にする | 森町ライフハック,森町で停電・断水・通行情報の公式発信元を連絡表にする,records,,,,,https://www.town.morimachi.shizuoka.jp/gyosei/machinososhiki/kikikanrika/kikikanrikakari/4/854.html,,keep,,P3,大石浩之,作業中,records,emergency-source-contact-sheet,detail,,,静岡県周智郡森町で停電・断水・通行情報の公式発信元を連絡表にする。対象条件、必要資料、森町の公式窓口、確認する順番を分かりやすく整理します。実行前の注意点と家族へ残す記録も案内します。,,2,https://morimachi.enshu-lifehack.com/records/emergency-source-contact-sheet/,True,True,False,37885
/records/estate-clearance-uncollectable-items/,静岡県森町で家財整理で町収集不可品を先に仕分ける | 森町ライフハック,森町で家財整理で町収集不可品を先に仕分ける,records,,,,,https://www.town.morimachi.shizuoka.jp/gyosei/machinososhiki/juminseikatsuka/seikatsukankyokakari/1/1/688.html,,keep,,P3,大石浩之,作業中,records,estate-clearance-uncollectable-items,detail,,,静岡県周智郡森町で家財整理で町収集不可品を先に仕分ける。対象条件、必要資料、森町の公式窓口、確認する順番を分かりやすく整理します。実行前の注意点と家族へ残す記録も案内します。,,3,https://morimachi.enshu-lifehack.com/records/estate-clearance-uncollectable-items/,True,True,False,31597
/records/exhibit-source-separation/,静岡県森町で歴史民俗資料館の展示情報と原資料を区別して記録する | 森町ライフハック,森町で歴史民俗資料館の展示情報と原資料を区別して記録する,records,,,,,https://www.town.morimachi.shizuoka.jp/gyosei/machinososhiki/toshokan/index.html,,keep,,P3,大石浩之,作業中,records,exhibit-source-separation,detail,,,静岡県周智郡森町で歴史民俗資料館の展示情報と原資料を区別して記録する。対象条件、必要資料、森町の公式窓口、確認する順番を分かりやすく整理します。実行前の注意点と家族へ残す記録も案内します。,,2,https://morimachi.enshu-lifehack.com/records/exhibit-source-separation/,True,True,False,37836
/records/facility-fee-effective-date/,静岡県森町で施設利用料の改定日と適用日を予約台帳へ残す | 森町ライフハック,森町で施設利用料の改定日と適用日を予約台帳へ残す,records,,,,,https://www.town.morimachi.shizuoka.jp/gyosei/machinososhiki/bunkakaikan/bunka/3943.html,,keep,,P3,大石浩之,作業中,records,facility-fee-effective-date,detail,,,静岡県周智郡森町で施設利用料の改定日と適用日を予約台帳へ残す。対象条件、必要資料、森町の公式窓口、確認する順番を分かりやすく整理します。実行前の注意点と家族へ残す記録も案内します。,,2,https://morimachi.enshu-lifehack.com/records/facility-fee-effective-date/,True,True,False,32235
/records/family-document-inventory/,静岡県森町で家の古文書を年代・差出人・土地名で仮目録化する | 森町ライフハック,森町で家の古文書を年代・差出人・土地名で仮目録化する,records,,,,,https://www.town.morimachi.shizuoka.jp/material/files/group/15/keikakuann.pdf,,keep,,P3,大石浩之,作業中,records,family-document-inventory,detail,,,静岡県周智郡森町で家の古文書を年代・差出人・土地名で仮目録化する。対象条件、必要資料、森町の公式窓口、確認する順番を分かりやすく整理します。実行前の注意点と家族へ残す記録も案内します。,,2,https://morimachi.enshu-lifehack.com/records/family-document-inventory/,True,True,False,30685
/records/family-pickup-connection-map/,静岡県森町で駅・バス停・自宅間の家族送迎条件を図にする | 森町ライフハック,森町で駅・バス停・自宅間の家族送迎条件を図にする,records,,,,,https://www.town.morimachi.shizuoka.jp/gyosei/machinososhiki/seisakukikakuka/seisakukikakugakari/4/422.html,,keep,,P3,大石浩之,作業中,records,family-pickup-connection-map,detail,,,静岡県周智郡森町で駅・バス停・自宅間の家族送迎条件を図にする。対象条件、必要資料、森町の公式窓口、確認する順番を分かりやすく整理します。実行前の注意点と家族へ残す記録も案内します。,,2,https://morimachi.enshu-lifehack.com/records/family-pickup-connection-map/,True,True,False,29972
/records/farmland-consultation-evidence/,静岡県森町で農地相談の回答を口頭メモから確認記録へ整える | 森町ライフハック,森町で農地相談の回答を口頭メモから確認記録へ整える,records,,,,,https://www.town.morimachi.shizuoka.jp/gyosei/sangyo_shigoto/noringyo/6756.html,,keep,,P3,大石浩之,作業中,records,farmland-consultation-evidence,detail,,,静岡県周智郡森町で農地相談の回答を口頭メモから確認記録へ整える。対象条件、必要資料、森町の公式窓口、確認する順番を分かりやすく整理します。実行前の注意点と家族へ残す記録も案内します。,,2,https://morimachi.enshu-lifehack.com/records/farmland-consultation-evidence/,True,True,False,37727
/records/farmland-inheritance-parcel-crosscheck/,静岡県森町で農地相続届の地番一覧を登記事項と照合する | 森町ライフハック,森町で農地相続届の地番一覧を登記事項と照合する,records,,,,,https://www.town.morimachi.shizuoka.jp/gyosei/sangyo_shigoto/noringyo/6756.html,,keep,,P3,大石浩之,作業中,records,farmland-inheritance-parcel-crosscheck,detail,,,静岡県周智郡森町で農地相続届の地番一覧を登記事項と照合する。対象条件、必要資料、森町の公式窓口、確認する順番を分かりやすく整理します。実行前の注意点と家族へ残す記録も案内します。,,2,https://morimachi.enshu-lifehack.com/records/farmland-inheritance-parcel-crosscheck/,True,True,False,34872
/records/farmland-owner-user-taxpayer/,静岡県森町で耕作者・所有者・納税者を三者別に確認する | 森町ライフハック,森町で耕作者・所有者・納税者を三者別に確認する,records,,,,,https://www.town.morimachi.shizuoka.jp/gyosei/sangyo_shigoto/noringyo/5759.html,,keep,,P3,大石浩之,作業中,records,farmland-owner-user-taxpayer,detail,,,静岡県周智郡森町で耕作者・所有者・納税者を三者別に確認する。対象条件、必要資料、森町の公式窓口、確認する順番を分かりやすく整理します。実行前の注意点と家族へ残す記録も案内します。,,2,https://morimachi.enshu-lifehack.com/records/farmland-owner-user-taxpayer/,True,True,False,31218
/records/farmland-parcel-photo-ledger/,静岡県森町で農地の現況写真を地番順に撮影して台帳化する | 森町ライフハック,森町で農地の現況写真を地番順に撮影して台帳化する,records,,,,,https://www.town.morimachi.shizuoka.jp/gyosei/sangyo_shigoto/noringyo/6756.html,,keep,,P3,大石浩之,作業中,records,farmland-parcel-photo-ledger,detail,,,静岡県周智郡森町で農地の現況写真を地番順に撮影して台帳化する。対象条件、必要資料、森町の公式窓口、確認する順番を分かりやすく整理します。実行前の注意点と家族へ残す記録も案内します。,,2,https://morimachi.enshu-lifehack.com/records/farmland-parcel-photo-ledger/,True,True,False,37568
/records/farmland-transfer-party-sheet/,静岡県森町で農地売買・貸借の当事者情報を申請前に揃える | 森町ライフハック,森町で農地売買・貸借の当事者情報を申請前に揃える,records,,,,,https://www.town.morimachi.shizuoka.jp/gyosei/machinososhiki/norinseisakuka/nochikanrikakari/3461.html,,keep,,P3,大石浩之,作業中,records,farmland-transfer-party-sheet,detail,,,静岡県周智郡森町で農地売買・貸借の当事者情報を申請前に揃える。対象条件、必要資料、森町の公式窓口、確認する順番を分かりやすく整理します。実行前の注意点と家族へ残す記録も案内します。,,2,https://morimachi.enshu-lifehack.com/records/farmland-transfer-party-sheet/,True,True,False,33362
/records/forest-access-boundary-photo-map/,静岡県森町で山林の入口・作業道・境界目印を写真地図にする | 森町ライフハック,森町で山林の入口・作業道・境界目印を写真地図にする,records,,,,,https://www.town.morimachi.shizuoka.jp/gyosei/sangyo_shigoto/noringyo/1307.html,,keep,,P3,大石浩之,作業中,records,forest-access-boundary-photo-map,detail,,,静岡県周智郡森町で山林の入口・作業道・境界目印を写真地図にする。対象条件、必要資料、森町の公式窓口、確認する順番を分かりやすく整理します。実行前の注意点と家族へ残す記録も案内します。,,2,https://morimachi.enshu-lifehack.com/records/forest-access-boundary-photo-map/,True,True,False,30078
/records/forest-management-brief/,静岡県森町で森林の手入れ相談に持参する地番・面積・現況を揃える | 森町ライフハック,森町で森林の手入れ相談に持参する地番・面積・現況を揃える,records,,,,,https://www.town.morimachi.shizuoka.jp/gyosei/sangyo_shigoto/noringyo/1307.html,,keep,,P3,大石浩之,作業中,records,forest-management-brief,detail,,,静岡県周智郡森町で森林の手入れ相談に持参する地番・面積・現況を揃える。対象条件、必要資料、森町の公式窓口、確認する順番を分かりやすく整理します。実行前の注意点と家族へ残す記録も案内します。,,2,https://morimachi.enshu-lifehack.com/records/forest-management-brief/,True,True,False,37929
/records/forest-notice-estate-crosscheck/,静岡県森町で森林取得届の対象地番を相続財産目録と照合する | 森町ライフハック,森町で森林取得届の対象地番を相続財産目録と照合する,records,,,,,https://www.town.morimachi.shizuoka.jp/gyosei/sangyo_shigoto/noringyo/1307.html,,keep,,P3,大石浩之,作業中,records,forest-notice-estate-crosscheck,detail,,,静岡県周智郡森町で森林取得届の対象地番を相続財産目録と照合する。対象条件、必要資料、森町の公式窓口、確認する順番を分かりやすく整理します。実行前の注意点と家族へ残す記録も案内します。,,2,https://morimachi.enshu-lifehack.com/records/forest-notice-estate-crosscheck/,True,True,False,37813
/records/forest-tax-notice-document-separation/,静岡県森町で山林の固定資産資料と森林届出資料を別冊にする | 森町ライフハック,森町で山林の固定資産資料と森林届出資料を別冊にする,records,,,,,https://www.town.morimachi.shizuoka.jp/gyosei/sangyo_shigoto/noringyo/1307.html,,keep,,P3,大石浩之,作業中,records,forest-tax-notice-document-separation,detail,,,静岡県周智郡森町で山林の固定資産資料と森林届出資料を別冊にする。対象条件、必要資料、森町の公式窓口、確認する順番を分かりやすく整理します。実行前の注意点と家族へ残す記録も案内します。,,2,https://morimachi.enshu-lifehack.com/records/forest-tax-notice-document-separation/,True,True,False,31220
/records/hazard-map-version-control/,静岡県森町でハザードマップのページ更新日・取得日・PDF版表示を分けて記録する | 森町ライフハック,森町でハザードマップのページ更新日・取得日・PDF版表示を分けて記録する,records,,,,,https://www.town.morimachi.shizuoka.jp/gyosei/machinososhiki/kikikanrika/kikikanrikakari/4/854.html,,keep,,P3,大石浩之,作業中,records,hazard-map-version-control,detail,,,静岡県周智郡森町でハザードマップのページ更新日・取得日・PDF版表示を分けて記録する。対象条件、必要資料、森町の公式窓口、確認する順番を分かりやすく整理します。実行前の注意点と家族へ残す記録も案内します。,,2,https://morimachi.enshu-lifehack.com/records/hazard-map-version-control/,True,True,False,32259
/records/heir-information-document-map/,静岡県森町で法定相続情報一覧図と町への提出書類を分けて管理する | 森町ライフハック,森町で法定相続情報一覧図と町への提出書類を分けて管理する,records,,,,,https://www.town.morimachi.shizuoka.jp/gyosei/machinososhiki/juminseikatsuka/juminkakari/2/2_1/2913.html,,keep,,P3,大石浩之,作業中,records,heir-information-document-map,detail,,,静岡県周智郡森町で法定相続情報一覧図と町への提出書類を分けて管理する。対象条件、必要資料、森町の公式窓口、確認する順番を分かりやすく整理します。実行前の注意点と家族へ残す記録も案内します。,,5,https://morimachi.enshu-lifehack.com/records/heir-information-document-map/,True,True,False,32956
/records/heir-representative-vs-registration/,静岡県森町で相続人代表者指定届と登記名義変更を混同しない | 森町ライフハック,森町で相続人代表者指定届と登記名義変更を混同しない,records,,,,,https://www.town.morimachi.shizuoka.jp/gyosei/machinososhiki/zeimuka/shisanzeigakari/1/yousiki/544.html,,keep,,P3,大石浩之,作業中,records,heir-representative-vs-registration,detail,,,静岡県周智郡森町で相続人代表者指定届と登記名義変更を混同しない。対象条件、必要資料、森町の公式窓口、確認する順番を分かりやすく整理します。実行前の注意点と家族へ残す記録も案内します。,,2,https://morimachi.enshu-lifehack.com/records/heir-representative-vs-registration/,True,True,False,32974
/records/home-care-eligibility-sheet/,静岡県森町で在宅福祉サービスの対象条件を本人情報と照合する | 森町ライフハック,森町で在宅福祉サービスの対象条件を本人情報と照合する,records,,,,,https://www.town.morimachi.shizuoka.jp/gyosei/machinososhiki/hokenfukushika/chiikihokatsushiencenterkakari/2/3999.html,,keep,,P3,大石浩之,作業中,records,home-care-eligibility-sheet,detail,,,静岡県周智郡森町で在宅福祉サービスの対象条件を本人情報と照合する。対象条件、必要資料、森町の公式窓口、確認する順番を分かりやすく整理します。実行前の注意点と家族へ残す記録も案内します。,,2,https://morimachi.enshu-lifehack.com/records/home-care-eligibility-sheet/,True,True,False,35708
/records/house-clearance-disposal-ledger/,静岡県森町でごみ搬出を部屋別・材質別・処分先別に記録する | 森町ライフハック,森町でごみ搬出を部屋別・材質別・処分先別に記録する,records,,,,,https://www.town.morimachi.shizuoka.jp/gyosei/machinososhiki/juminseikatsuka/seikatsukankyokakari/1/1/692.html,,keep,,P3,大石浩之,作業中,records,house-clearance-disposal-ledger,detail,,,静岡県周智郡森町でごみ搬出を部屋別・材質別・処分先別に記録する。対象条件、必要資料、森町の公式窓口、確認する順番を分かりやすく整理します。実行前の注意点と家族へ残す記録も案内します。,,2,https://morimachi.enshu-lifehack.com/records/house-clearance-disposal-ledger/,True,True,False,37579
/records/household-head-change-ledger/,静岡県森町で世帯主変更を家族の連絡先台帳へ反映する | 森町ライフハック,森町で世帯主変更を家族の連絡先台帳へ反映する,records,,,,,https://www.town.morimachi.shizuoka.jp/gyosei/kurashi_tetsuzuki/koseki_juminhyo_inkanshomei/2940.html,,keep,,P3,大石浩之,作業中,records,household-head-change-ledger,detail,,,静岡県周智郡森町で世帯主変更を家族の連絡先台帳へ反映する。対象条件、必要資料、森町の公式窓口、確認する順番を分かりやすく整理します。実行前の注意点と家族へ残す記録も案内します。,,2,https://morimachi.enshu-lifehack.com/records/household-head-change-ledger/,True,True,False,37326
/records/household-housing-count-difference/,静岡県森町で世帯数と住宅数を同じ数字として扱わない読み方 | 森町ライフハック,森町で世帯数と住宅数を同じ数字として扱わない読み方,records,,,,,https://www.town.morimachi.shizuoka.jp/gyosei/machinososhiki/somuka/gyoseigakari/11/4891.html,,keep,,P3,大石浩之,作業中,records,household-housing-count-difference,detail,,,静岡県周智郡森町で世帯数と住宅数を同じ数字として扱わない読み方。対象条件、必要資料、森町の公式窓口、確認する順番を分かりやすく整理します。実行前の注意点と家族へ残す記録も案内します。,,3,https://morimachi.enshu-lifehack.com/records/household-housing-count-difference/,True,True,False,29964
/records/,静岡県森町の確認記録を作る｜状況から読む記事を選ぶ | 森町ライフハック,森町の確認記録を作る｜どの記事から読むか,records,,,,,,,keep,,P3,大石浩之,作業中,records,index,hub,,,行政、土地、家族、文化の情報を、次の担当へ渡せる記録様式から探せます。,,0,https://morimachi.enshu-lifehack.com/records/,False,True,False,35268
/records/inherited-tax-notice-inventory/,静岡県森町で遺品から見つかった納税通知書を年度別に整理する | 森町ライフハック,森町で遺品から見つかった納税通知書を年度別に整理する,records,,,,,https://www.town.morimachi.shizuoka.jp/gyosei/lifeevent/okuyami/1830.html,,keep,,P3,大石浩之,作業中,records,inherited-tax-notice-inventory,detail,,,静岡県周智郡森町で遺品から見つかった納税通知書を年度別に整理する。対象条件、必要資料、森町の公式窓口、確認する順番を分かりやすく整理します。実行前の注意点と家族へ残す記録も案内します。,,2,https://morimachi.enshu-lifehack.com/records/inherited-tax-notice-inventory/,True,True,False,37890
/records/land-transaction-notice-timeline/,静岡県森町で国土利用計画の土地取引届出を契約日から逆算する | 森町ライフハック,森町で国土利用計画の土地取引届出を契約日から逆算する,records,,,,,https://www.town.morimachi.shizuoka.jp/gyosei/machinososhiki/seisakukikakuka/seisakukikakugakari/8/kokudoriyo/437.html,,keep,,P3,大石浩之,作業中,records,land-transaction-notice-timeline,detail,,,静岡県周智郡森町で国土利用計画の土地取引届出を契約日から逆算する。対象条件、必要資料、森町の公式窓口、確認する順番を分かりやすく整理します。実行前の注意点と家族へ残す記録も案内します。,,2,https://morimachi.enshu-lifehack.com/records/land-transaction-notice-timeline/,True,True,False,30101
/records/land-use-project-precheck/,静岡県森町で土地利用事業の対象面積と事前相談記録を整理する | 森町ライフハック,森町で土地利用事業の対象面積と事前相談記録を整理する,records,,,,,https://www.town.morimachi.shizuoka.jp/gyosei/machinososhiki/kensetsuka/toshikeikakukakari/2/748.html,,keep,,P3,大石浩之,作業中,records,land-use-project-precheck,detail,,,静岡県周智郡森町で土地利用事業の対象面積と事前相談記録を整理する。対象条件、必要資料、森町の公式窓口、確認する順番を分かりやすく整理します。実行前の注意点と家族へ残す記録も案内します。,,2,https://morimachi.enshu-lifehack.com/records/land-use-project-precheck/,True,True,False,31331
/records/landscape-notice-photo-ledger/,静岡県森町で景観届出の行為種別と規模欄を写真台帳へ結ぶ | 森町ライフハック,森町で景観届出の行為種別と規模欄を写真台帳へ結ぶ,records,,,,,https://www.town.morimachi.shizuoka.jp/gyosei/choseijoho/machinokeikaku_torikumi/4899.html,,keep,,P3,大石浩之,作業中,records,landscape-notice-photo-ledger,detail,,,静岡県周智郡森町で景観届出の行為種別と規模欄を写真台帳へ結ぶ。対象条件、必要資料、森町の公式窓口、確認する順番を分かりやすく整理します。実行前の注意点と家族へ残す記録も案内します。,,4,https://morimachi.enshu-lifehack.com/records/landscape-notice-photo-ledger/,True,True,False,30341
/records/leak-repair-evidence-file/,静岡県森町で漏水修理の写真・領収書・検針値を一組で残す | 森町ライフハック,森町で漏水修理の写真・領収書・検針値を一組で残す,records,,,,,https://www.town.morimachi.shizuoka.jp/gyosei/machinososhiki/jogesuidoka/josuidokanrigakari/1/1/669.html,,keep,,P3,大石浩之,作業中,records,leak-repair-evidence-file,detail,,,静岡県周智郡森町で漏水修理の写真・領収書・検針値を一組で残す。対象条件、必要資料、森町の公式窓口、確認する順番を分かりやすく整理します。実行前の注意点と家族へ残す記録も案内します。,,2,https://morimachi.enshu-lifehack.com/records/leak-repair-evidence-file/,True,True,False,32186
/records/local-material-call-number/,静岡県森町で郷土資料の請求記号と閲覧メモを再利用できる形で残す | 森町ライフハック,森町で郷土資料の請求記号と閲覧メモを再利用できる形で残す,records,,,,,https://www.town.morimachi.shizuoka.jp/gyosei/machinososhiki/toshokan/916.html,,keep,,P3,大石浩之,作業中,records,local-material-call-number,detail,,,静岡県周智郡森町で郷土資料の請求記号と閲覧メモを再利用できる形で残す。対象条件、必要資料、森町の公式窓口、確認する順番を分かりやすく整理します。実行前の注意点と家族へ残す記録も案内します。,,3,https://morimachi.enshu-lifehack.com/records/local-material-call-number/,True,True,False,32723
/records/monthly-population-movement/,静岡県森町の月別人口から転入転出の動きを読む | 森町ライフハック,森町の月別人口から転入転出の動きを読む,records,,,,,https://www.town.morimachi.shizuoka.jp/gyosei/machinososhiki/juminseikatsuka/juminkakari/4/569.html,,keep,,P3,大石浩之,作業中,records,monthly-population-movement,detail,,,静岡県周智郡森町の月別人口から転入転出の動きを読む。対象条件、必要資料、森町の公式窓口、確認する順番を分かりやすく整理します。実行前の注意点と家族へ残す記録も案内します。,,2,https://morimachi.enshu-lifehack.com/records/monthly-population-movement/,True,True,False,30122
/records/moving-certificate-timeline/,静岡県森町で転出前後の証明書取得時期を一覧化する | 森町ライフハック,森町で転出前後の証明書取得時期を一覧化する,records,,,,,https://www.town.morimachi.shizuoka.jp/gyosei/kurashi_tetsuzuki/koseki_juminhyo_inkanshomei/2940.html,,keep,,P3,大石浩之,作業中,records,moving-certificate-timeline,detail,,,静岡県周智郡森町で転出前後の証明書取得時期を一覧化する。対象条件、必要資料、森町の公式窓口、確認する順番を分かりやすく整理します。実行前の注意点と家族へ残す記録も案内します。,,2,https://morimachi.enshu-lifehack.com/records/moving-certificate-timeline/,True,True,False,37291
/records/multi-hazard-map-comparison/,静岡県森町で洪水・土砂・地震の地図を同じ縮尺で比較する | 森町ライフハック,森町で洪水・土砂・地震の地図を同じ縮尺で比較する,records,,,,,https://www.town.morimachi.shizuoka.jp/gyosei/machinososhiki/kikikanrika/kikikanrikakari/4/854.html,,keep,,P3,大石浩之,作業中,records,multi-hazard-map-comparison,detail,,,静岡県周智郡森町で洪水・土砂・地震の地図を同じ縮尺で比較する。対象条件、必要資料、森町の公式窓口、確認する順番を分かりやすく整理します。実行前の注意点と家族へ残す記録も案内します。,,2,https://morimachi.enshu-lifehack.com/records/multi-hazard-map-comparison/,True,True,False,37816
/records/nonstatutory-public-property-file/,静岡県森町で法定外公共物の用途廃止資料を読む前の確認順序 | 森町ライフハック,森町で法定外公共物の用途廃止資料を読む前の確認順序,records,,,,,https://www.town.morimachi.shizuoka.jp/gyosei/machinososhiki/kensetsuka/yochikakari/1/5255.html,,keep,,P3,大石浩之,作業中,records,nonstatutory-public-property-file,detail,,,静岡県周智郡森町で法定外公共物の用途廃止資料を読む前の確認順序。対象条件、必要資料、森町の公式窓口、確認する順番を分かりやすく整理します。実行前の注意点と家族へ残す記録も案内します。,,2,https://morimachi.enshu-lifehack.com/records/nonstatutory-public-property-file/,True,True,False,31702
/records/old-place-name-crosswalk/,静岡県森町で古い字名を現在地図へ重ねる前の対照表づくり | 森町ライフハック,森町で古い字名を現在地図へ重ねる前の対照表づくり,records,,,,,https://www.town.morimachi.shizuoka.jp/gyosei/machinososhiki/shakaikyoikuka/bunkashinkogakari/2/796.html,,keep,,P3,大石浩之,作業中,records,old-place-name-crosswalk,detail,,,静岡県周智郡森町で古い字名を現在地図へ重ねる前の対照表づくり。対象条件、必要資料、森町の公式窓口、確認する順番を分かりやすく整理します。実行前の注意点と家族へ残す記録も案内します。,,4,https://morimachi.enshu-lifehack.com/records/old-place-name-crosswalk/,True,True,False,32694
/records/post-death-contact-sheet/,静岡県森町で死亡後の水道・税・保険連絡を一枚で引き継ぐ | 森町ライフハック,森町で死亡後の水道・税・保険連絡を一枚で引き継ぐ,records,,,,,https://www.town.morimachi.shizuoka.jp/gyosei/lifeevent/okuyami/1830.html,,keep,,P3,大石浩之,作業中,records,post-death-contact-sheet,detail,,,静岡県周智郡森町で死亡後の水道・税・保険連絡を一枚で引き継ぐ。対象条件、必要資料、森町の公式窓口、確認する順番を分かりやすく整理します。実行前の注意点と家族へ残す記録も案内します。,,2,https://morimachi.enshu-lifehack.com/records/post-death-contact-sheet/,True,True,False,37581
/records/pre-care-daily-change-log/,静岡県森町で要介護申請前の生活変化を日付入りで記録する | 森町ライフハック,森町で要介護申請前の生活変化を日付入りで記録する,records,,,,,https://www.town.morimachi.shizuoka.jp/gyosei/machinososhiki/hokenfukushika/kaigohokengakari/4/1/403.html,,keep,,P3,大石浩之,作業中,records,pre-care-daily-change-log,detail,,,静岡県周智郡森町で要介護申請前の生活変化を日付入りで記録する。対象条件、必要資料、森町の公式窓口、確認する順番を分かりやすく整理します。実行前の注意点と家族へ残す記録も案内します。,,3,https://morimachi.enshu-lifehack.com/records/pre-care-daily-change-log/,True,True,False,33246
/records/property-tax-land-building-ledger/,静岡県森町の固定資産税課税明細書を一筆一棟で整理する | 森町ライフハック,森町の固定資産税課税明細書を一筆一棟で整理する,records,,,,,https://www.town.morimachi.shizuoka.jp/gyosei/machinososhiki/zeimuka/shisanzeigakari/1/koteitosikeizenpan/534.html,,keep,,P3,大石浩之,作業中,records,property-tax-land-building-ledger,detail,,,静岡県周智郡森町の固定資産税課税明細書を一筆一棟で整理する。対象条件、必要資料、森町の公式窓口、確認する順番を分かりやすく整理します。実行前の注意点と家族へ残す記録も案内します。,,3,https://morimachi.enshu-lifehack.com/records/property-tax-land-building-ledger/,True,True,False,33548
/records/proxy-certificate-log/,静岡県森町で代理取得した証明書の委任範囲と返却を記録する | 森町ライフハック,森町で代理取得した証明書の委任範囲と返却を記録する,records,,,,,https://www.town.morimachi.shizuoka.jp/gyosei/machinososhiki/juminseikatsuka/juminkakari/2455.html,,keep,,P3,大石浩之,作業中,records,proxy-certificate-log,detail,,,静岡県周智郡森町で代理取得した証明書の委任範囲と返却を記録する。対象条件、必要資料、森町の公式窓口、確認する順番を分かりやすく整理します。実行前の注意点と家族へ残す記録も案内します。,,3,https://morimachi.enshu-lifehack.com/records/proxy-certificate-log/,True,True,False,30035
/records/public-boundary-application-file/,静岡県森町で公共用地境界確定の申請図面を家の資料へ残す | 森町ライフハック,森町で公共用地境界確定の申請図面を家の資料へ残す,records,,,,,https://www.town.morimachi.shizuoka.jp/gyosei/machinososhiki/kensetsuka/yochikakari/1/5251.html,,keep,,P3,大石浩之,作業中,records,public-boundary-application-file,detail,,,静岡県周智郡森町で公共用地境界確定の申請図面を家の資料へ残す。対象条件、必要資料、森町の公式窓口、確認する順番を分かりやすく整理します。実行前の注意点と家族へ残す記録も案内します。,,2,https://morimachi.enshu-lifehack.com/records/public-boundary-application-file/,True,True,False,30538
/records/public-facility-office-venue-map/,静岡県森町で町有施設一覧から窓口と実際の利用施設を分ける | 森町ライフハック,森町で町有施設一覧から窓口と実際の利用施設を分ける,records,,,,,https://www.town.morimachi.shizuoka.jp/gyosei/choseijoho/machinogaiyo/machinoshisetsu/1164.html,,keep,,P3,大石浩之,作業中,records,public-facility-office-venue-map,detail,,,静岡県周智郡森町で町有施設一覧から窓口と実際の利用施設を分ける。対象条件、必要資料、森町の公式窓口、確認する順番を分かりやすく整理します。実行前の注意点と家族へ残す記録も案内します。,,2,https://morimachi.enshu-lifehack.com/records/public-facility-office-venue-map/,True,True,False,37833
/records/public-facility-repair-index/,静岡県森町で公共施設の修繕履歴を町資料から追うための索引を作る | 森町ライフハック,森町で公共施設の修繕履歴を町資料から追うための索引を作る,records,,,,,https://www.town.morimachi.shizuoka.jp/gyosei/choseijoho/machinokeikaku_torikumi/2862.html,,keep,,P3,大石浩之,作業中,records,public-facility-repair-index,detail,,,静岡県周智郡森町で公共施設の修繕履歴を町資料から追うための索引を作る。対象条件、必要資料、森町の公式窓口、確認する順番を分かりやすく整理します。実行前の注意点と家族へ残す記録も案内します。,,6,https://morimachi.enshu-lifehack.com/records/public-facility-repair-index/,True,True,False,33106
/records/public-facility-reservation-log/,静岡県森町で公共施設予約の申請者・利用目的・取消条件を記録する | 森町ライフハック,森町で公共施設予約の申請者・利用目的・取消条件を記録する,records,,,,,https://www.town.morimachi.shizuoka.jp/gyosei/machinososhiki/bunkakaikan/bunka/3943.html,,keep,,P3,大石浩之,作業中,records,public-facility-reservation-log,detail,,,静岡県周智郡森町で公共施設予約の申請者・利用目的・取消条件を記録する。対象条件、必要資料、森町の公式窓口、確認する順番を分かりやすく整理します。実行前の注意点と家族へ残す記録も案内します。,,2,https://morimachi.enshu-lifehack.com/records/public-facility-reservation-log/,True,True,False,35043
/records/remote-family-care-contact-plan/,静岡県森町で遠方家族の見守り連絡を担当・頻度・異常時で決める | 森町ライフハック,森町で遠方家族の見守り連絡を担当・頻度・異常時で決める,records,,,,,https://www.town.morimachi.shizuoka.jp/gyosei/kenko_fukushi/koreishashien/4003.html,,keep,,P3,大石浩之,作業中,records,remote-family-care-contact-plan,detail,,,静岡県周智郡森町で遠方家族の見守り連絡を担当・頻度・異常時で決める。対象条件、必要資料、森町の公式窓口、確認する順番を分かりやすく整理します。実行前の注意点と家族へ残す記録も案内します。,,3,https://morimachi.enshu-lifehack.com/records/remote-family-care-contact-plan/,True,True,False,33609
/records/resident-address-property-location/,静岡県森町で住民票の住所と不動産の所在地を別欄で管理する | 森町ライフハック,森町で住民票の住所と不動産の所在地を別欄で管理する,records,,,,,https://www.town.morimachi.shizuoka.jp/gyosei/machinososhiki/juminseikatsuka/juminkakari/2/2_1/2914.html,,keep,,P3,大石浩之,作業中,records,resident-address-property-location,detail,,,静岡県周智郡森町で住民票の住所と不動産の所在地を別欄で管理する。対象条件、必要資料、森町の公式窓口、確認する順番を分かりやすく整理します。実行前の注意点と家族へ残す記録も案内します。,,2,https://morimachi.enshu-lifehack.com/records/resident-address-property-location/,True,True,False,35951
/records/reuse-item-transfer-log/,静岡県森町でリユースへ回した家財の品名と引渡日を残す | 森町ライフハック,森町でリユースへ回した家財の品名と引渡日を残す,records,,,,,https://www.town.morimachi.shizuoka.jp/gyosei/machinososhiki/juminseikatsuka/seikatsukankyokakari/1/1/692.html,,keep,,P3,大石浩之,作業中,records,reuse-item-transfer-log,detail,,,静岡県周智郡森町でリユースへ回した家財の品名と引渡日を残す。対象条件、必要資料、森町の公式窓口、確認する順番を分かりやすく整理します。実行前の注意点と家族へ残す記録も案内します。,,2,https://morimachi.enshu-lifehack.com/records/reuse-item-transfer-log/,True,True,False,37521
/records/road-access-inquiry-log/,静岡県森町で接道調査の問い合わせ日・回答部署・図面名を残す | 森町ライフハック,森町で接道調査の問い合わせ日・回答部署・図面名を残す,records,,,,,https://www.town.morimachi.shizuoka.jp/gyosei/machinososhiki/kensetsuka/yochikakari/1/5251.html,,keep,,P3,大石浩之,作業中,records,road-access-inquiry-log,detail,,,静岡県周智郡森町で接道調査の問い合わせ日・回答部署・図面名を残す。対象条件、必要資料、森町の公式窓口、確認する順番を分かりやすく整理します。実行前の注意点と家族へ残す記録も案内します。,,2,https://morimachi.enshu-lifehack.com/records/road-access-inquiry-log/,True,True,False,37633
/records/road-name-number-manager/,静岡県森町で道路名・路線番号・管理者を三段階で確認する | 森町ライフハック,森町で道路名・路線番号・管理者を三段階で確認する,records,,,,,https://www.town.morimachi.shizuoka.jp/gyosei/machinososhiki/kensetsuka/yochikakari/1/5251.html,,keep,,P3,大石浩之,作業中,records,road-name-number-manager,detail,,,静岡県周智郡森町で道路名・路線番号・管理者を三段階で確認する。対象条件、必要資料、森町の公式窓口、確認する順番を分かりやすく整理します。実行前の注意点と家族へ残す記録も案内します。,,3,https://morimachi.enshu-lifehack.com/records/road-name-number-manager/,True,True,False,32806
/records/school-emergency-contact-update/,静岡県森町で転居後の緊急連絡先と引渡者名簿を更新する | 森町ライフハック,森町で転居後の緊急連絡先と引渡者名簿を更新する,records,,,,,https://www.town.morimachi.shizuoka.jp/gyosei/machinososhiki/gakkokyoikuka/index.html,,keep,,P3,大石浩之,作業中,records,school-emergency-contact-update,detail,,,静岡県周智郡森町で転居後の緊急連絡先と引渡者名簿を更新する。対象条件、必要資料、森町の公式窓口、確認する順番を分かりやすく整理します。実行前の注意点と家族へ残す記録も案内します。,,2,https://morimachi.enshu-lifehack.com/records/school-emergency-contact-update/,True,True,False,37725
/records/school-enrollment-moving-files/,静岡県森町で就学手続きと住民異動の書類を別束で準備する | 森町ライフハック,森町で就学手続きと住民異動の書類を別束で準備する,records,,,,,https://www.town.morimachi.shizuoka.jp/gyosei/machinososhiki/gakkokyoikuka/index.html,,keep,,P3,大石浩之,作業中,records,school-enrollment-moving-files,detail,,,静岡県周智郡森町で就学手続きと住民異動の書類を別束で準備する。対象条件、必要資料、森町の公式窓口、確認する順番を分かりやすく整理します。実行前の注意点と家族へ残す記録も案内します。,,2,https://morimachi.enshu-lifehack.com/records/school-enrollment-moving-files/,True,True,False,37717
/records/school-notice-family-ledger/,静岡県森町で学校からの配布物を年度・子ども・期限で整理する | 森町ライフハック,森町で学校からの配布物を年度・子ども・期限で整理する,records,,,,,https://www.town.morimachi.shizuoka.jp/gyosei/machinososhiki/gakkokyoikuka/index.html,,keep,,P3,大石浩之,作業中,records,school-notice-family-ledger,detail,,,静岡県周智郡森町で学校からの配布物を年度・子ども・期限で整理する。対象条件、必要資料、森町の公式窓口、確認する順番を分かりやすく整理します。実行前の注意点と家族へ残す記録も案内します。,,2,https://morimachi.enshu-lifehack.com/records/school-notice-family-ledger/,True,True,False,37900
/records/school-zone-address-check/,静岡県森町で通学区域の確認結果を転居候補住所ごとに残す | 森町ライフハック,森町で通学区域の確認結果を転居候補住所ごとに残す,records,,,,,https://www.town.morimachi.shizuoka.jp/gyosei/machinososhiki/gakkokyoikuka/index.html,,keep,,P3,大石浩之,作業中,records,school-zone-address-check,detail,,,静岡県周智郡森町で通学区域の確認結果を転居候補住所ごとに残す。対象条件、必要資料、森町の公式窓口、確認する順番を分かりやすく整理します。実行前の注意点と家族へ残す記録も案内します。,,2,https://morimachi.enshu-lifehack.com/records/school-zone-address-check/,True,True,False,37725
/records/senior-consultation-log/,静岡県森町で高齢者相談の経緯を相談日・困り事・次の連絡で残す | 森町ライフハック,森町で高齢者相談の経緯を相談日・困り事・次の連絡で残す,records,,,,,https://www.town.morimachi.shizuoka.jp/gyosei/kenko_fukushi/koreishashien/4003.html,,keep,,P3,大石浩之,作業中,records,senior-consultation-log,detail,,,静岡県周智郡森町で高齢者相談の経緯を相談日・困り事・次の連絡で残す。対象条件、必要資料、森町の公式窓口、確認する順番を分かりやすく整理します。実行前の注意点と家族へ残す記録も案内します。,,2,https://morimachi.enshu-lifehack.com/records/senior-consultation-log/,True,True,False,34772
/records/shelter-evacuation-place-difference/,静岡県森町で避難所と指定緊急避難場所を家族メモで分ける | 森町ライフハック,森町で避難所と指定緊急避難場所を家族メモで分ける,records,,,,,https://www.town.morimachi.shizuoka.jp/gyosei/machinososhiki/kikikanrika/kikikanrikakari/4/854.html,,keep,,P3,大石浩之,作業中,records,shelter-evacuation-place-difference,detail,,,静岡県周智郡森町で避難所と指定緊急避難場所を家族メモで分ける。対象条件、必要資料、森町の公式窓口、確認する順番を分かりやすく整理します。実行前の注意点と家族へ残す記録も案内します。,,2,https://morimachi.enshu-lifehack.com/records/shelter-evacuation-place-difference/,True,True,False,37703
/records/statistical-footnote-ledger/,静岡県森町で統計表の基準日・単位・注記を家族メモへ転記する | 森町ライフハック,森町で統計表の基準日・単位・注記を家族メモへ転記する,records,,,,,https://www.town.morimachi.shizuoka.jp/gyosei/choseijoho/tokei/1249.html,,keep,,P3,大石浩之,作業中,records,statistical-footnote-ledger,detail,,,静岡県周智郡森町で統計表の基準日・単位・注記を家族メモへ転記する。対象条件、必要資料、森町の公式窓口、確認する順番を分かりやすく整理します。実行前の注意点と家族へ残す記録も案内します。,,2,https://morimachi.enshu-lifehack.com/records/statistical-footnote-ledger/,True,True,False,31960
/records/tax-payment-year-type-holder/,静岡県森町で納付済み記録を年度・税目・名義で並べる | 森町ライフハック,森町で納付済み記録を年度・税目・名義で並べる,records,,,,,https://www.town.morimachi.shizuoka.jp/gyosei/machinososhiki/zeimuka/shisanzeigakari/1/koteitosikeizenpan/534.html,,keep,,P3,大石浩之,作業中,records,tax-payment-year-type-holder,detail,,,静岡県周智郡森町で納付済み記録を年度・税目・名義で並べる。対象条件、必要資料、森町の公式窓口、確認する順番を分かりやすく整理します。実行前の注意点と家族へ残す記録も案内します。,,2,https://morimachi.enshu-lifehack.com/records/tax-payment-year-type-holder/,True,True,False,37391
/records/town-history-volume-index/,静岡県森町史のどの巻を先に開くか｜年代・資料種別から選ぶ | 森町ライフハック,森町史のどの巻を先に開くか｜年代・資料種別から選ぶ,records,,,,,https://www.town.morimachi.shizuoka.jp/gyosei/machinososhiki/shakaikyoikuka/bunkashinkogakari/2/816.html,,keep,,P3,大石浩之,作業中,records,town-history-volume-index,detail,,,静岡県周智郡森町史のどの巻を先に開くか。対象条件、必要資料、森町の公式窓口、確認する順番を分かりやすく整理します。実行前の注意点と家族へ残す記録も案内します。,,2,https://morimachi.enshu-lifehack.com/records/town-history-volume-index/,True,True,False,37103
/records/transport-plan-target-reading/,静岡県森町で公共交通計画の目標値と実際の利用条件を分けて読む | 森町ライフハック,森町で公共交通計画の目標値と実際の利用条件を分けて読む,records,,,,,https://www.town.morimachi.shizuoka.jp/material/files/group/4/morimachi_tiikikoukyoukoutuu_houteikeikaku_honpen.pdf,,keep,,P3,大石浩之,作業中,records,transport-plan-target-reading,detail,,,静岡県周智郡森町で公共交通計画の目標値と実際の利用条件を分けて読む。対象条件、必要資料、森町の公式窓口、確認する順番を分かりやすく整理します。実行前の注意点と家族へ残す記録も案内します。,,5,https://morimachi.enshu-lifehack.com/records/transport-plan-target-reading/,True,True,False,30627
/records/vacant-house-green-waste-log/,静岡県森町で空き家管理で草木ごみの発生時期を年間記録にする | 森町ライフハック,森町で空き家管理で草木ごみの発生時期を年間記録にする,records,,,,,https://www.town.morimachi.shizuoka.jp/gyosei/machinososhiki/juminseikatsuka/seikatsukankyokakari/1/1/692.html,,keep,,P3,大石浩之,作業中,records,vacant-house-green-waste-log,detail,,,静岡県周智郡森町で空き家管理で草木ごみの発生時期を年間記録にする。対象条件、必要資料、森町の公式窓口、確認する順番を分かりやすく整理します。実行前の注意点と家族へ残す記録も案内します。,,2,https://morimachi.enshu-lifehack.com/records/vacant-house-green-waste-log/,True,True,False,37771
/records/vacant-house-post-disaster-log/,静岡県森町で空き家の災害後点検を外観写真と連絡履歴で残す | 森町ライフハック,森町で空き家の災害後点検を外観写真と連絡履歴で残す,records,,,,,https://www.town.morimachi.shizuoka.jp/gyosei/machinososhiki/kikikanrika/kikikanrikakari/4/854.html,,keep,,P3,大石浩之,作業中,records,vacant-house-post-disaster-log,detail,,,静岡県周智郡森町で空き家の災害後点検を外観写真と連絡履歴で残す。対象条件、必要資料、森町の公式窓口、確認する順番を分かりやすく整理します。実行前の注意点と家族へ残す記録も案内します。,,2,https://morimachi.enshu-lifehack.com/records/vacant-house-post-disaster-log/,True,True,False,37789
/records/valuation-certificate-tax-detail/,静岡県森町で固定資産評価証明と課税明細の用途を分ける | 森町ライフハック,森町で固定資産評価証明と課税明細の用途を分ける,records,,,,,https://www.town.morimachi.shizuoka.jp/gyosei/kurashi_tetsuzuki/zeikin/shomeisho/1374.html,,keep,,P3,大石浩之,作業中,records,valuation-certificate-tax-detail,detail,,,静岡県周智郡森町で固定資産評価証明と課税明細の用途を分ける。対象条件、必要資料、森町の公式窓口、確認する順番を分かりやすく整理します。実行前の注意点と家族へ残す記録も案内します。,,5,https://morimachi.enshu-lifehack.com/records/valuation-certificate-tax-detail/,True,True,False,33960
/records/waste-calendar-district-check/,静岡県森町で地区別ごみカレンダーの地区名と住所を照合する | 森町ライフハック,森町で地区別ごみカレンダーの地区名と住所を照合する,records,,,,,https://www.town.morimachi.shizuoka.jp/gyosei/machinososhiki/juminseikatsuka/seikatsukankyokakari/1/1/692.html,,keep,,P3,大石浩之,作業中,records,waste-calendar-district-check,detail,,,静岡県周智郡森町で地区別ごみカレンダーの地区名と住所を照合する。対象条件、必要資料、森町の公式窓口、確認する順番を分かりやすく整理します。実行前の注意点と家族へ残す記録も案内します。,,2,https://morimachi.enshu-lifehack.com/records/waste-calendar-district-check/,True,True,False,37764
/records/water-meter-vacant-house-log/,静岡県森町で水道検針票の使用量変化を空き家管理記録にする | 森町ライフハック,森町で水道検針票の使用量変化を空き家管理記録にする,records,,,,,https://www.town.morimachi.shizuoka.jp/gyosei/machinososhiki/jogesuidoka/josuidokanrigakari/1/1/667.html,,keep,,P3,大石浩之,作業中,records,water-meter-vacant-house-log,detail,,,静岡県周智郡森町で水道検針票の使用量変化を空き家管理記録にする。対象条件、必要資料、森町の公式窓口、確認する順番を分かりやすく整理します。実行前の注意点と家族へ残す記録も案内します。,,2,https://morimachi.enshu-lifehack.com/records/water-meter-vacant-house-log/,True,True,False,36229
/records/water-pipe-contractor-brief/,静岡県森町で指定工事事業者へ相談する前の配管情報整理 | 森町ライフハック,森町で指定工事事業者へ相談する前の配管情報整理,records,,,,,https://www.town.morimachi.shizuoka.jp/gyosei/kurashi_tetsuzuki/jogesuido/josuido/3772.html,,keep,,P3,大石浩之,作業中,records,water-pipe-contractor-brief,detail,,,静岡県周智郡森町で指定工事事業者へ相談する前の配管情報整理。対象条件、必要資料、森町の公式窓口、確認する順番を分かりやすく整理します。実行前の注意点と家族へ残す記録も案内します。,,3,https://morimachi.enshu-lifehack.com/records/water-pipe-contractor-brief/,True,True,False,30520
/records/water-service-moving-log/,静岡県森町で給水開始・休止の連絡日を引越し台帳へ反映する | 森町ライフハック,森町で給水開始・休止の連絡日を引越し台帳へ反映する,records,,,,,https://www.town.morimachi.shizuoka.jp/gyosei/machinososhiki/jogesuidoka/josuidokanrigakari/1/1/668.html,,keep,,P3,大石浩之,作業中,records,water-service-moving-log,detail,,,静岡県周智郡森町で給水開始・休止の連絡日を引越し台帳へ反映する。対象条件、必要資料、森町の公式窓口、確認する順番を分かりやすく整理します。実行前の注意点と家族へ残す記録も案内します。,,2,https://morimachi.enshu-lifehack.com/records/water-service-moving-log/,True,True,False,35521
/records/water-sewer-bill-fields/,静岡県森町で水道料金と下水道使用料の請求区分を読み分ける | 森町ライフハック,森町で水道料金と下水道使用料の請求区分を読み分ける,records,,,,,https://www.town.morimachi.shizuoka.jp/gyosei/machinososhiki/jogesuidoka/josuidokanrigakari/1/1/667.html,,keep,,P3,大石浩之,作業中,records,water-sewer-bill-fields,detail,,,静岡県周智郡森町で水道料金と下水道使用料の請求区分を読み分ける。対象条件、必要資料、森町の公式窓口、確認する順番を分かりやすく整理します。実行前の注意点と家族へ残す記録も案内します。,,3,https://morimachi.enshu-lifehack.com/records/water-sewer-bill-fields/,True,True,False,36340
/records/wildlife-damage-evidence-log/,静岡県森町で鳥獣被害の日時・場所・作物・写真を記録する | 森町ライフハック,森町で鳥獣被害の日時・場所・作物・写真を記録する,records,,,,,https://www.town.morimachi.shizuoka.jp/gyosei/machinososhiki/norinseisakuka/rinseikakari/1/892.html,,keep,,P3,大石浩之,作業中,records,wildlife-damage-evidence-log,detail,,,静岡県周智郡森町で鳥獣被害の日時・場所・作物・写真を記録する。対象条件、必要資料、森町の公式窓口、確認する順番を分かりやすく整理します。実行前の注意点と家族へ残す記録も案内します。,,2,https://morimachi.enshu-lifehack.com/records/wildlife-damage-evidence-log/,True,True,False,30213
/records/zoning-map-legend-guide/,静岡県森町で都市計画図の色と凡例と境界線を順に読む | 森町ライフハック,森町で都市計画図の色と凡例と境界線を順に読む,records,,,,,https://www.town.morimachi.shizuoka.jp/gyosei/machinososhiki/kensetsuka/toshikeikakukakari/2/752.html,,keep,,P3,大石浩之,作業中,records,zoning-map-legend-guide,detail,,,静岡県周智郡森町で都市計画図の色と凡例と境界線を順に読む。対象条件、必要資料、森町の公式窓口、確認する順番を分かりやすく整理します。実行前の注意点と家族へ残す記録も案内します。,,2,https://morimachi.enshu-lifehack.com/records/zoning-map-legend-guide/,True,True,False,35383
/schools/school-districts/,静岡県森町の学校・学区と通学環境ガイド | 森町ライフハック,森町の学校・学区と通学環境ガイド,schools,,,,,https://www.town.morimachi.shizuoka.jp/gyosei/machinososhiki/gakkokyoikuka/index.html,2026-08-09,keep,,P3,大石浩之,作業中,schools,school-districts,detail,,,静岡県森町の学校と学区を、小中学校、学区、入学・転校、通学を、住所確認から逆算して整理するための実用ガイド。公式資料、現地確認、注意点、FAQ、次に読むページを整理しました。,,2,https://morimachi.enshu-lifehack.com/schools/school-districts/,True,True,False,28890
/shrine/about/,このデータベースについて（静岡県森町の神社） | 森町ライフハック,📋 このデータベースについて（森町の神社）,shrine,enjoy,暮らしを楽しむ,森町の神社を調べる,森町 神社,https://www.town.morimachi.shizuoka.jp/,2026-08-10,keep,,P2,大石浩之,作業中,shrine,about,detail,,,静岡県周智郡森町の神社データベースの出典・編集方針・免責・修正依頼の窓口をまとめています。,0538-31-3308,1,https://morimachi.enshu-lifehack.com/shrine/about/,False,True,False,8589
/shrine/areas/amagata/,天方地区の神社 | 静岡県森町ライフハック,🗺️ 天方地区の神社,shrine,enjoy,暮らしを楽しむ,森町の神社を調べる,森町 神社,,2026-08-10,keep,,P2,大石浩之,作業中,shrine,amagata,detail,,,静岡県周智郡森町天方地区（旧天方村）の神社8社をまとめています。秋葉街道沿いの中山間地。,,0,https://morimachi.enshu-lifehack.com/shrine/areas/amagata/,False,True,False,8612
/shrine/areas/ichinomiya/,一宮地区の神社 | 静岡県森町ライフハック,🗺️ 一宮地区の神社,shrine,enjoy,暮らしを楽しむ,森町の神社を調べる,森町 神社,,2026-08-10,keep,,P2,大石浩之,作業中,shrine,ichinomiya,detail,,,静岡県周智郡森町一宮地区（旧一宮村）の神社6社をまとめています。遠江国一宮・小國神社が鎮座する地区。,,0,https://morimachi.enshu-lifehack.com/shrine/areas/ichinomiya/,False,True,False,7997
/shrine/areas/iida/,飯田地区の神社 | 静岡県森町ライフハック,🗺️ 飯田地区の神社,shrine,enjoy,暮らしを楽しむ,森町の神社を調べる,森町 神社,,2026-08-10,keep,,P2,大石浩之,作業中,shrine,iida,detail,,,静岡県周智郡森町飯田地区（旧飯田村）の神社3社をまとめています。山名神社が鎮座する地区。,,0,https://morimachi.enshu-lifehack.com/shrine/areas/iida/,False,True,False,7317
/shrine/areas/mikura/,三倉地区の神社 | 静岡県森町ライフハック,🗺️ 三倉地区の神社,shrine,enjoy,暮らしを楽しむ,森町の神社を調べる,森町 神社,,2026-08-10,keep,,P2,大石浩之,作業中,shrine,mikura,detail,,,静岡県周智郡森町三倉地区（旧三倉村）の神社8社をまとめています。町の最北部。森町で最も遅く合併した地区。,,0,https://morimachi.enshu-lifehack.com/shrine/areas/mikura/,False,True,False,8568
/shrine/areas/mori/,森地区の神社 | 静岡県森町ライフハック,🗺️ 森地区の神社,shrine,enjoy,暮らしを楽しむ,森町の神社を調べる,森町 神社,,2026-08-10,keep,,P2,大石浩之,作業中,shrine,mori,detail,,,静岡県周智郡森町森地区（旧森町）の神社8社をまとめています。町の中心市街。「遠州の小京都」と呼ばれる町並みがある。,,0,https://morimachi.enshu-lifehack.com/shrine/areas/mori/,False,True,False,8668
/shrine/areas/sonoda/,園田地区の神社 | 静岡県森町ライフハック,🗺️ 園田地区の神社,shrine,enjoy,暮らしを楽しむ,森町の神社を調べる,森町 神社,,2026-08-10,keep,,P2,大石浩之,作業中,shrine,sonoda,detail,,,静岡県周智郡森町園田地区（旧園田村）の神社6社をまとめています。太田川沿いの平地。,,0,https://morimachi.enshu-lifehack.com/shrine/areas/sonoda/,False,True,False,7970
/shrine/festivals/,静岡県森町の祭り完全ガイド｜森・飯田・一宮の伝統行事 | 森町ライフハック,森町の祭り完全ガイド｜森・飯田・一宮の伝統行事,shrine,enjoy,暮らしを楽しむ,森町の神社を調べる,森町 神社,https://www.town.morimachi.shizuoka.jp/gyosei/machinososhiki/shakaikyoikuka/bunkashinkogakari/2/782.html,,keep,,P2,大石浩之,作業中,shrine,festivals,detail,,,静岡県森町の祭りと舞楽を、春の三社の舞、夏の山名神社天王祭、秋の森の祭りなど季節別に整理。年ごとの日程、雨天変更、交通、撮影、観覧マナーを公式情報付きで案内します。,,2,https://morimachi.enshu-lifehack.com/shrine/festivals/,True,True,False,26718
/shrine/,静岡県森町の神社 | 森町ライフハック,⛩️ 森町の神社,shrine,enjoy,暮らしを楽しむ,森町の神社を調べる,森町 神社,,2026-08-10,keep,,P2,大石浩之,作業中,shrine,index,hub,,,静岡県周智郡森町（遠州森町）の神社39社を、地区別・系統別に整理したデータベースです。祭礼カレンダーもあります。,,0,https://morimachi.enshu-lifehack.com/shrine/,False,True,False,8805
/shrine/shrines/,静岡県森町の神社39社｜写真・所在地・祭神から探す,📜 森町の神社一覧,shrine,enjoy,暮らしを楽しむ,森町の神社を調べる,森町 神社,,2026-08-10,keep,,P2,大石浩之,作業中,shrine,shrines,detail,,,静岡県神社庁に掲載されている静岡県周智郡森町（遠州森町）の神社39社の一覧です。読み仮名の五十音順に並べています。,,0,https://morimachi.enshu-lifehack.com/shrine/shrines/,False,True,False,20531
/shrine/shrines/s10132/,西ノ宮神社（にしのみやじんじゃ） | 静岡県森町ライフハック,⛩️ 西ノ宮神社（にしのみやじんじゃ）,shrine,enjoy,暮らしを楽しむ,森町の神社を調べる,森町 神社,https://www.town.morimachi.shizuoka.jp/gyosei/machinososhiki/shakaikyoikuka/bunkashinkogakari/2/776.html,2026-08-10,keep,,P2,大石浩之,作業中,shrine,s10132,detail,,,西ノ宮神社（にしのみやじんじゃ）は、静岡県周智郡森町橘546-2に鎮座する神社です。所在地、祭礼の公開情報、地域との関わり、参拝時に守りたいことを一次資料に沿って整理します。,,3,https://morimachi.enshu-lifehack.com/shrine/shrines/s10132/,False,True,False,19140
/shrine/shrines/s4410001/,森町・小國神社完全ガイド｜由緒・見どころ・参拝 | 森町ライフハック,⛩️ 森町・小國神社完全ガイド｜由緒・見どころ・参拝,shrine,enjoy,暮らしを楽しむ,森町の神社を調べる,森町 神社,https://www.town.morimachi.shizuoka.jp/gyosei/machinososhiki/shakaikyoikuka/bunkashinkogakari/1/1096.html,2026-08-09,keep,,P2,大石浩之,作業中,shrine,s4410001,detail,,,静岡県森町の小國神社を、御祭神と由緒、社殿、鎮守の森、十二段舞楽、参拝の順序、交通確認まで公式情報に基づいて案内します。年次で変わる祭典・駐車・混雑は、最新発表へ戻る確認手順も整理しました。,,1,https://morimachi.enshu-lifehack.com/shrine/shrines/s4410001/,True,True,False,28379
/shrine/shrines/s4410002/,天宮神社（あめのみやじんじゃ） | 静岡県森町ライフハック,⛩️ 天宮神社（あめのみやじんじゃ）,shrine,enjoy,暮らしを楽しむ,森町の神社を調べる,森町 神社,https://www.town.morimachi.shizuoka.jp/gyosei/kanko_bunka/bunkazai/index.html,2026-08-10,keep,,P2,大石浩之,作業中,shrine,s4410002,detail,,,天宮神社（あめのみやじんじゃ）は、静岡県周智郡森町天宮576に鎮座する神社です。御祭神は田心姫命・湍津姫命・市許嶋姫命。所在地、祭礼の公開情報、地域との関わり、参拝時に守りたいことを一次資料に沿って整理します。,0538-85-5544,1,https://morimachi.enshu-lifehack.com/shrine/shrines/s4410002/,False,True,False,12739
/shrine/shrines/s4410003/,山名神社（やまなじんじゃ） | 静岡県森町ライフハック,⛩️ 山名神社（やまなじんじゃ）,shrine,enjoy,暮らしを楽しむ,森町の神社を調べる,森町 神社,https://www.town.morimachi.shizuoka.jp/gyosei/kanko_bunka/bunkazai/index.html,2026-08-10,keep,,P2,大石浩之,作業中,shrine,s4410003,detail,,,山名神社（やまなじんじゃ）は、静岡県周智郡森町飯田2590に鎮座する神社です。御祭神は素盞嗚命。所在地、祭礼の公開情報、地域との関わり、参拝時に守りたいことを一次資料に沿って整理します。,,1,https://morimachi.enshu-lifehack.com/shrine/shrines/s4410003/,False,True,False,14276
/shrine/shrines/s4410004/,三島神社（みしまじんじゃ） | 静岡県森町ライフハック,⛩️ 三島神社（みしまじんじゃ）,shrine,enjoy,暮らしを楽しむ,森町の神社を調べる,森町 神社,https://www.town.morimachi.shizuoka.jp/gyosei/machinososhiki/shakaikyoikuka/bunkashinkogakari/2/776.html,2026-08-10,keep,,P2,大石浩之,作業中,shrine,s4410004,detail,,,三島神社（みしまじんじゃ）は、静岡県周智郡森町森三島山36312に鎮座する神社です。所在地、祭礼の公開情報、地域との関わり、参拝時に守りたいことを一次資料に沿って整理します。,0538-85-2913,3,https://morimachi.enshu-lifehack.com/shrine/shrines/s4410004/,False,True,False,19458
/shrine/shrines/s4410005/,谷本神社（たにもとじんじゃ） | 静岡県森町ライフハック,⛩️ 谷本神社（たにもとじんじゃ）,shrine,enjoy,暮らしを楽しむ,森町の神社を調べる,森町 神社,https://www.town.morimachi.shizuoka.jp/gyosei/machinososhiki/shakaikyoikuka/bunkashinkogakari/2/776.html,2026-08-10,keep,,P2,大石浩之,作業中,shrine,s4410005,detail,,,谷本神社（たにもとじんじゃ）は、静岡県周智郡森町城下907-2に鎮座する神社です。御祭神は素盞嗚命。所在地、祭礼の公開情報、地域との関わり、参拝時に守りたいことを一次資料に沿って整理します。,,3,https://morimachi.enshu-lifehack.com/shrine/shrines/s4410005/,False,True,False,19409
/shrine/shrines/s4410006/,神明宮（しんめいぐう） | 静岡県森町ライフハック,⛩️ 神明宮（しんめいぐう）,shrine,enjoy,暮らしを楽しむ,森町の神社を調べる,森町 神社,https://www.town.morimachi.shizuoka.jp/gyosei/machinososhiki/shakaikyoikuka/bunkashinkogakari/2/776.html,2026-08-10,keep,,P2,大石浩之,作業中,shrine,s4410006,detail,,,神明宮（しんめいぐう）は、静岡県周智郡森町一宮4096に鎮座する神社です。御祭神は天照皇大御神。所在地、祭礼の公開情報、地域との関わり、参拝時に守りたいことを一次資料に沿って整理します。,,3,https://morimachi.enshu-lifehack.com/shrine/shrines/s4410006/,False,True,False,18706
/shrine/shrines/s4410008/,許禰神社（きねじんじゃ） | 静岡県森町ライフハック,⛩️ 許禰神社（きねじんじゃ）,shrine,enjoy,暮らしを楽しむ,森町の神社を調べる,森町 神社,https://www.town.morimachi.shizuoka.jp/gyosei/machinososhiki/shakaikyoikuka/bunkashinkogakari/2/776.html,2026-08-10,keep,,P2,大石浩之,作業中,shrine,s4410008,detail,,,許禰神社（きねじんじゃ）は、静岡県周智郡森町三倉830に鎮座する神社です。御祭神は伊邪那岐命・伊邪那美命・事代主命・誉田別命 天忍穂耳命・金山彦命・素盞嗚尊。所在地、祭礼の公開情報、地域との関わり、参拝時に守りたいことを一次資料に沿って整理します。,,3,https://morimachi.enshu-lifehack.com/shrine/shrines/s4410008/,False,True,False,20089
/shrine/shrines/s4410009/,八幡宮（はちまんぐう） | 静岡県森町ライフハック,⛩️ 八幡宮（はちまんぐう）,shrine,enjoy,暮らしを楽しむ,森町の神社を調べる,森町 神社,https://www.town.morimachi.shizuoka.jp/gyosei/machinososhiki/shakaikyoikuka/bunkashinkogakari/2/776.html,2026-08-10,keep,,P2,大石浩之,作業中,shrine,s4410009,detail,,,八幡宮（はちまんぐう）は、静岡県周智郡森町大鳥居956に鎮座する神社です。御祭神は誉田別命。所在地、祭礼の公開情報、地域との関わり、参拝時に守りたいことを一次資料に沿って整理します。,,3,https://morimachi.enshu-lifehack.com/shrine/shrines/s4410009/,False,True,False,19422
/shrine/shrines/s4410010/,日月神社（ぢつげつじんじゃ） | 静岡県森町ライフハック,⛩️ 日月神社（ぢつげつじんじゃ）,shrine,enjoy,暮らしを楽しむ,森町の神社を調べる,森町 神社,https://www.town.morimachi.shizuoka.jp/gyosei/machinososhiki/shakaikyoikuka/bunkashinkogakari/2/776.html,2026-08-10,keep,,P2,大石浩之,作業中,shrine,s4410010,detail,,,日月神社（ぢつげつじんじゃ）は、静岡県周智郡森町鍛冶島562に鎮座する神社です。御祭神は大日霊貴命。所在地、祭礼の公開情報、地域との関わり、参拝時に守りたいことを一次資料に沿って整理します。,,3,https://morimachi.enshu-lifehack.com/shrine/shrines/s4410010/,False,True,False,19360
/shrine/shrines/s4410012/,神明神社（しんめいじんじゃ）｜静岡県森町中川888 | 森町ライフハック,⛩️ 神明神社（しんめいじんじゃ）｜森町中川888,shrine,enjoy,暮らしを楽しむ,森町の神社を調べる,森町 神社,https://www.town.morimachi.shizuoka.jp/gyosei/machinososhiki/shakaikyoikuka/bunkashinkogakari/2/776.html,2026-08-10,keep,,P2,大石浩之,作業中,shrine,s4410012,detail,,,神明神社（しんめいじんじゃ）は、静岡県周智郡森町中川888に鎮座する神社です。御祭神は天照皇大神。所在地、祭礼の公開情報、地域との関わり、参拝時に守りたいことを一次資料に沿って整理します。,,3,https://morimachi.enshu-lifehack.com/shrine/shrines/s4410012/,False,True,False,18967
/shrine/shrines/s4410013/,正神社（しょうじんじゃ） | 静岡県森町ライフハック,⛩️ 正神社（しょうじんじゃ）,shrine,enjoy,暮らしを楽しむ,森町の神社を調べる,森町 神社,https://www.town.morimachi.shizuoka.jp/gyosei/machinososhiki/shakaikyoikuka/bunkashinkogakari/2/776.html,2026-08-10,keep,,P2,大石浩之,作業中,shrine,s4410013,detail,,,正神社（しょうじんじゃ）は、静岡県周智郡森町谷中1147に鎮座する神社です。御祭神は大山咋神。所在地、祭礼の公開情報、地域との関わり、参拝時に守りたいことを一次資料に沿って整理します。,,3,https://morimachi.enshu-lifehack.com/shrine/shrines/s4410013/,False,True,False,18789
/shrine/shrines/s4410014/,八幡神社（はちまんじんじゃ）｜静岡県森町三倉1920 | 森町ライフハック,⛩️ 八幡神社（はちまんじんじゃ）｜森町三倉1920,shrine,enjoy,暮らしを楽しむ,森町の神社を調べる,森町 神社,https://www.town.morimachi.shizuoka.jp/gyosei/machinososhiki/shakaikyoikuka/bunkashinkogakari/2/776.html,2026-08-10,keep,,P2,大石浩之,作業中,shrine,s4410014,detail,,,八幡神社（はちまんじんじゃ）は、静岡県周智郡森町三倉1920に鎮座する神社です。御祭神は誉田別命。所在地、祭礼の公開情報、地域との関わり、参拝時に守りたいことを一次資料に沿って整理します。,,3,https://morimachi.enshu-lifehack.com/shrine/shrines/s4410014/,False,True,False,19471
/shrine/shrines/s4410015/,八幡神社（はちまんじんじゃ）｜静岡県森町三倉4447 | 森町ライフハック,⛩️ 八幡神社（はちまんじんじゃ）｜森町三倉4447,shrine,enjoy,暮らしを楽しむ,森町の神社を調べる,森町 神社,https://www.town.morimachi.shizuoka.jp/gyosei/machinososhiki/shakaikyoikuka/bunkashinkogakari/2/776.html,2026-08-10,keep,,P2,大石浩之,作業中,shrine,s4410015,detail,,,八幡神社（はちまんじんじゃ）は、静岡県周智郡森町三倉4447に鎮座する神社です。御祭神は誉田別命。所在地、祭礼の公開情報、地域との関わり、参拝時に守りたいことを一次資料に沿って整理します。,,3,https://morimachi.enshu-lifehack.com/shrine/shrines/s4410015/,False,True,False,19656
/shrine/shrines/s4410016/,八阪神社（やさかじんじゃ） | 静岡県森町ライフハック,⛩️ 八阪神社（やさかじんじゃ）,shrine,enjoy,暮らしを楽しむ,森町の神社を調べる,森町 神社,https://www.town.morimachi.shizuoka.jp/gyosei/machinososhiki/shakaikyoikuka/bunkashinkogakari/2/776.html,2026-08-10,keep,,P2,大石浩之,作業中,shrine,s4410016,detail,,,八阪神社（やさかじんじゃ）は、静岡県周智郡森町三倉4892に鎮座する神社です。御祭神は須佐之男命。所在地、祭礼の公開情報、地域との関わり、参拝時に守りたいことを一次資料に沿って整理します。,,3,https://morimachi.enshu-lifehack.com/shrine/shrines/s4410016/,False,True,False,19400
/shrine/shrines/s4410017/,八幡神社（はちまんじんじゃ）｜静岡県森町三倉2511 | 森町ライフハック,⛩️ 八幡神社（はちまんじんじゃ）｜森町三倉2511,shrine,enjoy,暮らしを楽しむ,森町の神社を調べる,森町 神社,https://www.town.morimachi.shizuoka.jp/gyosei/machinososhiki/shakaikyoikuka/bunkashinkogakari/2/776.html,2026-08-10,keep,,P2,大石浩之,作業中,shrine,s4410017,detail,,,八幡神社（はちまんじんじゃ）は、静岡県周智郡森町三倉2511に鎮座する神社です。御祭神は誉田別命。所在地、祭礼の公開情報、地域との関わり、参拝時に守りたいことを一次資料に沿って整理します。,,3,https://morimachi.enshu-lifehack.com/shrine/shrines/s4410017/,False,True,False,19471
/shrine/shrines/s4410018/,八坂神社（やさかじんじゃ） | 静岡県森町ライフハック,⛩️ 八坂神社（やさかじんじゃ）,shrine,enjoy,暮らしを楽しむ,森町の神社を調べる,森町 神社,https://www.town.morimachi.shizuoka.jp/gyosei/machinososhiki/shakaikyoikuka/bunkashinkogakari/2/776.html,2026-08-10,keep,,P2,大石浩之,作業中,shrine,s4410018,detail,,,八坂神社（やさかじんじゃ）は、静岡県周智郡森町西俣731に鎮座する神社です。御祭神は素盞嗚命。所在地、祭礼の公開情報、地域との関わり、参拝時に守りたいことを一次資料に沿って整理します。,,3,https://morimachi.enshu-lifehack.com/shrine/shrines/s4410018/,False,True,False,19371
/shrine/shrines/s4410019/,小川神社（こがわじんじゃ） | 静岡県森町ライフハック,⛩️ 小川神社（こがわじんじゃ）,shrine,enjoy,暮らしを楽しむ,森町の神社を調べる,森町 神社,https://www.town.morimachi.shizuoka.jp/gyosei/machinososhiki/shakaikyoikuka/bunkashinkogakari/2/776.html,2026-08-10,keep,,P2,大石浩之,作業中,shrine,s4410019,detail,,,小川神社（こがわじんじゃ）は、静岡県周智郡森町一宮936に鎮座する神社です。御祭神は大己貴命。所在地、祭礼の公開情報、地域との関わり、参拝時に守りたいことを一次資料に沿って整理します。,,3,https://morimachi.enshu-lifehack.com/shrine/shrines/s4410019/,False,True,False,18854
/shrine/shrines/s4410020/,神明神社（しんめいじんじゃ）｜静岡県森町問詰1538 | 森町ライフハック,⛩️ 神明神社（しんめいじんじゃ）｜森町問詰1538,shrine,enjoy,暮らしを楽しむ,森町の神社を調べる,森町 神社,https://www.town.morimachi.shizuoka.jp/gyosei/machinososhiki/shakaikyoikuka/bunkashinkogakari/2/776.html,2026-08-10,keep,,P2,大石浩之,作業中,shrine,s4410020,detail,,,神明神社（しんめいじんじゃ）は、静岡県周智郡森町問詰1538に鎮座する神社です。御祭神は大日霊貴命。所在地、祭礼の公開情報、地域との関わり、参拝時に守りたいことを一次資料に沿って整理します。,,3,https://morimachi.enshu-lifehack.com/shrine/shrines/s4410020/,False,True,False,19496
/shrine/shrines/s4410021/,八雲神社（やくもじんじゃ） | 静岡県森町ライフハック,⛩️ 八雲神社（やくもじんじゃ）,shrine,enjoy,暮らしを楽しむ,森町の神社を調べる,森町 神社,https://www.town.morimachi.shizuoka.jp/gyosei/machinososhiki/shakaikyoikuka/bunkashinkogakari/2/776.html,2026-08-10,keep,,P2,大石浩之,作業中,shrine,s4410021,detail,,,八雲神社（やくもじんじゃ）は、静岡県周智郡森町円田1067に鎮座する神社です。御祭神は素戔嗚尊。所在地、祭礼の公開情報、地域との関わり、参拝時に守りたいことを一次資料に沿って整理します。,,3,https://morimachi.enshu-lifehack.com/shrine/shrines/s4410021/,False,True,False,18877
/shrine/shrines/s4410022/,岩田神社（いわたじんじゃ） | 静岡県森町ライフハック,⛩️ 岩田神社（いわたじんじゃ）,shrine,enjoy,暮らしを楽しむ,森町の神社を調べる,森町 神社,https://www.town.morimachi.shizuoka.jp/gyosei/machinososhiki/shakaikyoikuka/bunkashinkogakari/2/776.html,2026-08-10,keep,,P2,大石浩之,作業中,shrine,s4410022,detail,,,岩田神社（いわたじんじゃ）は、静岡県周智郡森町牛飼323に鎮座する神社です。御祭神は息長帯姫命。所在地、祭礼の公開情報、地域との関わり、参拝時に守りたいことを一次資料に沿って整理します。,,3,https://morimachi.enshu-lifehack.com/shrine/shrines/s4410022/,False,True,False,18878
/shrine/shrines/s4410023/,八面神社（やおもてじんじゃ） | 静岡県森町ライフハック,⛩️ 八面神社（やおもてじんじゃ）,shrine,enjoy,暮らしを楽しむ,森町の神社を調べる,森町 神社,https://www.town.morimachi.shizuoka.jp/gyosei/machinososhiki/shakaikyoikuka/bunkashinkogakari/2/776.html,2026-08-10,keep,,P2,大石浩之,作業中,shrine,s4410023,detail,,,八面神社（やおもてじんじゃ）は、静岡県周智郡森町一宮1301-1に鎮座する神社です。御祭神は素盞嗚尊。所在地、祭礼の公開情報、地域との関わり、参拝時に守りたいことを一次資料に沿って整理します。,,3,https://morimachi.enshu-lifehack.com/shrine/shrines/s4410023/,False,True,False,18921
/shrine/shrines/s4410024/,神明神社（しんめいじんじゃ）｜静岡県森町三倉3135 | 森町ライフハック,⛩️ 神明神社（しんめいじんじゃ）｜森町三倉3135,shrine,enjoy,暮らしを楽しむ,森町の神社を調べる,森町 神社,https://www.town.morimachi.shizuoka.jp/gyosei/machinososhiki/shakaikyoikuka/bunkashinkogakari/2/776.html,2026-08-10,keep,,P2,大石浩之,作業中,shrine,s4410024,detail,,,神明神社（しんめいじんじゃ）は、静岡県周智郡森町三倉3135に鎮座する神社です。御祭神は天忍穂耳命。所在地、祭礼の公開情報、地域との関わり、参拝時に守りたいことを一次資料に沿って整理します。,,3,https://morimachi.enshu-lifehack.com/shrine/shrines/s4410024/,False,True,False,19494
/shrine/shrines/s4410025/,白髭神社（しろひげじんじゃ） | 静岡県森町ライフハック,⛩️ 白髭神社（しろひげじんじゃ）,shrine,enjoy,暮らしを楽しむ,森町の神社を調べる,森町 神社,https://www.town.morimachi.shizuoka.jp/gyosei/machinososhiki/shakaikyoikuka/bunkashinkogakari/2/776.html,2026-08-10,keep,,P2,大石浩之,作業中,shrine,s4410025,detail,,,白髭神社（しろひげじんじゃ）は、静岡県周智郡森町三倉3924に鎮座する神社です。御祭神は猿田彦命。所在地、祭礼の公開情報、地域との関わり、参拝時に守りたいことを一次資料に沿って整理します。,,3,https://morimachi.enshu-lifehack.com/shrine/shrines/s4410025/,False,True,False,19408
/shrine/shrines/s4410027/,金守神社（かなもりじんじゃ） | 静岡県森町ライフハック,⛩️ 金守神社（かなもりじんじゃ）,shrine,enjoy,暮らしを楽しむ,森町の神社を調べる,森町 神社,https://www.town.morimachi.shizuoka.jp/gyosei/machinososhiki/shakaikyoikuka/bunkashinkogakari/2/776.html,2026-08-10,keep,,P2,大石浩之,作業中,shrine,s4410027,detail,,,金守神社（かなもりじんじゃ）は、静岡県周智郡森町森928に鎮座する神社です。御祭神は１．金刀比羅大神・２．句大兄国押武金日天皇・３．駒形神。所在地、祭礼の公開情報、地域との関わり、参拝時に守りたいことを一次資料に沿って整理します。,,4,https://morimachi.enshu-lifehack.com/shrine/shrines/s4410027/,False,True,False,20267
/shrine/shrines/s4410028/,松尾神社（まつおじんじゃ） | 静岡県森町ライフハック,⛩️ 松尾神社（まつおじんじゃ）,shrine,enjoy,暮らしを楽しむ,森町の神社を調べる,森町 神社,https://www.town.morimachi.shizuoka.jp/gyosei/machinososhiki/shakaikyoikuka/bunkashinkogakari/2/776.html,2026-08-10,keep,,P2,大石浩之,作業中,shrine,s4410028,detail,,,松尾神社（まつおじんじゃ）は、静岡県周智郡森町一宮2761-2に鎮座する神社です。御祭神は大山咋命。所在地、祭礼の公開情報、地域との関わり、参拝時に守りたいことを一次資料に沿って整理します。,,3,https://morimachi.enshu-lifehack.com/shrine/shrines/s4410028/,False,True,False,18902
/shrine/shrines/s4410029/,若宮八幡宮（わかみやはちまんぐう） | 静岡県森町ライフハック,⛩️ 若宮八幡宮（わかみやはちまんぐう）,shrine,enjoy,暮らしを楽しむ,森町の神社を調べる,森町 神社,https://www.town.morimachi.shizuoka.jp/gyosei/machinososhiki/shakaikyoikuka/bunkashinkogakari/2/776.html,2026-08-10,keep,,P2,大石浩之,作業中,shrine,s4410029,detail,,,若宮八幡宮（わかみやはちまんぐう）は、静岡県周智郡森町葛布413に鎮座する神社です。御祭神は大鷦鷯命。所在地、祭礼の公開情報、地域との関わり、参拝時に守りたいことを一次資料に沿って整理します。,,3,https://morimachi.enshu-lifehack.com/shrine/shrines/s4410029/,False,True,False,19508
/shrine/shrines/s4410030/,厳嶋神社（いつくしまじんじゃ） | 静岡県森町ライフハック,⛩️ 厳嶋神社（いつくしまじんじゃ）,shrine,enjoy,暮らしを楽しむ,森町の神社を調べる,森町 神社,https://www.town.morimachi.shizuoka.jp/gyosei/machinososhiki/shakaikyoikuka/bunkashinkogakari/2/776.html,2026-08-10,keep,,P2,大石浩之,作業中,shrine,s4410030,detail,,,厳嶋神社（いつくしまじんじゃ）は、静岡県周智郡森町中川1247に鎮座する神社です。御祭神は市杵島姫命。所在地、祭礼の公開情報、地域との関わり、参拝時に守りたいことを一次資料に沿って整理します。,,3,https://morimachi.enshu-lifehack.com/shrine/shrines/s4410030/,False,True,False,18925
/shrine/shrines/s4410031/,金山神社（かなやまじんじゃ） | 静岡県森町ライフハック,⛩️ 金山神社（かなやまじんじゃ）,shrine,enjoy,暮らしを楽しむ,森町の神社を調べる,森町 神社,https://www.town.morimachi.shizuoka.jp/gyosei/machinososhiki/shakaikyoikuka/bunkashinkogakari/2/776.html,2026-08-10,keep,,P2,大石浩之,作業中,shrine,s4410031,detail,,,金山神社（かなやまじんじゃ）は、静岡県周智郡森町草ヶ谷147-2に鎮座する神社です。御祭神は金山彦命。所在地、祭礼の公開情報、地域との関わり、参拝時に守りたいことを一次資料に沿って整理します。,,3,https://morimachi.enshu-lifehack.com/shrine/shrines/s4410031/,False,True,False,19132
/shrine/shrines/s4410032/,八幡神社（はちまんじんじゃ）｜静岡県森町亀久保493-7 | 森町ライフハック,⛩️ 八幡神社（はちまんじんじゃ）｜森町亀久保493-7,shrine,enjoy,暮らしを楽しむ,森町の神社を調べる,森町 神社,https://www.town.morimachi.shizuoka.jp/gyosei/machinososhiki/shakaikyoikuka/bunkashinkogakari/2/776.html,2026-08-10,keep,,P2,大石浩之,作業中,shrine,s4410032,detail,,,八幡神社（はちまんじんじゃ）は、静岡県周智郡森町亀久保493-7に鎮座する神社です。御祭神は誉田別命。所在地、祭礼の公開情報、地域との関わり、参拝時に守りたいことを一次資料に沿って整理します。,,3,https://morimachi.enshu-lifehack.com/shrine/shrines/s4410032/,False,True,False,19564
/shrine/shrines/s4410033/,若宮八幡神社（わかみやはちまんじんじゃ）｜静岡県森町橘168 | 森町ライフハック,⛩️ 若宮八幡神社（わかみやはちまんじんじゃ）｜森町橘168,shrine,enjoy,暮らしを楽しむ,森町の神社を調べる,森町 神社,https://www.town.morimachi.shizuoka.jp/gyosei/machinososhiki/shakaikyoikuka/bunkashinkogakari/2/776.html,2026-08-10,keep,,P2,大石浩之,作業中,shrine,s4410033,detail,,,若宮八幡神社（わかみやはちまんじんじゃ）は、静岡県周智郡森町橘168に鎮座する神社です。御祭神は大鷦鷯命。所在地、祭礼の公開情報、地域との関わり、参拝時に守りたいことを一次資料に沿って整理します。,,3,https://morimachi.enshu-lifehack.com/shrine/shrines/s4410033/,False,True,False,19637
/shrine/shrines/s4410034/,若宮八幡神社（わかみやはちまんじんじゃ）｜静岡県森町薄場244 | 森町ライフハック,⛩️ 若宮八幡神社（わかみやはちまんじんじゃ）｜森町薄場244,shrine,enjoy,暮らしを楽しむ,森町の神社を調べる,森町 神社,https://www.town.morimachi.shizuoka.jp/gyosei/machinososhiki/shakaikyoikuka/bunkashinkogakari/2/776.html,2026-08-10,keep,,P2,大石浩之,作業中,shrine,s4410034,detail,,,若宮八幡神社（わかみやはちまんじんじゃ）は、静岡県周智郡森町薄場244に鎮座する神社です。御祭神は誉田別命。所在地、祭礼の公開情報、地域との関わり、参拝時に守りたいことを一次資料に沿って整理します。,,3,https://morimachi.enshu-lifehack.com/shrine/shrines/s4410034/,False,True,False,19724
/shrine/shrines/s4410035/,天方神社（あまがたじんじゃ） | 静岡県森町ライフハック,⛩️ 天方神社（あまがたじんじゃ）,shrine,enjoy,暮らしを楽しむ,森町の神社を調べる,森町 神社,https://www.town.morimachi.shizuoka.jp/gyosei/machinososhiki/shakaikyoikuka/bunkashinkogakari/2/776.html,2026-08-10,keep,,P2,大石浩之,作業中,shrine,s4410035,detail,,,天方神社（あまがたじんじゃ）は、静岡県周智郡森町向天方1391-2に鎮座する神社です。御祭神は素盞嗚尊。所在地、祭礼の公開情報、地域との関わり、参拝時に守りたいことを一次資料に沿って整理します。,,3,https://morimachi.enshu-lifehack.com/shrine/shrines/s4410035/,False,True,False,19488
/shrine/shrines/s4410037/,天神社（てんじんじゃ） | 静岡県森町ライフハック,⛩️ 天神社（てんじんじゃ）,shrine,enjoy,暮らしを楽しむ,森町の神社を調べる,森町 神社,https://www.town.morimachi.shizuoka.jp/gyosei/machinososhiki/shakaikyoikuka/bunkashinkogakari/2/776.html,2026-08-10,keep,,P2,大石浩之,作業中,shrine,s4410037,detail,,,天神社（てんじんじゃ）は、静岡県周智郡森町一宮3175に鎮座する神社です。所在地、祭礼の公開情報、地域との関わり、参拝時に守りたいことを一次資料に沿って整理します。,,3,https://morimachi.enshu-lifehack.com/shrine/shrines/s4410037/,False,True,False,18459
/shrine/shrines/s4410038/,八幡神社（はちまんじんじゃ）｜静岡県森町飯田3512-1 | 森町ライフハック,⛩️ 八幡神社（はちまんじんじゃ）｜森町飯田3512-1,shrine,enjoy,暮らしを楽しむ,森町の神社を調べる,森町 神社,https://www.town.morimachi.shizuoka.jp/gyosei/machinososhiki/shakaikyoikuka/bunkashinkogakari/2/776.html,2026-08-10,keep,,P2,大石浩之,作業中,shrine,s4410038,detail,,,八幡神社（はちまんじんじゃ）は、静岡県周智郡森町飯田3512-1に鎮座する神社です。御祭神は応神天皇。所在地、祭礼の公開情報、地域との関わり、参拝時に守りたいことを一次資料に沿って整理します。,,3,https://morimachi.enshu-lifehack.com/shrine/shrines/s4410038/,False,True,False,18313
/shrine/shrines/s4410039/,白山神社（はくさんじんじゃ） | 静岡県森町ライフハック,⛩️ 白山神社（はくさんじんじゃ）,shrine,enjoy,暮らしを楽しむ,森町の神社を調べる,森町 神社,https://www.town.morimachi.shizuoka.jp/gyosei/machinososhiki/shakaikyoikuka/bunkashinkogakari/2/776.html,2026-08-10,keep,,P2,大石浩之,作業中,shrine,s4410039,detail,,,白山神社（はくさんじんじゃ）は、静岡県周智郡森町三倉1562に鎮座する神社です。御祭神は伊弉冉命。所在地、祭礼の公開情報、地域との関わり、参拝時に守りたいことを一次資料に沿って整理します。,,3,https://morimachi.enshu-lifehack.com/shrine/shrines/s4410039/,False,True,False,19398
/shrine/shrines/s4410040/,御嶽神社（みたけじんじゃ） | 静岡県森町ライフハック,⛩️ 御嶽神社（みたけじんじゃ）,shrine,enjoy,暮らしを楽しむ,森町の神社を調べる,森町 神社,https://www.town.morimachi.shizuoka.jp/gyosei/machinososhiki/shakaikyoikuka/bunkashinkogakari/2/776.html,2026-08-10,keep,,P2,大石浩之,作業中,shrine,s4410040,detail,,,御嶽神社（みたけじんじゃ）は、静岡県周智郡森町天宮1141-3に鎮座する神社です。御祭神は国常立命。所在地、祭礼の公開情報、地域との関わり、参拝時に守りたいことを一次資料に沿って整理します。,,3,https://morimachi.enshu-lifehack.com/shrine/shrines/s4410040/,False,True,False,19396
/shrine/shrines/s4410041/,熊野神社（くまのじんじゃ） | 静岡県森町ライフハック,⛩️ 熊野神社（くまのじんじゃ）,shrine,enjoy,暮らしを楽しむ,森町の神社を調べる,森町 神社,https://www.town.morimachi.shizuoka.jp/gyosei/machinososhiki/shakaikyoikuka/bunkashinkogakari/2/776.html,2026-08-10,keep,,P2,大石浩之,作業中,shrine,s4410041,detail,,,熊野神社（くまのじんじゃ）は、静岡県周智郡森町飯田3478-2に鎮座する神社です。御祭神は素盞嗚尊。所在地、祭礼の公開情報、地域との関わり、参拝時に守りたいことを一次資料に沿って整理します。,,3,https://morimachi.enshu-lifehack.com/shrine/shrines/s4410041/,False,True,False,18221
/shrine/shrines/s4410042/,黒石神明神社（くろいししんめいじんじゃ） | 静岡県森町ライフハック,⛩️ 黒石神明神社（くろいししんめいじんじゃ）,shrine,enjoy,暮らしを楽しむ,森町の神社を調べる,森町 神社,https://www.town.morimachi.shizuoka.jp/gyosei/machinososhiki/shakaikyoikuka/bunkashinkogakari/2/776.html,2026-08-10,keep,,P2,大石浩之,作業中,shrine,s4410042,detail,,,黒石神明神社（くろいししんめいじんじゃ）は、静岡県周智郡森町問詰383-3に鎮座する神社です。御祭神は大日尊。所在地、祭礼の公開情報、地域との関わり、参拝時に守りたいことを一次資料に沿って整理します。,,3,https://morimachi.enshu-lifehack.com/shrine/shrines/s4410042/,False,True,False,19665
/shrine/systems/chiiki-koyu/,地域固有・その他の神社 | 静岡県森町ライフハック,🔖 地域固有・その他の神社,shrine,enjoy,暮らしを楽しむ,森町の神社を調べる,森町 神社,,2026-08-10,keep,,P2,大石浩之,作業中,shrine,chiiki-koyu,detail,,,静岡県周智郡森町の神社のうち、地域固有・その他に分類した10社です。上のいずれにも収まらない、その土地に固有の社。,,0,https://morimachi.enshu-lifehack.com/shrine/systems/chiiki-koyu/,False,True,False,9165
/shrine/systems/gion-susanoo/,祇園・素盞嗚系の神社 | 静岡県森町ライフハック,🔖 祇園・素盞嗚系の神社,shrine,enjoy,暮らしを楽しむ,森町の神社を調べる,森町 神社,,2026-08-10,keep,,P2,大石浩之,作業中,shrine,gion-susanoo,detail,,,静岡県周智郡森町の神社のうち、祇園・素盞嗚系に分類した8社です。素盞嗚命を祀る八坂・八雲・山名などの系統。山名神社の天王祭舞楽もこの流れ。,,0,https://morimachi.enshu-lifehack.com/shrine/systems/gion-susanoo/,False,True,False,8883
/shrine/systems/hachiman/,八幡系の神社 | 静岡県森町ライフハック,🔖 八幡系の神社,shrine,enjoy,暮らしを楽しむ,森町の神社を調べる,森町 神社,,2026-08-10,keep,,P2,大石浩之,作業中,shrine,hachiman,detail,,,静岡県周智郡森町の神社のうち、八幡系に分類した10社です。誉田別命（応神天皇）を祀る八幡神社群。森町では最も数が多い。,,0,https://morimachi.enshu-lifehack.com/shrine/systems/hachiman/,False,True,False,9248
/shrine/systems/ichinomiya/,一宮・国造系の神社 | 静岡県森町ライフハック,🔖 一宮・国造系の神社,shrine,enjoy,暮らしを楽しむ,森町の神社を調べる,森町 神社,,2026-08-10,keep,,P2,大石浩之,作業中,shrine,ichinomiya,detail,,,静岡県周智郡森町の神社のうち、一宮・国造系に分類した1社です。遠江国一宮・小國神社を核とする系統。森町の神社を語るうえでの中心。,,0,https://morimachi.enshu-lifehack.com/shrine/systems/ichinomiya/,False,True,False,7206
/shrine/systems/sangaku/,山岳・修験系の神社 | 静岡県森町ライフハック,🔖 山岳・修験系の神社,shrine,enjoy,暮らしを楽しむ,森町の神社を調べる,森町 神社,,2026-08-10,keep,,P2,大石浩之,作業中,shrine,sangaku,detail,,,静岡県周智郡森町の神社のうち、山岳・修験系に分類した3社です。御嶽・白山・金山など山の信仰にかかわる系統。秋葉街道沿いの中山間地に多い。,,0,https://morimachi.enshu-lifehack.com/shrine/systems/sangaku/,False,True,False,7711
/shrine/systems/shinmei/,神明・伊勢系の神社 | 静岡県森町ライフハック,🔖 神明・伊勢系の神社,shrine,enjoy,暮らしを楽しむ,森町の神社を調べる,森町 神社,,2026-08-10,keep,,P2,大石浩之,作業中,shrine,shinmei,detail,,,静岡県周智郡森町の神社のうち、神明・伊勢系に分類した5社です。天照大神を祀る神明社・神明宮の系統。,,0,https://morimachi.enshu-lifehack.com/shrine/systems/shinmei/,False,True,False,7964
/shrine/systems/suijin/,水神・水運系の神社 | 静岡県森町ライフハック,🔖 水神・水運系の神社,shrine,enjoy,暮らしを楽しむ,森町の神社を調べる,森町 神社,,2026-08-10,keep,,P2,大石浩之,作業中,shrine,suijin,detail,,,静岡県周智郡森町の神社のうち、水神・水運系に分類した2社です。宗像三女神・市杵島姫命など水にかかわる神を祀る系統。太田川水系に沿って分布する。,,0,https://morimachi.enshu-lifehack.com/shrine/systems/suijin/,False,True,False,7557
/temple/about/,このデータベースについて（静岡県森町の寺院） | 森町ライフハック,📋 このデータベースについて（森町の寺院）,temple,enjoy,暮らしを楽しむ,森町の寺院を調べる,森町 寺院,https://www.town.morimachi.shizuoka.jp/gyosei/machinososhiki/shakaikyoikuka/bunkashinkogakari/2/774.html,2026-08-10,keep,,P2,大石浩之,作業中,temple,about,detail,,,静岡県周智郡森町の寺院データベースの出典・2つの資料の食い違い・編集方針・修正依頼の窓口をまとめています。,0538-31-3308,1,https://morimachi.enshu-lifehack.com/temple/about/,False,True,False,9259
/temple/areas/amagata/,天方地区の寺院 | 静岡県森町ライフハック,🗺️ 天方地区の寺院,temple,enjoy,暮らしを楽しむ,森町の寺院を調べる,森町 寺院,,2026-08-10,keep,,P2,大石浩之,作業中,temple,amagata,detail,,,静岡県周智郡森町天方地区（旧天方村）の寺院5ヶ寺をまとめています。秋葉街道沿いの中山間地。,,0,https://morimachi.enshu-lifehack.com/temple/areas/amagata/,False,True,False,11512
/temple/areas/ichinomiya/,一宮地区の寺院 | 静岡県森町ライフハック,🗺️ 一宮地区の寺院,temple,enjoy,暮らしを楽しむ,森町の寺院を調べる,森町 寺院,,2026-08-10,keep,,P2,大石浩之,作業中,temple,ichinomiya,detail,,,静岡県周智郡森町一宮地区（旧一宮村）の寺院4ヶ寺をまとめています。遠江国一宮・小國神社が鎮座する地区。,,0,https://morimachi.enshu-lifehack.com/temple/areas/ichinomiya/,False,True,False,11201
/temple/areas/iida/,飯田地区の寺院 | 静岡県森町ライフハック,🗺️ 飯田地区の寺院,temple,enjoy,暮らしを楽しむ,森町の寺院を調べる,森町 寺院,,2026-08-10,keep,,P2,大石浩之,作業中,temple,iida,detail,,,静岡県周智郡森町飯田地区（旧飯田村）の寺院6ヶ寺をまとめています。山名神社が鎮座する地区。,,0,https://morimachi.enshu-lifehack.com/temple/areas/iida/,False,True,False,11232
/temple/areas/mikura/,三倉地区の寺院 | 静岡県森町ライフハック,🗺️ 三倉地区の寺院,temple,enjoy,暮らしを楽しむ,森町の寺院を調べる,森町 寺院,,2026-08-10,keep,,P2,大石浩之,作業中,temple,mikura,detail,,,静岡県周智郡森町三倉地区（旧三倉村）の寺院6ヶ寺をまとめています。町の最北部。森町で最も遅く合併した地区。,,0,https://morimachi.enshu-lifehack.com/temple/areas/mikura/,False,True,False,11426
/temple/areas/mori/,森地区の寺院 | 静岡県森町ライフハック,🗺️ 森地区の寺院,temple,enjoy,暮らしを楽しむ,森町の寺院を調べる,森町 寺院,,2026-08-10,keep,,P2,大石浩之,作業中,temple,mori,detail,,,静岡県周智郡森町森地区（旧森町）の寺院8ヶ寺をまとめています。町の中心市街。「遠州の小京都」と呼ばれる町並みがある。,,0,https://morimachi.enshu-lifehack.com/temple/areas/mori/,False,True,False,12206
/temple/areas/sonoda/,園田地区の寺院 | 静岡県森町ライフハック,🗺️ 園田地区の寺院,temple,enjoy,暮らしを楽しむ,森町の寺院を調べる,森町 寺院,,2026-08-10,keep,,P2,大石浩之,作業中,temple,sonoda,detail,,,静岡県周智郡森町園田地区（旧園田村）の寺院5ヶ寺をまとめています。太田川沿いの平地。,,0,https://morimachi.enshu-lifehack.com/temple/areas/sonoda/,False,True,False,11177
/temple/family-grave-record/,静岡県森町の寺院と墓地を家族で記録する｜相続前の整理 | 森町ライフハック,森町の寺院と墓地を家族で記録する｜相続前の整理,temple,enjoy,暮らしを楽しむ,森町の寺院を調べる,森町 寺院,https://www.town.morimachi.shizuoka.jp/gyosei/lifeevent/okuyami/1830.html,,keep,,P2,大石浩之,作業中,temple,family-grave-record,detail,,,静岡県周智郡森町の寺院と墓地を家族で記録する。対象条件、必要資料、森町の公式窓口、確認する順番を分かりやすく整理します。実行前の注意点と家族へ残す記録も案内します。,,2,https://morimachi.enshu-lifehack.com/temple/family-grave-record/,True,True,False,37288
/temple/guide/,法要・帰省・実家じまいのガイド | 静岡県森町ライフハック,🧭 法要・帰省・実家じまいのガイド,temple,enjoy,暮らしを楽しむ,森町の寺院を調べる,森町 寺院,,2026-08-10,keep,,P2,大石浩之,作業中,temple,guide,detail,,,静岡県周智郡森町の菩提寺との関わりと、実家じまい・墓じまい・農地の承継をどの順に考えるかを整理しています。,,0,https://morimachi.enshu-lifehack.com/temple/guide/,False,True,False,8322
/temple/,静岡県森町の寺院 | 森町ライフハック,🛕 森町の寺院,temple,enjoy,暮らしを楽しむ,森町の寺院を調べる,森町 寺院,,2026-08-10,keep,,P2,大石浩之,作業中,temple,index,hub,,,静岡県周智郡森町（遠州森町）の寺院35ヶ寺を、宗派別・地区別に整理したデータベースです。出典は宗教法人名簿と森町公式資料。,,0,https://morimachi.enshu-lifehack.com/temple/,False,True,False,8561
/temple/sects/jodo/,浄土宗の寺院（静岡県森町） | 森町ライフハック,🔖 浄土宗の寺院（森町）,temple,enjoy,暮らしを楽しむ,森町の寺院を調べる,森町 寺院,,2026-08-10,keep,,P2,大石浩之,作業中,temple,jodo,detail,,,静岡県周智郡森町の浄土宗の寺院1ヶ寺です。一宮に1ヶ寺。,,0,https://morimachi.enshu-lifehack.com/temple/sects/jodo/,False,True,False,9741
/temple/sects/nichiren/,日蓮宗の寺院（静岡県森町） | 森町ライフハック,🔖 日蓮宗の寺院（森町）,temple,enjoy,暮らしを楽しむ,森町の寺院を調べる,森町 寺院,,2026-08-10,keep,,P2,大石浩之,作業中,temple,nichiren,detail,,,静岡県周智郡森町の日蓮宗の寺院2ヶ寺です。向天方と飯田に1ヶ寺ずつ。,,0,https://morimachi.enshu-lifehack.com/temple/sects/nichiren/,False,True,False,9856
/temple/sects/shingon/,真言宗の寺院（静岡県森町） | 森町ライフハック,🔖 真言宗の寺院（森町）,temple,enjoy,暮らしを楽しむ,森町の寺院を調べる,森町 寺院,,2026-08-10,keep,,P2,大石浩之,作業中,temple,shingon,detail,,,静岡県周智郡森町の真言宗の寺院2ヶ寺です。御室派と智山派が1ヶ寺ずつ。金剛院の山門は町の文化財に指定されている。,,0,https://morimachi.enshu-lifehack.com/temple/sects/shingon/,False,True,False,10130
/temple/sects/soto/,曹洞宗の寺院（静岡県森町） | 森町ライフハック,🔖 曹洞宗の寺院（森町）,temple,enjoy,暮らしを楽しむ,森町の寺院を調べる,森町 寺院,,2026-08-10,keep,,P2,大石浩之,作業中,temple,soto,detail,,,静岡県周智郡森町の曹洞宗の寺院28ヶ寺です。県名簿の27法人に、森町の寺院建築資料に載る陽向院を加えた一覧。資料ごとの差を分けて示している。,,0,https://morimachi.enshu-lifehack.com/temple/sects/soto/,False,True,False,15399
/temple/sects/tendai/,天台宗の寺院（静岡県森町） | 森町ライフハック,🔖 天台宗の寺院（森町）,temple,enjoy,暮らしを楽しむ,森町の寺院を調べる,森町 寺院,,2026-08-10,keep,,P2,大石浩之,作業中,temple,tendai,detail,,,静岡県周智郡森町の天台宗の寺院2ヶ寺です。森と一宮に1ヶ寺ずつ。,,0,https://morimachi.enshu-lifehack.com/temple/sects/tendai/,False,True,False,9763
/temple/temples/,静岡県森町の寺院35ヶ寺｜写真・地区・宗派から探す,📜 森町の寺院一覧,temple,enjoy,暮らしを楽しむ,森町の寺院を調べる,森町 寺院,,2026-08-10,keep,,P2,大石浩之,作業中,temple,temples,detail,,,静岡県周智郡森町（遠州森町）の寺院35ヶ寺の一覧です。宗教法人名簿と森町公式資料をもとにしています。,,0,https://morimachi.enshu-lifehack.com/temple/temples/,False,True,False,13005
/temple/temples/t01/,蓮増院 | 静岡県森町ライフハック,🛕 蓮増院,temple,enjoy,暮らしを楽しむ,森町の寺院を調べる,森町 寺院,https://www.town.morimachi.shizuoka.jp/gyosei/kanko_bunka/bunka/zusetsumorichoushi/1718.html,2026-08-10,keep,,P2,大石浩之,作業中,temple,t01,detail,,,蓮増院（天台宗）は、静岡県周智郡森町一宮3903にある天台宗の寺院です。所在地、建築や文化財の公開記録、参拝前に確認したいことを一次資料に沿って整理します。,,3,https://morimachi.enshu-lifehack.com/temple/temples/t01/,False,True,False,18522
/temple/temples/t02/,蓮華寺 | 静岡県森町ライフハック,🛕 蓮華寺,temple,enjoy,暮らしを楽しむ,森町の寺院を調べる,森町 寺院,https://www.town.morimachi.shizuoka.jp/gyosei/machinososhiki/shakaikyoikuka/bunkashinkogakari/2/774.html,2026-08-10,keep,,P2,大石浩之,作業中,temple,t02,detail,,,蓮華寺（天台宗）は、静岡県周智郡森町森2144にある天台宗の寺院です。所在地、建築や文化財の公開記録、参拝前に確認したいことを一次資料に沿って整理します。,,1,https://morimachi.enshu-lifehack.com/temple/temples/t02/,False,True,False,11984
/temple/temples/t03/,金剛院 | 静岡県森町ライフハック,🛕 金剛院,temple,enjoy,暮らしを楽しむ,森町の寺院を調べる,森町 寺院,https://www.town.morimachi.shizuoka.jp/gyosei/kanko_bunka/bunka/zusetsumorichoushi/1718.html,2026-08-10,keep,,P2,大石浩之,作業中,temple,t03,detail,,,金剛院（真言宗）は、静岡県周智郡森町三倉2308にある真言宗の寺院です。所在地、建築や文化財の公開記録、参拝前に確認したいことを一次資料に沿って整理します。,,3,https://morimachi.enshu-lifehack.com/temple/temples/t03/,False,True,False,19155
/temple/temples/t04/,遍照寺 | 静岡県森町ライフハック,🛕 遍照寺,temple,enjoy,暮らしを楽しむ,森町の寺院を調べる,森町 寺院,https://www.town.morimachi.shizuoka.jp/gyosei/kanko_bunka/bunka/zusetsumorichoushi/1718.html,2026-08-10,keep,,P2,大石浩之,作業中,temple,t04,detail,,,遍照寺（真言宗）は、静岡県周智郡森町飯田2130にある真言宗の寺院です。所在地、建築や文化財の公開記録、参拝前に確認したいことを一次資料に沿って整理します。,,4,https://morimachi.enshu-lifehack.com/temple/temples/t04/,False,True,False,19336
/temple/temples/t05/,安養院 | 静岡県森町ライフハック,🛕 安養院,temple,enjoy,暮らしを楽しむ,森町の寺院を調べる,森町 寺院,https://www.town.morimachi.shizuoka.jp/gyosei/kanko_bunka/bunka/zusetsumorichoushi/1718.html,2026-08-10,keep,,P2,大石浩之,作業中,temple,t05,detail,,,安養院（浄土宗）は、静岡県周智郡森町一宮322にある浄土宗の寺院です。所在地、建築や文化財の公開記録、参拝前に確認したいことを一次資料に沿って整理します。,,3,https://morimachi.enshu-lifehack.com/temple/temples/t05/,False,True,False,18548
/temple/temples/t06/,極楽寺 | 静岡県森町ライフハック,🛕 極楽寺,temple,enjoy,暮らしを楽しむ,森町の寺院を調べる,森町 寺院,https://www.town.morimachi.shizuoka.jp/gyosei/kanko_bunka/bunka/zusetsumorichoushi/1718.html,2026-08-10,keep,,P2,大石浩之,作業中,temple,t06,detail,,,極楽寺（曹洞宗）は、静岡県周智郡森町一宮5709にある曹洞宗の寺院です。所在地、建築や文化財の公開記録、参拝前に確認したいことを一次資料に沿って整理します。,,4,https://morimachi.enshu-lifehack.com/temple/temples/t06/,False,True,False,19026
/temple/temples/t07/,大洞院 | 静岡県森町ライフハック,🛕 大洞院,temple,enjoy,暮らしを楽しむ,森町の寺院を調べる,森町 寺院,https://www.town.morimachi.shizuoka.jp/gyosei/kanko_bunka/bunka/zusetsumorichoushi/1718.html,2026-08-10,keep,,P2,大石浩之,作業中,temple,t07,detail,,,大洞院（曹洞宗）は、静岡県周智郡森町橘249にある曹洞宗の寺院です。所在地、建築や文化財の公開記録、参拝前に確認したいことを一次資料に沿って整理します。,,3,https://morimachi.enshu-lifehack.com/temple/temples/t07/,False,True,False,19235
/temple/temples/t08/,梅林院 | 静岡県森町ライフハック,🛕 梅林院,temple,enjoy,暮らしを楽しむ,森町の寺院を調べる,森町 寺院,https://www.town.morimachi.shizuoka.jp/gyosei/kanko_bunka/bunka/zusetsumorichoushi/1718.html,2026-08-10,keep,,P2,大石浩之,作業中,temple,t08,detail,,,梅林院（曹洞宗）は、静岡県周智郡森町森2345にある曹洞宗の寺院です。所在地、建築や文化財の公開記録、参拝前に確認したいことを一次資料に沿って整理します。,,3,https://morimachi.enshu-lifehack.com/temple/temples/t08/,False,True,False,19148
/temple/temples/t09/,隨松寺 | 静岡県森町ライフハック,🛕 隨松寺,temple,enjoy,暮らしを楽しむ,森町の寺院を調べる,森町 寺院,https://www.town.morimachi.shizuoka.jp/gyosei/kanko_bunka/bunka/zusetsumorichoushi/1718.html,2026-08-10,keep,,P2,大石浩之,作業中,temple,t09,detail,,,隨松寺（曹洞宗）は、静岡県周智郡森町森2318にある曹洞宗の寺院です。所在地、建築や文化財の公開記録、参拝前に確認したいことを一次資料に沿って整理します。,,3,https://morimachi.enshu-lifehack.com/temple/temples/t09/,False,True,False,19341
/temple/temples/t10/,宝太寺 | 静岡県森町ライフハック,🛕 宝太寺,temple,enjoy,暮らしを楽しむ,森町の寺院を調べる,森町 寺院,https://www.town.morimachi.shizuoka.jp/gyosei/kanko_bunka/bunka/zusetsumorichoushi/1718.html,2026-08-10,keep,,P2,大石浩之,作業中,temple,t10,detail,,,宝太寺（曹洞宗）は、静岡県周智郡森町向天方1128にある曹洞宗の寺院です。所在地、建築や文化財の公開記録、参拝前に確認したいことを一次資料に沿って整理します。,,3,https://morimachi.enshu-lifehack.com/temple/temples/t10/,False,True,False,19223
/temple/temples/t11/,西光寺 | 静岡県森町ライフハック,🛕 西光寺,temple,enjoy,暮らしを楽しむ,森町の寺院を調べる,森町 寺院,https://www.town.morimachi.shizuoka.jp/gyosei/kanko_bunka/bunka/zusetsumorichoushi/1718.html,2026-08-10,keep,,P2,大石浩之,作業中,temple,t11,detail,,,西光寺（曹洞宗）は、静岡県周智郡森町森473にある曹洞宗の寺院です。所在地、建築や文化財の公開記録、参拝前に確認したいことを一次資料に沿って整理します。,,3,https://morimachi.enshu-lifehack.com/temple/temples/t11/,False,True,False,19136
/temple/temples/t12/,萬松寺 | 静岡県森町ライフハック,🛕 萬松寺,temple,enjoy,暮らしを楽しむ,森町の寺院を調べる,森町 寺院,https://www.town.morimachi.shizuoka.jp/gyosei/kanko_bunka/bunka/zusetsumorichoushi/1718.html,2026-08-10,keep,,P2,大石浩之,作業中,temple,t12,detail,,,萬松寺（曹洞宗）は、静岡県周智郡森町天宮972にある曹洞宗の寺院です。所在地、建築や文化財の公開記録、参拝前に確認したいことを一次資料に沿って整理します。,,3,https://morimachi.enshu-lifehack.com/temple/temples/t12/,False,True,False,19370
/temple/temples/t13/,藏雲院 | 静岡県森町ライフハック,🛕 藏雲院,temple,enjoy,暮らしを楽しむ,森町の寺院を調べる,森町 寺院,https://www.town.morimachi.shizuoka.jp/gyosei/kanko_bunka/bunka/zusetsumorichoushi/1718.html,2026-08-10,keep,,P2,大石浩之,作業中,temple,t13,detail,,,藏雲院（曹洞宗）は、静岡県周智郡森町大鳥居540-1にある曹洞宗の寺院です。所在地、建築や文化財の公開記録、参拝前に確認したいことを一次資料に沿って整理します。,,3,https://morimachi.enshu-lifehack.com/temple/temples/t13/,False,True,False,18861
/temple/temples/t14/,自得院 | 静岡県森町ライフハック,🛕 自得院,temple,enjoy,暮らしを楽しむ,森町の寺院を調べる,森町 寺院,https://www.town.morimachi.shizuoka.jp/gyosei/kanko_bunka/bunka/zusetsumorichoushi/1718.html,2026-08-10,keep,,P2,大石浩之,作業中,temple,t14,detail,,,自得院（曹洞宗）は、静岡県周智郡森町鍛冶島522-1にある曹洞宗の寺院です。所在地、建築や文化財の公開記録、参拝前に確認したいことを一次資料に沿って整理します。,,3,https://morimachi.enshu-lifehack.com/temple/temples/t14/,False,True,False,18699
/temple/temples/t15/,萬福寺 | 静岡県森町ライフハック,🛕 萬福寺,temple,enjoy,暮らしを楽しむ,森町の寺院を調べる,森町 寺院,https://www.town.morimachi.shizuoka.jp/gyosei/kanko_bunka/bunka/zusetsumorichoushi/1718.html,2026-08-10,keep,,P2,大石浩之,作業中,temple,t15,detail,,,萬福寺（曹洞宗）は、静岡県周智郡森町問詰388にある曹洞宗の寺院です。所在地、建築や文化財の公開記録、参拝前に確認したいことを一次資料に沿って整理します。,,3,https://morimachi.enshu-lifehack.com/temple/temples/t15/,False,True,False,18829
/temple/temples/t16/,福泉寺 | 静岡県森町ライフハック,🛕 福泉寺,temple,enjoy,暮らしを楽しむ,森町の寺院を調べる,森町 寺院,https://www.town.morimachi.shizuoka.jp/gyosei/kanko_bunka/bunka/zusetsumorichoushi/1718.html,2026-08-10,keep,,P2,大石浩之,作業中,temple,t16,detail,,,福泉寺（曹洞宗）は、静岡県周智郡森町西俣50にある曹洞宗の寺院です。所在地、建築や文化財の公開記録、参拝前に確認したいことを一次資料に沿って整理します。,,3,https://morimachi.enshu-lifehack.com/temple/temples/t16/,False,True,False,18700
/temple/temples/t17/,古心庵 | 静岡県森町ライフハック,🛕 古心庵,temple,enjoy,暮らしを楽しむ,森町の寺院を調べる,森町 寺院,https://www.town.morimachi.shizuoka.jp/gyosei/kanko_bunka/bunka/zusetsumorichoushi/1718.html,2026-08-10,keep,,P2,大石浩之,作業中,temple,t17,detail,,,古心庵（曹洞宗）は、静岡県周智郡森町葛布288にある曹洞宗の寺院です。所在地、建築や文化財の公開記録、参拝前に確認したいことを一次資料に沿って整理します。,,3,https://morimachi.enshu-lifehack.com/temple/temples/t17/,False,True,False,18763
/temple/temples/t18/,全光寺 | 静岡県森町ライフハック,🛕 全光寺,temple,enjoy,暮らしを楽しむ,森町の寺院を調べる,森町 寺院,https://www.town.morimachi.shizuoka.jp/gyosei/kanko_bunka/bunka/zusetsumorichoushi/1718.html,2026-08-10,keep,,P2,大石浩之,作業中,temple,t18,detail,,,全光寺（曹洞宗）は、静岡県周智郡森町三倉2257にある曹洞宗の寺院です。所在地、建築や文化財の公開記録、参拝前に確認したいことを一次資料に沿って整理します。,,3,https://morimachi.enshu-lifehack.com/temple/temples/t18/,False,True,False,18949
/temple/temples/t19/,蔵泉寺 | 静岡県森町ライフハック,🛕 蔵泉寺,temple,enjoy,暮らしを楽しむ,森町の寺院を調べる,森町 寺院,https://www.town.morimachi.shizuoka.jp/gyosei/kanko_bunka/bunka/zusetsumorichoushi/1718.html,2026-08-10,keep,,P2,大石浩之,作業中,temple,t19,detail,,,蔵泉寺（曹洞宗）は、静岡県周智郡森町三倉4935にある曹洞宗の寺院です。所在地、建築や文化財の公開記録、参拝前に確認したいことを一次資料に沿って整理します。,,5,https://morimachi.enshu-lifehack.com/temple/temples/t19/,False,True,False,19400
/temple/temples/t20/,長月寺 | 静岡県森町ライフハック,🛕 長月寺,temple,enjoy,暮らしを楽しむ,森町の寺院を調べる,森町 寺院,https://www.town.morimachi.shizuoka.jp/gyosei/kanko_bunka/bunka/zusetsumorichoushi/1718.html,2026-08-10,keep,,P2,大石浩之,作業中,temple,t20,detail,,,長月寺（曹洞宗）は、静岡県周智郡森町三倉3196にある曹洞宗の寺院です。所在地、建築や文化財の公開記録、参拝前に確認したいことを一次資料に沿って整理します。,,3,https://morimachi.enshu-lifehack.com/temple/temples/t20/,False,True,False,18804
/temple/temples/t21/,太慶寺 | 静岡県森町ライフハック,🛕 太慶寺,temple,enjoy,暮らしを楽しむ,森町の寺院を調べる,森町 寺院,https://www.town.morimachi.shizuoka.jp/gyosei/kanko_bunka/bunka/zusetsumorichoushi/1718.html,2026-08-10,keep,,P2,大石浩之,作業中,temple,t21,detail,,,太慶寺（曹洞宗）は、静岡県周智郡森町三倉4339にある曹洞宗の寺院です。所在地、建築や文化財の公開記録、参拝前に確認したいことを一次資料に沿って整理します。,,3,https://morimachi.enshu-lifehack.com/temple/temples/t21/,False,True,False,18775
/temple/temples/t22/,榮泉寺 | 静岡県森町ライフハック,🛕 榮泉寺,temple,enjoy,暮らしを楽しむ,森町の寺院を調べる,森町 寺院,https://www.town.morimachi.shizuoka.jp/gyosei/kanko_bunka/bunka/zusetsumorichoushi/1718.html,2026-08-10,keep,,P2,大石浩之,作業中,temple,t22,detail,,,榮泉寺（曹洞宗）は、静岡県周智郡森町三倉707にある曹洞宗の寺院です。本堂は元禄9年（1696年）建立で、森町の寺院建築では最古の記録とされています。所在地、建築や文化財の公開記録、参拝前に確認したいことを一次資料に沿って整理します。,,3,https://morimachi.enshu-lifehack.com/temple/temples/t22/,False,True,False,21224
/temple/temples/t23/,崇信寺 | 静岡県森町ライフハック,🛕 崇信寺,temple,enjoy,暮らしを楽しむ,森町の寺院を調べる,森町 寺院,https://www.town.morimachi.shizuoka.jp/gyosei/kanko_bunka/bunka/zusetsumorichoushi/1718.html,2026-08-10,keep,,P2,大石浩之,作業中,temple,t23,detail,,,崇信寺（曹洞宗）は、静岡県周智郡森町飯田3052にある曹洞宗の寺院です。所在地、建築や文化財の公開記録、参拝前に確認したいことを一次資料に沿って整理します。,,3,https://morimachi.enshu-lifehack.com/temple/temples/t23/,False,True,False,18879
/temple/temples/t24/,泉龍寺 | 静岡県森町ライフハック,🛕 泉龍寺,temple,enjoy,暮らしを楽しむ,森町の寺院を調べる,森町 寺院,https://www.town.morimachi.shizuoka.jp/gyosei/kanko_bunka/bunka/zusetsumorichoushi/1718.html,2026-08-10,keep,,P2,大石浩之,作業中,temple,t24,detail,,,泉龍寺（曹洞宗）は、静岡県周智郡森町睦実1621にある曹洞宗の寺院です。所在地、建築や文化財の公開記録、参拝前に確認したいことを一次資料に沿って整理します。,,3,https://morimachi.enshu-lifehack.com/temple/temples/t24/,False,True,False,18983
/temple/temples/t25/,玉泉寺 | 静岡県森町ライフハック,🛕 玉泉寺,temple,enjoy,暮らしを楽しむ,森町の寺院を調べる,森町 寺院,https://www.town.morimachi.shizuoka.jp/gyosei/kanko_bunka/bunka/zusetsumorichoushi/1718.html,2026-08-10,keep,,P2,大石浩之,作業中,temple,t25,detail,,,玉泉寺（曹洞宗）は、静岡県周智郡森町睦実2325にある曹洞宗の寺院です。所在地、建築や文化財の公開記録、参拝前に確認したいことを一次資料に沿って整理します。,,3,https://morimachi.enshu-lifehack.com/temple/temples/t25/,False,True,False,18920
/temple/temples/t26/,宗源寺 | 静岡県森町ライフハック,🛕 宗源寺,temple,enjoy,暮らしを楽しむ,森町の寺院を調べる,森町 寺院,https://www.town.morimachi.shizuoka.jp/gyosei/kanko_bunka/bunka/zusetsumorichoushi/1718.html,2026-08-10,keep,,P2,大石浩之,作業中,temple,t26,detail,,,宗源寺（曹洞宗）は、静岡県周智郡森町睦実227にある曹洞宗の寺院です。所在地、建築や文化財の公開記録、参拝前に確認したいことを一次資料に沿って整理します。,,3,https://morimachi.enshu-lifehack.com/temple/temples/t26/,False,True,False,18786
/temple/temples/t27/,香勝寺 | 静岡県森町ライフハック,🛕 香勝寺,temple,enjoy,暮らしを楽しむ,森町の寺院を調べる,森町 寺院,https://www.town.morimachi.shizuoka.jp/gyosei/kanko_bunka/bunka/zusetsumorichoushi/1718.html,2026-08-10,keep,,P2,大石浩之,作業中,temple,t27,detail,,,香勝寺（曹洞宗）は、静岡県周智郡森町草ヶ谷968にある曹洞宗の寺院です。所在地、建築や文化財の公開記録、参拝前に確認したいことを一次資料に沿って整理します。,,3,https://morimachi.enshu-lifehack.com/temple/temples/t27/,False,True,False,18883
/temple/temples/t28/,雲林寺 | 静岡県森町ライフハック,🛕 雲林寺,temple,enjoy,暮らしを楽しむ,森町の寺院を調べる,森町 寺院,https://www.town.morimachi.shizuoka.jp/gyosei/kanko_bunka/bunka/zusetsumorichoushi/1718.html,2026-08-10,keep,,P2,大石浩之,作業中,temple,t28,detail,,,雲林寺（曹洞宗）は、静岡県周智郡森町中川43-2にある曹洞宗の寺院です。所在地、建築や文化財の公開記録、参拝前に確認したいことを一次資料に沿って整理します。,,3,https://morimachi.enshu-lifehack.com/temple/temples/t28/,False,True,False,18762
/temple/temples/t29/,地蔵寺 | 静岡県森町ライフハック,🛕 地蔵寺,temple,enjoy,暮らしを楽しむ,森町の寺院を調べる,森町 寺院,https://www.town.morimachi.shizuoka.jp/gyosei/kanko_bunka/bunka/zusetsumorichoushi/1718.html,2026-08-10,keep,,P2,大石浩之,作業中,temple,t29,detail,,,地蔵寺（曹洞宗）は、静岡県周智郡森町中川1269にある曹洞宗の寺院です。所在地、建築や文化財の公開記録、参拝前に確認したいことを一次資料に沿って整理します。,,3,https://morimachi.enshu-lifehack.com/temple/temples/t29/,False,True,False,18762
/temple/temples/t30/,大福寺 | 静岡県森町ライフハック,🛕 大福寺,temple,enjoy,暮らしを楽しむ,森町の寺院を調べる,森町 寺院,https://www.town.morimachi.shizuoka.jp/gyosei/kanko_bunka/bunka/zusetsumorichoushi/1718.html,2026-08-10,keep,,P2,大石浩之,作業中,temple,t30,detail,,,大福寺（曹洞宗）は、静岡県周智郡森町牛飼409にある曹洞宗の寺院です。所在地、建築や文化財の公開記録、参拝前に確認したいことを一次資料に沿って整理します。,,3,https://morimachi.enshu-lifehack.com/temple/temples/t30/,False,True,False,18753
/temple/temples/t31/,全生寺 | 静岡県森町ライフハック,🛕 全生寺,temple,enjoy,暮らしを楽しむ,森町の寺院を調べる,森町 寺院,https://www.town.morimachi.shizuoka.jp/gyosei/kanko_bunka/bunka/zusetsumorichoushi/1718.html,2026-08-10,keep,,P2,大石浩之,作業中,temple,t31,detail,,,全生寺（曹洞宗）は、静岡県周智郡森町円田1076-1にある曹洞宗の寺院です。所在地、建築や文化財の公開記録、参拝前に確認したいことを一次資料に沿って整理します。,,3,https://morimachi.enshu-lifehack.com/temple/temples/t31/,False,True,False,18699
/temple/temples/t32/,高雲寺 | 静岡県森町ライフハック,🛕 高雲寺,temple,enjoy,暮らしを楽しむ,森町の寺院を調べる,森町 寺院,https://www.town.morimachi.shizuoka.jp/gyosei/kanko_bunka/bunka/zusetsumorichoushi/1718.html,2026-08-10,keep,,P2,大石浩之,作業中,temple,t32,detail,,,高雲寺（曹洞宗）は、静岡県周智郡森町一宮3167にある曹洞宗の寺院です。所在地、建築や文化財の公開記録、参拝前に確認したいことを一次資料に沿って整理します。,,3,https://morimachi.enshu-lifehack.com/temple/temples/t32/,False,True,False,18487
/temple/temples/t33/,報恩寺 | 静岡県森町ライフハック,🛕 報恩寺,temple,enjoy,暮らしを楽しむ,森町の寺院を調べる,森町 寺院,https://www.town.morimachi.shizuoka.jp/gyosei/kanko_bunka/bunka/zusetsumorichoushi/1718.html,2026-08-10,keep,,P2,大石浩之,作業中,temple,t33,detail,,,報恩寺（日蓮宗）は、静岡県周智郡森町向天方1255-1にある日蓮宗の寺院です。所在地、建築や文化財の公開記録、参拝前に確認したいことを一次資料に沿って整理します。,,3,https://morimachi.enshu-lifehack.com/temple/temples/t33/,False,True,False,19249
/temple/temples/t34/,本立寺 | 静岡県森町ライフハック,🛕 本立寺,temple,enjoy,暮らしを楽しむ,森町の寺院を調べる,森町 寺院,https://www.town.morimachi.shizuoka.jp/gyosei/kanko_bunka/bunka/zusetsumorichoushi/1718.html,2026-08-10,keep,,P2,大石浩之,作業中,temple,t34,detail,,,本立寺（日蓮宗）は、静岡県周智郡森町飯田1935-1にある日蓮宗の寺院です。所在地、建築や文化財の公開記録、参拝前に確認したいことを一次資料に沿って整理します。,,3,https://morimachi.enshu-lifehack.com/temple/temples/t34/,False,True,False,18946
/temple/temples/t35/,陽向院 | 静岡県森町ライフハック,🛕 陽向院,temple,enjoy,暮らしを楽しむ,森町の寺院を調べる,森町 寺院,https://www.town.morimachi.shizuoka.jp/gyosei/machinososhiki/shakaikyoikuka/bunkashinkogakari/2/774.html,2026-08-10,keep,,P2,大石浩之,作業中,temple,t35,detail,,,陽向院（曹洞宗）は、静岡県周智郡森町内（町公式資料に寺院名を掲載）にある曹洞宗の寺院です。所在地、建築や文化財の公開記録、参拝前に確認したいことを一次資料に沿って整理します。,,3,https://morimachi.enshu-lifehack.com/temple/temples/t35/,False,True,False,17141
/terms/,利用規約 | 静岡県森町ライフハック,利用規約,terms,,,利用条件と免責を確認する,森町ライフハック 免責,,,keep,,P3,大石浩之,作業中,terms,index,hub,,,静岡県周智郡森町ライフハック(運営: 富士ヶ丘サービス株式会社)の利用規約です。著作権、無断転載・複製の禁止、免責事項を定めています。,,0,https://morimachi.enshu-lifehack.com/terms/,False,True,False,8739
/tools/gomi-search/,ごみ分別クイック検索 | 静岡県森町ライフハック,🗑️ ごみ分別クイック検索,tools,procedures,手続きしたい,手続きを道具で片づける,森町 ごみ 検索,https://www.town.morimachi.shizuoka.jp/gyosei/machinososhiki/juminseikatsuka/seikatsukankyokakari/1/1/gomi_navi/kateigomi/1101.html,2026-08-04,keep,,P1,大石浩之,作業中,tools,gomi-search,detail,,,静岡県周智郡森町の家庭ごみは、町公式の「家庭ごみの出し方ナビ」で品目名から調べられます。分別表・カレンダーは多言語にも対応しています。,0538-85-6314,4,https://morimachi.enshu-lifehack.com/tools/gomi-search/,False,True,False,9894
/tools/,便利ツール | 静岡県森町ライフハック,🧰 便利ツール,tools,procedures,手続きしたい,手続きを道具で片づける,森町 ごみ 検索,,2026-08-04,keep,,P1,大石浩之,作業中,tools,index,hub,,,静岡県周智郡森町の暮らしで使えるツールをまとめています。,,0,https://morimachi.enshu-lifehack.com/tools/,False,True,False,6935
/tools/life-timeline/,ライフイベント・タイムライン | 静岡県森町ライフハック,🧭 ライフイベント・タイムライン,tools,procedures,手続きしたい,手続きを道具で片づける,森町 ごみ 検索,,2026-08-04,keep,,P1,大石浩之,作業中,tools,life-timeline,detail,,,結婚・出産・介護・相続・農地の承継まで。人生の節目ごとに、静岡県周智郡森町で必要になる手続きを見渡せます。,,0,https://morimachi.enshu-lifehack.com/tools/life-timeline/,False,True,False,13845
/tools/moving-checklist/,引っ越しチェックリスト | 静岡県森町ライフハック,📦 引っ越しチェックリスト,tools,procedures,手続きしたい,手続きを道具で片づける,森町 ごみ 検索,,2026-08-04,keep,,P1,大石浩之,作業中,tools,moving-checklist,detail,,,静岡県周智郡森町への転入・森町からの転出で必要な手続きを、順番に確認できます。,,0,https://morimachi.enshu-lifehack.com/tools/moving-checklist/,False,True,False,10089
/transport/car-free-life/,静岡県森町で車なし生活は可能か｜公共交通と生活動線 | 森町ライフハック,森町で車なし生活は可能か｜公共交通と生活動線,transport,,,,,https://www.town.morimachi.shizuoka.jp/gyosei/kurashi_tetsuzuki/kokyokotsu/1580.html,2026-08-09,keep,,P3,大石浩之,作業中,transport,car-free-life,detail,,,静岡県森町の車なし生活を、駅、バス、買物、通院、家族の送迎を一週間単位で組み合わせて判断するための実用ガイド。公式資料、現地確認、注意点、FAQ、次に読むページを整理しました。,,1,https://morimachi.enshu-lifehack.com/transport/car-free-life/,True,True,False,29132
/transport/commuting/,静岡県森町から磐田・袋井・掛川・浜松への通勤ガイド | 森町ライフハック,森町から磐田・袋井・掛川・浜松への通勤ガイド,transport,,,,,https://www.town.morimachi.shizuoka.jp/gyosei/kurashi_tetsuzuki/kokyokotsu/1580.html,2026-08-09,keep,,P3,大石浩之,作業中,transport,commuting,detail,,,静岡県森町の通勤を、方面別の移動を距離だけでなく、時間帯、乗換え、道路の代替性で比べるための実用ガイド。公式資料、現地確認、注意点、FAQ、次に読むページを整理しました。,,1,https://morimachi.enshu-lifehack.com/transport/commuting/,True,True,False,28276
/transport/tenhama-stations/,静岡県森町の天浜線5駅ガイド｜遠州森・戸綿・円田・森町病院前・遠江一宮 | 森町ライフハック,森町の天浜線5駅ガイド｜遠州森・戸綿・円田・森町病院前・遠江一宮,transport,,,,,https://www.town.morimachi.shizuoka.jp/gyosei/kurashi_tetsuzuki/kokyokotsu/1580.html,2026-08-09,keep,,P3,大石浩之,作業中,transport,tenhama-stations,detail,,,静岡県森町の天浜線を、町内五駅の位置と周辺施設を、観光と日常利用の両方から比較するための実用ガイド。公式資料、現地確認、注意点、FAQ、次に読むページを整理しました。,,1,https://morimachi.enshu-lifehack.com/transport/tenhama-stations/,True,True,False,29168
/vacant-house/household-waste-route/,静岡県森町の空き家を片付ける前に一般廃棄物の処理先を確認する | 森町ライフハック,森町の空き家を片付ける前に一般廃棄物の処理先を確認する,vacant-house,,,,,https://www.town.morimachi.shizuoka.jp/gyosei/machinososhiki/juminseikatsuka/seikatsukankyokakari/1/1/gomi_navi/kateigomi/1101.html,,keep,,P3,大石浩之,作業中,vacant-house,household-waste-route,detail,,,静岡県周智郡森町の空き家を片付ける前に一般廃棄物の処理先を確認する。対象条件、必要資料、森町の公式窓口、確認する順番を分かりやすく整理します。実行前の注意点と家族へ残す記録も案内します。,,2,https://morimachi.enshu-lifehack.com/vacant-house/household-waste-route/,True,True,False,37390
/vacant-house/,静岡県森町の空き家｜状況から読む記事を選ぶ | 森町ライフハック,森町の空き家｜どの記事から読むか,vacant-house,,,,,,,keep,,P3,大石浩之,作業中,vacant-house,index,hub,,,管理、空き家バンク、修繕、近隣対応のどこから確認するかを状況別に選べます。,,0,https://morimachi.enshu-lifehack.com/vacant-house/,False,True,False,12167
/vacant-house/management-cost/,静岡県森町の空き家管理と維持費｜遠方所有者の実務 | 森町ライフハック,森町の空き家管理と維持費｜遠方所有者の実務,vacant-house,,,,,https://www.town.morimachi.shizuoka.jp/gyosei/kurashi_tetsuzuki/ijuteiju/akiyabank/index.html,2026-08-09,keep,,P3,大石浩之,作業中,vacant-house,management-cost,detail,,,静岡県森町の空き家管理を、通風、草木、郵便、防犯、近隣連絡、税、保険を年間計画にするための実用ガイド。公式資料、現地確認、注意点、FAQ、次に読むページを整理しました。,,2,https://morimachi.enshu-lifehack.com/vacant-house/management-cost/,True,True,False,29741
/vacant-house/unsafe-vacant-house-owner-response/,静岡県森町で危険な空き家の連絡を受けたら｜現況・応急対応・相談記録 | 森町ライフハック,森町で危険な空き家の連絡を受けたら｜現況・応急対応・相談記録,vacant-house,,,,,https://www.town.morimachi.shizuoka.jp/gyosei/machinososhiki/teijusuishinka/sumaishiengakari/2/2222.html,,keep,,P3,大石浩之,作業中,vacant-house,unsafe-vacant-house-owner-response,detail,,,静岡県周智郡森町で危険な空き家の連絡を受けたら。対象条件、必要資料、森町の公式窓口、確認する順番を分かりやすく整理します。実行前の注意点と家族へ残す記録も案内します。,,4,https://morimachi.enshu-lifehack.com/vacant-house/unsafe-vacant-house-owner-response/,True,True,False,33384
/vacant-house/vacant-bank-owner-documents/,静岡県森町空き家バンク登録の所有者・土地・同意書をそろえる | 森町ライフハック,森町空き家バンク登録の所有者・土地・同意書をそろえる,vacant-house,,,,,https://www.town.morimachi.shizuoka.jp/gyosei/kurashi_tetsuzuki/ijuteiju/akiyabank/1460.html,,keep,,P3,大石浩之,作業中,vacant-house,vacant-bank-owner-documents,detail,,,静岡県周智郡森町空き家バンク登録の所有者・土地・同意書をそろえる。対象条件、必要資料、森町の公式窓口、確認する順番を分かりやすく整理します。実行前の注意点と家族へ残す記録も案内します。,,2,https://morimachi.enshu-lifehack.com/vacant-house/vacant-bank-owner-documents/,True,True,False,37248
/vacant-house/vacant-bank-owner-viewing/,静岡県森町の空き家バンク内覧前に作る｜危険・設備・残置物の案内表 | 森町ライフハック,森町の空き家バンク内覧前に作る｜危険・設備・残置物の案内表,vacant-house,,,,,https://www.town.morimachi.shizuoka.jp/gyosei/machinososhiki/teijusuishinka/ijukoryugakari/2/2/379.html,,keep,,P3,大石浩之,作業中,vacant-house,vacant-bank-owner-viewing,detail,,,静岡県周智郡森町の空き家バンク内覧前に作る。対象条件、必要資料、森町の公式窓口、確認する順番を分かりやすく整理します。実行前の注意点と家族へ残す記録も案内します。,,4,https://morimachi.enshu-lifehack.com/vacant-house/vacant-bank-owner-viewing/,True,True,False,32833
/vacant-house/vacant-bank-withdrawal/,静岡県森町の空き家バンク登録を終える前に｜変更・抹消・引継ぎ記録 | 森町ライフハック,森町の空き家バンク登録を終える前に｜変更・抹消・引継ぎ記録,vacant-house,,,,,https://www.town.morimachi.shizuoka.jp/gyosei/machinososhiki/teijusuishinka/ijukoryugakari/2/2/379.html,,keep,,P3,大石浩之,作業中,vacant-house,vacant-bank-withdrawal,detail,,,静岡県周智郡森町の空き家バンク登録を終える前に。対象条件、必要資料、森町の公式窓口、確認する順番を分かりやすく整理します。実行前の注意点と家族へ残す記録も案内します。,,4,https://morimachi.enshu-lifehack.com/vacant-house/vacant-bank-withdrawal/,True,True,False,33312
/vacant-house/vacant-house-animal-entry/,静岡県森町の空き家で動物の痕跡を見つけたら｜接触せず工程を分ける記録票 | 森町ライフハック,森町の空き家で動物の痕跡を見つけたら｜接触せず工程を分ける記録票,vacant-house,,,,,https://www.town.morimachi.shizuoka.jp/material/files/group/10/cyekkurisuto.pdf,,keep,,P3,大石浩之,作業中,vacant-house,vacant-house-animal-entry,detail,,,静岡県周智郡森町の空き家で動物の痕跡を見つけたら。対象条件、必要資料、森町の公式窓口、確認する順番を分かりやすく整理します。実行前の注意点と家族へ残す記録も案内します。,,5,https://morimachi.enshu-lifehack.com/vacant-house/vacant-house-animal-entry/,True,True,False,30927
/vacant-house/vacant-house-family-roles/,静岡県森町の実家を空き家にする前に決める｜巡回・支払・連絡・書類の家族役割表 | 森町ライフハック,森町の実家を空き家にする前に決める｜巡回・支払・連絡・書類の家族役割表,vacant-house,,,,,https://www.town.morimachi.shizuoka.jp/gyosei/machinososhiki/teijusuishinka/ijukoryugakari/2/2/379.html,,keep,,P3,大石浩之,作業中,vacant-house,vacant-house-family-roles,detail,,,静岡県周智郡森町の実家を空き家にする前に決める。対象条件、必要資料、森町の公式窓口、確認する順番を分かりやすく整理します。実行前の注意点と家族へ残す記録も案内します。,,3,https://morimachi.enshu-lifehack.com/vacant-house/vacant-house-family-roles/,True,True,False,37430
/vacant-house/vacant-house-insurance-status/,空き家になった静岡県森町の実家｜火災保険の契約状態を確認する | 森町ライフハック,空き家になった森町の実家｜火災保険の契約状態を確認する,vacant-house,,,,,https://www.town.morimachi.shizuoka.jp/gyosei/kurashi_tetsuzuki/ijuteiju/akiyabank/index.html,,keep,,P3,大石浩之,作業中,vacant-house,vacant-house-insurance-status,detail,,,空き家になった静岡県周智郡森町の実家。対象条件、必要資料、森町の公式窓口、確認する順番を分かりやすく整理します。実行前の注意点と家族へ残す記録も案内します。,,2,https://morimachi.enshu-lifehack.com/vacant-house/vacant-house-insurance-status/,True,True,False,37406
/vacant-house/vacant-house-key-management/,遠方から静岡県森町の空き家の鍵を管理する方法 | 森町ライフハック,遠方から森町の空き家の鍵を管理する方法,vacant-house,,,,,https://www.town.morimachi.shizuoka.jp/gyosei/kurashi_tetsuzuki/ijuteiju/akiyabank/index.html,,keep,,P3,大石浩之,作業中,vacant-house,vacant-house-key-management,detail,,,遠方から静岡県周智郡森町の空き家の鍵を管理する方法。対象条件、必要資料、森町の公式窓口、確認する順番を分かりやすく整理します。実行前の注意点と家族へ残す記録も案内します。,,2,https://morimachi.enshu-lifehack.com/vacant-house/vacant-house-key-management/,True,True,False,37038
/vacant-house/vacant-house-maintenance-log/,静岡県森町の空き家修繕後に残す｜写真・領収書・保証の履歴台帳 | 森町ライフハック,森町の空き家修繕後に残す｜写真・領収書・保証の履歴台帳,vacant-house,,,,,https://www.town.morimachi.shizuoka.jp/gyosei/machinososhiki/teijusuishinka/ijukoryugakari/2/2/3043akiyakazaisyobun.html,,keep,,P3,大石浩之,作業中,vacant-house,vacant-house-maintenance-log,detail,,,静岡県周智郡森町の空き家修繕後に残す。対象条件、必要資料、森町の公式窓口、確認する順番を分かりやすく整理します。実行前の注意点と家族へ残す記録も案内します。,,4,https://morimachi.enshu-lifehack.com/vacant-house/vacant-house-maintenance-log/,True,True,False,34449
/vacant-house/vacant-house-neighbor-contact/,静岡県森町の空き家で近隣から異常連絡を受ける｜所有者・現地担当の連絡カード | 森町ライフハック,森町の空き家で近隣から異常連絡を受ける｜所有者・現地担当の連絡カード,vacant-house,,,,,https://www.town.morimachi.shizuoka.jp/gyosei/machinososhiki/teijusuishinka/ijukoryugakari/2/2/379.html,,keep,,P3,大石浩之,作業中,vacant-house,vacant-house-neighbor-contact,detail,,,静岡県周智郡森町の空き家で近隣から異常連絡を受ける。対象条件、必要資料、森町の公式窓口、確認する順番を分かりやすく整理します。実行前の注意点と家族へ残す記録も案内します。,,4,https://morimachi.enshu-lifehack.com/vacant-house/vacant-house-neighbor-contact/,True,True,False,33411
/vacant-house/vacant-house-repair-estimate/,静岡県森町の空き家バンク登録前に作る｜修繕・調査・残置物の見積り表 | 森町ライフハック,森町の空き家バンク登録前に作る｜修繕・調査・残置物の見積り表,vacant-house,,,,,https://www.town.morimachi.shizuoka.jp/gyosei/machinososhiki/teijusuishinka/ijukoryugakari/2/2/379.html,,keep,,P3,大石浩之,作業中,vacant-house,vacant-house-repair-estimate,detail,,,静岡県周智郡森町の空き家バンク登録前に作る。対象条件、必要資料、森町の公式窓口、確認する順番を分かりやすく整理します。実行前の注意点と家族へ残す記録も案内します。,,4,https://morimachi.enshu-lifehack.com/vacant-house/vacant-house-repair-estimate/,True,True,False,32762
/vacant-house/vacant-house-typhoon-check/,静岡県森町の空き家を台風前後で比べる｜安全な撤退と写真点検票 | 森町ライフハック,森町の空き家を台風前後で比べる｜安全な撤退と写真点検票,vacant-house,,,,,https://www.town.morimachi.shizuoka.jp/gyosei/bosai_anzen/bosai/1130.html,,keep,,P3,大石浩之,作業中,vacant-house,vacant-house-typhoon-check,detail,,,静岡県周智郡森町の空き家を台風前後で比べる。対象条件、必要資料、森町の公式窓口、確認する順番を分かりやすく整理します。実行前の注意点と家族へ残す記録も案内します。,,5,https://morimachi.enshu-lifehack.com/vacant-house/vacant-house-typhoon-check/,True,True,False,31255
/vacant-house/vacant-house-utilities-mail/,静岡県森町の空き家で郵便・電気・水道をどう止めるか | 森町ライフハック,森町の空き家で郵便・電気・水道をどう止めるか,vacant-house,,,,,https://www.town.morimachi.shizuoka.jp/gyosei/kurashi_tetsuzuki/ijuteiju/akiyabank/index.html,,keep,,P3,大石浩之,作業中,vacant-house,vacant-house-utilities-mail,detail,,,静岡県周智郡森町の空き家で郵便・電気・水道をどう止めるか。対象条件、必要資料、森町の公式窓口、確認する順番を分かりやすく整理します。実行前の注意点と家族へ残す記録も案内します。,,2,https://morimachi.enshu-lifehack.com/vacant-house/vacant-house-utilities-mail/,True,True,False,37357
/vacant-house/vacant-house-vegetation-boundary/,静岡県森町の空き家で草木が越境する前にすること | 森町ライフハック,森町の空き家で草木が越境する前にすること,vacant-house,,,,,https://www.town.morimachi.shizuoka.jp/gyosei/kurashi_tetsuzuki/ijuteiju/akiyabank/index.html,,keep,,P3,大石浩之,作業中,vacant-house,vacant-house-vegetation-boundary,detail,,,静岡県周智郡森町の空き家で草木が越境する前にすること。対象条件、必要資料、森町の公式窓口、確認する順番を分かりやすく整理します。実行前の注意点と家族へ残す記録も案内します。,,2,https://morimachi.enshu-lifehack.com/vacant-house/vacant-house-vegetation-boundary/,True,True,False,37256
/work/business-permit-contact-list/,静岡県森町で開業場所を決める前に許認可窓口を一覧化する | 森町ライフハック,森町で開業場所を決める前に許認可窓口を一覧化する,work,,,,,https://www.town.morimachi.shizuoka.jp/gyosei/sangyo_shigoto/shushokushien/index.html,,keep,,P3,大石浩之,作業中,work,business-permit-contact-list,detail,,,静岡県周智郡森町で開業場所を決める前に許認可窓口を一覧化する。対象条件、必要資料、森町の公式窓口、確認する順番を分かりやすく整理します。実行前の注意点と家族へ残す記録も案内します。,,2,https://morimachi.enshu-lifehack.com/work/business-permit-contact-list/,True,True,False,37256
/work/commute-alternative-routes/,静岡県森町から町外へ通勤する前に代替経路を試す | 森町ライフハック,森町から町外へ通勤する前に代替経路を試す,work,,,,,https://www.town.morimachi.shizuoka.jp/gyosei/sangyo_shigoto/shushokushien/index.html,,keep,,P3,大石浩之,作業中,work,commute-alternative-routes,detail,,,静岡県周智郡森町から町外へ通勤する前に代替経路を試す。対象条件、必要資料、森町の公式窓口、確認する順番を分かりやすく整理します。実行前の注意点と家族へ残す記録も案内します。,,2,https://morimachi.enshu-lifehack.com/work/commute-alternative-routes/,True,True,False,37271
/work/farm-job-conditions/,静岡県森町周辺の農作業求人を確認する｜雇用条件と移動手段の見方 | 森町ライフハック,森町周辺の農作業求人を確認する｜雇用条件と移動手段の見方,work,,,,,https://www.town.morimachi.shizuoka.jp/gyosei/sangyo_shigoto/shushokushien/index.html,,keep,,P3,大石浩之,作業中,work,farm-job-conditions,detail,,,静岡県周智郡森町周辺の農作業求人を確認する。対象条件、必要資料、森町の公式窓口、確認する順番を分かりやすく整理します。実行前の注意点と家族へ残す記録も案内します。,,2,https://morimachi.enshu-lifehack.com/work/farm-job-conditions/,True,True,False,37052
/work/,静岡県森町で働く｜状況から読む記事を選ぶ | 森町ライフハック,森町で働く｜どの記事から読むか,work,,,,,,,keep,,P3,大石浩之,作業中,work,index,hub,,,求人、通勤、農作業、働き方を、家族時間と移動条件から確認できます。,,0,https://morimachi.enshu-lifehack.com/work/,False,True,False,7917
/work/job-location-commute-table/,静岡県森町から通える求人を探す｜勤務地と通勤手段を同じ表で比べる | 森町ライフハック,森町から通える求人を探す｜勤務地と通勤手段を同じ表で比べる,work,,,,,https://www.town.morimachi.shizuoka.jp/gyosei/sangyo_shigoto/shushokushien/index.html,,keep,,P3,大石浩之,作業中,work,job-location-commute-table,detail,,,静岡県周智郡森町から通える求人を探す。対象条件、必要資料、森町の公式窓口、確認する順番を分かりやすく整理します。実行前の注意点と家族へ残す記録も案内します。,,2,https://morimachi.enshu-lifehack.com/work/job-location-commute-table/,True,True,False,37042
/work/remote-work-connectivity/,静岡県森町で在宅勤務する家を選ぶ前の通信確認 | 森町ライフハック,森町で在宅勤務する家を選ぶ前の通信確認,work,,,,,https://www.town.morimachi.shizuoka.jp/gyosei/sangyo_shigoto/shushokushien/index.html,,keep,,P3,大石浩之,作業中,work,remote-work-connectivity,detail,,,静岡県周智郡森町で在宅勤務する家を選ぶ前の通信確認。対象条件、必要資料、森町の公式窓口、確認する順番を分かりやすく整理します。実行前の注意点と家族へ残す記録も案内します。,,2,https://morimachi.enshu-lifehack.com/work/remote-work-connectivity/,True,True,False,37318
