url,title,h1,category,new_hub,new_hub_label,intent,primary_keyword,official_source,verified_at,action,merge_target,priority,owner,status,section,slug,page_type,department,audience,description,tel,official_source_count,canonical,has_faq_jsonld,has_breadcrumb_jsonld,exposes_raw_keys,bytes
/about/author/,執筆者について｜大石浩之（宅地建物取引士） | 森町ライフハック,執筆者について,about,,,運営者と編集方針を確認する,森町ライフハック 運営者,,2026-08-04,keep,,P1,大石浩之,作業中,about,author,detail,,,森町ライフハックの記事を書いている大石浩之（宅地建物取引士）のプロフィールです。富士ヶ丘サービス株式会社（静岡県磐田市見付）の宅建業免許・資格・対応範囲を明記しています。,0538-31-3308,0,https://morimachi.enshu-lifehack.com/about/author/,False,False,False,18735
/blog/20260804-gomi-bunbetsu-kaitei/,森町のごみ分別ルール、いま実際どうなっているのか | 森町ライフハック,森町のごみ分別ルール、いま実際どうなっているのか,blog,,,森町の暮らしの読み物を読む,森町 ブログ,https://www.town.morimachi.shizuoka.jp/gyosei/machinososhiki/juminseikatsuka/seikatsukankyokakari/1/1/692.html,2026-08-04,keep,,P3,大石浩之,作業中,blog,20260804-gomi-bunbetsu-kaitei,detail,,,森町では令和8年4月1日からのごみ分別ルール変更にともなう分別ガイドブックの改訂作業が進められています。町公式ページの記載を確認したうえで、いま手元の分別表をどう扱えばよいかを整理しました。,,5,https://morimachi.enshu-lifehack.com/blog/20260804-gomi-bunbetsu-kaitei/,False,False,False,22013
/blog/,ブログ | 森町ライフハック,📝 ブログ,blog,,,森町の暮らしの読み物を読む,森町 ブログ,,,keep,,P3,大石浩之,作業中,blog,index,hub,,,静岡県周智郡森町（遠州森町）の暮らし・手続き・空き家・寺社について、公表情報を確認しながら書いています。,,0,https://morimachi.enshu-lifehack.com/blog/,False,False,False,14549
/checklist/baby/,子どもが生まれた | チェックリスト | 森町ライフハック,👶 子どもが生まれた,checklist,procedures,手続きしたい,状況別のやることを順番に確認する,森町 やることリスト,,,keep,,P1,大石浩之,作業中,checklist,baby,detail,,,出生届から児童手当、乳幼児健診、予防接種、保育園まで。届出の期限があるものから順に確認できます。,,0,https://morimachi.enshu-lifehack.com/checklist/baby/,False,False,False,19426
/checklist/job-change/,転職した・退職した | チェックリスト | 森町ライフハック,💴 転職した・退職した,checklist,procedures,手続きしたい,状況別のやることを順番に確認する,森町 やることリスト,,,keep,,P1,大石浩之,作業中,checklist,job-change,detail,,,退職後は健康保険・年金・住民税の手続きが同時に発生します。放置すると未納になるものから順に確認できます。,,0,https://morimachi.enshu-lifehack.com/checklist/job-change/,False,False,False,19000
/checklist/married/,結婚した | チェックリスト | 森町ライフハック,💍 結婚した,checklist,procedures,手続きしたい,状況別のやることを順番に確認する,森町 やることリスト,,,keep,,P1,大石浩之,作業中,checklist,married,detail,,,婚姻届のあとに続く、住所・氏名・保険・税の手続きをまとめました。森町では結婚新生活支援補助金の対象になる場合もあります。,,0,https://morimachi.enshu-lifehack.com/checklist/married/,False,False,False,19385
/checklist/moved-in/,森町に引っ越してきた | チェックリスト | 森町ライフハック,🏡 森町に引っ越してきた,checklist,procedures,手続きしたい,状況別のやることを順番に確認する,森町 やることリスト,,,keep,,P1,大石浩之,作業中,checklist,moved-in,detail,,,転入届からマイナンバー、水道、ごみ、通学区域まで。静岡県周智郡森町に引っ越してきたあとにやることを、順番にチェックできます。,,0,https://morimachi.enshu-lifehack.com/checklist/moved-in/,False,False,False,20317
/,森町ライフハック｜森町の手続き・相談先・防災・介護・住まい,森町の手続きや相談先を、暮らしの場面から探す,top,,,困りごとから森町の窓口を探す,森町 手続き,https://www.town.morimachi.shizuoka.jp/,,rewrite,,P0,大石浩之,作業中,top,index,hub,,,森町の手続き、相談先、防災、子育て、介護、住まいを目的別に整理する非公式ナビです。詳細・最新情報は公式ページで確認してください。森町公式サイトではない案内ページです。詳細・申請・最新情報は必ず公式ページで確認してください。,,1,,False,False,False,37304
/life/education/after-school-club/,森町の放課後児童クラブは、対象学年と申請時期（例年9月）を先に確認する | 森町ライフハック,森町の放課後児童クラブは、対象学年と申請時期（例年9月）を先に確認する,education,family,子ども・家族,放課後児童クラブの対象と申込時期を確認する,森町 放課後児童クラブ 学童,https://www.town.morimachi.shizuoka.jp/gyosei/kosodate_kyoiku/houkagozidou/index.html,2026-07-03,keep,,P1,大石浩之,作業中,life,after-school-club,detail,健康こども課,保護者,森町の放課後児童クラブは、就労や介護などで放課後に保護者が家庭にいない児童のための居場所です。令和8年度は9月16日から10月17日までが利用申込みの受付期間で、令和8年4月からは利用料も変わります。,0538-86-6300,3,https://morimachi.enshu-lifehack.com/life/education/after-school-club/,True,False,True,31213
/life/education/educational-consulting/,森町の教育相談は、教育支援センター「わかば」と学校教育課へ困りごとを一文で整理してから相談する | 森町ライフハック,森町の教育相談は、教育支援センター「わかば」と学校教育課へ困りごとを一文で整理してから相談する,education,family,子ども・家族,学校に行きづらい・就学の不安を相談する,森町 教育相談 不登校,https://www.town.morimachi.shizuoka.jp/gyosei/machinososhiki/gakkokyoikuka/index.html,2026-07-03,rewrite,,P1,大石浩之,作業中,life,educational-consulting,parent,学校教育課 / 教育支援センター,保護者 / 児童生徒,学校への登校が難しいときの相談先は、森町学校教育課と教育支援センター「わかば」です。困りごとを一文で整理してから電話をすると、話が早く進みます。わかばは通級のペースを個々に合わせられる場所です。,0538-85-1112 / 080-4339-5794,2,https://morimachi.enshu-lifehack.com/life/education/educational-consulting/,True,False,True,30788
/life/education/elementary-middle-school/,森町の小中学校は5校（小学校3校・中学校2校）、学校一覧と手続きを分けて見る | 森町ライフハック,森町の小中学校は5校（小学校3校・中学校2校）、学校一覧と手続きを分けて見る,education,family,子ども・家族,森町の小中学校の一覧と連絡先を知る,森町 小中学校 一覧,https://www.town.morimachi.shizuoka.jp/morikko/sodachi/4787.html,2026-07-03,keep,,P2,大石浩之,作業中,life,elementary-middle-school,detail,学校教育課,保護者,森町内の小中学校は、小学校3校・中学校2校の合わせて5校とコンパクトです。まず学校の一覧で名称・住所・電話番号を確認し、通学区域など個別の手続きは学校教育課へまとめて確認しましょう。,0538-85-1112 / 0538-85-2111,2,https://morimachi.enshu-lifehack.com/life/education/elementary-middle-school/,True,False,True,29838
/life/education/,🎒 学ぶ・育つ | 森町ライフハック,🎒 学ぶ・育つ,education,family,子ども・家族,学校・学区・教育相談の情報を一覧で把握する,森町 学校,https://www.town.morimachi.shizuoka.jp/,2026-07-04,keep,,P2,大石浩之,作業中,life,index,hub,,保護者,森町の子どもの教育・学校に関する手続きを、学校選び・通学区域・転校・就学の不安・費用の相談・放課後の居場所に分けてまとめています。まずはお子さんの状況に近いテーマから確認してください。,0538-85-2111,1,https://morimachi.enshu-lifehack.com/life/education/,True,False,True,28146
/life/education/school-attendance-support/,就学の不安は、教育委員会と学校への相談・手続きを分けて確認する | 森町ライフハック,就学の不安は、教育委員会と学校への相談・手続きを分けて確認する,education,family,子ども・家族,就学の不安を相談する,森町 就学相談,https://www.town.morimachi.shizuoka.jp/gyosei/machinososhiki/gakkokyoikuka/index.html,2026-07-03,merge,/life/education/educational-consulting/,P1,大石浩之,作業中,life,school-attendance-support,detail,学校教育課,保護者,就学に関する不安は、学校教育課への相談と学校への相談を分けて考えると整理しやすくなります。就学時健康診断など個別の案内ページは見つかっていませんが、まずは学校教育課へ困りごとを伝えることから始められます。,0538-85-1112 / 080-4339-5794,2,https://morimachi.enshu-lifehack.com/life/education/school-attendance-support/,True,False,True,29643
/life/education/school-district-transfer/,転校は、住所異動の届出と通学中の学校での手続きをまとめて確認する | 森町ライフハック,転校は、住所異動の届出と通学中の学校での手続きをまとめて確認する,education,family,子ども・家族,転校の手続きを進める,森町 転校 手続き,https://www.town.morimachi.shizuoka.jp/gyosei/machinososhiki/juminseikatsuka/juminkakari/2/3/2902.html,2026-07-03,keep,,P1,大石浩之,作業中,life,school-district-transfer,detail,住民生活課 / 学校教育課,保護者,森町内外への転校では、住所異動の届出（住民生活課）と、通学中の学校での転校手続きの両方が必要です。どちらか一方だけでは手続きが完了しないため、順番と窓口を分けて確認しましょう。,0538-85-2111,2,https://morimachi.enshu-lifehack.com/life/education/school-district-transfer/,True,False,True,30117
/life/education/school-expense-support/,学校費用の不安は、就学援助制度と学校教育課への相談を先に確認する | 森町ライフハック,学校費用の不安は、就学援助制度と学校教育課への相談を先に確認する,education,family,子ども・家族,学校費用の負担を軽くする制度を使う,森町 就学援助,https://www.town.morimachi.shizuoka.jp/gyosei/machinososhiki/gakkokyoikuka/index.html,2026-07-03,keep,,P1,大石浩之,作業中,life,school-expense-support,detail,学校教育課,保護者,学校にかかる費用が心配なときは、就学援助制度と学校教育課への相談を先に確認しましょう。学用品費や給食費など複数の費目が対象になる制度で、詳しくは学校教育課に問い合わせると案内してもらえます。,0538-85-2111,1,https://morimachi.enshu-lifehack.com/life/education/school-expense-support/,True,False,True,29660
/life/education/school-meals/,学校給食は、献立・費用・アレルギー対応を学校教育課に分けて確認する | 森町ライフハック,学校給食は、献立・費用・アレルギー対応を学校教育課に分けて確認する,education,family,子ども・家族,学校給食の献立・費用・アレルギー対応を確認する,森町 学校給食,https://www.town.morimachi.shizuoka.jp/gyosei/machinososhiki/gakkokyoikuka/index.html,2026-07-04,keep,,P2,大石浩之,作業中,life,school-meals,detail,学校教育課,保護者,森町の小中学校の給食は、学校教育課が所管しています。献立表・給食費の金額・アレルギー対応の具体的な案内ページは森町公式サイト内で見当たらないため、知りたい内容ごとに学校教育課へ問い合わせるのが確実です。,0538-85-2111,1,https://morimachi.enshu-lifehack.com/life/education/school-meals/,True,False,True,31862
/life/education/school-zones/,通学区は、住所と小中学校情報をセットで学校教育課に確認する | 森町ライフハック,通学区は、住所と小中学校情報をセットで学校教育課に確認する,education,family,子ども・家族,住所からどの小中学校に通うか確かめる,森町 通学区域,https://www.town.morimachi.shizuoka.jp/gyosei/kosodate_kyoiku/kyoiku_gakko/sho_chugakko/index.html,2026-07-03,rewrite,,P1,大石浩之,作業中,life,school-zones,parent,学校教育課,保護者,森町の通学区域は、住所と小中学校の情報をセットで学校教育課に確認するのが確実です。町内は小学校3校・中学校2校というコンパクトな規模なので、電話一本で該当校が分かることも多くあります。,0538-85-1112,2,https://morimachi.enshu-lifehack.com/life/education/school-zones/,True,False,True,29259
/life/education/study-facilities/,学習場所は、森町立図書館の閲覧コーナーと開館日を先に確認する | 森町ライフハック,学習場所は、森町立図書館の閲覧コーナーと開館日を先に確認する,education,enjoy,暮らしを楽しむ,子どもが勉強できる場所を探す,森町 図書館 学習室,https://www.town.morimachi.shizuoka.jp/gyosei/machinososhiki/toshokan/916.html,2026-07-04,keep,,P3,大石浩之,作業中,life,study-facilities,detail,,児童生徒,森町には「自習室」という専用施設は確認できていませんが、森町立図書館は「学習や研究の場としても利用できます」と案内しており、窓際の閲覧コーナーで読書や学習ができます。開館日と休館日を先に確認してから向かうのが確実です。,0538-85-1111 / 0538-85-1113,3,https://morimachi.enshu-lifehack.com/life/education/study-facilities/,True,False,True,31917
/life/emergency/disaster-certificates-procedures/,災害にあった後、何から動くか。森町でり災証明書と税の減免手続きを順番に整理する。 | 森町ライフハック,災害にあった後、何から動くか。森町でり災証明書と税の減免手続きを順番に整理する。,emergency,trouble,困った・緊急,り災証明書と税の減免を申請する,森町 り災証明書,https://www.town.morimachi.shizuoka.jp/gyosei/machinososhiki/zeimuka/chominzeigakari/1/1/4711.html,2026-07-03,keep,,P1,大石浩之,作業中,life,disaster-certificates-procedures,detail,税務課,被災者,災害で住宅などに大きな被害を受けたときは、り災証明書（罹災証明書・被災証明書）をもとに、町・県民税や国民健康保険税の軽減・免除を申請できます。何から手を付ければいいか分からないときは、まず税務課に相談してください。,0538-85-6308,2,https://morimachi.enshu-lifehack.com/life/emergency/disaster-certificates-procedures/,True,False,True,30166
/life/emergency/disaster-mail-line/,災害の知らせを取りこぼさないよう、森町LINE公式アカウント・ちゃっとメールで平常時から備える。 | 森町ライフハック,災害の知らせを取りこぼさないよう、森町LINE公式アカウント・ちゃっとメールで平常時から備える。,emergency,trouble,困った・緊急,災害情報の受け取り方を設定する,森町 防災 LINE メール,https://www.town.morimachi.shizuoka.jp/gyosei/machinososhiki/seisakukikakuka/promotionsenryakugakari/8/3750.html,2026-07-03,keep,,P1,大石浩之,作業中,life,disaster-mail-line,detail,政策企画課,住民,森町からの避難情報や災害の知らせは、同報無線のほか「森町LINE公式アカウント」や「森町ちゃっとメール」でも受け取れます。停電時や外出中でも情報を取りこぼさないよう、平常時のうちに登録しておきましょう。,0538-85-6305,2,https://morimachi.enshu-lifehack.com/life/emergency/disaster-mail-line/,True,False,True,29824
/life/emergency/earthquake/,地震・津波の備えを、森町の補助制度を使いながら今日できることから一つずつ。 | 森町ライフハック,地震・津波の備えを、森町の補助制度を使いながら今日できることから一つずつ。,emergency,trouble,困った・緊急,地震・津波に備える,森町 地震 備え,https://www.town.morimachi.shizuoka.jp/gyosei/machinososhiki/kikikanrika/kikikanrikakari/4/6838.html,2026-07-03,keep,,P0,大石浩之,作業中,life,earthquake,detail,危機管理課,住民,地震・津波への備えは、家具の固定や非常持ち出し品の準備といった今日できることに加えて、森町の補助制度を使った住宅の耐震化・感震ブレーカーの設置も選択肢になります。できることから一つずつ進めましょう。,0538-85-6302 / 0538-85-6321,3,https://morimachi.enshu-lifehack.com/life/emergency/earthquake/,True,False,True,30623
/life/emergency/emergency-medical/,急な病気やけがで迷ったとき、♯7119（救急安心電話相談）で今すぐ判断する。 | 森町ライフハック,急な病気やけがで迷ったとき、♯7119（救急安心電話相談）で今すぐ判断する。,emergency,trouble,困った・緊急,救急車を呼ぶか迷ったときに判断する,♯7119 森町,https://www.town.morimachi.shizuoka.jp/gyosei/machinososhiki/kikikanrika/kikikanrikakari/2/7119.html,2026-07-03,merge,/life/health-medical/night-holiday-medical/,P0,大石浩之,作業中,life,emergency-medical,detail,静岡県危機管理部消防保安課 / 森町側の案内窓口は危機管理課,住民,急な病気やけがで「救急車を呼ぶべきか」迷ったときは、♯7119（救急安心電話相談）に電話すれば、24時間365日いつでも看護師・医師などの相談員に相談できます。ただし、緊急・重症のときは迷わず119番してください。,0538-85-6302 / 054-221-2073 / 119,2,https://morimachi.enshu-lifehack.com/life/emergency/emergency-medical/,True,False,True,29295
/life/emergency/evacuation-centers/,いざというとき、どこへ避難するかを森町のハザードマップと指定避難所で今のうちに決めておく。 | 森町ライフハック,いざというとき、どこへ避難するかを森町のハザードマップと指定避難所で今のうちに決めておく。,emergency,trouble,困った・緊急,指定避難所の場所を確認する,森町 避難所,https://www.town.morimachi.shizuoka.jp/gyosei/machinososhiki/kikikanrika/kikikanrikakari/4/854.html,2026-07-03,keep,,P0,大石浩之,作業中,life,evacuation-centers,detail,危機管理課,住民,いざというときにどこへ避難するか、あらかじめ決めておくと落ち着いて行動できます。森町防災ハザードマップで自宅周辺のリスクを確認し、指定避難所の場所を家族で共有しておきましょう。,0538-85-6302,2,https://morimachi.enshu-lifehack.com/life/emergency/evacuation-centers/,True,False,True,29548
/life/emergency/evacuation-hazard-map/,「いつ・どこへ逃げるか」を、森町の警戒レベルとハザードマップで迷う前に決めておく。 | 森町ライフハック,「いつ・どこへ逃げるか」を、森町の警戒レベルとハザードマップで迷う前に決めておく。,emergency,trouble,困った・緊急,いつ・どこへ逃げるかを決めておく,森町 ハザードマップ 避難,https://www.town.morimachi.shizuoka.jp/gyosei/bosai_anzen/bosai/1130.html,2026-07-03,rewrite,,P0,大石浩之,作業中,life,evacuation-hazard-map,parent,危機管理課,住民,「いつ逃げるか」「どこへ逃げるか」を、警戒レベルとハザードマップをもとに前もって決めておきましょう。森町は警戒レベルに応じた避難情報を同報無線・LINE・ちゃっとメールで発信しています。,0538-85-6302,3,https://morimachi.enshu-lifehack.com/life/emergency/evacuation-hazard-map/,True,False,True,30678
/life/emergency/fire-ambulance/,火事のとき、急病のとき。まず119番。森町は袋井消防本部が管轄。 | 森町ライフハック,火事のとき、急病のとき。まず119番。森町は袋井消防本部が管轄。,emergency,trouble,困った・緊急,火事・急病のときの119番と管轄を知る,森町 消防 救急 119,https://www.town.morimachi.shizuoka.jp/gyosei/machinososhiki/kikikanrika/kikikanrikakari/shoubou/3966.html,2026-07-03,keep,,P0,大石浩之,作業中,life,fire-ambulance,detail,予防課,住民,火事のとき、急病のとき。まず119番です。森町の消防・救急は「袋井市森町広域行政組合 袋井消防本部」が管轄しており、住宅用火災警報器の取り付け・交換の支援なども行っています。,0538-44-5114 / 119,3,https://morimachi.enshu-lifehack.com/life/emergency/fire-ambulance/,True,False,True,29690
/life/emergency/hazard-maps/,自宅と避難先の災害リスクを、森町防災ハザードマップで今すぐ確かめる。 | 森町ライフハック,自宅と避難先の災害リスクを、森町防災ハザードマップで今すぐ確かめる。,emergency,trouble,困った・緊急,自宅の災害リスクを確かめる,森町 ハザードマップ,https://www.town.morimachi.shizuoka.jp/gyosei/machinososhiki/kikikanrika/kikikanrikakari/4/854.html,2026-07-03,merge,/life/emergency/evacuation-hazard-map/,P0,大石浩之,作業中,life,hazard-maps,detail,危機管理課 / 農林政策課,住民,自宅や避難先の災害リスクは、森町防災ハザードマップで確認できます。地震・水害だけでなく、農業用ため池の決壊に備えた「ため池ハザードマップ」もあわせて公開されているので、地域に応じて確認しておきましょう。,0538-85-6302 / 0538-85-6315,3,https://morimachi.enshu-lifehack.com/life/emergency/hazard-maps/,True,False,True,30048
/life/emergency/,⚠️ もしもの時 | 森町ライフハック,⚠️ もしもの時,emergency,trouble,困った・緊急,防災・災害時の行動と窓口を一覧で把握する,森町 防災,https://www.town.morimachi.shizuoka.jp/gyosei/bosai_anzen/bosai/1129.html,2026-07-04,keep,,P0,大石浩之,作業中,life,index,hub,危機管理課,住民,森町の防災情報をひとつにまとめたページです。ハザードマップや避難所の確認から、非常時の持ち出し品、災害用伝言ダイヤルの使い方まで、必要な情報の入口としてご利用ください。,0538-85-6302,3,https://morimachi.enshu-lifehack.com/life/emergency/,True,False,True,28900
/life/emergency/pet-disaster-prevention/,ペットと一緒に逃げる。そのための備えを、災害が来る前に整える。 | 森町ライフハック,ペットと一緒に逃げる。そのための備えを、災害が来る前に整える。,emergency,trouble,困った・緊急,ペットと一緒に避難する備えをする,森町 ペット 同行避難,https://www.town.morimachi.shizuoka.jp/gyosei/machinososhiki/juminseikatsuka/seikatsukankyokakari/2/693.html,2026-07-04,keep,,P2,大石浩之,作業中,life,pet-disaster-prevention,detail,危機管理課 / 住民生活課,飼い主,災害が起きたとき、ペットを自宅に残していくか、一緒に連れて逃げるか。環境省は「同行避難」（飼い主とペットが一緒に避難所まで避難すること）を原則としています。ただし、避難所でペットと同じ空間で過ごせるとは限りません。,0538-85-6302,3,https://morimachi.enshu-lifehack.com/life/emergency/pet-disaster-prevention/,True,False,True,34719
/life/emergency/road-river-info/,大雨・台風のとき、道路の通行止めと川の水位を静岡県のシステムで今すぐ確かめる。 | 森町ライフハック,大雨・台風のとき、道路の通行止めと川の水位を静岡県のシステムで今すぐ確かめる。,emergency,trouble,困った・緊急,道路の通行止めと川の水位を今すぐ確かめる,森町 通行止め 川 水位,https://www.town.morimachi.shizuoka.jp/gyosei/bosai_anzen/bosai/1129.html,2026-07-03,keep,,P1,大石浩之,作業中,life,road-river-info,detail,危機管理課,住民 / 通勤者,大雨・台風のときに気になる道路の通行止めや川の水位は、静岡県が提供するシステムで確認できます。森町の防災情報ページから、それぞれの外部サイトへアクセスできます。,0538-85-6302,2,https://morimachi.enshu-lifehack.com/life/emergency/road-river-info/,True,False,True,29464
/life/emergency/storm-heavy-rain/,台風・大雨が近づいたら、森町の警戒レベル発信で「いつ逃げるか」を先に決めておく。 | 森町ライフハック,台風・大雨が近づいたら、森町の警戒レベル発信で「いつ逃げるか」を先に決めておく。,emergency,trouble,困った・緊急,台風・大雨が近づいたときの行動を決める,森町 台風 大雨 避難,https://www.town.morimachi.shizuoka.jp/gyosei/bosai_anzen/bosai/1130.html,2026-07-03,merge,/life/emergency/evacuation-hazard-map/,P0,大石浩之,作業中,life,storm-heavy-rain,detail,危機管理課,住民,台風・大雨が近づいたら、気象情報を早めに集め、食料・飲料水の備えや家具の固定などの準備を進めましょう。避難情報は森町の警戒レベル発信で確認し、「いつ逃げるか」を先に決めておくことが大切です。,0538-85-6302,3,https://morimachi.enshu-lifehack.com/life/emergency/storm-heavy-rain/,True,False,True,30159
/life/end-of-life/after-death-procedures/,死亡後の手続きは、森町「お悔やみ」ページで急ぐ届出から確認する | 森町ライフハック,死亡後の手続きは、森町「お悔やみ」ページで急ぐ届出から確認する,end-of-life,property,家・土地,死亡後の急ぐ届出を確認する,森町 死亡後 手続き,https://www.town.morimachi.shizuoka.jp/gyosei/lifeevent/okuyami/1830.html,2026-07-03,merge,/life/end-of-life/bereavement/,P0,大石浩之,作業中,life,after-death-procedures,detail,住民生活課,遺族,ご家族が亡くなられた直後は、気持ちの整理がつかないうちに手続きを進めなければならず負担が大きいものです。森町では死亡届・火葬場の予約は住民生活課住民係、葬祭費は住民生活課国保年金係が窓口になっています。,0538-85-6312 / 0538-85-6313,2,https://morimachi.enshu-lifehack.com/life/end-of-life/after-death-procedures/,True,False,True,30689
/life/end-of-life/bereavement/,家族が亡くなったら、森町の死亡届・戸籍手続きから順に確認する | 森町ライフハック,家族が亡くなったら、森町の死亡届・戸籍手続きから順に確認する,end-of-life,property,家・土地,家族が亡くなった後の手続きを期限順に進める,森町 死亡届 おくやみ,https://www.town.morimachi.shizuoka.jp/gyosei/machinososhiki/juminseikatsuka/juminkakari/2/2/2896.html,2026-07-03,rewrite,,P0,大石浩之,作業中,life,bereavement,parent,住民生活課,遺族,家族が亡くなったとき、最初に必要になるのが死亡届と戸籍関連の手続きです。森町では住民生活課住民係が窓口となり、死亡診断書と一体になった死亡届を届出人が提出します。落ち着いて一つずつ進めましょう。,0538-85-6312,3,https://morimachi.enshu-lifehack.com/life/end-of-life/bereavement/,True,False,True,30603
/life/end-of-life/bereavement-procedures/,おくやみ手続きは、森町「お悔やみ」ページの一覧から家族で分担する | 森町ライフハック,おくやみ手続きは、森町「お悔やみ」ページの一覧から家族で分担する,end-of-life,property,家・土地,おくやみの手続きを家族で分担する,森町 お悔やみ 手続き 一覧,https://www.town.morimachi.shizuoka.jp/gyosei/lifeevent/okuyami/1830.html,2026-07-03,merge,/life/end-of-life/bereavement/,P0,大石浩之,作業中,life,bereavement-procedures,detail,住民生活課,遺族,森町には磐田市のような「おくやみコーナー」専用窓口の設置は確認できませんが、ライフイベント内の「お悔やみ」ページに死亡届・火葬場予約・葬祭費の案内がまとまっています。窓口が分かれているぶん、家族で分担して進めると負担が軽くなります。,0538-85-6312 / 0538-85-6313,2,https://morimachi.enshu-lifehack.com/life/end-of-life/bereavement-procedures/,True,False,True,30721
/life/end-of-life/grave-memorial/,お墓・供養は、改葬許可の手続きと墓地の確認先を分けて進める | 森町ライフハック,お墓・供養は、改葬許可の手続きと墓地の確認先を分けて進める,end-of-life,property,家・土地,お墓・供養・改葬の進め方を知る,森町 改葬許可 墓,https://www.town.morimachi.shizuoka.jp/gyosei/machinososhiki/juminseikatsuka/seikatsukankyokakari/2/4437.html,2026-07-04,keep,,P2,大石浩之,作業中,life,grave-memorial,detail,住民生活課,遺族,お墓や供養に関する悩みは「今のお墓をどうするか」と「新しいお墓や納骨先をどう決めるか」の2つに分けると整理しやすくなります。森町では、お墓の引っ越し（改葬）に町の許可が必要で、窓口は住民生活課生活環境係です。,0538-85-2111 / 0538-85-6314,2,https://morimachi.enshu-lifehack.com/life/end-of-life/grave-memorial/,True,False,True,33266
/life/end-of-life/house-became-vacant/,相続後の空き家は、森町の空き家バンク・補助金制度を早めに確認する | 森町ライフハック,相続後の空き家は、森町の空き家バンク・補助金制度を早めに確認する,end-of-life,property,家・土地,相続後に空き家になった家の制度を確認する,相続後 空き家 補助,https://www.town.morimachi.shizuoka.jp/gyosei/kurashi_tetsuzuki/ijuteiju/akiyabank/index.html,2026-07-04,merge,/life/end-of-life/inherited-house/,P0,大石浩之,作業中,life,house-became-vacant,detail,定住推進課 / 税務課,相続人,相続によって実家が空き家になったとき、森町では空き家バンクへの登録や補助金制度を利用できます。あわせて、家屋を売却する際に譲渡所得の控除を受けられる証明書の制度もあるので、早めに窓口へ相談しておくと選択肢が広がります。,0538-85-6309 / 0538-85-6321,3,https://morimachi.enshu-lifehack.com/life/end-of-life/house-became-vacant/,True,False,True,32055
/life/end-of-life/,🕊️ 人生の終わり（森町版） | 森町ライフハック,🕊️ 人生の終わり（森町版）,end-of-life,property,家・土地,おくやみ・相続・空き家の手続きを一覧で把握する,森町 おくやみ 相続,https://www.town.morimachi.shizuoka.jp/gyosei/lifeevent/okuyami/1830.html,,keep,,P0,大石浩之,作業中,life,index,hub,住民生活課 / 税務課 / 定住推進課,遺族,ご家族が亡くなったあとは、死亡届の提出から始まり、相続や空き家など、時間差で複数の手続きが発生します。森町では窓口が住民生活課・税務課・定住推進課に分かれているため、まずは全体像をつかんでから一つずつ進めましょう。,0538-85-2111,2,https://morimachi.enshu-lifehack.com/life/end-of-life/,True,False,True,29797
/life/end-of-life/inheritance/,相続は、森町の固定資産税・戸籍手続きと家族で決めることを分けて進める | 森町ライフハック,相続は、森町の固定資産税・戸籍手続きと家族で決めることを分けて進める,end-of-life,property,家・土地,相続で何をいつまでにやるか整理する,森町 相続 手続き,https://www.town.morimachi.shizuoka.jp/gyosei/machinososhiki/zeimuka/shisanzeigakari/1/yousiki/544.html,2026-07-03,keep,,P0,大石浩之,作業中,life,inheritance,parent,税務課 / 住民生活課,相続人,相続の手続きは、役場で対応できるものと、家族で話し合って決めることが混ざっています。森町の役場で分かるのは固定資産税の相続人代表者指定届や戸籍関連の手続きまでで、遺産分割や相続税は別の場所で確認する必要があります。まずは分けて考えましょう。,0538-85-6309 / 0538-85-6312,2,https://morimachi.enshu-lifehack.com/life/end-of-life/inheritance/,True,False,True,31115
/life/end-of-life/inherited-house/,親の家は、森町の空き家バンク・補助金・確認書制度を使って一つずつ決める | 森町ライフハック,親の家は、森町の空き家バンク・補助金・確認書制度を使って一つずつ決める,end-of-life,property,家・土地,相続した親の家を使う・貸す・売る・解体するを決める,親の家 相続 どうする,https://www.town.morimachi.shizuoka.jp/gyosei/kurashi_tetsuzuki/ijuteiju/akiyabank/index.html,2026-07-04,rewrite,,P0,大石浩之,作業中,life,inherited-house,parent,定住推進課 / 税務課,相続人,親の家を相続したあと、片付ける・管理する・売却するといった判断は一度に決めなくても大丈夫です。森町では空き家バンクや補助金、税制の証明書といった制度が使えるので、まずは相談窓口を知っておき、一つずつ決めていきましょう。,0538-85-6309 / 0538-85-6321,3,https://morimachi.enshu-lifehack.com/life/end-of-life/inherited-house/,True,False,True,31452
/life/end-of-life/inherited-vacant-house/,相続した家は、森町の空き家バンク・補助金制度を使って使う・貸す・売るを整理する | 森町ライフハック,相続した家は、森町の空き家バンク・補助金制度を使って使う・貸す・売るを整理する,end-of-life,property,家・土地,相続した家の使い道を整理する,相続した家 空き家,https://www.town.morimachi.shizuoka.jp/gyosei/kurashi_tetsuzuki/ijuteiju/akiyabank/index.html,2026-07-03,merge,/life/end-of-life/inherited-house/,P0,大石浩之,作業中,life,inherited-vacant-house,detail,定住推進課,相続人,相続した実家を使うか、貸すか、売るか。すぐに答えを出せなくても構いません。森町では空き家バンクへの登録や補助金制度が用意されているので、まずは定住推進課に相談し、選択肢を整理することから始めましょう。,0538-85-6321,2,https://morimachi.enshu-lifehack.com/life/end-of-life/inherited-vacant-house/,True,False,True,30474
/life/end-of-life/pension-inheritance/,年金の手続きは、国民健康保険と国民年金の窓口を分けて確認する | 森町ライフハック,年金の手続きは、国民健康保険と国民年金の窓口を分けて確認する,end-of-life,property,家・土地,亡くなった後の年金・保険の手続きをする,森町 死亡 年金 手続き,https://www.town.morimachi.shizuoka.jp/gyosei/kenko_fukushi/kokuminkenkohoken_kokikoreishairyoseido/index.html,2026-07-03,keep,,P1,大石浩之,作業中,life,pension-inheritance,detail,住民生活課,遺族,家族が亡くなったあとの年金関連の手続きは、森町の役場だけでは完結しません。国民健康保険の葬祭費は住民生活課国保年金係が窓口ですが、未支給年金の請求など年金そのものの手続きは日本年金機構・年金事務所の管轄です。,0538-85-6313,2,https://morimachi.enshu-lifehack.com/life/end-of-life/pension-inheritance/,True,False,True,30771
/life/end-of-life/property-tax-inheritance/,固定資産税の相続は、森町税務課への相続人代表者指定届を先に確認する | 森町ライフハック,固定資産税の相続は、森町税務課への相続人代表者指定届を先に確認する,end-of-life,property,家・土地,相続した不動産の固定資産税の手続きをする,森町 固定資産税 相続人代表者,https://www.town.morimachi.shizuoka.jp/gyosei/machinososhiki/zeimuka/shisanzeigakari/1/yousiki/544.html,2026-07-03,keep,,P1,大石浩之,作業中,life,property-tax-inheritance,detail,税務課,相続人,土地や家屋を相続すると、固定資産税の納付先を誰にするか決める手続きが必要になります。森町では税務課資産税係へ「相続人代表者指定（変更）届」を提出する仕組みがあり、様式は税務課のホームページからダウンロードできます。,0538-85-6309,3,https://morimachi.enshu-lifehack.com/life/end-of-life/property-tax-inheritance/,True,False,True,30878
/life/family-grow/child-allowance/,児童手当を、出生・転入から15日以内に確実に申請する。 | 森町ライフハック,児童手当を、出生・転入から15日以内に確実に申請する。,family-grow,family,子ども・家族,児童手当とこども医療費助成を期限内に申請する,森町 児童手当 申請,https://www.town.morimachi.shizuoka.jp/gyosei/kosodate_kyoiku/teate_josei/jidoteateto/5316.html,2026-07-03,rewrite,,P0,大石浩之,作業中,life,child-allowance,detail,健康こども課,保護者,児童手当は、出生や転入など異動があった場合、15日以内に申請しないと支給が遅れることがあります。健康こども課こども家庭係で早めに手続きしましょう。,0538-86-6330,1,https://morimachi.enshu-lifehack.com/life/family-grow/child-allowance/,True,False,True,28762
/life/family-grow/child-allowance-medical/,出生や転入のあと、児童手当とこども医療費助成を申請漏れなく確認する。 | 森町ライフハック,出生や転入のあと、児童手当とこども医療費助成を申請漏れなく確認する。,family-grow,family,子ども・家族,児童手当とこども医療費助成の申請漏れを防ぐ,森町 こども医療費助成,https://www.town.morimachi.shizuoka.jp/gyosei/machinososhiki/kenkokodomoka/kodomokateikakari/2/1_1/index.html,2026-07-03,merge,/life/family-grow/child-allowance/,P1,大石浩之,作業中,life,child-allowance-medical,detail,健康こども課,保護者,出生や転入のタイミングは手続きが重なりがちです。児童手当だけ、あるいはこども医療費助成だけを申請して、もう一方を忘れてしまうケースも起こりやすいので、まとめて確認しておきましょう。,0538-86-6330,2,https://morimachi.enshu-lifehack.com/life/family-grow/child-allowance-medical/,True,False,True,30212
/life/family-grow/child-vaccination/,子どもの予防接種は、母子健康手帳と予診票をそろえて医療機関で受ける。 | 森町ライフハック,子どもの予防接種は、母子健康手帳と予診票をそろえて医療機関で受ける。,family-grow,family,子ども・家族,子どもの予防接種を受ける,森町 予防接種 子ども,https://www.town.morimachi.shizuoka.jp/morikko/sodachi/4813.html,2026-07-03,keep,,P0,大石浩之,作業中,life,child-vaccination,detail,健康こども課,保護者,予防接種は、種類や時期が多くて迷いがちですが、母子健康手帳と予診票をそろえて医療機関で受けるのが基本です。「もりまち子育て応援アプリ」を使えばスケジュール管理もらくになります。,0538-86-6330,2,https://morimachi.enshu-lifehack.com/life/family-grow/child-vaccination/,True,False,True,29282
/life/family-grow/childbirth/,赤ちゃんが生まれたら、出生届・児童手当・新生児出生通知をまとめて進める。 | 森町ライフハック,赤ちゃんが生まれたら、出生届・児童手当・新生児出生通知をまとめて進める。,family-grow,family,子ども・家族,出生届と出産後の手続きをまとめて進める,森町 出生届,https://www.town.morimachi.shizuoka.jp/morikko/ninshin_shussan/morikko_20_1.html,2026-07-03,keep,,P0,大石浩之,作業中,life,childbirth,parent,出生届は住民生活課 / 児童手当・新生児出生通知は健康こども課,保護者,赤ちゃんが生まれたら、出生届・児童手当・新生児出生通知など、いくつかの手続きが一度に必要になります。窓口が住民生活課と健康こども課に分かれるため、先に流れを整理しておくと慌てずに済みます。,0538-85-6312 / 0538-86-6330,1,https://morimachi.enshu-lifehack.com/life/family-grow/childbirth/,True,False,True,29828
/life/family-grow/developmental-support/,子どもの発達が気になったら、子ども相談・親子療育教室・ことばの教室から選ぶ。 | 森町ライフハック,子どもの発達が気になったら、子ども相談・親子療育教室・ことばの教室から選ぶ。,family-grow,family,子ども・家族,子どもの発達の心配を相談する,森町 発達相談,https://www.town.morimachi.shizuoka.jp/morikko/sodachi/4801.html,2026-07-03,keep,,P1,大石浩之,作業中,life,developmental-support,detail,健康こども課,保護者,子どもの発達が気になったとき、森町には子ども相談・親子療育教室「ぽっぷこーん」・ことばの教室という3つの選択肢があります。年齢や困りごとに応じて選べるので、まずは健康こども課こども家庭係に相談してみましょう。,0538-86-6330,1,https://morimachi.enshu-lifehack.com/life/family-grow/developmental-support/,True,False,True,29364
/life/family-grow/,👶 家族が増える | 森町ライフハック,👶 家族が増える,family-grow,family,子ども・家族,結婚・妊娠・出産・子育ての手続きを一覧で把握する,森町 子育て 手続き,https://www.town.morimachi.shizuoka.jp/,,keep,,P1,大石浩之,作業中,life,index,hub,,保護者,妊娠がわかったときから、子どもが生まれ、育っていくまで。森町では健康こども課を中心に、母子健康手帳の交付から予防接種、保育園、ひとり親家庭の支援まで、時期に応じた手続きと相談窓口が用意されています。,,1,https://morimachi.enshu-lifehack.com/life/family-grow/,True,False,True,22364
/life/family-grow/infant-health-check/,乳幼児健診の案内を見落とさず、1か月・4か月・10か月・1歳6か月・3歳児で確認する。 | 森町ライフハック,乳幼児健診の案内を見落とさず、1か月・4か月・10か月・1歳6か月・3歳児で確認する。,family-grow,family,子ども・家族,乳幼児健診の時期と会場を確認する,森町 乳幼児健診,https://www.town.morimachi.shizuoka.jp/morikko/sodachi/4792.html,2026-07-03,keep,,P1,大石浩之,作業中,life,infant-health-check,detail,健康こども課,保護者,乳幼児健診は、1か月・4か月・10か月・1歳6か月・3歳児と続きます。医療機関での個別受診と、保健福祉センターでの集団健診が混ざるので、時期ごとの違いを先に確認しておきましょう。,0538-86-6330,2,https://morimachi.enshu-lifehack.com/life/family-grow/infant-health-check/,True,False,True,30019
/life/family-grow/marriage/,婚姻届を出す日と、結婚新生活支援補助金など結婚後の手続きを先に整理する。 | 森町ライフハック,婚姻届を出す日と、結婚新生活支援補助金など結婚後の手続きを先に整理する。,family-grow,family,子ども・家族,婚姻届の提出と結婚後の手続きを進める,森町 婚姻届,https://www.town.morimachi.shizuoka.jp/gyosei/machinososhiki/juminseikatsuka/juminkakari/2/2/2893.html,2026-07-03,keep,,P1,大石浩之,作業中,life,marriage,detail,婚姻届は住民生活課 / 結婚新生活支援補助金は定住推進課,婚姻当事者,婚姻届を出す日は、その後の手続きにも影響します。届出そのものは住民生活課住民係で行いますが、結婚新生活支援補助金など経済的な支援は別窓口・別期限で動いているため、先に整理しておくと安心です。,0538-85-6312 / 0538-85-6321,2,https://morimachi.enshu-lifehack.com/life/family-grow/marriage/,True,False,True,30436
/life/family-grow/nursery-childcare/,保育園の入所申込みと病児・病後児保育を、必要なタイミングから確認する。 | 森町ライフハック,保育園の入所申込みと病児・病後児保育を、必要なタイミングから確認する。,family-grow,family,子ども・家族,保育園の入所申込みと病児保育を利用する,森町 保育園 申込み,https://www.town.morimachi.shizuoka.jp/morikko/sodachi/4785.html,2026-07-03,keep,,P1,大石浩之,作業中,life,nursery-childcare,detail,健康こども課,保護者,保育園の入所申込みは、募集時期を逃すと年度内の入所が難しくなります。あわせて、急な発熱などで保育園に預けられないときの病児・病後児保育も、必要になる前に知っておくと安心です。,0538-48-7800 / 0538-86-6300,2,https://morimachi.enshu-lifehack.com/life/family-grow/nursery-childcare/,True,False,True,29983
/life/family-grow/nursery-school/,幼稚園・保育園を、子どもに合う入口から選ぶ。 | 森町ライフハック,幼稚園・保育園を、子どもに合う入口から選ぶ。,family-grow,family,子ども・家族,幼稚園・保育園の選び方を知る,森町 保育園 幼稚園,https://www.town.morimachi.shizuoka.jp/morikko/sodachi/4785.html,2026-07-03,keep,,P1,大石浩之,作業中,life,nursery-school,parent,健康こども課,保護者,森町には町立幼稚園5園、認可保育園3園、小規模保育所2園があります。お子さんの年齢や預け方の希望に合わせて、どの入口から検討すればいいか整理しておきましょう。,0538-86-6300,1,https://morimachi.enshu-lifehack.com/life/family-grow/nursery-school/,True,False,True,28961
/life/family-grow/parenting-support/,子育てで迷ったら、こども家庭センターと児童館・子育て応援アプリを使い分ける。 | 森町ライフハック,子育てで迷ったら、こども家庭センターと児童館・子育て応援アプリを使い分ける。,family-grow,family,子ども・家族,子育ての悩みを相談できる場所を見つける,森町 子育て相談,https://www.town.morimachi.shizuoka.jp/gyosei/machinososhiki/kenkokodomoka/kodomokateikakari/1/837.html,2026-07-03,keep,,P1,大石浩之,作業中,life,parenting-support,detail,健康こども課 / 森町保健福祉センター,保護者,子育てで迷ったとき、森町にはこども家庭センター、児童館、もりまち子育て応援アプリという3つの頼れる場所があります。相談したい内容や時間帯によって使い分けてみてください。,0538-85-2839 / 0538-86-6330,3,https://morimachi.enshu-lifehack.com/life/family-grow/parenting-support/,True,False,True,30883
/life/family-grow/pregnancy/,妊娠がわかったら、まず妊娠届を出して母子健康手帳を受け取る。 | 森町ライフハック,妊娠がわかったら、まず妊娠届を出して母子健康手帳を受け取る。,family-grow,family,子ども・家族,妊娠届を出して母子健康手帳を受け取る,森町 妊娠届 母子手帳,https://www.town.morimachi.shizuoka.jp/morikko/ninshin_shussan/4811.html,2026-07-03,keep,,P0,大石浩之,作業中,life,pregnancy,detail,健康こども課 / 森町保健福祉センター,妊婦,妊娠がわかったら、まず健康こども課こども家庭係で妊娠届を出し、母子健康手帳を受け取ります。手帳があることで、この後の妊婦健診や出産後の手続きがスムーズに進みます。,0538-86-6330,1,https://morimachi.enshu-lifehack.com/life/family-grow/pregnancy/,True,False,True,28353
/life/family-grow/single-parent-support/,ひとり親家庭の児童扶養手当・医療費助成を、最初に見る順番で整理する。 | 森町ライフハック,ひとり親家庭の児童扶養手当・医療費助成を、最初に見る順番で整理する。,family-grow,family,子ども・家族,ひとり親家庭の手当と助成を受ける,森町 児童扶養手当,https://www.town.morimachi.shizuoka.jp/gyosei/machinososhiki/kenkokodomoka/kodomokateikakari/2/3031.html,2026-07-03,keep,,P1,大石浩之,作業中,life,single-parent-support,detail,健康こども課,ひとり親,ひとり親家庭には、児童扶養手当とひとり親家庭等医療費助成という2つの経済的な支援があります。どちらも健康こども課こども家庭係が窓口なので、まとめて確認しておくと安心です。,0538-86-6330,2,https://morimachi.enshu-lifehack.com/life/family-grow/single-parent-support/,True,False,True,30099
/life/health-medical/adult-vaccination/,森町のおとなの予防接種は、対象年齢と接種時期・自己負担額を先に確認する | 森町ライフハック,森町のおとなの予防接種は、対象年齢と接種時期・自己負担額を先に確認する,health-medical,trouble,困った・緊急,おとなの予防接種の対象と費用を確認する,森町 高齢者 予防接種,https://www.town.morimachi.shizuoka.jp/gyosei/kenko_fukushi/kenkoukanri_kansennshou/5438.html,2026-07-03,keep,,P1,大石浩之,作業中,life,adult-vaccination,detail,健康こども課,成人 / 高齢者,森町でおとなの予防接種を受けるときは、まず自分がどの助成の対象になるかを確認しましょう。高齢者の肺炎球菌予防接種と、妊娠を予定・希望する女性とその同居家族向けの風しん予防接種費用助成があり、対象年齢や期間、自己負担額がそれぞれ異なります。,0538-85-6330,2,https://morimachi.enshu-lifehack.com/life/health-medical/adult-vaccination/,True,False,True,29876
/life/health-medical/cancer-specific-checkups/,森町のがん検診と患者支援制度は、対象と時期を分けて確認する | 森町ライフハック,森町のがん検診と患者支援制度は、対象と時期を分けて確認する,health-medical,trouble,困った・緊急,がん検診の対象と時期を確認する,森町 がん検診,https://www.town.morimachi.shizuoka.jp/gyosei/machinososhiki/kenkokodomoka/kenkozukurikakari/2/821.html,2026-07-03,keep,,P1,大石浩之,作業中,life,cancer-specific-checkups,detail,健康こども課,住民,森町のがん検診は、20歳以上を対象とした総合検診の中に組み込まれています。あわせて、がん治療にともなう見た目のケアを支える医療用補整具の購入費助成制度もあるので、検診と患者支援は分けて確認しましょう。,0538-85-6330,2,https://morimachi.enshu-lifehack.com/life/health-medical/cancer-specific-checkups/,True,False,True,29314
/life/health-medical/dental-care/,森町の歯科・口の健康は、歯周病検診と町内の歯科医院を分けて確認する | 森町ライフハック,森町の歯科・口の健康は、歯周病検診と町内の歯科医院を分けて確認する,health-medical,trouble,困った・緊急,歯科検診と町内の歯科医院を確認する,森町 歯科 歯周病検診,https://www.town.morimachi.shizuoka.jp/gyosei/kenko_fukushi/otonanokenko_kenshin_sodan_kenkozukuri/2937.html,2026-07-04,keep,,P2,大石浩之,作業中,life,dental-care,detail,健康こども課,住民,森町の歯と口の健康は、節目年齢が対象の歯周病検診と、町内の歯科医院探しを分けて考えるとわかりやすいです。公立森町病院の歯科口腔外科は一般歯科診療ではなく、抜歯や口腔外傷などの専門対応が中心になっている点にも注意しましょう。,0538-85-6330,2,https://morimachi.enshu-lifehack.com/life/health-medical/dental-care/,True,False,True,29600
/life/health-medical/disability-services/,森町の障がい福祉サービスは、支援内容と相談窓口（福祉課）を先に分ける | 森町ライフハック,森町の障がい福祉サービスは、支援内容と相談窓口（福祉課）を先に分ける,health-medical,trouble,困った・緊急,障がい福祉サービスの内容を知る,森町 障害福祉サービス,https://www.town.morimachi.shizuoka.jp/gyosei/machinososhiki/hokenfukushika/shogaifukushikakari/1/665.html,2026-07-03,merge,/life/health-medical/disability-welfare/,P1,大石浩之,作業中,life,disability-services,detail,福祉課,本人 / 家族,森町の障がい福祉サービスは、福祉課 地域福祉係が窓口です。自立支援医療や重度障害者医療費助成、補装具の交付、日常生活用具の支給、タクシー券の交付など内容が幅広いので、まず窓口に相談して自分に合う制度を絞り込みましょう。,0538-85-1800,2,https://morimachi.enshu-lifehack.com/life/health-medical/disability-services/,True,False,True,29169
/life/health-medical/disability-welfare/,森町の障がい者手帳・福祉は、手帳の種類と申請窓口を分けて確認する | 森町ライフハック,森町の障がい者手帳・福祉は、手帳の種類と申請窓口を分けて確認する,health-medical,trouble,困った・緊急,障がい者手帳の取得と福祉サービスを利用する,森町 障害者手帳,https://www.town.morimachi.shizuoka.jp/gyosei/machinososhiki/hokenfukushika/shogaifukushikakari/1/665.html,2026-07-04,rewrite,,P1,大石浩之,作業中,life,disability-welfare,parent,福祉課,本人 / 家族,森町で障がい者手帳を取得するときは、まずどの手帳が自分に該当するかを確認しましょう。身体障害者手帳・療育手帳・精神障害者保健福祉手帳の3種類があり、それぞれ対象や判定方法が異なります。,0538-85-1800,1,https://morimachi.enshu-lifehack.com/life/health-medical/disability-welfare/,True,False,True,28468
/life/health-medical/find-hospitals/,森町で医療機関を探すときは、公立森町病院と町内診療所・広域の医療情報ネットを分けて確認する | 森町ライフハック,森町で医療機関を探すときは、公立森町病院と町内診療所・広域の医療情報ネットを分けて確認する,health-medical,trouble,困った・緊急,森町とその周辺で医療機関を探す,森町 病院 診療所,https://www.town.morimachi.shizuoka.jp/gyosei/machinososhiki/kenkokodomoka/kenkozukurikakari/3/834.html,2026-07-03,keep,,P1,大石浩之,作業中,life,find-hospitals,detail,健康こども課,住民,森町で医療機関を探すときは、公立森町病院と町内の診療所・歯科医院、そして広域の医療情報検索サイトを分けて考えるとわかりやすいです。,0538-85-0270 / 0538-85-2181 / 0538-85-6330,2,https://morimachi.enshu-lifehack.com/life/health-medical/find-hospitals/,True,False,True,29161
/life/health-medical/health-checkups/,森町の健康診断とがん検診は、総合検診・特定健診の受診券と対象条件を先に確認する | 森町ライフハック,森町の健康診断とがん検診は、総合検診・特定健診の受診券と対象条件を先に確認する,health-medical,trouble,困った・緊急,受けられる健診・検診を選ぶ,森町 健康診断 検診,https://www.town.morimachi.shizuoka.jp/gyosei/machinososhiki/kenkokodomoka/kenkozukurikakari/2/821.html,2026-07-03,keep,,P1,大石浩之,作業中,life,health-checkups,parent,健康こども課 / 特定健診は住民生活課,住民,森町の健康診断は、20歳以上を対象とした総合検診と、国保加入の40〜74歳を対象とした特定健診の2つに分かれています。窓口も総合検診は健康こども課、特定健診は住民生活課 国保年金係と異なるので、まず自分がどちらに該当するか確認しましょう。,0538-85-6313 / 0538-85-6330,2,https://morimachi.enshu-lifehack.com/life/health-medical/health-checkups/,True,False,True,29880
/life/health-medical/health-promotion/,森町の健康づくりは、生活習慣相談と健診・健康マイレージ事業を先に整理する | 森町ライフハック,森町の健康づくりは、生活習慣相談と健診・健康マイレージ事業を先に整理する,health-medical,trouble,困った・緊急,健康づくりの取り組みに参加する,森町 健康マイレージ,https://www.town.morimachi.shizuoka.jp/gyosei/machinososhiki/juminseikatsuka/juminkakari/3/567.html,2026-07-04,keep,,P2,大石浩之,作業中,life,health-promotion,detail,健康こども課,住民,森町の健康づくりは、健康こども課による生活習慣相談と、健康マイレージ事業や各種検診の案内をあわせて知っておくと活用しやすくなります。まずは自分の状況に合わせて相談窓口を確認しましょう。,0538-85-1800 / 0538-85-6330,2,https://morimachi.enshu-lifehack.com/life/health-medical/health-promotion/,True,False,True,28801
/life/health-medical/holiday-night-emergency-care/,森町の休日夜間の急患は、まず公立森町病院への電話連絡を確認する | 森町ライフハック,森町の休日夜間の急患は、まず公立森町病院への電話連絡を確認する,health-medical,trouble,困った・緊急,休日夜間の急患の受診先を知る,森町 休日夜間 急患,https://www.town.morimachi.shizuoka.jp/gyosei/machinososhiki/kenkokodomoka/kenkozukurikakari/3/834.html,2026-07-03,merge,/life/health-medical/night-holiday-medical/,P0,大石浩之,作業中,life,holiday-night-emergency-care,detail,健康こども課 / 救急受診そのものは公立森町病院,住民,森町には独自の急患診療所がなく、休日・夜間の急患は公立森町病院が窓口になります。受診の前には必ず電話連絡が必要で、深夜帯は原則として救急受診ができない点も知っておきましょう。,0538-85-2181 / 8000,1,https://morimachi.enshu-lifehack.com/life/health-medical/holiday-night-emergency-care/,True,False,True,29535
/life/health-medical/,🏥 健康・医療（森町版トップ） | 森町ライフハック,🏥 健康・医療（森町版トップ）,health-medical,trouble,困った・緊急,医療・検診・障がい福祉の情報を一覧で把握する,森町 医療,https://www.town.morimachi.shizuoka.jp/gyosei/kenko_fukushi/index.html,,keep,,P0,大石浩之,作業中,life,index,hub,健康こども課,住民,森町の健康・医療に関する手続きは、健診・予防接種は健康こども課、障がい福祉は福祉課、国保・特定健診は住民生活課、診療・救急は公立森町病院と、担当が分かれています。まず自分の用件がどの窓口にあたるかを確認しましょう。,0538-85-6330,2,https://morimachi.enshu-lifehack.com/life/health-medical/,True,False,True,27833
/life/health-medical/mental-health-consulting/,森町のこころの相談は、町の健康相談と県の心の電話・精神科救急ダイヤルを分けて確認する | 森町ライフハック,森町のこころの相談は、町の健康相談と県の心の電話・精神科救急ダイヤルを分けて確認する,health-medical,trouble,困った・緊急,こころの不調を相談する,森町 こころの相談,https://www.town.morimachi.shizuoka.jp/gyosei/machinososhiki/juminseikatsuka/juminkakari/3/567.html,2026-07-03,keep,,P1,大石浩之,作業中,life,mental-health-consulting,detail,住民生活課 / 健康相談は健康こども課,住民 / 家族,森町のこころの相談は、町の健康相談と、静岡県が設けている「心の電話」「精神科救急情報ダイヤル」を分けて知っておくと使いやすくなります。緊急度や相談内容に応じて窓口を選びましょう。,0538-37-5560 / 0538-85-1800 / 054-253-9905,1,https://morimachi.enshu-lifehack.com/life/health-medical/mental-health-consulting/,True,False,True,28522
/life/health-medical/night-holiday-medical/,森町の夜間・休日の急患は、まず公立森町病院への電話連絡を確認する | 森町ライフハック,森町の夜間・休日の急患は、まず公立森町病院への電話連絡を確認する,health-medical,trouble,困った・緊急,夜間・休日に具合が悪くなったときの受診先を決める,森町 夜間 休日 救急,https://www.town.morimachi.shizuoka.jp/gyosei/machinososhiki/kenkokodomoka/kenkozukurikakari/3/834.html,2026-07-03,rewrite,,P0,大石浩之,作業中,life,night-holiday-medical,parent,健康こども課 / 救急受診そのものは公立森町病院,住民 / 保護者,森町には独自の急患診療所がなく、夜間・休日の急患は公立森町病院が窓口になります。受診の前には必ず電話連絡が必要で、深夜帯は原則として救急受診ができない点を先に押さえておきましょう。,0538-85-2181 / 8000,1,https://morimachi.enshu-lifehack.com/life/health-medical/night-holiday-medical/,True,False,True,29246
/life/health-medical/vaccinations/,森町の予防接種は、対象年齢と接種時期・助成内容を先に確認する | 森町ライフハック,森町の予防接種は、対象年齢と接種時期・助成内容を先に確認する,health-medical,trouble,困った・緊急,自分・家族が受ける予防接種を選ぶ,森町 予防接種,https://www.town.morimachi.shizuoka.jp/gyosei/kenko_fukushi/kenkoukanri_kansennshou/5438.html,2026-07-03,keep,,P1,大石浩之,作業中,life,vaccinations,parent,健康こども課,住民 / 保護者,森町の予防接種は、対象年齢・接種時期・助成内容が制度ごとに異なります。高齢者の肺炎球菌予防接種と、風しん予防接種費用助成では手続きの流れも違うので、対象になるものを先に確認しましょう。,0538-85-6330,2,https://morimachi.enshu-lifehack.com/life/health-medical/vaccinations/,True,False,True,29327
/life/housing/build-house/,森町で家を建てる前に、耐震・補助金・結婚新生活支援を確認する。 | 森町ライフハック,森町で家を建てる前に、耐震・補助金・結婚新生活支援を確認する。,housing,property,家・土地,森町で家を建てる前に補助制度を確認する,森町 住宅 補助金,https://www.town.morimachi.shizuoka.jp/gyosei/machinososhiki/teijusuishinka/ijukoryugakari/2/izyusankouzyohou/4392.html,2026-07-03,keep,,P2,大石浩之,作業中,life,build-house,detail,定住推進課,建築希望者,森町で家を建てるときは、磐田市のような新築向け独自補助は見当たらない一方、木造住宅の耐震補助と結婚新生活支援補助金が使えるかどうかを先に確認しておくと安心です。着工前の申請が必須な制度もあるため、計画段階での確認が重要です。,0538-85-6321,2,https://morimachi.enshu-lifehack.com/life/housing/build-house/,True,False,True,35733
/life/housing/buy-house/,森町で家を買う前に、固定資産税・空き家バンク・結婚新生活支援を確認する。 | 森町ライフハック,森町で家を買う前に、固定資産税・空き家バンク・結婚新生活支援を確認する。,housing,property,家・土地,森町で家を買う前に確認することを知る,森町 家 購入,https://www.town.morimachi.shizuoka.jp/gyosei/machinososhiki/teijusuishinka/ijukoryugakari/2/2/379.html,2026-07-03,keep,,P2,大石浩之,作業中,life,buy-house,detail,税務課 / 定住推進課,購入検討者,森町で家を買うときは、購入そのものへの町独自補助は見当たりませんが、固定資産税の仕組みを知っておくこと、中古物件なら空き家バンクも選択肢に入れること、結婚を機にした購入なら結婚新生活支援補助金の対象になり得ることを確認しておきましょう。,0538-85-6309 / 0538-85-6321,3,https://morimachi.enshu-lifehack.com/life/housing/buy-house/,True,False,True,35892
/life/housing/clean-parents-house/,森町で親の家を片付けるときは、ごみ分別・空き家対策・空き家バンクを確認する。 | 森町ライフハック,森町で親の家を片付けるときは、ごみ分別・空き家対策・空き家バンクを確認する。,housing,property,家・土地,親の家の片付けを進める,森町 実家 片付け,https://www.town.morimachi.shizuoka.jp/gyosei/machinososhiki/juminseikatsuka/seikatsukankyokakari/1/1/692.html,2026-07-03,keep,,P1,大石浩之,作業中,life,clean-parents-house,detail,住民生活課 / 定住推進課,家族,森町で親の家を片付けるときは、まず家庭ごみの分別ルールを確認し、片付け後に空き家として残す場合は空き家対策・空き家バンクの窓口も合わせて確認しておくとスムーズです。,0538-85-6314 / 0538-85-6321,3,https://morimachi.enshu-lifehack.com/life/housing/clean-parents-house/,True,False,True,35565
/life/housing/earthquake-demolition/,森町の耐震・解体は、木造住宅の耐震診断・改修・解体助成を確認する。 | 森町ライフハック,森町の耐震・解体は、木造住宅の耐震診断・改修・解体助成を確認する。,housing,property,家・土地,耐震診断・改修・解体の助成を使う,森町 耐震 解体 補助,https://www.town.morimachi.shizuoka.jp/gyosei/machinososhiki/teijusuishinka/sumaishiengakari/1/558.html,2026-07-03,keep,,P1,大石浩之,作業中,life,earthquake-demolition,detail,定住推進課,所有者,森町の耐震・解体は、木造住宅なら無料の耐震診断から改修工事助成・解体工事助成まで一連の流れで確認でき、工事着手前の申請が必須という共通ルールを押さえることが大切です。,0538-85-6321,2,https://morimachi.enshu-lifehack.com/life/housing/earthquake-demolition/,True,False,True,34722
/life/housing/,🏠 家・住まい（森町版） | 森町ライフハック,🏠 家・住まい（森町版）,housing,property,家・土地,住まい・空き家・不動産の情報を一覧で把握する,森町 住まい,https://www.town.morimachi.shizuoka.jp/,2026-07-04,keep,,P1,大石浩之,作業中,life,index,hub,,住民,森町の「家・住まい」では、家を建てる・買う・売る・借りる、実家の片付けや空き家対策、町営住宅、固定資産税まで、暮らしにまつわる住まいの手続きをまとめて確認できます。,0538-85-6321,1,https://morimachi.enshu-lifehack.com/life/housing/,True,False,True,32242
/life/housing/municipal-housing/,森町の町営住宅は、募集条件・収入・必要書類を先に確認する。 | 森町ライフハック,森町の町営住宅は、募集条件・収入・必要書類を先に確認する。,housing,property,家・土地,町営住宅の募集条件と申込みを確認する,森町 町営住宅,https://www.town.morimachi.shizuoka.jp/gyosei/machinososhiki/teijusuishinka/sumaishiengakari/4/412.html,2026-07-03,keep,,P2,大石浩之,作業中,life,municipal-housing,detail,定住推進課,入居希望者,森町の町営住宅は6団地・合計121戸あり、収入基準や同居親族の有無などの募集条件を満たす必要があります。募集は年4回程度と限られているため、条件と必要書類を先に確認してから申し込むとスムーズです。,0538-85-6321,1,https://morimachi.enshu-lifehack.com/life/housing/municipal-housing/,True,False,True,33678
/life/housing/property-tax/,森町の土地・家屋の税金は、固定資産税・都市計画税の課税内容と手続きを分けて確認する | 森町ライフハック,森町の土地・家屋の税金は、固定資産税・都市計画税の課税内容と手続きを分けて確認する,housing,property,家・土地,土地・家屋の固定資産税の中身を確認する,森町 固定資産税,https://www.town.morimachi.shizuoka.jp/gyosei/machinososhiki/zeimuka/shisanzeigakari/1/koteitosikeizenpan/539.html,2026-07-03,keep,,P1,大石浩之,作業中,life,property-tax,detail,税務課,所有者,森町の土地・家屋にかかる固定資産税・都市計画税は、年4回の納期と納税通知書の内容を分けて理解しておくと、納め忘れや書類紛失を防げます。,0538-85-6309,2,https://morimachi.enshu-lifehack.com/life/housing/property-tax/,True,False,True,33193
/life/housing/public-housing-consultation/,森町で住まいに困ったら、状況と緊急度を先に分ける | 森町ライフハック,森町で住まいに困ったら、状況と緊急度を先に分ける,housing,property,家・土地,住むところに困ったときの相談先を知る,森町 住まい 相談,https://www.town.morimachi.shizuoka.jp/gyosei/kurashi_tetsuzuki/ijuteiju/akiyabank/index.html,2026-07-04,keep,,P1,大石浩之,作業中,life,public-housing-consultation,detail,定住推進課 / 住民生活課,生活困窮者,「住まいの相談窓口」とひとことで言っても、困りごとの中身によって行き先が変わります。町営住宅の空き状況を知りたいのか、家賃が払えず不安なのか、空き家を借りたいのかを先に整理すると、電話一本で担当窓口に迷わずたどり着けます。,0538-85-2111 / 0538-85-6312 / 0538-85-6321,3,https://morimachi.enshu-lifehack.com/life/housing/public-housing-consultation/,True,False,True,35552
/life/housing/rent-house/,森町で賃貸を探すなら、空き家バンクと町営住宅の両方を確認する | 森町ライフハック,森町で賃貸を探すなら、空き家バンクと町営住宅の両方を確認する,housing,property,家・土地,森町で借りられる住まいを探す,森町 賃貸 町営住宅,https://www.town.morimachi.shizuoka.jp/gyosei/machinososhiki/teijusuishinka/ijukoryugakari/2/2/379.html,2026-07-04,keep,,P2,大石浩之,作業中,life,rent-house,detail,定住推進課,入居希望者,森町で賃貸を探すときは、町が民間賃貸情報をまとめて紹介する仕組みはないため、空き家バンクの賃貸物件と町営住宅を町の制度として押さえつつ、民間の不動産業者・ポータルサイトも合わせて探すのが現実的です。,0538-85-6321,4,https://morimachi.enshu-lifehack.com/life/housing/rent-house/,True,False,True,34921
/life/housing/sell-house/,森町で家を売る前に、固定資産税・空き家バンクを確認する | 森町ライフハック,森町で家を売る前に、固定資産税・空き家バンクを確認する,housing,property,家・土地,森町で家を売る前に確認することを知る,森町 家 売却,https://www.town.morimachi.shizuoka.jp/gyosei/machinososhiki/teijusuishinka/ijukoryugakari/2/2/379.html,2026-07-03,keep,,P1,大石浩之,作業中,life,sell-house,detail,税務課 / 定住推進課,所有者,森町で家を売る前に、固定資産税の納税義務の考え方と、空き家状態なら空き家バンクの活用を確認しておくと、売却の進め方がイメージしやすくなります。,0538-85-6309 / 0538-85-6321,2,https://morimachi.enshu-lifehack.com/life/housing/sell-house/,True,False,True,33748
/life/housing/vacant-house/,森町の空き家は、空家等対策計画・空き家バンク・固定資産税を同時に整理する | 森町ライフハック,森町の空き家は、空家等対策計画・空き家バンク・固定資産税を同時に整理する,housing,property,家・土地,空き家の制度（対策計画・バンク・税）を整理する,森町 空き家,https://www.town.morimachi.shizuoka.jp/gyosei/machinososhiki/teijusuishinka/sumaishiengakari/2/2222.html,2026-07-03,keep,,P0,大石浩之,作業中,life,vacant-house,parent,定住推進課 / 税務課,所有者,森町の空き家は、第2期森町空家等対策計画・空き家バンク・固定資産税の3つを同時に整理しておくと、放置せず早めに動くべき理由と選択肢がはっきりします。,0538-85-6309 / 0538-85-6321,3,https://morimachi.enshu-lifehack.com/life/housing/vacant-house/,True,False,True,35243
/life/living-soon/about-morimachi/,森町で暮らす前に、地図だけでは見えない生活の手触りを確認する。 | 森町ライフハック,森町で暮らす前に、地図だけでは見えない生活の手触りを確認する。,living-soon,procedures,手続きしたい,森町での暮らしの実際を知る,森町 住みやすさ,https://www.town.morimachi.shizuoka.jp/ijyu/index.html,2026-07-03,keep,,P3,大石浩之,作業中,life,about-morimachi,detail,定住推進課,移住検討者,森町への引っ越しを考えるとき、地図だけではわからない生活の手触りを先に確認しておくと安心です。移住定住総合サイトでは就職支援・子育て支援・移住のステップ・空き家バンクなどをまとめて案内しています。,0538-85-2111,3,https://morimachi.enshu-lifehack.com/life/living-soon/about-morimachi/,True,False,True,31266
/life/living-soon/bus-license-return/,運転免許を返したあとも、森町で困らずに動ける道を先に整える。 | 森町ライフハック,運転免許を返したあとも、森町で困らずに動ける道を先に整える。,living-soon,care,親・介護,免許返納後の移動手段を確保する,森町 免許返納,https://www.town.morimachi.shizuoka.jp/gyosei/machinososhiki/hokenfukushika/shogaifukushikakari/8/2533.html,2026-07-03,merge,/life/parents-care/elderly-transportation/,P2,大石浩之,作業中,life,bus-license-return,detail,福祉課 / 政策企画課,高齢者 / 家族,運転免許を返納したあとも、森町で困らずに動ける手段を先に整えておくと安心です。町では75歳以上などを対象にした公共交通利用券の助成や、一宮・園田地区での地域タクシーの本格運行が進んでいます。移住前・返納前に使える制度を確認しておきましょう。,0538-85-1800 / 0538-85-6305,3,https://morimachi.enshu-lifehack.com/life/living-soon/bus-license-return/,True,False,True,31986
/life/living-soon/disaster-risk/,引っ越す前に、候補地が洪水・土砂災害に強い場所か確かめる。 | 森町ライフハック,引っ越す前に、候補地が洪水・土砂災害に強い場所か確かめる。,living-soon,trouble,困った・緊急,住む候補地の災害リスクを確かめる,森町 ハザードマップ 土地,https://www.town.morimachi.shizuoka.jp/gyosei/bosai_anzen/bosai/hazardmap/1255.html,2026-07-03,keep,,P1,大石浩之,作業中,life,disaster-risk,detail,危機管理課,移住検討者 / 住宅取得者,引っ越し先を決める前に、候補地が洪水・土砂災害に強い場所かどうかを確かめておくことは大切です。森町では地区別のハザードマップやため池ハザードマップが公開されており、危機管理課で内容を確認できます。住まい探しの段階で目を通しておきましょう。,0538-85-6302 / 0538-85-6315,3,https://morimachi.enshu-lifehack.com/life/living-soon/disaster-risk/,True,False,True,31287
/life/living-soon/,🏡 これから暮らす | 森町ライフハック,🏡 これから暮らす,living-soon,procedures,手続きしたい,森町へ移り住む前に確認することを把握する,森町 移住,https://www.town.morimachi.shizuoka.jp/ijyu/index.html,,keep,,P2,大石浩之,作業中,life,index,hub,定住推進課,移住検討者,森町への引っ越し・移住を考えるときに気になることを、免許返納後の移動手段、災害リスク、引っ越し手続き、学区、移動手段、移住支援まで、テーマ別に整理しました。まずは気になる項目から確認してみてください。,0538-85-2111,2,https://morimachi.enshu-lifehack.com/life/living-soon/,True,False,True,25667
/life/living-soon/moving-decided/,引っ越しが決まったら、何をいつまでにやるかを順番に整理する。 | 森町ライフハック,引っ越しが決まったら、何をいつまでにやるかを順番に整理する。,living-soon,procedures,手続きしたい,引っ越しが決まってからの段取りを立てる,引っ越し やることリスト,https://www.town.morimachi.shizuoka.jp/gyosei/kurashi_tetsuzuki/koseki_juminhyo_inkanshomei/2940.html,2026-07-03,keep,,P1,大石浩之,作業中,life,moving-decided,parent,住民生活課,引っ越す人,引っ越しが決まったら、何をいつまでにやるかを順番に整理しておくと、当日になって慌てずに済みます。森町の転入・転出・転居の届出や住民票などの証明書は、住民生活課 住民係が窓口です。必要な書類を先に確認しておきましょう。,0538-85-2111 / 0538-85-6312,3,https://morimachi.enshu-lifehack.com/life/living-soon/moving-decided/,True,False,True,31968
/life/living-soon/school-districts/,引っ越し先で、子どもがどの小中学校に通うのかを先に確かめる。 | 森町ライフハック,引っ越し先で、子どもがどの小中学校に通うのかを先に確かめる。,living-soon,family,子ども・家族,引っ越し先の通学区を調べる,森町 学区,https://www.town.morimachi.shizuoka.jp/morikko/sodachi/4787.html,2026-07-03,merge,/life/education/school-zones/,P2,大石浩之,作業中,life,school-districts,detail,教育委員会,保護者,引っ越し先で子どもがどの小中学校に通うのかは、住まいを決める前に確かめておきたいポイントです。森町には小学校3校・中学校2校がありますが、詳しい学区の地図や一覧はサイト上に見当たらないため、教育委員会 学校教育課への個別確認が確実です。,0538-85-1112,2,https://morimachi.enshu-lifehack.com/life/living-soon/school-districts/,True,False,True,29464
/life/living-soon/transportation/,住む地区を決める前に、森町での移動手段を先に確かめる。 | 森町ライフハック,住む地区を決める前に、森町での移動手段を先に確かめる。,living-soon,procedures,手続きしたい,住む地区を決める前に移動手段を確かめる,森町 交通 移動手段,https://www.town.morimachi.shizuoka.jp/gyosei/kurashi_tetsuzuki/kokyokotsu/1580.html,2026-07-03,merge,/life/start-living/public-transit/,P2,大石浩之,作業中,life,transportation,detail,政策企画課,移住検討者,住む地区を決める前に、森町での移動手段を先に確かめておくと、引っ越し後の生活がイメージしやすくなります。鉄道は天竜浜名湖鉄道、バスは秋葉バスサービス、タクシーは静岡県タクシー協会加盟業者が利用でき、一宮・園田地区では地域タクシーも本格運行し…,0538-85-6305,3,https://morimachi.enshu-lifehack.com/life/living-soon/transportation/,True,False,True,31090
/life/living-soon/want-to-live/,自然に囲まれた広い家で、子どもをのびのび育てられる暮らしを森町で考える。 | 森町ライフハック,自然に囲まれた広い家で、子どもをのびのび育てられる暮らしを森町で考える。,living-soon,procedures,手続きしたい,森町で広い家に住む選択肢を検討する,森町 田舎暮らし,https://www.town.morimachi.shizuoka.jp/gyosei/sangyo_shigoto/shushokushien/2709.html,2026-07-03,keep,,P3,大石浩之,作業中,life,want-to-live,detail,産業政策課 / 定住推進課,移住検討者,自然に囲まれた広い家で、子どもをのびのび育てられる暮らしを森町で考えているなら、移住・就業支援金や移住定住総合サイトの案内を確認しておきましょう。東京圏からの移住・就業には支援金の対象になり得るケースもあります。,0538-85-2111 / 0538-85-6319,3,https://morimachi.enshu-lifehack.com/life/living-soon/want-to-live/,True,False,True,31913
/life/moving-out/bulk-garbage-cleaning/,転出前の片付けは、粗大ごみは中遠広域施設へ・家電は家電リサイクル法対応で | 森町ライフハック,転出前の片付けは、粗大ごみは中遠広域施設へ・家電は家電リサイクル法対応で,moving-out,procedures,手続きしたい,転出前の不用品・粗大ごみを処分する,森町 引っ越し ごみ 処分,https://www.town.morimachi.shizuoka.jp/gyosei/machinososhiki/juminseikatsuka/seikatsukankyokakari/1/1/1063.html,2026-07-04,keep,,P2,大石浩之,作業中,life,bulk-garbage-cleaning,detail,住民生活課,転出者,森町から転出する前は、粗大ごみと家電の処分方法を先に確認しておくと片付けがスムーズです。多量の粗大ごみは持ち込み施設、テレビ・エアコンなどの家電は家電リサイクル法対象で町の収集の対象外になります。,0538-85-6314,2,https://morimachi.enshu-lifehack.com/life/moving-out/bulk-garbage-cleaning/,True,False,True,31049
/life/moving-out/dog-ownership-change/,犬の登録変更は、森町発行の愛犬カードと鑑札を持って転出先の役所へ | 森町ライフハック,犬の登録変更は、森町発行の愛犬カードと鑑札を持って転出先の役所へ,moving-out,procedures,手続きしたい,転出時の犬の登録変更をする,森町 犬 転出 登録変更,https://www.town.morimachi.shizuoka.jp/gyosei/machinososhiki/juminseikatsuka/seikatsukankyokakari/2/693.html,2026-07-03,keep,,P3,大石浩之,作業中,life,dog-ownership-change,detail,住民生活課,飼い主,森町から犬と一緒に転出するときは、森町発行の「愛犬カード」と「鑑札」を必ず持って、新しい住所地の役所で登録変更の手続きを行いましょう。町内での引っ越しでも同様の持ち物が必要です。,0538-85-6314,2,https://morimachi.enshu-lifehack.com/life/moving-out/dog-ownership-change/,True,False,True,29484
/life/moving-out/,📦 新しい場所へ（転出時の手続きまとめ） | 森町ライフハック,📦 新しい場所へ（転出時の手続きまとめ）,moving-out,procedures,手続きしたい,森町から引っ越すときの手続きを一覧で把握する,森町 転出 手続き,https://www.town.morimachi.shizuoka.jp/,,keep,,P2,大石浩之,作業中,life,index,hub,,転出者,森町から転出するときは、転出届・水道の廃止・ごみの片付け・犬の登録変更・子どもの保育所や学校の手続きなど、いくつもの窓口をまわる必要があります。ここでは転出にまつわる手続きを、目的別のリンクとしてまとめました。,,1,https://morimachi.enshu-lifehack.com/life/moving-out/,True,False,True,28998
/life/moving-out/move-out-notice/,転出届は引っ越し予定日の14日前から住民生活課住民係で | 森町ライフハック,転出届は引っ越し予定日の14日前から住民生活課住民係で,moving-out,procedures,手続きしたい,転出届をいつどこで出すか確認する,森町 転出届,https://www.town.morimachi.shizuoka.jp/gyosei/machinososhiki/juminseikatsuka/juminkakari/2/3/2902.html,2026-07-03,keep,,P1,大石浩之,作業中,life,move-out-notice,detail,住民生活課,転出者,森町からの転出届は、引っ越し予定日の14日前から住民生活課住民係で受け付けています。必要書類をそろえて窓口に行くか、マイナンバーカードがあればオンラインでも提出できます。,0538-85-6312,1,https://morimachi.enshu-lifehack.com/life/moving-out/move-out-notice/,True,False,True,29679
/life/moving-out/moving-away/,森町から引っ越すときは、転出届と水道廃止・ごみ・学校の手続きを一緒に確認する | 森町ライフハック,森町から引っ越すときは、転出届と水道廃止・ごみ・学校の手続きを一緒に確認する,moving-out,procedures,手続きしたい,転出時に必要な手続きをまとめて片づける,森町 転出 やること,https://www.town.morimachi.shizuoka.jp/gyosei/machinososhiki/morimachiyakuba/hikkoshi_shinseikatsu/index.html,2026-07-03,keep,,P1,大石浩之,作業中,life,moving-away,parent,住民生活課 / 上下水道課,転出者,森町から引っ越すときは、転出届と水道の廃止手続きをまず確認し、あわせてごみの片付けや学校・保育所の手続きも進めましょう。担当課がそれぞれ異なるため、早めに動くのがポイントです。,0538-85-6312,2,https://morimachi.enshu-lifehack.com/life/moving-out/moving-away/,True,False,True,29998
/life/moving-out/school-nursery-procedures/,子どもの転出は、保育所は健康こども課、学校は在学校へそれぞれ確認する | 森町ライフハック,子どもの転出は、保育所は健康こども課、学校は在学校へそれぞれ確認する,moving-out,procedures,手続きしたい,子どもの転園・転校の手続きをする,森町 転校 手続き,https://www.town.morimachi.shizuoka.jp/gyosei/machinososhiki/kenkokodomoka/yochienhoikuenkakari/1/4614.html,2026-07-03,keep,,P2,大石浩之,作業中,life,school-nursery-procedures,detail,健康こども課,保護者,森町から転出する際、お子さんが保育所に通っている場合は健康こども課へ、小中学校に通っている場合は在学中の学校へ、それぞれ手続きの相談をしましょう。転出先の自治体によって申込手続きが異なる点にも注意が必要です。,0538-86-6300,1,https://morimachi.enshu-lifehack.com/life/moving-out/school-nursery-procedures/,True,False,True,30081
/life/moving-out/stop-water/,水道の廃止は上下水道課へ給水届を提出（廃止後の再開は新規加入金が発生） | 森町ライフハック,水道の廃止は上下水道課へ給水届を提出（廃止後の再開は新規加入金が発生）,moving-out,procedures,手続きしたい,水道を廃止する届出を出す,森町 水道 廃止,https://www.town.morimachi.shizuoka.jp/gyosei/machinososhiki/jogesuidoka/josuidokanrigakari/1/1/668.html,2026-07-03,merge,/life/start-living/water-start-stop-fees/,P2,大石浩之,作業中,life,stop-water,detail,上下水道課,転出者,森町から転出して水道を使わなくなる場合は、上下水道課上水道管理係へ給水届等の書類を提出して廃止手続きを行いましょう。届出をしないと使用水量が0でも基本料金がかかり続けます。,0538-85-6326,1,https://morimachi.enshu-lifehack.com/life/moving-out/stop-water/,True,False,True,29121
/life/parents-care/adult-guardianship/,親の判断能力が落ちても、森町独自の助成で財産と契約を守る備えをする | 森町ライフハック,親の判断能力が落ちても、森町独自の助成で財産と契約を守る備えをする,parents-care,care,親・介護,判断能力が落ちた親の財産と契約を守る,森町 成年後見,https://www.town.morimachi.shizuoka.jp/gyosei/machinososhiki/hokenfukushika/chiikihokatsushiencenterkakari/2/4000.html,2026-07-03,keep,,P1,大石浩之,作業中,life,adult-guardianship,detail,福祉課,家族,身寄りのない高齢者の財産管理や契約行為が難しくなってきたとき、森町では成年後見制度の利用を支援する独自の助成があります。申立費用の助成のほか、必要に応じて町長が申立てを行う仕組みも用意されています。,0538-85-6341,2,https://morimachi.enshu-lifehack.com/life/parents-care/adult-guardianship/,True,False,True,34121
/life/parents-care/care-certification-support-center/,森町の要介護認定は、福祉課介護保険係で申請から結果通知まで進める | 森町ライフハック,森町の要介護認定は、福祉課介護保険係で申請から結果通知まで進める,parents-care,care,親・介護,要介護認定を申請して結果を受け取る,森町 要介護認定 申請,https://www.town.morimachi.shizuoka.jp/gyosei/kurashi_tetsuzuki/nenkin_kenkohoken/kaigohoken/4204.html,2026-07-03,merge,/life/parents-care/long-term-care-insurance/,P0,大石浩之,作業中,life,care-certification-support-center,detail,福祉課,家族 / 本人,親が介護サービスを使い始めるには、まず要介護（要支援）認定の申請が必要です。森町では福祉課介護保険係が申請窓口となり、被保険者証の再交付や送付先変更もあわせて担当しています。,0538-86-6341,3,https://morimachi.enshu-lifehack.com/life/parents-care/care-certification-support-center/,True,False,True,33073
/life/parents-care/care-started/,親の介護が急に始まったら、森町ではまずケアプラン作成の依頼先を確認する | 森町ライフハック,親の介護が急に始まったら、森町ではまずケアプラン作成の依頼先を確認する,parents-care,care,親・介護,認定後にケアプランの作成を依頼する,森町 ケアプラン ケアマネ,https://www.town.morimachi.shizuoka.jp/gyosei/machinososhiki/hokenfukushika/kaigohokengakari/4/1/4897.html,2026-07-03,keep,,P0,大石浩之,作業中,life,care-started,detail,福祉課,家族 / 本人,要介護・要支援の認定を受けたら、次はケアプラン（サービス計画）を作ってサービスを利用する段階に進みます。森町では認定区分によって作成の依頼先が分かれます。,0538-85-6341 / 0538-86-6341,2,https://morimachi.enshu-lifehack.com/life/parents-care/care-started/,True,False,True,33261
/life/parents-care/check-parents/,離れて暮らす親が心配なとき、森町の地域包括支援センター係にまず相談する | 森町ライフハック,離れて暮らす親が心配なとき、森町の地域包括支援センター係にまず相談する,parents-care,care,親・介護,離れて暮らす親の様子を見守る方法を知る,森町 高齢者 見守り,https://www.town.morimachi.shizuoka.jp/gyosei/machinososhiki/hokenfukushika/chiikihokatsushiencenterkakari/2/4000.html,2026-07-03,keep,,P1,大石浩之,作業中,life,check-parents,detail,福祉課,別居の家族,離れて暮らす親のことが心配になったとき、森町では地域包括支援センター係が総合相談窓口として生活・健康・財産管理などの困りごとを受け付けています。緊急通報システムの設置補助や救急医療情報キットの配布もあります。,0538-85-6341,2,https://morimachi.enshu-lifehack.com/life/parents-care/check-parents/,True,False,True,33777
/life/parents-care/community-support-center/,介護の悩みは、森町直営の地域包括支援センターにまず相談する | 森町ライフハック,介護の悩みは、森町直営の地域包括支援センターにまず相談する,parents-care,care,親・介護,介護の困りごとをまず相談する窓口を知る,森町 地域包括支援センター,https://www.town.morimachi.shizuoka.jp/gyosei/machinososhiki/hokenfukushika/chiikihokatsushiencenterkakari/index.html,2026-07-03,rewrite,,P0,大石浩之,作業中,life,community-support-center,parent,福祉課,家族 / 本人,森町の地域包括支援センターは町の直営です。福祉課地域包括支援センター係が、介護予防・高齢者支援・健康づくりなど幅広い相談を受け付けています。森町保健福祉センター内にあります。,0538-85-2111 / 0538-85-6341,1,https://morimachi.enshu-lifehack.com/life/parents-care/community-support-center/,True,False,True,32402
/life/parents-care/dementia-consultation/,親が認知症かもしれないとき、森町の地域包括支援センター係への相談から始める | 森町ライフハック,親が認知症かもしれないとき、森町の地域包括支援センター係への相談から始める,parents-care,care,親・介護,認知症かもしれない親のことを相談する,森町 認知症 相談,https://www.town.morimachi.shizuoka.jp/gyosei/machinososhiki/hokenfukushika/chiikihokatsushiencenterkakari/2/4002.html,2026-07-03,keep,,P0,大石浩之,作業中,life,dementia-consultation,detail,福祉課,家族,親のもの忘れが気になり始めたら、森町の福祉課地域包括支援センター係に相談できます。町は「認知症ケアパス」を整備し、気づきチェックリストやもの忘れ相談シートなどの相談ツールも用意しています。,0538-85-6341,2,https://morimachi.enshu-lifehack.com/life/parents-care/dementia-consultation/,True,False,True,33684
/life/parents-care/elderly-transportation/,通院・買い物の「足」に、森町の公共交通利用券助成事業を確認する | 森町ライフハック,通院・買い物の「足」に、森町の公共交通利用券助成事業を確認する,parents-care,care,親・介護,高齢の親の通院・買い物の移動手段を確保する,森町 公共交通利用券 高齢者,https://www.town.morimachi.shizuoka.jp/gyosei/machinososhiki/hokenfukushika/shogaifukushikakari/8/2533.html,2026-07-03,rewrite,,P1,大石浩之,作業中,life,elderly-transportation,detail,福祉課,高齢者 / 家族,通院や買い物のための移動が難しくなってきた高齢者に向けて、森町では「公共交通利用券助成事業」を実施しています。専用の送迎サービスではなく、路線バスやタクシーの利用券購入費の一部を助成する仕組みです。,0538-85-1800,1,https://morimachi.enshu-lifehack.com/life/parents-care/elderly-transportation/,True,False,True,32830
/life/parents-care/find-nursing-home/,森町の介護施設探しは、介護サービス情報公表システムで種類から選ぶ | 森町ライフハック,森町の介護施設探しは、介護サービス情報公表システムで種類から選ぶ,parents-care,care,親・介護,親が入る介護施設を探す,森町 介護施設 探し方,https://www.town.morimachi.shizuoka.jp/gyosei/machinososhiki/hokenfukushika/kaigohokengakari/4/2/4948.html,2026-07-03,keep,,P1,大石浩之,作業中,life,find-nursing-home,detail,福祉課,家族,森町には独自の施設一覧ページはなく、厚生労働省の「介護サービス情報公表システム」で県内・全国の介護サービス事業所を検索する形になります。相談は福祉課介護保険係や地域包括支援センター係で受け付けています。,0538-85-6341 / 0538-86-6341,2,https://morimachi.enshu-lifehack.com/life/parents-care/find-nursing-home/,True,False,True,34197
/life/parents-care/,👵 親のこと | 森町ライフハック,👵 親のこと,parents-care,care,親・介護,親の介護に関する相談先と手続きを一覧で把握する,森町 介護,https://www.town.morimachi.shizuoka.jp/gyosei/machinososhiki/hokenfukushika/chiikihokatsushiencenterkakari/index.html,,keep,,P0,大石浩之,作業中,life,index,hub,福祉課,家族,親の介護で困ったとき、森町ではまず福祉課地域包括支援センター係が総合相談窓口になります。要介護認定の申請や保険給付など実務にかかわる手続きは福祉課介護保険係が担当します。,0538-85-6341 / 0538-86-6341,2,https://morimachi.enshu-lifehack.com/life/parents-care/,True,False,True,33948
/life/parents-care/long-term-care-insurance/,森町の介護保険は、要介護認定の申請から給付まで福祉課介護保険係で進める | 森町ライフハック,森町の介護保険は、要介護認定の申請から給付まで福祉課介護保険係で進める,parents-care,care,親・介護,親の介護が始まったときの流れ全体をつかむ,森町 介護 始まったら,https://www.town.morimachi.shizuoka.jp/gyosei/kurashi_tetsuzuki/nenkin_kenkohoken/kaigohoken/4204.html,2026-07-03,rewrite,,P0,大石浩之,作業中,life,long-term-care-insurance,parent,福祉課,家族 / 本人,森町の介護保険は福祉課介護保険係が一括して窓口を担っています。要介護・要支援認定の申請から、住宅改修費・福祉用具購入費の支給、高額サービス費や負担限度額認定の申請まで、同じ窓口で相談できます。,0538-86-6341,2,https://morimachi.enshu-lifehack.com/life/parents-care/long-term-care-insurance/,True,False,True,32800
/life/play-out/cultural-facilities/,森町の文化施設（ミキホール）は、開館日・予約・アクセスを先に確認する | 森町ライフハック,森町の文化施設（ミキホール）は、開館日・予約・アクセスを先に確認する,play-out,enjoy,暮らしを楽しむ,文化施設（ミキホール）の利用方法を確認する,森町 ミキホール,https://www.town.morimachi.shizuoka.jp/gyosei/machinososhiki/bunkakaikan/bunka/912.html,2026-07-03,keep,,P3,大石浩之,作業中,life,cultural-facilities,detail,,住民,森町文化会館（ミキホール）は、大ホール・小ホールに加え、和室や音楽室、工作室まで揃う森町の文化拠点です。コンサートやサークル活動、発表会の会場としても利用でき、ロビーのストリートピアノは自由に弾くこともできます。,0538-85-1111,3,https://morimachi.enshu-lifehack.com/life/play-out/cultural-facilities/,True,False,True,31602
/life/play-out/facilities-library-parks/,森町の森町の公共施設は、施設ガイドから目的別に探す | 森町ライフハック,森町の森町の公共施設は、施設ガイドから目的別に探す,play-out,enjoy,暮らしを楽しむ,森町の公共施設を目的別に探す,森町 公共施設,https://www.town.morimachi.shizuoka.jp/gyosei/choseijoho/machinogaiyo/machinoshisetsu/1164.html,2026-07-03,keep,,P2,大石浩之,作業中,life,facilities-library-parks,parent,財政課,住民,森町には役場や図書館、体育館、保健福祉施設など、暮らしに関わる公共施設が数多くあります。目的の施設を探すときは、まず主要施設・諸団体一覧で連絡先を確認し、空き状況は専用の予約情報サイトでチェックするのが近道です。,0538-85-6306,2,https://morimachi.enshu-lifehack.com/life/play-out/facilities-library-parks/,True,False,True,30524
/life/play-out/find-parks/,森町の公園は、駐車場・遊具の有無など目的・年齢・アクセスで選ぶ | 森町ライフハック,森町の公園は、駐車場・遊具の有無など目的・年齢・アクセスで選ぶ,play-out,enjoy,暮らしを楽しむ,目的に合う公園・遊び場を選ぶ,森町 公園,https://www.town.morimachi.shizuoka.jp/material/files/group/27/morimachi_koen_map.pdf,2026-07-03,rewrite,,P2,大石浩之,作業中,life,find-parks,detail,健康こども課,家族,森町には天宮公園や太田川親水公園など、町内に15施設程度の公園があります。駐車場や遊具の有無が公園ごとに違うので、目的に合わせて選ぶと親子でのお出かけがぐっと楽になります。,0538-86-6330,2,https://morimachi.enshu-lifehack.com/life/play-out/find-parks/,True,False,True,29984
/life/play-out/,🌳 遊ぶ・使う・出かける | 森町ライフハック,🌳 遊ぶ・使う・出かける,play-out,enjoy,暮らしを楽しむ,公園・図書館・公共施設の情報を一覧で把握する,森町 施設,https://www.town.morimachi.shizuoka.jp/morikko/odekake/4808.html,,keep,,P2,大石浩之,作業中,life,index,hub,,住民,森町で「遊ぶ・使う・出かける」を考えるときに知っておきたい施設情報をまとめました。公園や図書館、体育施設、児童館など、目的別に整理しているので、お出かけ先探しの入口としてご活用ください。,,2,https://morimachi.enshu-lifehack.com/life/play-out/,True,False,True,27949
/life/play-out/kids-playgrounds/,森町の森町の子どもの遊び場は、年齢・天気・帰りやすさで選ぶ | 森町ライフハック,森町の森町の子どもの遊び場は、年齢・天気・帰りやすさで選ぶ,play-out,enjoy,暮らしを楽しむ,子どもの遊び場を探す,森町 子ども 遊び場,https://www.town.morimachi.shizuoka.jp/gyosei/machinososhiki/kenkokodomoka/kodomokateikakari/1/1068.html,2026-07-04,merge,/life/play-out/find-parks/,P3,大石浩之,作業中,life,kids-playgrounds,detail,,家族,森町児童館・子育て支援センターは、赤ちゃんから18歳未満までが無料で利用できる屋内の遊び場です。滑り台や木製遊具、畳スペースなどが揃っているので、雨の日や暑い日のお出かけ先にも重宝します。,0538-85-2839 / 0538-86-6330,2,https://morimachi.enshu-lifehack.com/life/play-out/kids-playgrounds/,True,False,True,29737
/life/play-out/parking-access/,森町内を移動する前に、駐車場・地図・公共交通を確認する | 森町ライフハック,森町内を移動する前に、駐車場・地図・公共交通を確認する,play-out,enjoy,暮らしを楽しむ,公共施設の駐車場とアクセスを確認する,森町 施設 駐車場,https://www.town.morimachi.shizuoka.jp/gyosei/machinososhiki/seisakukikakuka/seisakukikakugakari/4/422.html,2026-07-03,keep,,P3,大石浩之,作業中,life,parking-access,detail,政策企画課,来訪者,森町内を移動するときは、森町営バスや一宮地区・園田地区の地域タクシー、天竜浜名湖鉄道（遠州森駅・森町病院前駅）が使えます。路線・時刻表の詳細は公式ページで別途確認するのが確実です。,0538-85-6305,2,https://morimachi.enshu-lifehack.com/life/play-out/parking-access/,True,False,True,29986
/life/play-out/rent-public-facilities/,森町の公共施設を借りる前に、窓口ごとの予約方法と利用条件を確認する | 森町ライフハック,森町の公共施設を借りる前に、窓口ごとの予約方法と利用条件を確認する,play-out,enjoy,暮らしを楽しむ,公共施設を借りる手続きをする,森町 施設 予約,https://www.town.morimachi.shizuoka.jp/gyosei/machinososhiki/bunkakaikan/bunka/3943.html,2026-07-03,keep,,P2,大石浩之,作業中,life,rent-public-facilities,detail,財政課,住民 / 団体,森町の公共施設を借りるときは、施設ごとに窓口や予約方法が異なります。体育施設は社会教育課、町民生活センターは住民生活課、それ以外の多くは財政課契約管財係が窓口です。空き状況はまず外部サイトで確認しましょう。,0538-85-4191 / 0538-85-6306,2,https://morimachi.enshu-lifehack.com/life/play-out/rent-public-facilities/,True,False,True,30669
/life/play-out/sports-facilities/,森町の森町のスポーツ施設は、予約・料金・持ち物を先に確認する | 森町ライフハック,森町の森町のスポーツ施設は、予約・料金・持ち物を先に確認する,play-out,enjoy,暮らしを楽しむ,スポーツ施設の予約・料金を確認する,森町 体育館 予約,https://www.town.morimachi.shizuoka.jp/gyosei/machinososhiki/shakaikyoikuka/shakaitaiikugakari/1/1072.html,2026-07-03,keep,,P3,大石浩之,作業中,life,sports-facilities,detail,社会教育課,住民,森町でスポーツを楽しむなら、森アリーナ（森町総合体育館）や森町営グランド、学校の夜間照明施設が利用できます。予約は使用日の直前から2か月前までの受付なので、計画的に申し込みましょう。,0538-85-4191,1,https://morimachi.enshu-lifehack.com/life/play-out/sports-facilities/,True,False,True,29897
/life/play-out/swimming-pools/,森町の森町のプールは、営業日・料金・持ち物を先に確認する | 森町ライフハック,森町の森町のプールは、営業日・料金・持ち物を先に確認する,play-out,enjoy,暮らしを楽しむ,プールの営業日・料金を確認する,森町 プール,https://www.town.morimachi.shizuoka.jp/gyosei/machinososhiki/shakaikyoikuka/shakaitaiikugakari/1/1072.html,2026-07-04,keep,,P3,大石浩之,作業中,life,swimming-pools,detail,,住民,森町公式サイトを調べた範囲では、一般開放されている町営プール（屋外プール・室内プールの単独施設）の案内ページは見当たりませんでした。学校のプールに関する記載はありますが、これは教育活動のための施設で、一般利用の案内ではありません。,0538-85-4191,1,https://morimachi.enshu-lifehack.com/life/play-out/swimming-pools/,True,False,True,32271
/life/play-out/visit-library/,森町立森町立図書館へ行く前に、開館日・利用カード・場所を確認する | 森町ライフハック,森町立森町立図書館へ行く前に、開館日・利用カード・場所を確認する,play-out,enjoy,暮らしを楽しむ,図書館の開館日と利用方法を確認する,森町立図書館,https://www.town.morimachi.shizuoka.jp/gyosei/machinososhiki/toshokan/916.html,2026-07-03,keep,,P2,大石浩之,作業中,life,visit-library,detail,,住民,森町立図書館は9時～17時（水曜日のみ19時まで）の開館で、児童図書コーナーや絵本コーナーもあり、子どもとゆっくり本を楽しめます。蔵書検索や予約は図書館専用ホームページから利用できます。,0538-85-1113,2,https://morimachi.enshu-lifehack.com/life/play-out/visit-library/,True,False,True,29733
/life/start-living/bulky-garbage-dropoff/,森町で粗大ごみを出す。持ち込み先は中遠広域粗大ごみ処理施設（磐田市）。 | 森町ライフハック,森町で粗大ごみを出す。持ち込み先は中遠広域粗大ごみ処理施設（磐田市）。,start-living,procedures,手続きしたい,粗大ごみの持ち込み先と費用を知る,森町 粗大ごみ,https://www.town.morimachi.shizuoka.jp/gyosei/machinososhiki/juminseikatsuka/seikatsukankyokakari/1/1/1063.html,2026-07-03,keep,,P1,大石浩之,作業中,life,bulky-garbage-dropoff,detail,住民生活課,住民,森町では粗大ごみの戸別収集は行っておらず、中遠広域粗大ごみ処理施設（磐田市新貝）への直接搬入が基本です。事前に品目と搬入時間を確認してから運びましょう。,0538-37-4854 / 0538-85-6314,3,https://morimachi.enshu-lifehack.com/life/start-living/bulky-garbage-dropoff/,True,False,True,29474
/life/start-living/certificates/,森町で住民票・戸籍・印鑑証明を最短で受け取る。マイナンバーカードならコンビニ交付が便利。 | 森町ライフハック,森町で住民票・戸籍・印鑑証明を最短で受け取る。マイナンバーカードならコンビニ交付が便利。,start-living,procedures,手続きしたい,必要な証明書がどれか選び、最短で受け取る,森町 住民票 取り方,https://www.town.morimachi.shizuoka.jp/gyosei/machinososhiki/juminseikatsuka/juminkakari/2/2_1/2914.html,2026-07-03,keep,,P0,大石浩之,作業中,life,certificates,parent,住民生活課,本人 / 代理人,住民票・戸籍・印鑑証明は役場窓口のほか、マイナンバーカードがあればコンビニ交付が便利です。役場より100円安く、朝早くから夜遅くまで使えます。,0538-85-6312,5,https://morimachi.enshu-lifehack.com/life/start-living/certificates/,True,False,True,30030
/life/start-living/city-hall-branches/,森町の役場窓口は本庁舎1か所。支所・出張所はなく、水曜は時間外窓口あり。 | 森町ライフハック,森町の役場窓口は本庁舎1か所。支所・出張所はなく、水曜は時間外窓口あり。,start-living,procedures,手続きしたい,役場のどの窓口へ行けばよいか・開いている時間を知る,森町役場 窓口 時間,https://www.town.morimachi.shizuoka.jp/gyosei/machinososhiki/morimachiyakuba/index.html,2026-07-03,keep,,P1,大石浩之,作業中,life,city-hall-branches,detail,他に支所,来庁者,森町の役場窓口は本庁舎1か所のみで、支所や出張所はありません。平日8:30-17:15が基本ですが、水曜だけ17:15-19:00の時間外窓口があります。,0538-85-2111,3,https://morimachi.enshu-lifehack.com/life/start-living/city-hall-branches/,True,False,True,28839
/life/start-living/dog-registration/,森町で犬の登録と鑑札交付を済ませる。狂犬病予防注射とあわせて手続き。 | 森町ライフハック,森町で犬の登録と鑑札交付を済ませる。狂犬病予防注射とあわせて手続き。,start-living,procedures,手続きしたい,犬の登録・鑑札交付と狂犬病予防注射を済ませる,森町 犬 登録,https://www.town.morimachi.shizuoka.jp/gyosei/machinososhiki/juminseikatsuka/seikatsukankyokakari/2/693.html,2026-07-03,rewrite,,P1,大石浩之,作業中,life,dog-registration,detail,住民生活課,飼い主,犬を飼い始めたら、生涯1回の登録と毎年1回の狂犬病予防注射が法律で義務づけられています。登録は生後90日を過ぎてから30日以内に済ませましょう。,0538-85-6314,3,https://morimachi.enshu-lifehack.com/life/start-living/dog-registration/,True,False,True,28912
/life/start-living/dog-registration-rabies/,森町の狂犬病予防注射は毎年義務。集合注射は6月頃、注射済票の交付手数料は550円。 | 森町ライフハック,森町の狂犬病予防注射は毎年義務。集合注射は6月頃、注射済票の交付手数料は550円。,start-living,procedures,手続きしたい,毎年の狂犬病予防注射を受ける,森町 狂犬病予防注射,https://www.town.morimachi.shizuoka.jp/gyosei/machinososhiki/juminseikatsuka/seikatsukankyokakari/2/4302.html,2026-07-03,merge,/life/start-living/dog-registration/,P2,大石浩之,作業中,life,dog-registration-rabies,detail,住民生活課,飼い主,狂犬病予防注射は毎年1回、法律で義務づけられています。森町では毎年6月頃に集合注射が行われ、注射済票の交付手数料は550円です。,0538-85-6314,2,https://morimachi.enshu-lifehack.com/life/start-living/dog-registration-rabies/,True,False,True,28267
/life/start-living/garbage-sorting-calendar/,森町のごみ分別表・収集日カレンダーを確認する。令和8年4月からルール変更予定あり。 | 森町ライフハック,森町のごみ分別表・収集日カレンダーを確認する。令和8年4月からルール変更予定あり。,start-living,procedures,手続きしたい,自分の地区の収集日を確認する,森町 ごみ 収集日,https://www.town.morimachi.shizuoka.jp/gyosei/machinososhiki/juminseikatsuka/seikatsukankyokakari/1/1/692.html,2026-07-03,merge,/life/start-living/how-to-garbage/,P0,大石浩之,作業中,life,garbage-sorting-calendar,detail,住民生活課,住民,森町の家庭ごみ分別表・収集日カレンダーはPDFで公開されているほか、全戸配布や役場での配架もあります。令和8年4月からルール変更が予定されているので確認しておきましょう。,0538-85-6314,3,https://morimachi.enshu-lifehack.com/life/start-living/garbage-sorting-calendar/,True,False,True,28952
/life/start-living/how-to-garbage/,森町の家庭ごみの出し方。分別表・かな検索・多言語ガイドで確認できる。 | 森町ライフハック,森町の家庭ごみの出し方。分別表・かな検索・多言語ガイドで確認できる。,start-living,procedures,手続きしたい,ごみの分別と出し方を調べる,森町 ごみ 分別,https://www.town.morimachi.shizuoka.jp/gyosei/machinososhiki/juminseikatsuka/seikatsukankyokakari/1/1/gomi_navi/kateigomi/1101.html,2026-07-03,rewrite,,P0,大石浩之,作業中,life,how-to-garbage,parent,住民生活課,住民,森町の家庭ごみの出し方は「家庭ごみの出し方ナビ」でかな検索ができ、分別表・分別ガイドブックは多言語対応もしています。迷ったらまずこのナビで品目を調べてみましょう。,0538-85-6314,4,https://morimachi.enshu-lifehack.com/life/start-living/how-to-garbage/,True,False,True,29255
/life/start-living/,🧭 森町で暮らし始めた | 森町ライフハック,🧭 森町で暮らし始めた,start-living,procedures,手続きしたい,森町で暮らし始めたときの手続きを一覧で把握する,森町 転入 手続き,https://www.town.morimachi.shizuoka.jp/gyosei/kurashi_tetsuzuki/index.html,,keep,,P1,大石浩之,作業中,life,index,hub,住民生活課,転入者,森町に引っ越してきたばかりの方向けに、転入手続き・証明書・ごみ・水道・ペット登録・公共交通など、暮らし始めに必要な手続きをまとめました。まずは全体の流れをつかみましょう。,0538-85-2111,3,https://morimachi.enshu-lifehack.com/life/start-living/,True,False,True,28110
/life/start-living/moved-in/,森町に引っ越してきたら、転入届→マイナンバー→水道→ごみ→犬の登録の順で片づける。 | 森町ライフハック,森町に引っ越してきたら、転入届→マイナンバー→水道→ごみ→犬の登録の順で片づける。,start-living,procedures,手続きしたい,転入直後にやる手続きを順番に片づける,森町 転入届,https://www.town.morimachi.shizuoka.jp/gyosei/machinososhiki/juminseikatsuka/juminkakari/2/3/2901.html,2026-07-03,rewrite,,P0,大石浩之,作業中,life,moved-in,parent,住民生活課,転入者 / 世帯主,森町に引っ越してきたら、転入届→マイナンバー→水道→ごみ分別→犬の登録の順で片づけるのが効率的です。転入届は引っ越し完了日から14日以内に必ず来庁して手続きします。,0538-85-6312,4,https://morimachi.enshu-lifehack.com/life/start-living/moved-in/,True,False,True,29773
/life/start-living/moving-address-change/,森町での住所変更。転入・転居・転出届はいずれも来庁必須、14日以内に。 | 森町ライフハック,森町での住所変更。転入・転居・転出届はいずれも来庁必須、14日以内に。,start-living,procedures,手続きしたい,転入・転居・転出の届出方法を確認する,森町 住所変更 届出,https://www.town.morimachi.shizuoka.jp/gyosei/machinososhiki/juminseikatsuka/juminkakari/2/3/2902.html,2026-07-03,merge,/life/start-living/moved-in/,P2,大石浩之,作業中,life,moving-address-change,detail,住民生活課,住民,森町での住所変更は、転入・転居・転出のいずれも14日以内が基本の期限です。転入・転居は必ず来庁が必要ですが、転出は郵送でも届け出られます。,0538-85-6312,4,https://morimachi.enshu-lifehack.com/life/start-living/moving-address-change/,True,False,True,30038
/life/start-living/mynumber/,森町でマイナンバーカードを申請から受け取りまで進める。窓口はタブレット申請にも対応。 | 森町ライフハック,森町でマイナンバーカードを申請から受け取りまで進める。窓口はタブレット申請にも対応。,start-living,procedures,手続きしたい,マイナンバーカードを申請から受け取りまで進める,森町 マイナンバーカード 申請,https://www.town.morimachi.shizuoka.jp/gyosei/machinososhiki/juminseikatsuka/juminkakari/1/4286.html,2026-07-03,rewrite,,P0,大石浩之,作業中,life,mynumber,detail,住民生活課,本人 / 保護者,マイナンバーカードは郵送・オンライン・窓口タブレットの3通りで申請でき、受け取りは交付通知書と本人確認書類を持って来庁します。水曜は19時まで窓口が開いています。,0538-85-6312,4,https://morimachi.enshu-lifehack.com/life/start-living/mynumber/,True,False,True,29719
/life/start-living/pets-lost-animals/,森町で犬や猫がいなくなったら、住民生活課・保健所・警察の3か所へ連絡する。 | 森町ライフハック,森町で犬や猫がいなくなったら、住民生活課・保健所・警察の3か所へ連絡する。,start-living,procedures,手続きしたい,いなくなった犬・猫を探す連絡先を知る,森町 迷い犬 迷い猫,https://www.town.morimachi.shizuoka.jp/gyosei/machinososhiki/juminseikatsuka/seikatsukankyokakari/2/4304.html,2026-07-03,keep,,P2,大石浩之,作業中,life,pets-lost-animals,detail,住民生活課,飼い主 / 発見者,犬や猫がいなくなったら、住民生活課生活環境係・静岡県西部保健所・袋井警察署森分庁舎の3か所へ連絡しましょう。鑑札や連絡先を首輪に付けておくと発見時にスムーズです。,0538-37-2245 / 0538-85-0110 / 0538-85-6314,3,https://morimachi.enshu-lifehack.com/life/start-living/pets-lost-animals/,True,False,True,29028
/life/start-living/public-transit/,森町の公共交通。町営バス（岡幸線・吉川線）と天竜浜名湖鉄道・秋葉バスサービスを使い分ける。 | 森町ライフハック,森町の公共交通。町営バス（岡幸線・吉川線）と天竜浜名湖鉄道・秋葉バスサービスを使い分ける。,start-living,procedures,手続きしたい,森町での移動手段（町営バス・鉄道）を調べる,森町 バス 時刻表,https://www.town.morimachi.shizuoka.jp/gyosei/machinososhiki/seisakukikakuka/seisakukikakugakari/4/418.html,2026-07-03,rewrite,,P1,大石浩之,作業中,life,public-transit,detail,政策企画課,住民 / 移住検討者,森町の公共交通は、町営バス（大河内線・吉川線）と天竜浜名湖鉄道、秋葉バスサービス、タクシーを組み合わせて使います。行き先に応じて使い分けましょう。,0538-85-6305,3,https://morimachi.enshu-lifehack.com/life/start-living/public-transit/,True,False,True,29164
/life/start-living/resident-registration/,森町で住民票を急ぎで手に入れる。コンビニ交付なら毎日6:30-23:00、200円。 | 森町ライフハック,森町で住民票を急ぎで手に入れる。コンビニ交付なら毎日6:30-23:00、200円。,start-living,procedures,手続きしたい,住民票の写しを急ぎで手に入れる,森町 住民票 コンビニ,https://www.town.morimachi.shizuoka.jp/gyosei/machinososhiki/juminseikatsuka/juminkakari/2/4826.html,2026-07-03,keep,,P0,大石浩之,作業中,life,resident-registration,detail,住民生活課,本人 / 同一世帯,住民票を急ぎで手に入れたいときは、マイナンバーカードによるコンビニ交付が便利です。毎日6:30-23:00利用でき、料金は200円と窓口より安くなります。,0538-85-6312,4,https://morimachi.enshu-lifehack.com/life/start-living/resident-registration/,True,False,True,29129
/life/start-living/water-sewer/,"森町の水道・下水道料金の仕組み。下水道は基本料金月1,000円から段階制。 | 森町ライフハック","森町の水道・下水道料金の仕組み。下水道は基本料金月1,000円から段階制。",start-living,procedures,手続きしたい,水道・下水道料金の仕組みと金額を知る,森町 水道料金,https://www.town.morimachi.shizuoka.jp/gyosei/machinososhiki/jogesuidoka/josuidokanrigakari/1/1/669.html,2026-07-03,keep,,P2,大石浩之,作業中,life,water-sewer,detail,上下水道課 / 水道は上水道管理係 / 下水道は下水道管理係,住民,"森町の下水道料金は、基本料金月1,000円（0～10立方メートル）に加え、使用量に応じた段階制の超過料金がかかる仕組みです。使用量が増えるほど単価も上がります。",0538-85-6326 / 0538-85-6327,3,https://morimachi.enshu-lifehack.com/life/start-living/water-sewer/,True,False,True,29219
/life/start-living/water-start-stop-fees/,森町で水道の使用開始・中止を届け出る。期限は閉開栓日の前日まで（土日祝除く）。 | 森町ライフハック,森町で水道の使用開始・中止を届け出る。期限は閉開栓日の前日まで（土日祝除く）。,start-living,procedures,手続きしたい,水道の使用開始・中止を届け出る,森町 水道 開栓 中止,https://www.town.morimachi.shizuoka.jp/gyosei/machinososhiki/jogesuidoka/josuidokanrigakari/1/1/668.html,2026-07-03,rewrite,,P0,大石浩之,作業中,life,water-start-stop-fees,detail,上下水道課,転入者 / 転出者,水道の使用開始・中止は、閉開栓日の前日まで（土日祝除く）に「給水届」の提出が必要です。届出がないと使用量ゼロでも基本料金が発生し続けるので早めに手続きしましょう。,0538-85-6326,2,https://morimachi.enshu-lifehack.com/life/start-living/water-start-stop-fees/,True,False,True,29366
/life/troubles-consult/animal-pet-consultation/,動物・ペットの困りごとは、森町役場「生活環境係」へ相談する。 | 森町ライフハック,動物・ペットの困りごとは、森町役場「生活環境係」へ相談する。,troubles-consult,trouble,困った・緊急,動物・ペットの困りごとを相談する,森町 動物 苦情 相談,https://www.town.morimachi.shizuoka.jp/gyosei/machinososhiki/juminseikatsuka/seikatsukankyokakari/2/index.html,2026-07-03,keep,,P2,大石浩之,作業中,life,animal-pet-consultation,detail,住民生活課,住民,犬や猫のことで困ったときは、森町役場「住民生活課 生活環境係」が窓口です。飼い方の相談から、飼い主のいない猫の不妊・去勢手術の補助制度、狂犬病予防注射の案内まで幅広く対応してもらえます。まずは電話で状況を伝えるところから始めてください。,0538-85-2111,3,https://morimachi.enshu-lifehack.com/life/troubles-consult/animal-pet-consultation/,True,False,True,29815
/life/troubles-consult/cannot-pay-tax/,町税・国保税が払えないときは、差押えの前に森町「税務課」へ相談する。 | 森町ライフハック,町税・国保税が払えないときは、差押えの前に森町「税務課」へ相談する。,troubles-consult,trouble,困った・緊急,税金・保険税が払えないときに差押えの前に相談する,森町 税金 払えない,https://www.town.morimachi.shizuoka.jp/gyosei/machinososhiki/zeimuka/nozeigakari/1/761.html,2026-07-03,rewrite,,P0,大石浩之,作業中,life,cannot-pay-tax,parent,税務課,納税者,町税や国保税の支払いが難しいときは、滞納のまま放っておかず、早めに森町「税務課 納税係」へ相談してください。口座振替や分割納付など、状況に応じた対応を一緒に考えてもらえます。連絡が遅れるほど選べる手段が減っていきます。,0538-85-2111,2,https://morimachi.enshu-lifehack.com/life/troubles-consult/cannot-pay-tax/,True,False,True,30037
/life/troubles-consult/care-consultation/,介護で困ったときは、森町「地域包括支援センター」へ相談する。 | 森町ライフハック,介護で困ったときは、森町「地域包括支援センター」へ相談する。,troubles-consult,care,親・介護,介護の困りごとを相談する,森町 介護 相談,https://www.town.morimachi.shizuoka.jp/gyosei/machinososhiki/hokenfukushika/chiikihokatsushiencenterkakari/index.html,2026-07-03,merge,/life/parents-care/community-support-center/,P1,大石浩之,作業中,life,care-consultation,detail,保健福祉課,家族,親や自分自身の介護のことで迷ったら、森町「地域包括支援センター係」が高齢者のための総合相談窓口です。介護保険の申請の仕方から、介護予防や日常の困りごとまで幅広く相談できます。ひとりで抱え込む前に、まず電話してみてください。,0538-85-2111,2,https://morimachi.enshu-lifehack.com/life/troubles-consult/care-consultation/,True,False,True,29894
/life/troubles-consult/child-consultation/,子どものことで不安なときは、森町「こども家庭センター」へ相談する。 | 森町ライフハック,子どものことで不安なときは、森町「こども家庭センター」へ相談する。,troubles-consult,trouble,困った・緊急,子どものことの不安を相談する,森町 こども家庭センター,https://www.town.morimachi.shizuoka.jp/gyosei/machinososhiki/kenkokodomoka/kodomokateikakari/1/837.html,2026-07-03,keep,,P1,大石浩之,作業中,life,child-consultation,detail,健康こども課 / 森町こども家庭センター,保護者,子育ての不安や子どものことで気になることがあれば、森町「こども家庭センター」（健康こども課 こども家庭係）へ相談してください。妊娠期から学齢期まで、子育て支援専門員や保健師が幅広く相談に応じてくれます。,0538-85-2111,3,https://morimachi.enshu-lifehack.com/life/troubles-consult/child-consultation/,True,False,True,29756
/life/troubles-consult/consumer-fraud/,だまされたかも、契約してしまった。森町「町民生活センター」の消費生活相談へ早めに相談する。 | 森町ライフハック,だまされたかも、契約してしまった。森町「町民生活センター」の消費生活相談へ早めに相談する。,troubles-consult,trouble,困った・緊急,詐欺・悪質商法の被害を相談する,森町 消費生活相談,https://www.town.morimachi.shizuoka.jp/gyosei/machinososhiki/sangyoseisakuka/kankoshinkokakari/1_1/655.html,2026-07-03,keep,,P0,大石浩之,作業中,life,consumer-fraud,detail,森町町民生活センター,住民,身に覚えのない請求や、契約してしまってから不安になった契約トラブルは、森町「町民生活センター」の消費生活相談へ早めに相談してください。特にインターネット関連の架空請求は、慌てて連絡・支払いをしないことが大切です。,0538-85-2111 / 0538-85-6319,3,https://morimachi.enshu-lifehack.com/life/troubles-consult/consumer-fraud/,True,False,True,30085
/life/troubles-consult/disability-consultation/,障害のことは、森町「障害福祉係」へまず相談する。 | 森町ライフハック,障害のことは、森町「障害福祉係」へまず相談する。,troubles-consult,trouble,困った・緊急,障害のことを相談する,森町 障害 相談,https://www.town.morimachi.shizuoka.jp/gyosei/machinososhiki/hokenfukushika/shogaifukushikakari/index.html,2026-07-03,merge,/life/health-medical/disability-welfare/,P1,大石浩之,作業中,life,disability-consultation,detail,保健福祉課,本人 / 家族,障害のことでどこに相談すればいいか分からないときは、森町「保健福祉課 障害福祉係」がまずの窓口です。障害者手帳や医療費助成、日常生活用具の支給など、生活に関わる制度をまとめて相談できます。,0538-85-2111,3,https://morimachi.enshu-lifehack.com/life/troubles-consult/disability-consultation/,True,False,True,29165
/life/troubles-consult/farmland/certificates/,農地の証明（耕作証明・非農地証明等）は、森町「農林政策課 農地管理係」（農業委員会事務局）へ確認する。 | 森町ライフハック,農地の証明（耕作証明・非農地証明等）は、森町「農林政策課 農地管理係」（農業委員会事務局）へ確認する。,troubles-consult,property,家・土地,耕作証明・非農地証明を取得する,耕作証明書 非農地証明,https://www.town.morimachi.shizuoka.jp/gyosei/machinososhiki/norinseisakuka/nochikanrikakari/index.html,2026-07-04,keep,,P2,大石浩之,作業中,life,certificates,detail,農林政策課 / 森町農業委員会,所有者,耕作証明や非農地証明など、農地に関する証明が必要なときは、森町「農林政策課 農地管理係」（農業委員会事務局）に確認してください。証明の種類によって発行できるかどうかや必要な手続きが異なるため、まず用途を伝えて相談するのが近道です。,0538-85-6315,2,https://morimachi.enshu-lifehack.com/life/troubles-consult/farmland/certificates/,True,False,True,30200
/life/troubles-consult/farmland/change-use/,農地を別の用途に使いたいときは、まず森町「農林政策課 農地管理係」（農業委員会）へ相談する。 | 森町ライフハック,農地を別の用途に使いたいときは、まず森町「農林政策課 農地管理係」（農業委員会）へ相談する。,troubles-consult,property,家・土地,農地を別の用途に使う相談をする,農地 用途変更,https://www.town.morimachi.shizuoka.jp/gyosei/sangyo_shigoto/noringyo/index.html,,merge,/life/troubles-consult/farmland/conversion/,P2,大石浩之,作業中,life,change-use,detail,農林政策課 / 森町農業委員会,所有者,農地を別の用途に使いたいと考えたときは、まず森町「農林政策課 農地管理係」（農業委員会）へ相談してください。宅地にする、駐車場にするなど目的によって必要な手続きが変わるため、着手前の相談が欠かせません。,0538-85-6315,2,https://morimachi.enshu-lifehack.com/life/troubles-consult/farmland/change-use/,True,False,True,29676
/life/troubles-consult/farmland/conversion/,農地を宅地・駐車場にするとき（農地法4条・5条）は、森町「農林政策課 農地管理係」（農業委員会）へ事前相談する。 | 森町ライフハック,農地を宅地・駐車場にするとき（農地法4条・5条）は、森町「農林政策課 農地管理係」（農業委員会）へ事前相談する。,troubles-consult,property,家・土地,農地を宅地・駐車場にする（農地法4条・5条）,農地転用 4条 5条,https://www.town.morimachi.shizuoka.jp/gyosei/sangyo_shigoto/noringyo/index.html,2026-07-03,rewrite,,P2,大石浩之,作業中,life,conversion,detail,農林政策課 / 森町農業委員会,所有者,農地を宅地や駐車場にする農地法4条・5条の転用は、森町「農林政策課 農地管理係」（農業委員会）への事前相談が欠かせません。特に30アールを超える転用は農業委員会総会のあと県農業会議への協議が必要になるため、早めの相談が重要です。,0538-85-6315,2,https://morimachi.enshu-lifehack.com/life/troubles-consult/farmland/conversion/,True,False,True,30735
/life/troubles-consult/farmland/,相続した田んぼ・畑をどうすればいいか分からないときは、森町「農林政策課 農地管理係」（農業委員会）に相談から始める。 | 森町ライフハック,相続した田んぼ・畑をどうすればいいか分からないときは、森町「農林政策課 農地管理係」（農業委員会）に相談から始める。,troubles-consult,property,家・土地,相続した農地の扱いを整理する,森町 農地 相続,https://www.town.morimachi.shizuoka.jp/gyosei/machinososhiki/norinseisakuka/nochikanrikakari/index.html,2026-07-03,keep,,P1,大石浩之,作業中,life,farmland,parent,農林政策課 / 森町農業委員会,相続人 / 所有者,相続した田んぼや畑をどうすればいいか分からないときは、まず森町「農林政策課 農地管理係」（農業委員会）に相談することから始めてください。証明の取得、相続の届出、転用、売買・貸借など、状況に応じた相談先はすべてこの窓口につながっています。,0538-85-6315,3,https://morimachi.enshu-lifehack.com/life/troubles-consult/farmland/,True,False,True,30645
/life/troubles-consult/farmland/inheritance/,農地を相続したら、森町「農林政策課 農地管理係」（農業委員会）への届出から整理する。 | 森町ライフハック,農地を相続したら、森町「農林政策課 農地管理係」（農業委員会）への届出から整理する。,troubles-consult,property,家・土地,農地を相続したときの届出をする,農地 相続 届出,https://www.town.morimachi.shizuoka.jp/gyosei/machinososhiki/norinseisakuka/nochikanrikakari/766.html,2026-07-03,keep,,P1,大石浩之,作業中,life,inheritance,detail,農林政策課 / 森町農業委員会,相続人,農地を相続したら、森町「農林政策課 農地管理係」（農業委員会）への届出から整理を始めてください。相続後は農業委員会への相続届出（農地法第3条の3）が必要で、その後の活用方法もあわせて相談できます。,0538-85-6315,2,https://morimachi.enshu-lifehack.com/life/troubles-consult/farmland/inheritance/,True,False,True,29555
/life/troubles-consult/farmland/noshin-exclusion/,農振・農用地区域からの除外は、まず森町「農林政策課 農地管理係」へ土地の場所と目的を確認する。 | 森町ライフハック,農振・農用地区域からの除外は、まず森町「農林政策課 農地管理係」へ土地の場所と目的を確認する。,troubles-consult,property,家・土地,農振農用地区域からの除外を相談する,農振除外 森町,https://www.town.morimachi.shizuoka.jp/gyosei/machinososhiki/norinseisakuka/nochikanrikakari/index.html,,keep,,P2,大石浩之,作業中,life,noshin-exclusion,detail,農林政策課,所有者,農振農用地区域からの除外を考えているときは、まず森町「農林政策課 農地管理係」に土地の場所と目的を伝えて相談してください。農業振興地域整備計画の見直しの時期など、進め方は土地の状況によって異なります。,0538-85-6315,1,https://morimachi.enshu-lifehack.com/life/troubles-consult/farmland/noshin-exclusion/,True,False,True,29540
/life/troubles-consult/farmland/sell-or-rent/,使っていない農地を売りたい・貸したいときは、森町「農林政策課 農地管理係」（農業委員会）へ相談する。 | 森町ライフハック,使っていない農地を売りたい・貸したいときは、森町「農林政策課 農地管理係」（農業委員会）へ相談する。,troubles-consult,property,家・土地,使っていない農地を売る・貸す,農地 売りたい 貸したい,https://www.town.morimachi.shizuoka.jp/gyosei/sangyo_shigoto/noringyo/index.html,2026-07-03,keep,,P1,大石浩之,作業中,life,sell-or-rent,detail,農林政策課 / 森町農業委員会,所有者,使っていない農地を売りたい、貸したいと考えたときは、森町「農林政策課 農地管理係」（農業委員会）へ相談してください。耕作目的での売買・貸借には農業委員会での手続きが必要です。,0538-85-6315,2,https://morimachi.enshu-lifehack.com/life/troubles-consult/farmland/sell-or-rent/,True,False,True,29304
/life/troubles-consult/foreign-resident-consultation/,外国人住民の手続きは、森町「住民生活課 住民係」で住民登録と相談先を分けて確認する。 | 森町ライフハック,外国人住民の手続きは、森町「住民生活課 住民係」で住民登録と相談先を分けて確認する。,troubles-consult,trouble,困った・緊急,外国人住民の手続きと相談先を知る,森町 外国人 相談,https://www.town.morimachi.shizuoka.jp/gyosei/kurashi_tetsuzuki/koseki_juminhyo_inkanshomei/index.html,2026-07-03,keep,,P2,大石浩之,作業中,life,foreign-resident-consultation,detail,住民生活課,外国人住民,外国人住民の手続きは、まず森町「住民生活課 住民係」で住民登録に関する届出を確認し、そのうえで相談内容ごとの窓口を分けて考えると整理しやすくなります。防火防災など生活に関わる情報も多言語で用意されています。,0538-85-6312,3,https://morimachi.enshu-lifehack.com/life/troubles-consult/foreign-resident-consultation/,True,False,True,29626
/life/troubles-consult/,🧩 困った・相談したい（森町の相談窓口まとめ） | 森町ライフハック,🧩 困った・相談したい（森町の相談窓口まとめ）,troubles-consult,trouble,困った・緊急,困りごとの相談窓口を一覧で把握する,森町 相談窓口,https://www.town.morimachi.shizuoka.jp/gyosei/machinososhiki/juminseikatsuka/juminkakari/3/567.html,2026-07-03,keep,,P1,大石浩之,作業中,life,index,hub,住民生活課,住民,森町での困りごとや相談したいことは、内容によって窓口が分かれています。このページでは、人権・税金・介護・子育て・消費生活・障害・農地・空き家など、よくある困りごと別の相談窓口をまとめてご案内します。,0538-85-6312,3,https://morimachi.enshu-lifehack.com/life/troubles-consult/,True,False,True,30141
/life/troubles-consult/legal-general-consultation/,誰に相談すればいいか分からない悩みは、森町「暮らしの相談窓口」（無料法律相談等）へつなぐ。 | 森町ライフハック,誰に相談すればいいか分からない悩みは、森町「暮らしの相談窓口」（無料法律相談等）へつなぐ。,troubles-consult,trouble,困った・緊急,無料法律相談など専門相談につなぐ,森町 無料法律相談,https://www.town.morimachi.shizuoka.jp/gyosei/machinososhiki/juminseikatsuka/juminkakari/3/567.html,2026-07-03,keep,,P1,大石浩之,作業中,life,legal-general-consultation,detail,住民生活課,住民,誰に相談すればいいか分からない悩みは、森町「暮らしの相談窓口」につないでみてください。無料法律相談をはじめ、人権・行政・年金・健康など、月替わりで実施される相談会の情報がまとまっています。,0538-85-6312,3,https://morimachi.enshu-lifehack.com/life/troubles-consult/legal-general-consultation/,True,False,True,29693
/life/troubles-consult/living-costs-trouble/,生活費が足りないとき、森町にはひとりで抱えず相談できる窓口がある | 森町ライフハック,生活費が足りないとき、森町にはひとりで抱えず相談できる窓口がある,troubles-consult,trouble,困った・緊急,生活費が足りないときの支援を受ける,森町 生活困窮 相談,https://www.town.morimachi.shizuoka.jp/gyosei/machinososhiki/hokenfukushika/index.html,2026-07-04,keep,,P0,大石浩之,作業中,life,living-costs-trouble,detail,,生活困窮者,収入が減った、支払いが重なった、この先の生活費が心配。そうした悩みは、ひとりで抱え込まなくて大丈夫です。森町には、生活に困ったときに相談できる窓口があります。まずは状況を話すところから始めてみてください。,0538-37-2243 / 0538-85-2111 / 0538-85-5769,2,https://morimachi.enshu-lifehack.com/life/troubles-consult/living-costs-trouble/,True,False,True,32539
/life/troubles-consult/road-repair-mirror/,道路の穴・カーブミラーの不具合は、森町「建設課 管理係」へ通報する。 | 森町ライフハック,道路の穴・カーブミラーの不具合は、森町「建設課 管理係」へ通報する。,troubles-consult,trouble,困った・緊急,道路の穴・カーブミラーの不具合を通報する,森町 道路 通報,https://www.town.morimachi.shizuoka.jp/gyosei/machinososhiki/kensetsuka/kanrigakari/2/416.html,2026-07-04,keep,,P2,大石浩之,作業中,life,road-repair-mirror,detail,,住民,町道の陥没やひび割れ、カーブミラーの破損・向きのずれに気づいたときは、森町役場「建設課 管理係」（電話0538-85-6325）へ連絡してください。町道の維持・補修や交通安全施設の管理を担当している窓口です。,0538-85-2111 / 0538-85-6325,3,https://morimachi.enshu-lifehack.com/life/troubles-consult/road-repair-mirror/,True,False,True,31538
/life/troubles-consult/vacant-house-consultation/,親の家・実家をどうするか迷ったときは、固定資産税の窓口「税務課」から整理を始める。 | 森町ライフハック,親の家・実家をどうするか迷ったときは、固定資産税の窓口「税務課」から整理を始める。,troubles-consult,property,家・土地,親の家・実家をどうするか迷ったときに整理を始める,実家 どうする 相談,https://www.town.morimachi.shizuoka.jp/gyosei/machinososhiki/zeimuka/shisanzeigakari/1/index.html,2026-07-03,merge,/life/end-of-life/inherited-house/,P0,大石浩之,作業中,life,vacant-house-consultation,detail,税務課,家族,親の家や実家をどうするか迷ったときは、まず固定資産税の窓口である森町「税務課 資産税係」から整理を始めてみてください。所有者や税額の状況を確認することで、その後の相続・売却・解体などの検討がしやすくなります。,0538-85-2111,2,https://morimachi.enshu-lifehack.com/life/troubles-consult/vacant-house-consultation/,True,False,True,30178
/life/work-life/city-tax-payment/,森町の町税の納付方法は、口座振替・コンビニ・スマホ決済から選べる | 森町ライフハック,森町の町税の納付方法は、口座振替・コンビニ・スマホ決済から選べる,work-life,procedures,手続きしたい,町税の納付方法を選ぶ,森町 町税 納付,https://www.town.morimachi.shizuoka.jp/gyosei/kurashi_tetsuzuki/zeikin/nofu/1373.html,2026-07-03,keep,,P1,大石浩之,作業中,life,city-tax-payment,detail,税務課,納税者,森町の町税は、口座振替・コンビニ・スマホ決済など複数の方法で納付できます。ご自身の生活スタイルに合わせて、支払い忘れを防ぎやすい方法を選ぶことができます。,0538-85-6310,2,https://morimachi.enshu-lifehack.com/life/work-life/city-tax-payment/,True,False,True,29476
/life/work-life/,💴 働く・暮らす（森町版） | 森町ライフハック,💴 働く・暮らす（森町版）,work-life,procedures,手続きしたい,税金・保険・仕事に関する手続きを一覧で把握する,森町 税金 手続き,https://www.town.morimachi.shizuoka.jp/,,keep,,P2,大石浩之,作業中,life,index,hub,,住民,森町で働く・暮らすうえで必要な手続きを、税金・年金・保険・就職・起業までまとめています。まずは知りたいテーマから探してみてください。,,1,https://morimachi.enshu-lifehack.com/life/work-life/,True,False,True,25366
/life/work-life/job-change/,森町の就職・転職は、求人検索はハローワーク磐田、支援情報は町の就職支援ページを確認する | 森町ライフハック,森町の就職・転職は、求人検索はハローワーク磐田、支援情報は町の就職支援ページを確認する,work-life,procedures,手続きしたい,森町で仕事を探す入口を知る,森町 求人,https://www.town.morimachi.shizuoka.jp/gyosei/sangyo_shigoto/shushokushien/index.html,2026-07-03,keep,,P2,大石浩之,作業中,life,job-change,detail,,求職者,森町には町独自の求人検索窓口はなく、求人情報はハローワーク磐田で確認します。町の公式サイトでは移住・就業支援補助金の案内や最低賃金の情報が中心です。,0538-85-2111,2,https://morimachi.enshu-lifehack.com/life/work-life/job-change/,True,False,True,28588
/life/work-life/job-recruitment/,森町職員採用情報は、パブリックコネクト森町ページで募集要項を確認する | 森町ライフハック,森町職員採用情報は、パブリックコネクト森町ページで募集要項を確認する,work-life,procedures,手続きしたい,森町職員の採用情報を確認する,森町 職員採用,https://www.town.morimachi.shizuoka.jp/gyosei/machinososhiki/somuka/shokuingakari/1/6496.html,2026-07-03,keep,,P3,大石浩之,作業中,life,job-recruitment,detail,総務課,求職者,森町職員の採用情報は、町の公式サイトではなく「パブリックコネクト森町ページ」に掲載されます。募集要項や試験日程はそちらで確認します。,0538-85-6301,3,https://morimachi.enshu-lifehack.com/life/work-life/job-recruitment/,True,False,True,27866
/life/work-life/light-vehicle-tax/,森町の軽自動車税は、排気量・車種ごとの税額を町民税係で確認する | 森町ライフハック,森町の軽自動車税は、排気量・車種ごとの税額を町民税係で確認する,work-life,procedures,手続きしたい,軽自動車税の税額と手続きを確認する,森町 軽自動車税,https://www.town.morimachi.shizuoka.jp/gyosei/machinososhiki/zeimuka/chominzeigakari/1/3/715.html,2026-07-03,keep,,P2,大石浩之,作業中,life,light-vehicle-tax,detail,税務課,車両所有者,森町の軽自動車税は、原付バイクから軽自動車まで車種ごとに税額が決まっています。毎年4月1日時点の所有者に課税されるため、名義変更や廃車の手続き漏れに注意が必要です。,0538-85-6308,4,https://morimachi.enshu-lifehack.com/life/work-life/light-vehicle-tax/,True,False,True,28774
/life/work-life/my-number-card/,森町のマイナンバーカードは、郵送・オンライン・窓口の3通りで申請できる | 森町ライフハック,森町のマイナンバーカードは、郵送・オンライン・窓口の3通りで申請できる,work-life,procedures,手続きしたい,マイナンバーカードを申請する,森町 マイナンバーカード,https://www.town.morimachi.shizuoka.jp/gyosei/machinososhiki/juminseikatsuka/juminkakari/1/572.html,2026-07-03,merge,/life/start-living/mynumber/,P1,大石浩之,作業中,life,my-number-card,detail,住民生活課,本人,森町のマイナンバーカードは、郵送・オンライン・窓口の3通りで申請できます。申請後に交付通知書のハガキが届いたら、本人確認書類を持って窓口で受け取ります。,0538-85-6312,3,https://morimachi.enshu-lifehack.com/life/work-life/my-number-card/,True,False,True,29131
/life/work-life/national-health-insurance-tax/,森町の国民健康保険税は、税務課町民税係で税率・減免を確認する | 森町ライフハック,森町の国民健康保険税は、税務課町民税係で税率・減免を確認する,work-life,procedures,手続きしたい,国民健康保険税の税率・減免を確認する,森町 国民健康保険税,https://www.town.morimachi.shizuoka.jp/gyosei/machinososhiki/zeimuka/chominzeigakari/2/1/index.html,2026-07-03,keep,,P2,大石浩之,作業中,life,national-health-insurance-tax,detail,税務課,国保加入者,森町の国民健康保険税は、所得割・均等割などをもとに算出されます。具体的な税率はページ内の関連リンクで確認し、災害等で納付が困難な場合は減免制度も利用できます。,0538-85-2111 / 0538-85-6308,3,https://morimachi.enshu-lifehack.com/life/work-life/national-health-insurance-tax/,True,False,True,28779
/life/work-life/nhk-pension/,森町の国民健康保険・国民年金は、住民生活課国保年金係で手続きする | 森町ライフハック,森町の国民健康保険・国民年金は、住民生活課国保年金係で手続きする,work-life,procedures,手続きしたい,国民健康保険・国民年金の加入と喪失を手続きする,森町 国民年金 手続き,https://www.town.morimachi.shizuoka.jp/gyosei/machinososhiki/juminseikatsuka/kokuhonenkinkakari/2/1/index.html,2026-07-03,keep,,P2,大石浩之,作業中,life,nhk-pension,detail,住民生活課,退職者 / 住民,森町の国民健康保険・国民年金の手続きは、住民生活課国保年金係が窓口です。加入・喪失のほか、傷病手当金やマイナ保険証、産前産後の保険税免除なども案内されています。,0538-85-2111,2,https://morimachi.enshu-lifehack.com/life/work-life/nhk-pension/,True,False,True,28662
/life/work-life/resident-tax/,森町の住民税（町・県民税）は、納付方法と電子申告を税務課で確認する | 森町ライフハック,森町の住民税（町・県民税）は、納付方法と電子申告を税務課で確認する,work-life,procedures,手続きしたい,住民税の納付方法と申告を確認する,森町 住民税,https://www.town.morimachi.shizuoka.jp/gyosei/machinososhiki/zeimuka/chominzeigakari/1/1/716.html,2026-07-03,keep,,P1,大石浩之,作業中,life,resident-tax,detail,税務課,納税者,森町の住民税（町・県民税）は、給与から天引きされる特別徴収と、自分で納付する普通徴収の両方に対応しています。退職時の特別徴収についても案内があります。,0538-85-6308 / 0538-85-6310,3,https://morimachi.enshu-lifehack.com/life/work-life/resident-tax/,True,False,True,28621
/life/work-life/start-business/,森町の起業・創業は、産業課と森町企業立地・雇用促進特設サイトで相談する | 森町ライフハック,森町の起業・創業は、産業課と森町企業立地・雇用促進特設サイトで相談する,work-life,procedures,手続きしたい,森町で起業・創業する相談先を知る,森町 創業支援,https://www.town.morimachi.shizuoka.jp/gyosei/sangyo_shigoto/kigyoshien/5216.html,2026-07-03,keep,,P3,大石浩之,作業中,life,start-business,detail,産業課,創業希望者,森町で起業・創業を考える方は、産業課への相談と「森町企業立地・雇用促進特設サイト」の活用が入口になります。町独自の起業相談窓口ページは見当たらないため、まずは産業課に相談するのが確実です。,0538-85-2111 / 0538-85-6319,2,https://morimachi.enshu-lifehack.com/life/work-life/start-business/,True,False,True,29058
/life/work-life/start-farming/,森町の就農準備は、産業課農政係で農地情報・空き家付き農地制度を確認する | 森町ライフハック,森町の就農準備は、産業課農政係で農地情報・空き家付き農地制度を確認する,work-life,procedures,手続きしたい,森町で就農する準備を進める,森町 就農,https://www.town.morimachi.shizuoka.jp/gyosei/machinososhiki/norinseisakuka/noseigakari/index.html,,keep,,P3,大石浩之,作業中,life,start-farming,detail,産業課,就農希望者,森町で就農を考える方は、産業課農政係・農業委員会事務局が窓口です。新規就農者向けに下限面積を緩和した「空き家付き農地取得制度」もあります。,0538-85-6315,2,https://morimachi.enshu-lifehack.com/life/work-life/start-farming/,True,False,True,28525
/life/work-life/subsidies/,森町の補助金は、担当課ごとに分かれるため対象制度を個別に確認する | 森町ライフハック,森町の補助金は、担当課ごとに分かれるため対象制度を個別に確認する,work-life,procedures,手続きしたい,森町の補助金にどんなものがあるか調べる,森町 補助金,https://www.town.morimachi.shizuoka.jp/gyosei/machinososhiki/sangyoseisakuka/sangyoshinkokakari/index.html,2026-07-04,keep,,P2,大石浩之,作業中,life,subsidies,detail,,住民,森町の補助金は、住民生活課や産業課など担当課ごとに制度が分かれています。全体をまとめた一覧ページはないため、目的に応じて担当課へ確認するのが近道です。,0538-85-2111,2,https://morimachi.enshu-lifehack.com/life/work-life/subsidies/,True,False,True,28016
/life/work-life/tax/,森町の税金手続きは、税目ごとに税務課の各係で確認する | 森町ライフハック,森町の税金手続きは、税目ごとに税務課の各係で確認する,work-life,procedures,手続きしたい,どの税金の話か整理して担当係にたどりつく,森町 税金,https://www.town.morimachi.shizuoka.jp/gyosei/kurashi_tetsuzuki/zeikin/nofu/1373.html,2026-07-03,keep,,P1,大石浩之,作業中,life,tax,parent,税務課 / 納税係 / 町民税係,納税者,森町の税金手続きは、住民税・軽自動車税・国民健康保険税など税目ごとに税務課の各係が窓口になっています。証明書の取得や納付の相談もあわせて確認できます。,0538-85-6310,2,https://morimachi.enshu-lifehack.com/life/work-life/tax/,True,False,True,28094
/life/work-life/tax-certificates/,森町の税務証明書（所得・課税・納税証明書等）は、窓口・郵送・委任状で申請できる | 森町ライフハック,森町の税務証明書（所得・課税・納税証明書等）は、窓口・郵送・委任状で申請できる,work-life,procedures,手続きしたい,所得・課税・納税証明書を取得する,森町 所得証明書,https://www.town.morimachi.shizuoka.jp/gyosei/machinososhiki/zeimuka/chominzeigakari/1/6/2456.html,2026-07-03,keep,,P1,大石浩之,作業中,life,tax-certificates,detail,税務課,本人 / 代理人,森町の税務証明書（所得証明書・課税証明書・納税証明書等）は、窓口・郵送・委任状の3通りの方法で申請できます。用途に合わせて必要な証明書を確認しましょう。,0538-85-6308,3,https://morimachi.enshu-lifehack.com/life/work-life/tax-certificates/,True,False,True,29851
/life/work-life/tax-guide/,森町の税金相談は、税務課納税係で納付猶予制度を確認する | 森町ライフハック,森町の税金相談は、税務課納税係で納付猶予制度を確認する,work-life,trouble,困った・緊急,納付が難しいときの猶予制度を相談する,森町 税金 納付猶予,https://www.town.morimachi.shizuoka.jp/gyosei/machinososhiki/zeimuka/nozeigakari/1/3210.html,2026-07-04,merge,/life/troubles-consult/cannot-pay-tax/,P0,大石浩之,作業中,life,tax-guide,detail,税務課,納税者,森町の町税を一時に納付するのが難しいときは、税務課納税係に相談することで納付猶予制度を利用できる場合があります。滞納する前に早めに相談することが大切です。,0538-85-6310,3,https://morimachi.enshu-lifehack.com/life/work-life/tax-guide/,True,False,True,29670
/shrine/about/,このデータベースについて（森町の神社） | 森町ライフハック,📋 このデータベースについて（森町の神社）,shrine,enjoy,暮らしを楽しむ,森町の神社を調べる,森町 神社,https://www.town.morimachi.shizuoka.jp/,2026-08-04,keep,,P2,大石浩之,作業中,shrine,about,detail,,,森町の神社データベースの出典・編集方針・免責・修正依頼の窓口をまとめています。,0538-31-3308,1,https://morimachi.enshu-lifehack.com/shrine/about/,False,False,False,16824
/shrine/areas/amagata/,天方地区の神社 | 森町ライフハック,🗺️ 天方地区の神社,shrine,enjoy,暮らしを楽しむ,森町の神社を調べる,森町 神社,,2026-08-04,keep,,P2,大石浩之,作業中,shrine,amagata,detail,,,静岡県周智郡森町天方地区（旧天方村）の神社8社をまとめています。秋葉街道沿いの中山間地。,,0,https://morimachi.enshu-lifehack.com/shrine/areas/amagata/,False,False,False,16899
/shrine/areas/ichinomiya/,一宮地区の神社 | 森町ライフハック,🗺️ 一宮地区の神社,shrine,enjoy,暮らしを楽しむ,森町の神社を調べる,森町 神社,,2026-08-04,keep,,P2,大石浩之,作業中,shrine,ichinomiya,detail,,,静岡県周智郡森町一宮地区（旧一宮村）の神社6社をまとめています。遠江国一宮・小國神社が鎮座する地区。,,0,https://morimachi.enshu-lifehack.com/shrine/areas/ichinomiya/,False,False,False,16281
/shrine/areas/iida/,飯田地区の神社 | 森町ライフハック,🗺️ 飯田地区の神社,shrine,enjoy,暮らしを楽しむ,森町の神社を調べる,森町 神社,,2026-08-04,keep,,P2,大石浩之,作業中,shrine,iida,detail,,,静岡県周智郡森町飯田地区（旧飯田村）の神社3社をまとめています。山名神社が鎮座する地区。,,0,https://morimachi.enshu-lifehack.com/shrine/areas/iida/,False,False,False,15607
/shrine/areas/mikura/,三倉地区の神社 | 森町ライフハック,🗺️ 三倉地区の神社,shrine,enjoy,暮らしを楽しむ,森町の神社を調べる,森町 神社,,2026-08-04,keep,,P2,大石浩之,作業中,shrine,mikura,detail,,,静岡県周智郡森町三倉地区（旧三倉村）の神社8社をまとめています。町の最北部。森町で最も遅く合併した地区。,,0,https://morimachi.enshu-lifehack.com/shrine/areas/mikura/,False,False,False,16856
/shrine/areas/mori/,森地区の神社 | 森町ライフハック,🗺️ 森地区の神社,shrine,enjoy,暮らしを楽しむ,森町の神社を調べる,森町 神社,,2026-08-04,keep,,P2,大石浩之,作業中,shrine,mori,detail,,,静岡県周智郡森町森地区（旧森町）の神社8社をまとめています。町の中心市街。「遠州の小京都」と呼ばれる町並みがある。,,0,https://morimachi.enshu-lifehack.com/shrine/areas/mori/,False,False,False,16961
/shrine/areas/sonoda/,園田地区の神社 | 森町ライフハック,🗺️ 園田地区の神社,shrine,enjoy,暮らしを楽しむ,森町の神社を調べる,森町 神社,,2026-08-04,keep,,P2,大石浩之,作業中,shrine,sonoda,detail,,,静岡県周智郡森町園田地区（旧園田村）の神社6社をまとめています。太田川沿いの平地。,,0,https://morimachi.enshu-lifehack.com/shrine/areas/sonoda/,False,False,False,16258
/shrine/festivals/,森町の祭礼カレンダー | 森町ライフハック,🎏 森町の祭礼カレンダー,shrine,enjoy,暮らしを楽しむ,森町の神社を調べる,森町 神社,https://www.town.morimachi.shizuoka.jp/gyosei/machinososhiki/shakaikyoikuka/bunkashinkogakari/2/781.html,2026-08-04,keep,,P2,大石浩之,作業中,shrine,festivals,detail,,,静岡県周智郡森町（遠州森町）の主な祭礼を月別にまとめています。小國神社・天宮神社・山名神社の舞楽は「遠江森町の舞楽」として国の重要無形民俗文化財に指定されています。,,1,https://morimachi.enshu-lifehack.com/shrine/festivals/,False,False,False,19787
/shrine/,森町の神社 | 森町ライフハック,⛩️ 森町の神社,shrine,enjoy,暮らしを楽しむ,森町の神社を調べる,森町 神社,,2026-08-04,keep,,P2,大石浩之,作業中,shrine,index,hub,,,静岡県周智郡森町（遠州森町）の神社39社を、地区別・系統別に整理したデータベースです。祭礼カレンダーもあります。,,0,https://morimachi.enshu-lifehack.com/shrine/,False,False,False,16885
/shrine/shrines/,森町の神社一覧 | 森町ライフハック,📜 森町の神社一覧,shrine,enjoy,暮らしを楽しむ,森町の神社を調べる,森町 神社,,2026-08-04,keep,,P2,大石浩之,作業中,shrine,shrines,detail,,,静岡県神社庁に掲載されている静岡県周智郡森町（遠州森町）の神社39社の一覧です。読み仮名の五十音順に並べています。,,0,https://morimachi.enshu-lifehack.com/shrine/shrines/,False,False,False,23313
/shrine/shrines/s10132/,西ノ宮神社（にしのみやじんじゃ） | 森町ライフハック,⛩️ 西ノ宮神社（にしのみやじんじゃ）,shrine,enjoy,暮らしを楽しむ,森町の神社を調べる,森町 神社,,2026-08-04,keep,,P2,大石浩之,作業中,shrine,s10132,detail,,,西ノ宮神社（にしのみやじんじゃ）は、静岡県周智郡森町橘に鎮座する神社です。,,0,https://morimachi.enshu-lifehack.com/shrine/shrines/s10132/,False,False,False,17109
/shrine/shrines/s4410001/,小國神社（おくにじんじゃ） | 森町ライフハック,⛩️ 小國神社（おくにじんじゃ）,shrine,enjoy,暮らしを楽しむ,森町の神社を調べる,森町 神社,,2026-08-04,keep,,P2,大石浩之,作業中,shrine,s4410001,detail,,,小國神社（おくにじんじゃ）は、静岡県周智郡森町一宮に鎮座する神社です。御祭神は大己貴命。,0538-89-7302,0,https://morimachi.enshu-lifehack.com/shrine/shrines/s4410001/,False,False,False,18291
/shrine/shrines/s4410002/,天宮神社（あめのみやじんじゃ） | 森町ライフハック,⛩️ 天宮神社（あめのみやじんじゃ）,shrine,enjoy,暮らしを楽しむ,森町の神社を調べる,森町 神社,,2026-08-04,keep,,P2,大石浩之,作業中,shrine,s4410002,detail,,,天宮神社（あめのみやじんじゃ）は、静岡県周智郡森町天宮に鎮座する神社です。御祭神は田心姫命・湍津姫命・市許嶋姫命。,0538-85-5544,0,https://morimachi.enshu-lifehack.com/shrine/shrines/s4410002/,False,False,False,18024
/shrine/shrines/s4410003/,山名神社（やまなじんじゃ） | 森町ライフハック,⛩️ 山名神社（やまなじんじゃ）,shrine,enjoy,暮らしを楽しむ,森町の神社を調べる,森町 神社,,2026-08-04,keep,,P2,大石浩之,作業中,shrine,s4410003,detail,,,山名神社（やまなじんじゃ）は、静岡県周智郡森町飯田に鎮座する神社です。御祭神は素盞嗚命。,,0,https://morimachi.enshu-lifehack.com/shrine/shrines/s4410003/,False,False,False,16461
/shrine/shrines/s4410004/,三島神社（みしまじんじゃ） | 森町ライフハック,⛩️ 三島神社（みしまじんじゃ）,shrine,enjoy,暮らしを楽しむ,森町の神社を調べる,森町 神社,,2026-08-04,keep,,P2,大石浩之,作業中,shrine,s4410004,detail,,,三島神社（みしまじんじゃ）は、静岡県周智郡森町森に鎮座する神社です。,0538-85-2913,0,https://morimachi.enshu-lifehack.com/shrine/shrines/s4410004/,False,False,False,17223
/shrine/shrines/s4410005/,谷本神社（たにもとじんじゃ） | 森町ライフハック,⛩️ 谷本神社（たにもとじんじゃ）,shrine,enjoy,暮らしを楽しむ,森町の神社を調べる,森町 神社,,2026-08-04,keep,,P2,大石浩之,作業中,shrine,s4410005,detail,,,谷本神社（たにもとじんじゃ）は、静岡県周智郡森町城下に鎮座する神社です。御祭神は素盞嗚命。,,0,https://morimachi.enshu-lifehack.com/shrine/shrines/s4410005/,False,False,False,17236
/shrine/shrines/s4410006/,神明宮（しんめいぐう） | 森町ライフハック,⛩️ 神明宮（しんめいぐう）,shrine,enjoy,暮らしを楽しむ,森町の神社を調べる,森町 神社,,2026-08-04,keep,,P2,大石浩之,作業中,shrine,s4410006,detail,,,神明宮（しんめいぐう）は、静岡県周智郡森町一宮に鎮座する神社です。御祭神は天照皇大御神。,,0,https://morimachi.enshu-lifehack.com/shrine/shrines/s4410006/,False,False,False,16636
/shrine/shrines/s4410008/,許禰神社（きねじんじゃ） | 森町ライフハック,⛩️ 許禰神社（きねじんじゃ）,shrine,enjoy,暮らしを楽しむ,森町の神社を調べる,森町 神社,,2026-08-04,keep,,P2,大石浩之,作業中,shrine,s4410008,detail,,,許禰神社（きねじんじゃ）は、静岡県周智郡森町三倉に鎮座する神社です。御祭神は伊邪那岐命・伊邪那美命・事代主命・誉田別命 天忍穂耳命・金山彦命・素盞嗚尊。,,0,https://morimachi.enshu-lifehack.com/shrine/shrines/s4410008/,False,False,False,17732
/shrine/shrines/s4410009/,八幡宮（はちまんぐう） | 森町ライフハック,⛩️ 八幡宮（はちまんぐう）,shrine,enjoy,暮らしを楽しむ,森町の神社を調べる,森町 神社,,2026-08-04,keep,,P2,大石浩之,作業中,shrine,s4410009,detail,,,八幡宮（はちまんぐう）は、静岡県周智郡森町大鳥居に鎮座する神社です。御祭神は誉田別命。,,0,https://morimachi.enshu-lifehack.com/shrine/shrines/s4410009/,False,False,False,17170
/shrine/shrines/s4410010/,日月神社（ぢつげつじんじゃ） | 森町ライフハック,⛩️ 日月神社（ぢつげつじんじゃ）,shrine,enjoy,暮らしを楽しむ,森町の神社を調べる,森町 神社,,2026-08-04,keep,,P2,大石浩之,作業中,shrine,s4410010,detail,,,日月神社（ぢつげつじんじゃ）は、静岡県周智郡森町鍛冶島に鎮座する神社です。御祭神は大日霊貴命。,,0,https://morimachi.enshu-lifehack.com/shrine/shrines/s4410010/,False,False,False,17254
/shrine/shrines/s4410012/,神明神社（しんめいじんじゃ） | 森町ライフハック,⛩️ 神明神社（しんめいじんじゃ）,shrine,enjoy,暮らしを楽しむ,森町の神社を調べる,森町 神社,,2026-08-04,keep,,P2,大石浩之,作業中,shrine,s4410012,detail,,,神明神社（しんめいじんじゃ）は、静岡県周智郡森町中川に鎮座する神社です。御祭神は天照皇大神。,,0,https://morimachi.enshu-lifehack.com/shrine/shrines/s4410012/,False,False,False,16732
/shrine/shrines/s4410013/,正神社（しょうじんじゃ） | 森町ライフハック,⛩️ 正神社（しょうじんじゃ）,shrine,enjoy,暮らしを楽しむ,森町の神社を調べる,森町 神社,,2026-08-04,keep,,P2,大石浩之,作業中,shrine,s4410013,detail,,,正神社（しょうじんじゃ）は、静岡県周智郡森町谷中に鎮座する神社です。御祭神は大山咋神。,,0,https://morimachi.enshu-lifehack.com/shrine/shrines/s4410013/,False,False,False,16695
/shrine/shrines/s4410014/,八幡神社（はちまんじんじゃ） | 森町ライフハック,⛩️ 八幡神社（はちまんじんじゃ）,shrine,enjoy,暮らしを楽しむ,森町の神社を調べる,森町 神社,,2026-08-04,keep,,P2,大石浩之,作業中,shrine,s4410014,detail,,,八幡神社（はちまんじんじゃ）は、静岡県周智郡森町三倉に鎮座する神社です。御祭神は誉田別命。,,0,https://morimachi.enshu-lifehack.com/shrine/shrines/s4410014/,False,False,False,17206
/shrine/shrines/s4410015/,八幡神社（はちまんじんじゃ） | 森町ライフハック,⛩️ 八幡神社（はちまんじんじゃ）,shrine,enjoy,暮らしを楽しむ,森町の神社を調べる,森町 神社,,2026-08-04,keep,,P2,大石浩之,作業中,shrine,s4410015,detail,,,八幡神社（はちまんじんじゃ）は、静岡県周智郡森町三倉に鎮座する神社です。御祭神は誉田別命。,,0,https://morimachi.enshu-lifehack.com/shrine/shrines/s4410015/,False,False,False,17206
/shrine/shrines/s4410016/,八阪神社（やさかじんじゃ） | 森町ライフハック,⛩️ 八阪神社（やさかじんじゃ）,shrine,enjoy,暮らしを楽しむ,森町の神社を調べる,森町 神社,,2026-08-04,keep,,P2,大石浩之,作業中,shrine,s4410016,detail,,,八阪神社（やさかじんじゃ）は、静岡県周智郡森町三倉に鎮座する神社です。御祭神は須佐之男命。,,0,https://morimachi.enshu-lifehack.com/shrine/shrines/s4410016/,False,False,False,17213
/shrine/shrines/s4410017/,八幡神社（はちまんじんじゃ） | 森町ライフハック,⛩️ 八幡神社（はちまんじんじゃ）,shrine,enjoy,暮らしを楽しむ,森町の神社を調べる,森町 神社,,2026-08-04,keep,,P2,大石浩之,作業中,shrine,s4410017,detail,,,八幡神社（はちまんじんじゃ）は、静岡県周智郡森町三倉に鎮座する神社です。御祭神は誉田別命。,,0,https://morimachi.enshu-lifehack.com/shrine/shrines/s4410017/,False,False,False,17206
/shrine/shrines/s4410018/,八坂神社（やさかじんじゃ） | 森町ライフハック,⛩️ 八坂神社（やさかじんじゃ）,shrine,enjoy,暮らしを楽しむ,森町の神社を調べる,森町 神社,,2026-08-04,keep,,P2,大石浩之,作業中,shrine,s4410018,detail,,,八坂神社（やさかじんじゃ）は、静岡県周智郡森町西俣に鎮座する神社です。御祭神は素盞嗚命。,,0,https://morimachi.enshu-lifehack.com/shrine/shrines/s4410018/,False,False,False,17216
/shrine/shrines/s4410019/,小川神社（こがわじんじゃ） | 森町ライフハック,⛩️ 小川神社（こがわじんじゃ）,shrine,enjoy,暮らしを楽しむ,森町の神社を調べる,森町 神社,,2026-08-04,keep,,P2,大石浩之,作業中,shrine,s4410019,detail,,,小川神社（こがわじんじゃ）は、静岡県周智郡森町一宮に鎮座する神社です。御祭神は大己貴命。,,0,https://morimachi.enshu-lifehack.com/shrine/shrines/s4410019/,False,False,False,16666
/shrine/shrines/s4410020/,神明神社（しんめいじんじゃ） | 森町ライフハック,⛩️ 神明神社（しんめいじんじゃ）,shrine,enjoy,暮らしを楽しむ,森町の神社を調べる,森町 神社,,2026-08-04,keep,,P2,大石浩之,作業中,shrine,s4410020,detail,,,神明神社（しんめいじんじゃ）は、静岡県周智郡森町問詰に鎮座する神社です。御祭神は大日霊貴命。,,0,https://morimachi.enshu-lifehack.com/shrine/shrines/s4410020/,False,False,False,17236
/shrine/shrines/s4410021/,八雲神社（やくもじんじゃ） | 森町ライフハック,⛩️ 八雲神社（やくもじんじゃ）,shrine,enjoy,暮らしを楽しむ,森町の神社を調べる,森町 神社,,2026-08-04,keep,,P2,大石浩之,作業中,shrine,s4410021,detail,,,八雲神社（やくもじんじゃ）は、静岡県周智郡森町円田に鎮座する神社です。御祭神は素戔嗚尊。,,0,https://morimachi.enshu-lifehack.com/shrine/shrines/s4410021/,False,False,False,16714
/shrine/shrines/s4410022/,岩田神社（いわたじんじゃ） | 森町ライフハック,⛩️ 岩田神社（いわたじんじゃ）,shrine,enjoy,暮らしを楽しむ,森町の神社を調べる,森町 神社,,2026-08-04,keep,,P2,大石浩之,作業中,shrine,s4410022,detail,,,岩田神社（いわたじんじゃ）は、静岡県周智郡森町牛飼に鎮座する神社です。御祭神は息長帯姫命。,,0,https://morimachi.enshu-lifehack.com/shrine/shrines/s4410022/,False,False,False,16724
/shrine/shrines/s4410023/,八面神社（やおもてじんじゃ） | 森町ライフハック,⛩️ 八面神社（やおもてじんじゃ）,shrine,enjoy,暮らしを楽しむ,森町の神社を調べる,森町 神社,,2026-08-04,keep,,P2,大石浩之,作業中,shrine,s4410023,detail,,,八面神社（やおもてじんじゃ）は、静岡県周智郡森町一宮に鎮座する神社です。御祭神は素盞嗚尊。,,0,https://morimachi.enshu-lifehack.com/shrine/shrines/s4410023/,False,False,False,16685
/shrine/shrines/s4410024/,神明神社（しんめいじんじゃ） | 森町ライフハック,⛩️ 神明神社（しんめいじんじゃ）,shrine,enjoy,暮らしを楽しむ,森町の神社を調べる,森町 神社,,2026-08-04,keep,,P2,大石浩之,作業中,shrine,s4410024,detail,,,神明神社（しんめいじんじゃ）は、静岡県周智郡森町三倉に鎮座する神社です。御祭神は天忍穂耳命。,,0,https://morimachi.enshu-lifehack.com/shrine/shrines/s4410024/,False,False,False,17223
/shrine/shrines/s4410025/,白髭神社（しろひげじんじゃ） | 森町ライフハック,⛩️ 白髭神社（しろひげじんじゃ）,shrine,enjoy,暮らしを楽しむ,森町の神社を調べる,森町 神社,,2026-08-04,keep,,P2,大石浩之,作業中,shrine,s4410025,detail,,,白髭神社（しろひげじんじゃ）は、静岡県周智郡森町三倉に鎮座する神社です。御祭神は猿田彦命。,,0,https://morimachi.enshu-lifehack.com/shrine/shrines/s4410025/,False,False,False,17224
/shrine/shrines/s4410027/,金守神社（かなもりじんじゃ） | 森町ライフハック,⛩️ 金守神社（かなもりじんじゃ）,shrine,enjoy,暮らしを楽しむ,森町の神社を調べる,森町 神社,,2026-08-04,keep,,P2,大石浩之,作業中,shrine,s4410027,detail,,,金守神社（かなもりじんじゃ）は、静岡県周智郡森町森に鎮座する神社です。御祭神は１．金刀比羅大神・２．句大兄国押武金日天皇・３．駒形神。,,0,https://morimachi.enshu-lifehack.com/shrine/shrines/s4410027/,False,False,False,17896
/shrine/shrines/s4410028/,松尾神社（まつおじんじゃ） | 森町ライフハック,⛩️ 松尾神社（まつおじんじゃ）,shrine,enjoy,暮らしを楽しむ,森町の神社を調べる,森町 神社,,2026-08-04,keep,,P2,大石浩之,作業中,shrine,s4410028,detail,,,松尾神社（まつおじんじゃ）は、静岡県周智郡森町一宮に鎮座する神社です。御祭神は大山咋命。,,0,https://morimachi.enshu-lifehack.com/shrine/shrines/s4410028/,False,False,False,16669
/shrine/shrines/s4410029/,若宮八幡宮（わかみやはちまんぐう） | 森町ライフハック,⛩️ 若宮八幡宮（わかみやはちまんぐう）,shrine,enjoy,暮らしを楽しむ,森町の神社を調べる,森町 神社,,2026-08-04,keep,,P2,大石浩之,作業中,shrine,s4410029,detail,,,若宮八幡宮（わかみやはちまんぐう）は、静岡県周智郡森町葛布に鎮座する神社です。御祭神は大鷦鷯命。,,0,https://morimachi.enshu-lifehack.com/shrine/shrines/s4410029/,False,False,False,17275
/shrine/shrines/s4410030/,厳嶋神社（いつくしまじんじゃ） | 森町ライフハック,⛩️ 厳嶋神社（いつくしまじんじゃ）,shrine,enjoy,暮らしを楽しむ,森町の神社を調べる,森町 神社,,2026-08-04,keep,,P2,大石浩之,作業中,shrine,s4410030,detail,,,厳嶋神社（いつくしまじんじゃ）は、静岡県周智郡森町中川に鎮座する神社です。御祭神は市杵島姫命。,,0,https://morimachi.enshu-lifehack.com/shrine/shrines/s4410030/,False,False,False,16750
/shrine/shrines/s4410031/,金山神社（かなやまじんじゃ） | 森町ライフハック,⛩️ 金山神社（かなやまじんじゃ）,shrine,enjoy,暮らしを楽しむ,森町の神社を調べる,森町 神社,,2026-08-04,keep,,P2,大石浩之,作業中,shrine,s4410031,detail,,,金山神社（かなやまじんじゃ）は、静岡県周智郡森町草ヶ谷に鎮座する神社です。御祭神は金山彦命。,,0,https://morimachi.enshu-lifehack.com/shrine/shrines/s4410031/,False,False,False,16734
/shrine/shrines/s4410032/,八幡神社（はちまんじんじゃ） | 森町ライフハック,⛩️ 八幡神社（はちまんじんじゃ）,shrine,enjoy,暮らしを楽しむ,森町の神社を調べる,森町 神社,,2026-08-04,keep,,P2,大石浩之,作業中,shrine,s4410032,detail,,,八幡神社（はちまんじんじゃ）は、静岡県周智郡森町亀久保に鎮座する神社です。御祭神は誉田別命。,,0,https://morimachi.enshu-lifehack.com/shrine/shrines/s4410032/,False,False,False,17229
/shrine/shrines/s4410033/,若宮八幡神社（わかみやはちまんじんじゃ） | 森町ライフハック,⛩️ 若宮八幡神社（わかみやはちまんじんじゃ）,shrine,enjoy,暮らしを楽しむ,森町の神社を調べる,森町 神社,,2026-08-04,keep,,P2,大石浩之,作業中,shrine,s4410033,detail,,,若宮八幡神社（わかみやはちまんじんじゃ）は、静岡県周智郡森町橘に鎮座する神社です。御祭神は大鷦鷯命。,,0,https://morimachi.enshu-lifehack.com/shrine/shrines/s4410033/,False,False,False,17323
/shrine/shrines/s4410034/,若宮八幡神社（わかみやはちまんじんじゃ） | 森町ライフハック,⛩️ 若宮八幡神社（わかみやはちまんじんじゃ）,shrine,enjoy,暮らしを楽しむ,森町の神社を調べる,森町 神社,,2026-08-04,keep,,P2,大石浩之,作業中,shrine,s4410034,detail,,,若宮八幡神社（わかみやはちまんじんじゃ）は、静岡県周智郡森町薄場に鎮座する神社です。御祭神は誉田別命。,,0,https://morimachi.enshu-lifehack.com/shrine/shrines/s4410034/,False,False,False,17332
/shrine/shrines/s4410035/,天方神社（あまがたじんじゃ） | 森町ライフハック,⛩️ 天方神社（あまがたじんじゃ）,shrine,enjoy,暮らしを楽しむ,森町の神社を調べる,森町 神社,,2026-08-04,keep,,P2,大石浩之,作業中,shrine,s4410035,detail,,,天方神社（あまがたじんじゃ）は、静岡県周智郡森町向天方に鎮座する神社です。御祭神は素盞嗚尊。,,0,https://morimachi.enshu-lifehack.com/shrine/shrines/s4410035/,False,False,False,17246
/shrine/shrines/s4410037/,天神社（てんじんじゃ） | 森町ライフハック,⛩️ 天神社（てんじんじゃ）,shrine,enjoy,暮らしを楽しむ,森町の神社を調べる,森町 神社,,2026-08-04,keep,,P2,大石浩之,作業中,shrine,s4410037,detail,,,天神社（てんじんじゃ）は、静岡県周智郡森町一宮に鎮座する神社です。,,0,https://morimachi.enshu-lifehack.com/shrine/shrines/s4410037/,False,False,False,16473
/shrine/shrines/s4410038/,八幡神社（はちまんじんじゃ） | 森町ライフハック,⛩️ 八幡神社（はちまんじんじゃ）,shrine,enjoy,暮らしを楽しむ,森町の神社を調べる,森町 神社,,2026-08-04,keep,,P2,大石浩之,作業中,shrine,s4410038,detail,,,八幡神社（はちまんじんじゃ）は、静岡県周智郡森町飯田に鎮座する神社です。御祭神は応神天皇。,,0,https://morimachi.enshu-lifehack.com/shrine/shrines/s4410038/,False,False,False,16017
/shrine/shrines/s4410039/,白山神社（はくさんじんじゃ） | 森町ライフハック,⛩️ 白山神社（はくさんじんじゃ）,shrine,enjoy,暮らしを楽しむ,森町の神社を調べる,森町 神社,,2026-08-04,keep,,P2,大石浩之,作業中,shrine,s4410039,detail,,,白山神社（はくさんじんじゃ）は、静岡県周智郡森町三倉に鎮座する神社です。御祭神は伊弉冉命。,,0,https://morimachi.enshu-lifehack.com/shrine/shrines/s4410039/,False,False,False,17214
/shrine/shrines/s4410040/,御嶽神社（みたけじんじゃ） | 森町ライフハック,⛩️ 御嶽神社（みたけじんじゃ）,shrine,enjoy,暮らしを楽しむ,森町の神社を調べる,森町 神社,,2026-08-04,keep,,P2,大石浩之,作業中,shrine,s4410040,detail,,,御嶽神社（みたけじんじゃ）は、静岡県周智郡森町天宮に鎮座する神社です。御祭神は国常立命。,,0,https://morimachi.enshu-lifehack.com/shrine/shrines/s4410040/,False,False,False,17211
/shrine/shrines/s4410041/,熊野神社（くまのじんじゃ） | 森町ライフハック,⛩️ 熊野神社（くまのじんじゃ）,shrine,enjoy,暮らしを楽しむ,森町の神社を調べる,森町 神社,,2026-08-04,keep,,P2,大石浩之,作業中,shrine,s4410041,detail,,,熊野神社（くまのじんじゃ）は、静岡県周智郡森町飯田に鎮座する神社です。御祭神は素盞嗚尊。,,0,https://morimachi.enshu-lifehack.com/shrine/shrines/s4410041/,False,False,False,16015
/shrine/shrines/s4410042/,黒石神明神社（くろいししんめいじんじゃ） | 森町ライフハック,⛩️ 黒石神明神社（くろいししんめいじんじゃ）,shrine,enjoy,暮らしを楽しむ,森町の神社を調べる,森町 神社,,2026-08-04,keep,,P2,大石浩之,作業中,shrine,s4410042,detail,,,黒石神明神社（くろいししんめいじんじゃ）は、静岡県周智郡森町問詰に鎮座する神社です。御祭神は大日尊。,,0,https://morimachi.enshu-lifehack.com/shrine/shrines/s4410042/,False,False,False,17333
/shrine/systems/chiiki-koyu/,地域固有・その他の神社 | 森町ライフハック,🔖 地域固有・その他の神社,shrine,enjoy,暮らしを楽しむ,森町の神社を調べる,森町 神社,,2026-08-04,keep,,P2,大石浩之,作業中,shrine,chiiki-koyu,detail,,,静岡県周智郡森町の神社のうち、地域固有・その他に分類した10社です。上のいずれにも収まらない、その土地に固有の社。,,0,https://morimachi.enshu-lifehack.com/shrine/systems/chiiki-koyu/,False,False,False,17434
/shrine/systems/gion-susanoo/,祇園・素盞嗚系の神社 | 森町ライフハック,🔖 祇園・素盞嗚系の神社,shrine,enjoy,暮らしを楽しむ,森町の神社を調べる,森町 神社,,2026-08-04,keep,,P2,大石浩之,作業中,shrine,gion-susanoo,detail,,,静岡県周智郡森町の神社のうち、祇園・素盞嗚系に分類した8社です。素盞嗚命を祀る八坂・八雲・山名などの系統。山名神社の天王祭舞楽もこの流れ。,,0,https://morimachi.enshu-lifehack.com/shrine/systems/gion-susanoo/,False,False,False,17154
/shrine/systems/hachiman/,八幡系の神社 | 森町ライフハック,🔖 八幡系の神社,shrine,enjoy,暮らしを楽しむ,森町の神社を調べる,森町 神社,,2026-08-04,keep,,P2,大石浩之,作業中,shrine,hachiman,detail,,,静岡県周智郡森町の神社のうち、八幡系に分類した10社です。誉田別命（応神天皇）を祀る八幡神社群。森町では最も数が多い。,,0,https://morimachi.enshu-lifehack.com/shrine/systems/hachiman/,False,False,False,17535
/shrine/systems/ichinomiya/,一宮・国造系の神社 | 森町ライフハック,🔖 一宮・国造系の神社,shrine,enjoy,暮らしを楽しむ,森町の神社を調べる,森町 神社,,2026-08-04,keep,,P2,大石浩之,作業中,shrine,ichinomiya,detail,,,静岡県周智郡森町の神社のうち、一宮・国造系に分類した1社です。遠江国一宮・小國神社を核とする系統。森町の神社を語るうえでの中心。,,0,https://morimachi.enshu-lifehack.com/shrine/systems/ichinomiya/,False,False,False,15482
/shrine/systems/sangaku/,山岳・修験系の神社 | 森町ライフハック,🔖 山岳・修験系の神社,shrine,enjoy,暮らしを楽しむ,森町の神社を調べる,森町 神社,,2026-08-04,keep,,P2,大石浩之,作業中,shrine,sangaku,detail,,,静岡県周智郡森町の神社のうち、山岳・修験系に分類した3社です。御嶽・白山・金山など山の信仰にかかわる系統。秋葉街道沿いの中山間地に多い。,,0,https://morimachi.enshu-lifehack.com/shrine/systems/sangaku/,False,False,False,15990
/shrine/systems/shinmei/,神明・伊勢系の神社 | 森町ライフハック,🔖 神明・伊勢系の神社,shrine,enjoy,暮らしを楽しむ,森町の神社を調べる,森町 神社,,2026-08-04,keep,,P2,大石浩之,作業中,shrine,shinmei,detail,,,静岡県周智郡森町の神社のうち、神明・伊勢系に分類した5社です。天照大神を祀る神明社・神明宮の系統。,,0,https://morimachi.enshu-lifehack.com/shrine/systems/shinmei/,False,False,False,16243
/shrine/systems/suijin/,水神・水運系の神社 | 森町ライフハック,🔖 水神・水運系の神社,shrine,enjoy,暮らしを楽しむ,森町の神社を調べる,森町 神社,,2026-08-04,keep,,P2,大石浩之,作業中,shrine,suijin,detail,,,静岡県周智郡森町の神社のうち、水神・水運系に分類した2社です。宗像三女神・市杵島姫命など水にかかわる神を祀る系統。太田川水系に沿って分布する。,,0,https://morimachi.enshu-lifehack.com/shrine/systems/suijin/,False,False,False,15837
/temple/about/,このデータベースについて（森町の寺院） | 森町ライフハック,📋 このデータベースについて（森町の寺院）,temple,enjoy,暮らしを楽しむ,森町の寺院を調べる,森町 寺院,https://www.town.morimachi.shizuoka.jp/gyosei/machinososhiki/shakaikyoikuka/bunkashinkogakari/2/774.html,2026-08-04,keep,,P2,大石浩之,作業中,temple,about,detail,,,森町の寺院データベースの出典・2つの資料の食い違い・編集方針・修正依頼の窓口をまとめています。,0538-31-3308,1,https://morimachi.enshu-lifehack.com/temple/about/,False,False,False,17494
/temple/areas/amagata/,天方地区の寺院 | 森町ライフハック,🗺️ 天方地区の寺院,temple,enjoy,暮らしを楽しむ,森町の寺院を調べる,森町 寺院,,2026-08-04,keep,,P2,大石浩之,作業中,temple,amagata,detail,,,静岡県周智郡森町天方地区（旧天方村）の寺院5ヶ寺をまとめています。秋葉街道沿いの中山間地。,,0,https://morimachi.enshu-lifehack.com/temple/areas/amagata/,False,False,False,15926
/temple/areas/ichinomiya/,一宮地区の寺院 | 森町ライフハック,🗺️ 一宮地区の寺院,temple,enjoy,暮らしを楽しむ,森町の寺院を調べる,森町 寺院,,2026-08-04,keep,,P2,大石浩之,作業中,temple,ichinomiya,detail,,,静岡県周智郡森町一宮地区（旧一宮村）の寺院4ヶ寺をまとめています。遠江国一宮・小國神社が鎮座する地区。,,0,https://morimachi.enshu-lifehack.com/temple/areas/ichinomiya/,False,False,False,15710
/temple/areas/iida/,飯田地区の寺院 | 森町ライフハック,🗺️ 飯田地区の寺院,temple,enjoy,暮らしを楽しむ,森町の寺院を調べる,森町 寺院,,2026-08-04,keep,,P2,大石浩之,作業中,temple,iida,detail,,,静岡県周智郡森町飯田地区（旧飯田村）の寺院6ヶ寺をまとめています。山名神社が鎮座する地区。,,0,https://morimachi.enshu-lifehack.com/temple/areas/iida/,False,False,False,15976
/temple/areas/mikura/,三倉地区の寺院 | 森町ライフハック,🗺️ 三倉地区の寺院,temple,enjoy,暮らしを楽しむ,森町の寺院を調べる,森町 寺院,,2026-08-04,keep,,P2,大石浩之,作業中,temple,mikura,detail,,,静岡県周智郡森町三倉地区（旧三倉村）の寺院6ヶ寺をまとめています。町の最北部。森町で最も遅く合併した地区。,,0,https://morimachi.enshu-lifehack.com/temple/areas/mikura/,False,False,False,16061
/temple/areas/mori/,森地区の寺院 | 森町ライフハック,🗺️ 森地区の寺院,temple,enjoy,暮らしを楽しむ,森町の寺院を調べる,森町 寺院,,2026-08-04,keep,,P2,大石浩之,作業中,temple,mori,detail,,,静岡県周智郡森町森地区（旧森町）の寺院8ヶ寺をまとめています。町の中心市街。「遠州の小京都」と呼ばれる町並みがある。,,0,https://morimachi.enshu-lifehack.com/temple/areas/mori/,False,False,False,16408
/temple/areas/sonoda/,園田地区の寺院 | 森町ライフハック,🗺️ 園田地区の寺院,temple,enjoy,暮らしを楽しむ,森町の寺院を調べる,森町 寺院,,2026-08-04,keep,,P2,大石浩之,作業中,temple,sonoda,detail,,,静岡県周智郡森町園田地区（旧園田村）の寺院5ヶ寺をまとめています。太田川沿いの平地。,,0,https://morimachi.enshu-lifehack.com/temple/areas/sonoda/,False,False,False,15783
/temple/guide/,法要・帰省・実家じまいのガイド | 森町ライフハック,🧭 法要・帰省・実家じまいのガイド,temple,enjoy,暮らしを楽しむ,森町の寺院を調べる,森町 寺院,,2026-08-04,keep,,P2,大石浩之,作業中,temple,guide,detail,,,静岡県周智郡森町の菩提寺との関わりと、実家じまい・墓じまい・農地の承継をどの順に考えるかを整理しています。,,0,https://morimachi.enshu-lifehack.com/temple/guide/,False,False,False,16620
/temple/,森町の寺院 | 森町ライフハック,🛕 森町の寺院,temple,enjoy,暮らしを楽しむ,森町の寺院を調べる,森町 寺院,,2026-08-04,keep,,P2,大石浩之,作業中,temple,index,hub,,,静岡県周智郡森町（遠州森町）の寺院35ヶ寺を、宗派別・地区別に整理したデータベースです。出典は宗教法人名簿と森町公式資料。,,0,https://morimachi.enshu-lifehack.com/temple/,False,False,False,16641
/temple/sects/jodo/,浄土宗の寺院（森町） | 森町ライフハック,🔖 浄土宗の寺院（森町）,temple,enjoy,暮らしを楽しむ,森町の寺院を調べる,森町 寺院,,2026-08-04,keep,,P2,大石浩之,作業中,temple,jodo,detail,,,静岡県周智郡森町の浄土宗の寺院1ヶ寺です。一宮に1ヶ寺。,,0,https://morimachi.enshu-lifehack.com/temple/sects/jodo/,False,False,False,14627
/temple/sects/nichiren/,日蓮宗の寺院（森町） | 森町ライフハック,🔖 日蓮宗の寺院（森町）,temple,enjoy,暮らしを楽しむ,森町の寺院を調べる,森町 寺院,,2026-08-04,keep,,P2,大石浩之,作業中,temple,nichiren,detail,,,静岡県周智郡森町の日蓮宗の寺院2ヶ寺です。向天方と飯田に1ヶ寺ずつ。,,0,https://morimachi.enshu-lifehack.com/temple/sects/nichiren/,False,False,False,14856
/temple/sects/shingon/,真言宗の寺院（森町） | 森町ライフハック,🔖 真言宗の寺院（森町）,temple,enjoy,暮らしを楽しむ,森町の寺院を調べる,森町 寺院,,2026-08-04,keep,,P2,大石浩之,作業中,temple,shingon,detail,,,静岡県周智郡森町の真言宗の寺院2ヶ寺です。御室派と智山派が1ヶ寺ずつ。金剛院の山門は町の文化財に指定されている。,,0,https://morimachi.enshu-lifehack.com/temple/sects/shingon/,False,False,False,15139
/temple/sects/soto/,曹洞宗の寺院（森町） | 森町ライフハック,🔖 曹洞宗の寺院（森町）,temple,enjoy,暮らしを楽しむ,森町の寺院を調べる,森町 寺院,,2026-08-04,keep,,P2,大石浩之,作業中,temple,soto,detail,,,静岡県周智郡森町の曹洞宗の寺院28ヶ寺です。森町の寺院の8割近くを占める。中山間地の集落ごとに末寺が置かれた歴史を映している。,,0,https://morimachi.enshu-lifehack.com/temple/sects/soto/,False,False,False,19077
/temple/sects/tendai/,天台宗の寺院（森町） | 森町ライフハック,🔖 天台宗の寺院（森町）,temple,enjoy,暮らしを楽しむ,森町の寺院を調べる,森町 寺院,,2026-08-04,keep,,P2,大石浩之,作業中,temple,tendai,detail,,,静岡県周智郡森町の天台宗の寺院2ヶ寺です。森と一宮に1ヶ寺ずつ。,,0,https://morimachi.enshu-lifehack.com/temple/sects/tendai/,False,False,False,14824
/temple/temples/,森町の寺院一覧 | 森町ライフハック,📜 森町の寺院一覧,temple,enjoy,暮らしを楽しむ,森町の寺院を調べる,森町 寺院,,2026-08-04,keep,,P2,大石浩之,作業中,temple,temples,detail,,,静岡県周智郡森町（遠州森町）の寺院35ヶ寺の一覧です。宗教法人名簿と森町公式資料をもとにしています。,,0,https://morimachi.enshu-lifehack.com/temple/temples/,False,False,False,19463
/temple/temples/t01/,蓮増院 | 森町ライフハック,🛕 蓮増院,temple,enjoy,暮らしを楽しむ,森町の寺院を調べる,森町 寺院,,2026-08-04,keep,,P2,大石浩之,作業中,temple,t01,detail,,,蓮増院（天台宗）は、静岡県周智郡森町一宮にある天台宗の寺院です。,,0,https://morimachi.enshu-lifehack.com/temple/temples/t01/,False,False,False,15930
/temple/temples/t02/,蓮華寺 | 森町ライフハック,🛕 蓮華寺,temple,enjoy,暮らしを楽しむ,森町の寺院を調べる,森町 寺院,,2026-08-04,keep,,P2,大石浩之,作業中,temple,t02,detail,,,蓮華寺（天台宗）は、静岡県周智郡森町森にある天台宗の寺院です。,,0,https://morimachi.enshu-lifehack.com/temple/temples/t02/,False,False,False,16500
/temple/temples/t03/,金剛院 | 森町ライフハック,🛕 金剛院,temple,enjoy,暮らしを楽しむ,森町の寺院を調べる,森町 寺院,,2026-08-04,keep,,P2,大石浩之,作業中,temple,t03,detail,,,金剛院（真言宗）は、静岡県周智郡森町三倉にある真言宗の寺院です。,,0,https://morimachi.enshu-lifehack.com/temple/temples/t03/,False,False,False,16429
/temple/temples/t04/,遍照寺 | 森町ライフハック,🛕 遍照寺,temple,enjoy,暮らしを楽しむ,森町の寺院を調べる,森町 寺院,,2026-08-04,keep,,P2,大石浩之,作業中,temple,t04,detail,,,遍照寺（真言宗）は、静岡県周智郡森町飯田にある真言宗の寺院です。,,0,https://morimachi.enshu-lifehack.com/temple/temples/t04/,False,False,False,16234
/temple/temples/t05/,安養院 | 森町ライフハック,🛕 安養院,temple,enjoy,暮らしを楽しむ,森町の寺院を調べる,森町 寺院,,2026-08-04,keep,,P2,大石浩之,作業中,temple,t05,detail,,,安養院（浄土宗）は、静岡県周智郡森町一宮にある浄土宗の寺院です。,,0,https://morimachi.enshu-lifehack.com/temple/temples/t05/,False,False,False,15927
/temple/temples/t06/,極楽寺 | 森町ライフハック,🛕 極楽寺,temple,enjoy,暮らしを楽しむ,森町の寺院を調べる,森町 寺院,,2026-08-04,keep,,P2,大石浩之,作業中,temple,t06,detail,,,極楽寺（曹洞宗）は、静岡県周智郡森町一宮にある曹洞宗の寺院です。,,0,https://morimachi.enshu-lifehack.com/temple/temples/t06/,False,False,False,15928
/temple/temples/t07/,大洞院 | 森町ライフハック,🛕 大洞院,temple,enjoy,暮らしを楽しむ,森町の寺院を調べる,森町 寺院,,2026-08-04,keep,,P2,大石浩之,作業中,temple,t07,detail,,,大洞院（曹洞宗）は、静岡県周智郡森町橘にある曹洞宗の寺院です。,,0,https://morimachi.enshu-lifehack.com/temple/temples/t07/,False,False,False,16497
/temple/temples/t08/,梅林院 | 森町ライフハック,🛕 梅林院,temple,enjoy,暮らしを楽しむ,森町の寺院を調べる,森町 寺院,,2026-08-04,keep,,P2,大石浩之,作業中,temple,t08,detail,,,梅林院（曹洞宗）は、静岡県周智郡森町森にある曹洞宗の寺院です。,,0,https://morimachi.enshu-lifehack.com/temple/temples/t08/,False,False,False,16498
/temple/temples/t09/,隨松寺 | 森町ライフハック,🛕 隨松寺,temple,enjoy,暮らしを楽しむ,森町の寺院を調べる,森町 寺院,,2026-08-04,keep,,P2,大石浩之,作業中,temple,t09,detail,,,隨松寺（曹洞宗）は、静岡県周智郡森町森にある曹洞宗の寺院です。,,0,https://morimachi.enshu-lifehack.com/temple/temples/t09/,False,False,False,16498
/temple/temples/t10/,宝太寺 | 森町ライフハック,🛕 宝太寺,temple,enjoy,暮らしを楽しむ,森町の寺院を調べる,森町 寺院,,2026-08-04,keep,,P2,大石浩之,作業中,temple,t10,detail,,,宝太寺（曹洞宗）は、静岡県周智郡森町向天方にある曹洞宗の寺院です。,,0,https://morimachi.enshu-lifehack.com/temple/temples/t10/,False,False,False,16516
/temple/temples/t11/,西光寺 | 森町ライフハック,🛕 西光寺,temple,enjoy,暮らしを楽しむ,森町の寺院を調べる,森町 寺院,,2026-08-04,keep,,P2,大石浩之,作業中,temple,t11,detail,,,西光寺（曹洞宗）は、静岡県周智郡森町森にある曹洞宗の寺院です。,,0,https://morimachi.enshu-lifehack.com/temple/temples/t11/,False,False,False,16497
/temple/temples/t12/,萬松寺 | 森町ライフハック,🛕 萬松寺,temple,enjoy,暮らしを楽しむ,森町の寺院を調べる,森町 寺院,,2026-08-04,keep,,P2,大石浩之,作業中,temple,t12,detail,,,萬松寺（曹洞宗）は、静岡県周智郡森町天宮にある曹洞宗の寺院です。,,0,https://morimachi.enshu-lifehack.com/temple/temples/t12/,False,False,False,16505
/temple/temples/t13/,藏雲院 | 森町ライフハック,🛕 藏雲院,temple,enjoy,暮らしを楽しむ,森町の寺院を調べる,森町 寺院,,2026-08-04,keep,,P2,大石浩之,作業中,temple,t13,detail,,,藏雲院（曹洞宗）は、静岡県周智郡森町大鳥居にある曹洞宗の寺院です。,,0,https://morimachi.enshu-lifehack.com/temple/temples/t13/,False,False,False,16090
/temple/temples/t14/,自得院 | 森町ライフハック,🛕 自得院,temple,enjoy,暮らしを楽しむ,森町の寺院を調べる,森町 寺院,,2026-08-04,keep,,P2,大石浩之,作業中,temple,t14,detail,,,自得院（曹洞宗）は、静岡県周智郡森町鍛冶島にある曹洞宗の寺院です。,,0,https://morimachi.enshu-lifehack.com/temple/temples/t14/,False,False,False,16090
/temple/temples/t15/,萬福寺 | 森町ライフハック,🛕 萬福寺,temple,enjoy,暮らしを楽しむ,森町の寺院を調べる,森町 寺院,,2026-08-04,keep,,P2,大石浩之,作業中,temple,t15,detail,,,萬福寺（曹洞宗）は、静岡県周智郡森町問詰にある曹洞宗の寺院です。,,0,https://morimachi.enshu-lifehack.com/temple/temples/t15/,False,False,False,16079
/temple/temples/t16/,福泉寺 | 森町ライフハック,🛕 福泉寺,temple,enjoy,暮らしを楽しむ,森町の寺院を調べる,森町 寺院,,2026-08-04,keep,,P2,大石浩之,作業中,temple,t16,detail,,,福泉寺（曹洞宗）は、静岡県周智郡森町西俣にある曹洞宗の寺院です。,,0,https://morimachi.enshu-lifehack.com/temple/temples/t16/,False,False,False,16078
/temple/temples/t17/,古心庵 | 森町ライフハック,🛕 古心庵,temple,enjoy,暮らしを楽しむ,森町の寺院を調べる,森町 寺院,,2026-08-04,keep,,P2,大石浩之,作業中,temple,t17,detail,,,古心庵（曹洞宗）は、静岡県周智郡森町葛布にある曹洞宗の寺院です。,,0,https://morimachi.enshu-lifehack.com/temple/temples/t17/,False,False,False,16079
/temple/temples/t18/,全光寺 | 森町ライフハック,🛕 全光寺,temple,enjoy,暮らしを楽しむ,森町の寺院を調べる,森町 寺院,,2026-08-04,keep,,P2,大石浩之,作業中,temple,t18,detail,,,全光寺（曹洞宗）は、静岡県周智郡森町三倉にある曹洞宗の寺院です。,,0,https://morimachi.enshu-lifehack.com/temple/temples/t18/,False,False,False,16246
/temple/temples/t19/,蔵泉寺 | 森町ライフハック,🛕 蔵泉寺,temple,enjoy,暮らしを楽しむ,森町の寺院を調べる,森町 寺院,,2026-08-04,keep,,P2,大石浩之,作業中,temple,t19,detail,,,蔵泉寺（曹洞宗）は、静岡県周智郡森町三倉にある曹洞宗の寺院です。,,0,https://morimachi.enshu-lifehack.com/temple/temples/t19/,False,False,False,16246
/temple/temples/t20/,長月寺 | 森町ライフハック,🛕 長月寺,temple,enjoy,暮らしを楽しむ,森町の寺院を調べる,森町 寺院,,2026-08-04,keep,,P2,大石浩之,作業中,temple,t20,detail,,,長月寺（曹洞宗）は、静岡県周智郡森町三倉にある曹洞宗の寺院です。,,0,https://morimachi.enshu-lifehack.com/temple/temples/t20/,False,False,False,16247
/temple/temples/t21/,太慶寺 | 森町ライフハック,🛕 太慶寺,temple,enjoy,暮らしを楽しむ,森町の寺院を調べる,森町 寺院,,2026-08-04,keep,,P2,大石浩之,作業中,temple,t21,detail,,,太慶寺（曹洞宗）は、静岡県周智郡森町三倉にある曹洞宗の寺院です。,,0,https://morimachi.enshu-lifehack.com/temple/temples/t21/,False,False,False,16247
/temple/temples/t22/,榮泉寺 | 森町ライフハック,🛕 榮泉寺,temple,enjoy,暮らしを楽しむ,森町の寺院を調べる,森町 寺院,,2026-08-04,keep,,P2,大石浩之,作業中,temple,t22,detail,,,榮泉寺（曹洞宗）は、静岡県周智郡森町三倉にある曹洞宗の寺院です。本堂は元禄9年（1696年）建立で、森町の寺院建築では最古の記録とされています。,,0,https://morimachi.enshu-lifehack.com/temple/temples/t22/,False,False,False,16740
/temple/temples/t23/,崇信寺 | 森町ライフハック,🛕 崇信寺,temple,enjoy,暮らしを楽しむ,森町の寺院を調べる,森町 寺院,,2026-08-04,keep,,P2,大石浩之,作業中,temple,t23,detail,,,崇信寺（曹洞宗）は、静岡県周智郡森町飯田にある曹洞宗の寺院です。,,0,https://morimachi.enshu-lifehack.com/temple/temples/t23/,False,False,False,16222
/temple/temples/t24/,泉龍寺 | 森町ライフハック,🛕 泉龍寺,temple,enjoy,暮らしを楽しむ,森町の寺院を調べる,森町 寺院,,2026-08-04,keep,,P2,大石浩之,作業中,temple,t24,detail,,,泉龍寺（曹洞宗）は、静岡県周智郡森町睦実にある曹洞宗の寺院です。,,0,https://morimachi.enshu-lifehack.com/temple/temples/t24/,False,False,False,16222
/temple/temples/t25/,玉泉寺 | 森町ライフハック,🛕 玉泉寺,temple,enjoy,暮らしを楽しむ,森町の寺院を調べる,森町 寺院,,2026-08-04,keep,,P2,大石浩之,作業中,temple,t25,detail,,,玉泉寺（曹洞宗）は、静岡県周智郡森町睦実にある曹洞宗の寺院です。,,0,https://morimachi.enshu-lifehack.com/temple/temples/t25/,False,False,False,16222
/temple/temples/t26/,宗源寺 | 森町ライフハック,🛕 宗源寺,temple,enjoy,暮らしを楽しむ,森町の寺院を調べる,森町 寺院,,2026-08-04,keep,,P2,大石浩之,作業中,temple,t26,detail,,,宗源寺（曹洞宗）は、静岡県周智郡森町睦実にある曹洞宗の寺院です。,,0,https://morimachi.enshu-lifehack.com/temple/temples/t26/,False,False,False,16221
/temple/temples/t27/,香勝寺 | 森町ライフハック,🛕 香勝寺,temple,enjoy,暮らしを楽しむ,森町の寺院を調べる,森町 寺院,,2026-08-04,keep,,P2,大石浩之,作業中,temple,t27,detail,,,香勝寺（曹洞宗）は、静岡県周智郡森町草ヶ谷にある曹洞宗の寺院です。,,0,https://morimachi.enshu-lifehack.com/temple/temples/t27/,False,False,False,16085
/temple/temples/t28/,雲林寺 | 森町ライフハック,🛕 雲林寺,temple,enjoy,暮らしを楽しむ,森町の寺院を調べる,森町 寺院,,2026-08-04,keep,,P2,大石浩之,作業中,temple,t28,detail,,,雲林寺（曹洞宗）は、静岡県周智郡森町中川にある曹洞宗の寺院です。,,0,https://morimachi.enshu-lifehack.com/temple/temples/t28/,False,False,False,16077
/temple/temples/t29/,地蔵寺 | 森町ライフハック,🛕 地蔵寺,temple,enjoy,暮らしを楽しむ,森町の寺院を調べる,森町 寺院,,2026-08-04,keep,,P2,大石浩之,作業中,temple,t29,detail,,,地蔵寺（曹洞宗）は、静岡県周智郡森町中川にある曹洞宗の寺院です。,,0,https://morimachi.enshu-lifehack.com/temple/temples/t29/,False,False,False,16077
/temple/temples/t30/,大福寺 | 森町ライフハック,🛕 大福寺,temple,enjoy,暮らしを楽しむ,森町の寺院を調べる,森町 寺院,,2026-08-04,keep,,P2,大石浩之,作業中,temple,t30,detail,,,大福寺（曹洞宗）は、静岡県周智郡森町牛飼にある曹洞宗の寺院です。,,0,https://morimachi.enshu-lifehack.com/temple/temples/t30/,False,False,False,16076
/temple/temples/t31/,全生寺 | 森町ライフハック,🛕 全生寺,temple,enjoy,暮らしを楽しむ,森町の寺院を調べる,森町 寺院,,2026-08-04,keep,,P2,大石浩之,作業中,temple,t31,detail,,,全生寺（曹洞宗）は、静岡県周智郡森町円田にある曹洞宗の寺院です。,,0,https://morimachi.enshu-lifehack.com/temple/temples/t31/,False,False,False,16079
/temple/temples/t32/,高雲寺 | 森町ライフハック,🛕 高雲寺,temple,enjoy,暮らしを楽しむ,森町の寺院を調べる,森町 寺院,,2026-08-04,keep,,P2,大石浩之,作業中,temple,t32,detail,,,高雲寺（曹洞宗）は、静岡県周智郡森町一宮にある曹洞宗の寺院です。,,0,https://morimachi.enshu-lifehack.com/temple/temples/t32/,False,False,False,15928
/temple/temples/t33/,報恩寺 | 森町ライフハック,🛕 報恩寺,temple,enjoy,暮らしを楽しむ,森町の寺院を調べる,森町 寺院,,2026-08-04,keep,,P2,大石浩之,作業中,temple,t33,detail,,,報恩寺（日蓮宗）は、静岡県周智郡森町向天方にある日蓮宗の寺院です。,,0,https://morimachi.enshu-lifehack.com/temple/temples/t33/,False,False,False,16522
/temple/temples/t34/,本立寺 | 森町ライフハック,🛕 本立寺,temple,enjoy,暮らしを楽しむ,森町の寺院を調べる,森町 寺院,,2026-08-04,keep,,P2,大石浩之,作業中,temple,t34,detail,,,本立寺（日蓮宗）は、静岡県周智郡森町飯田にある日蓮宗の寺院です。,,0,https://morimachi.enshu-lifehack.com/temple/temples/t34/,False,False,False,16228
/temple/temples/t35/,陽向院 | 森町ライフハック,🛕 陽向院,temple,enjoy,暮らしを楽しむ,森町の寺院を調べる,森町 寺院,https://www.town.morimachi.shizuoka.jp/gyosei/machinososhiki/shakaikyoikuka/bunkashinkogakari/2/774.html,2026-08-04,keep,,P2,大石浩之,作業中,temple,t35,detail,,,陽向院（曹洞宗）は、静岡県周智郡森町にある曹洞宗の寺院です。,,1,https://morimachi.enshu-lifehack.com/temple/temples/t35/,False,False,False,15509
/terms/,利用規約 | 森町ライフハック,利用規約,terms,,,利用条件と免責を確認する,森町ライフハック 免責,,,keep,,P3,大石浩之,作業中,terms,index,hub,,,森町ライフハック(運営: 富士ヶ丘サービス株式会社)の利用規約です。著作権、無断転載・複製の禁止、免責事項を定めています。,,0,,False,False,False,16101
/tools/gomi-search/,ごみ分別クイック検索 | 森町ライフハック,🗑️ ごみ分別クイック検索,tools,procedures,手続きしたい,手続きを道具で片づける,森町 ごみ 検索,https://www.town.morimachi.shizuoka.jp/gyosei/machinososhiki/juminseikatsuka/seikatsukankyokakari/1/1/gomi_navi/kateigomi/1101.html,2026-08-04,keep,,P1,大石浩之,作業中,tools,gomi-search,detail,,,森町の家庭ごみは、町公式の「家庭ごみの出し方ナビ」で品目名から調べられます。分別表・カレンダーは多言語にも対応しています。,0538-85-6314,4,https://morimachi.enshu-lifehack.com/tools/gomi-search/,False,False,False,18174
/tools/,便利ツール | 森町ライフハック,🧰 便利ツール,tools,procedures,手続きしたい,手続きを道具で片づける,森町 ごみ 検索,,2026-08-04,keep,,P1,大石浩之,作業中,tools,index,hub,,,森町の暮らしで使えるツールをまとめています。,,0,https://morimachi.enshu-lifehack.com/tools/,False,False,False,15344
/tools/life-timeline/,ライフイベント・タイムライン | 森町ライフハック,🧭 ライフイベント・タイムライン,tools,procedures,手続きしたい,手続きを道具で片づける,森町 ごみ 検索,,2026-08-04,keep,,P1,大石浩之,作業中,tools,life-timeline,detail,,,結婚・出産・介護・相続・農地の承継まで。人生の節目ごとに、森町で必要になる手続きを見渡せます。,,0,https://morimachi.enshu-lifehack.com/tools/life-timeline/,False,False,False,22145
/tools/moving-checklist/,引っ越しチェックリスト | 森町ライフハック,📦 引っ越しチェックリスト,tools,procedures,手続きしたい,手続きを道具で片づける,森町 ごみ 検索,,2026-08-04,keep,,P1,大石浩之,作業中,tools,moving-checklist,detail,,,静岡県周智郡森町への転入・森町からの転出で必要な手続きを、順番に確認できます。,,0,https://morimachi.enshu-lifehack.com/tools/moving-checklist/,False,False,False,18403
